{"書名":"魔法算術！奇妙的印度數學","書籍網站":"https:\/\/www.kingstone.com.tw\/\/basic\/2013110003364?zone=book&lid=book_class3_ebz&actid=book_class3_ebz","作者":"智力開發編輯部","出版社":"含章      ","ISBN":9789869941266.0,"圖片網址":"https:\/\/cdn.kingstone.com.tw\/book\/images\/product\/20131\/2013110003364\/2013110003364b.jpg","書籍簡介":"\r\n\r\n\r\n★風靡全球，簡單有趣，掌握基本運算過程即可無限延神，迅速破題求正解\r\n\r\n★化繁為簡，每天10分鐘，運算速度提升10倍，強化大腦靈活性，學會永不忘\r\n\r\n★0～99歲都能學的「頭腦瑜伽」，打破既定思維，同步提升邏輯力、創造力\r\n\r\n\t \r\n\r\n化繁為簡，翻轉運算過程，\r\n\r\n比計算機更簡便、比心算更強大的神奇速解法\r\n\r\n免背公式，3秒求解，\r\n\r\n快速、正確，一看就會，從玩中練出數學金頭腦\r\n\r\n\t \r\n\r\n\t本書解讀印度數學的精髓和運算過程，打破以往演算的定向思維，免背公式，快速提升邏輯推演能力。\r\n\r\n\t \r\n\r\n\t印度數學中獨特的逆向演算法、補數演算法等計算過程，能夠讓學習者跳出慣性思考，培養跳躍式的解題路徑，直達問題核心，做到「一看算式，立知答案」的數學直覺。\r\n\r\n\t \r\n\r\n◆你能在3秒內算出95×95的解答嗎？\r\n\r\n◆你想從複雜的3位數運算和4位數運算中跳脫出來，一看就知答案嗎？\r\n\r\n\t這些超強的計算能力，印度小學生就能辦到！\r\n\r\n\t翻開本書，跟著我們一起來體驗奇妙的印度數學，\r\n\r\n\t比魔術更神奇，比遊戲更有趣，比計算機更迅速！\r\n\t \r\n\r\n\t◆對於學生\r\n\r\n\t可促進左右腦平衡開發，提高數學學習興趣，快速提升計算速度和準確性，考場輕鬆考高分\r\n\r\n\t◆對於成年人\r\n\r\n\t可訓練超強思維能力，提升邏輯力、思辨力和企畫力，在工作和生活中都能更加出類拔萃\r\n\r\n\t \r\n\r\n\t1.高速秒算，節省時間：將原本的四則運算化繁為簡，以從左到右、運用補數的方式，創造發散性思維的學習模式，一題多解，觸類旁通，比尋常的計算方法快10～15倍。\r\n\r\n\t \r\n\r\n\t2.簡單實用，有趣好玩：印度數學的運算方法簡單，且靈活多樣、不拘一格，讓生硬枯燥的數字運算變得生動有趣，是學習和日常生活中，進行數學計算的有效工具。\r\n\r\n\t \r\n\r\n\t3.實例詳解，清晰明瞭：每種計算方法都有詳細的解題示範，幫助讀者快速掌握，有效提升運算能力。\r\n\r\n\t \r\n\r\n\t4.練習多樣，答案對照：每種計算方法後，銜接主題性練習題，並附有參考答案，可在解題後核實正誤，鞏固學習成效，學會永不忘，一懂就是一輩子。\r\n\r\n\t \r\n\r\n本書特色\r\n\r\n\t \r\n\r\n★★分章清晰，學習脈絡明確★★\r\n\r\n\t本書分為四個章節，循序漸進介紹印度數學在加減乘除運算中的妙用，尤其是乘除運算，更是印度數學大顯神威的舞臺。\r\n\r\n\t1.第一章：帶領大家走進神奇的印度數學世界。\r\n\r\n\t2.第二章、第三章：介紹印度數學的核心——補數思想。\r\n\r\n\t3.第四章：介紹三種遊戲式的簡演算法，將印度數學中輕鬆有趣的一面呈現在讀者眼前。\r\n\r\n\t \r\n\r\n★★創新方法，越算越聰明，越學越上癮★★\r\n\r\n\t書中呈現破解數學運算的公式原理，還有印度數學與眾不同的創造性思維，令人讀來耳目一新，大有所獲。\r\n\r\n\t　\r\n\r\n★★題型多元，觸類旁通，其他科目同步提升★★\r\n\r\n\t每個主題都提供配套練習題，附有詳細解答，透過多重練習，除了能夠增強運算能力、邏輯推演能力，還能從中激發創造力和想像力，有助增強其他課業。\r\n\r\n\t \r\n\r\n"}
{"書名":"這不是超能力但能操控人心的魔數術學","書籍網站":"https:\/\/www.kingstone.com.tw\/\/basic\/2013100107515?zone=book&lid=book_class3_ebz&actid=book_class3_ebz","作者":"莊惟棟","出版社":"墨刻      ","ISBN":4717702904098.0,"圖片網址":"https:\/\/cdn.kingstone.com.tw\/book\/images\/product\/20131\/2013100107515\/2013100107515b.jpg","書籍簡介":"\r\n\r\n\r\n 你知道\r\n 【交換禮物】是數學控制的嗎？\r\n 【職場競爭力】由了解數學的人決定？\r\n 【戀愛緣份】竟然由數學牽線？\r\n 【親子互動】數學可以加溫？\r\n\r\n 不論是學生、上班族、家長……\r\n 我們都有不同的煩惱\r\n 我們都不想當麻瓜\r\n 每個人都希望自己擁有魔力\r\n 解決人生中必定遭遇的問題\r\n\r\n 「數學」不好不是問題，「麻瓜」身份也沒關係；\r\n 「魔數術學」解決人生問題，讓好人壞人敵人陌生人都會成為你的貴人。\r\n\r\n 【本書3大特色】\r\n ◆魔數一學就會，輕而易舉成為炒熱氣氛的溝通高手。\r\n ◆連載漫畫圖解魔數，易讀、易懂、易操作。\r\n ◆以脈絡分明的推理小說為布局，解析如何使用科學方法操縱人心。\r\n\r\n 【各界好評聯手推薦】（依姓氏筆畫排序）\r\n ◆林國楨\r\n 國立彰化師範大學教育研究所所長\r\n ◆洪萬生\r\n 國立台灣師範大學數學系退休教授\r\n ◆郭君逸\r\n 國立台灣師範大學數學系教授\r\n ◆陳宏賓\r\n UniMath總編輯\r\n ◆葉丙成\r\n 國立台灣大學電機系教授\r\n ◆劉謙\r\n 國際魔術大師\r\n ◆魏澤人\r\n 國立東華大學應用數學系副教授\r\n ◆蘇恭弘\r\n 國中數學輔導團召集人暨台南市新興國中校長\r\n\r\n"}
{"書名":"三角函數：sin、cos、tan","書籍網站":"https:\/\/www.kingstone.com.tw\/\/basic\/2015240248882?zone=book&lid=book_class3_ebz&actid=book_class3_ebz","作者":"日本Newton Press","出版社":"人人      ","ISBN":9789864612284.0,"圖片網址":"https:\/\/cdn.kingstone.com.tw\/book\/images\/product\/20152\/2015240248882\/2015240248882b.jpg","書籍簡介":"\r\n\r\n\r\n\t★三角函數除了學科外，還有什麼其他用途嗎？\r\n\t★我數學基礎這麼不好，該怎麼辦？本書從頭帶你認識三角函數的原理、公式、練習題目及應用領域，一起放膽學數學！\r\n\t★日本牛頓獨家授權，Amazon4.5星評價，用精美圖解擴及應用，培養你的數學素養！\r\n\t★書末附上學科相關三角函數重要公式一覽表\r\n\r\n\t三角函數的基礎是正弦sin、餘弦cos、正切tan，雖然令許多學生頭痛不已，卻是相當基礎且重要的數學定理，其用處無遠弗屆。\r\n\r\n\t從古代天文學的三角測量開始，到如今網路影片、地震速報，三角函數的應用早已涵蓋工程學、航海學、測繪學、音樂、物理、天文、地震分析，甚至是目前的網路影像與聲音壓縮、合成等等，堪稱是現代生活中各種技術的必備基礎。具備良好的數學運算能力，也有助於整合觀念，培養邏輯清晰的推理能力。\r\n\r\n\t有鑑於此，本書以「三角函數」為主題，運用大量精彩圖片，有系統且循序漸進的方式，從三角形的性質開始談起，逐步解說三角函數的起源、基礎、公式、用途，並擴及廣泛應用於各領域的代表性工具「傅立葉分析」、「量子力學」、相關的數學公式等。其中還特別附上三角函數的練習題，供讀者自我測驗，是內容相當豐富且全面性的三角函數專書，不但可幫助學生打穩基礎，對想進一步學習的讀者或老師，想必也能有所裨益。尤其本書中所列出各步驟的計算過程和解說，最有助於解開艱澀難懂之處，是市面上難得一見的數學讀本。\r\n\r\n內容分成六大部分：\r\n\t一、序章：三角形的性質、畢氏定理、三角測量、三角函數的起源、三角形的全等與相似、利用三角形相似性質的古代測量、托勒密《天文學大成》。\r\n\r\n二、三角函數基礎：分別介紹sin、cos、tan及三者的應用、√與無理數、變數「x」與固定常數「a」、函數意義、日本三角函數發展史。\r\n\r\n三、三角函數重要公式：三角函數間的關係、餘弦定理、正弦定理、和角公式，以及「餘弦定理」、「正弦定理」、「托勒密定理」證明，並附上三角函數練習題與解題演算。\r\n\r\n四、從「三角形」到「波」：三角函數與單位圓、三角函數的性質、「座標」結合數學式與圖形、弧度法、旋轉與三角函數、振動與三角函數及其物理學、波與三角函數、三角函數的微分與積分、反三角函數。\r\n\r\n五、三角函數與傅立葉分析：聲音與傅立葉分析、三角函數合成、傅立葉級數、傅立葉轉換、圖像壓縮與傅立葉分析、生活中的傅立葉分析、三角函數的正交性及其衍生的傅立葉轉換、傅立葉轉換對音樂與數位訊號處理，以及聲音合成、地震分析和ALMA望遠鏡的三角函數應用。\r\n\r\n六、深入探討三角函數：泰勒展開式、歐拉公式、量子力學的三角函數應用，另外特別介紹數學天才歐拉與歐拉公式導出過程，以及三角函數與虛數的結合、三角函數的「相關」函數，最後整理列出三角函數的重要定理與公式。\r\n\r\n本書優點：\r\n\t1.鉅細靡遺闡述三角函數的來龍去脈、應用與逐步解析過程，補足課堂上因時間侷限而無法詳述的內容，對剛開始學習三角函數的初學者、學習卡關的人，帶來極大幫助。\r\n\t2.在推導出公式的計算過程後，附上測驗的練習題目，有助於提升學習效果，更適合課後複習加強印象。\r\n\t3.特別就三角函數的應用，以及擴及的三角函數微分與積分運算、相關函數等都有解析，是一般三角函數讀本所不及的部分，能讓讀者通盤了解三角函數的重要性。\r\n\t4.書末整理了三角函數的重要定理與公式，有助於隨時查閱、快速複習。\r\n\r\n系列特色\r\n\r\n\t1. 本書系來自日本牛頓出版社的科普書系列，一貫以精美插圖、珍貴照片以及電腦模擬圖像，來解說科學知識，深入淺出、淺顯易懂。\r\n\t2. 以一書一主題的系統化，縱向深入閱讀，橫向觸類旁通，主題涵蓋天文地理、生物、數學、物理、化學、工學、歷史、醫學藥學九大類。\r\n\t3. 總以各方角度來闡明各類科學疑問，啟發讀者對科學的探究興趣。\r\n\r\n"}
{"書名":"攸關貧富與生死的數學","書籍網站":"https:\/\/www.kingstone.com.tw\/\/basic\/2013100113714?zone=book&lid=book_class3_ebz&actid=book_class3_ebz","作者":"葉茲","出版社":"天下文化  ","ISBN":9789865535582.0,"圖片網址":"https:\/\/cdn.kingstone.com.tw\/book\/images\/product\/20131\/2013100113714\/2013100113714b.jpg","書籍簡介":"\r\n\r\n沒有人完全不懂數學！一本寫給非數學人的數學書»DNA檢測到底有多準確？»疾病篩檢陽性，為什麼最好再測一次？»怎麼利用37%法則，做出最好的選擇？許多人覺得數學太難，在學校上課時就下意識排斥，甚至畢業後真的只用加減乘除來處理日常事務。這實在太可惜了！數學最大的用處，就是幫助我們在複雜的世界中找出模型，讓我們更容易理解現實的問題、做出最好的決定，像是：．看穿金字塔騙局，遠離投資陷阱．秒懂複利效應指數模型，趁早開始理財．瞭解流行病傳播方式，做好防護、經常洗手葉茲利用「故事」這個最簡單、最重要的模型，來解釋日常生活幾個常被忽略，卻又相當重要的數學概念，也告訴我們，這些攸關貧富與生死的數學並不難，只需花點時間認識它們，在人生旅途中不僅能多上一分欣賞風景的樂趣，還可以閃開不易察覺的坑洞，避凶趨吉。\r\n                    \r\n"}
{"書名":"文化脈絡中的數學","書籍網站":"https:\/\/www.kingstone.com.tw\/\/basic\/2013100112052?zone=book&lid=book_class3_ebz&actid=book_class3_ebz","作者":"單維彰","出版社":"遠流      ","ISBN":9789865659325.0,"圖片網址":"https:\/\/cdn.kingstone.com.tw\/book\/images\/product\/20131\/2013100112052\/2013100112052b.jpg","書籍簡介":"\r\n\r\n\r\n 數學是一種語言，一種非常精準的語言，人們使用數學語言與自然對話、與藝術對話、與文學對話、與生活對話、與文化對話、與教育對話、與文明進展對話、與民主對話、與愛情對話。《文化脈絡中的數學》將引領我們，聆聽數學與各種領域的對話，層層疊疊、抑揚頓挫、從天上來、打心底起，讓數學融通了生命與生活，從而讓讀者有了屬於自己的數學聲音。\r\n\r\n 數學不僅是文化的產出，數學也形塑了文化。本書所涉及的文化領域，包括語言、文學、歷史、藝術、電腦、選舉、教育、宗教與信仰等，作者企圖以說故事的方式，一層一層慢慢展開論述：以文藝創作旁敲數學、用郵票來述說數學的大歷史、藉由人物傳記讓世界的數學發展史跟我們自己拉上更親近的關連，並針對切身熟悉的文化活動來闡述數學的角色，從而讓讀者體認到數學學習的真正價值及趣味。\r\n\r\n"}
{"書名":"ACT數學：DR. JANGS  ACT * 36  MATH  WORKBOOK","書籍網站":"https:\/\/www.kingstone.com.tw\/\/basic\/2013100111260?zone=book&lid=book_class3_ebz&actid=book_class3_ebz","作者":"SIMON JANG等","出版社":"新視野留學","ISBN":9789869378932.0,"圖片網址":"https:\/\/cdn.kingstone.com.tw\/book\/images\/product\/20131\/2013100111260\/2013100111260b.jpg","書籍簡介":"\r\n\r\n\r\n本書特色\r\n\r\n\t準備ACT數學只需這本書，ACT數學滿分 買這本書就夠了！\r\n\t美國高中數學老師 Tiffany Jang & Dr. Simon Jang\r\n\t帶領無數學生ACT數學滿分最新力作！\r\n\r\n\t‧超過1500道練習題，能有效複習考點觀念\r\n\t‧10回擬真模考測驗，每題皆附上答題詳解\r\n\t‧滿分技巧詳細解析，幫助無數考生ACT數學滿分\r\n\t‧美國Amazon排行最佳暢銷書，擁有超高讀者評價\r\n\r\n\t字神帝國英語學院-教學總監「康老師」大力推薦\r\n\r\n"}
{"書名":"數學文章寫作 推敲篇","書籍網站":"https:\/\/www.kingstone.com.tw\/\/basic\/2013100111130?zone=book&lid=book_class3_ebz&actid=book_class3_ebz","作者":"結城浩","出版社":"世茂      ","ISBN":9789865408060.0,"圖片網址":"https:\/\/cdn.kingstone.com.tw\/book\/images\/product\/20131\/2013100111130\/2013100111130b.jpg","書籍簡介":"\r\n\r\n\r\n★★★前臺灣師範大學數學系教授兼主任  洪萬生 專文導讀★★★\r\n\r\n★★★國立彰化師範大學數學教育研究中心專委  莊惟棟  專文推薦★★★\r\n\r\n臺灣師範大學數學系教授   游森棚\r\n\r\n臺師大電機系助理教授 數感實驗室共同創辦人  賴以威\r\n\r\n一致好評推薦！\r\n\r\n\t（按姓氏筆畫排列）\r\n\r\n\t \r\n\r\n\t《數學文章寫作》進階級——《推敲篇》，來了！\r\n\r\n\t數學，推敲推敲！唐朝賈島作詩「僧敲月下門」，韓愈說：「作敲字佳。」遂定稿，這就是推敲的由來。\r\n\r\n\t如何寫出正確又容易閱讀的數學文章，向讀者傳達你的思維呢？在前作《數學文章寫作【基礎篇】》中，作者結城浩集結數十年來的數學書籍寫作經驗，舉出「好的例子」和「不好的例子」，告訴我們什麼是「好的數學寫作」。\r\n\r\n\t在這本《數學文章寫作【推敲篇】》中，我們要進一步，將「好的數學寫作」，修改為更正確、流暢的文字。作者結城浩在寫作的時候，站在讀者的立場，為讀者著想，仔細推敲，重讀數遍自己寫好的文章，一點一點加以修改。\r\n\r\n\t既然是推敲，本書分為四個重點「執筆、推敲、校正、評論」一一說明。\r\n\r\n執筆時站在讀者的立場，讀者對哪些名詞和定義會覺得不清楚不了解呢？我們就要把些部份寫清楚來。寫完了不是就寫完了，寫完才是推敲的開始。修改的時候一邊改一邊讀，確認自己把自己的想法都充分寫清楚了。然後斟酌字詞的選擇，寫這個詞和寫那個詞，哪一個比較好呢？字改好了，句子通順嗎？所有句子的組成平衡嗎？哪些寫太多，哪些寫太少嗎？草稿終於改好了，拿給別人看看，有什麼值得我參考的意見嗎？可以幫助我提升文字品質。推敲花了太多時間，寫好一篇來不及做別的事嗎？你需要時間管理，作者告訴你，他的親身經驗，有效率的寫作方式。最後寫好了，怎樣知道寫好了？改了十次算不算是改好了？話說結束一篇文章也是有學問的，該有人出來告訴你「時候到了！」\r\n\r\n\t最後，還會附上理科人士最愛的「檢查表」，讓你吃完還能帶著走，回顧你所寫好的文章。\r\n\r\n\t同樣的審定老師，同樣堅強的推薦陣容。不僅可以知道數學文章怎麼寫，還可以反過來，知道出題老師教授是這樣在想一篇數學文章，一道數學題目的。\r\n\r\n"}
{"書名":"數學文章寫作  基礎篇","書籍網站":"https:\/\/www.kingstone.com.tw\/\/basic\/2013100110638?zone=book&lid=book_class3_ebz&actid=book_class3_ebz","作者":"結成浩","出版社":"世茂      ","ISBN":9789865408022.0,"圖片網址":"https:\/\/cdn.kingstone.com.tw\/book\/images\/product\/20131\/2013100110638\/2013100110638b.jpg","書籍簡介":"\r\n\r\n\r\n全台第一本數學寫作專書\r\n\r\n寫作文章的目的，是向讀者傳達你的想法！\r\n\r\n\t \r\n\r\n★★★前臺灣師範大學數學系教授兼主任  洪萬生 專文導讀★★★\r\n\r\n\t \r\n\r\n國立彰化師範大學數學教育研究中心專委  莊惟棟\r\n\r\n臺灣師範大學數學系教授   游森棚\r\n\r\n臺師大電機系助理教授 數感實驗室共同創辦人  賴以威\r\n\r\n一致好評推薦！\r\n\r\n\t（按姓氏筆畫排列） \r\n\r\n\t \r\n\r\n\t \r\n\r\n\t日本數學會出版賞得主結城浩教你邏輯清晰的寫作技巧\r\n\r\n\t解題時常常「不知道題目想表達什麼」嗎？\r\n\r\n\t命題時常常煩惱「怎麼寫學生才看得懂」嗎？\r\n\r\n\t文章順序怎麼排才容易閱讀？\r\n\r\n\t如何適當舉出幫助讀者理解文章的例子？\r\n\r\n\t8大章節循序漸進，教你寫出「對讀者有益」的實用文章！\r\n\r\n\t \r\n\r\n第1章〈讀者〉\r\n\r\n\t清楚理解讀者的背景知識、動機、目的。\r\n\r\n第2章〈基本〉\r\n\r\n\t重視格式並意識字詞、句子、段落、章節等文章構造。\r\n\r\n第3章〈順序與階層〉\r\n\r\n\t構成文章的順序與階層，如何安排文章順序，統整內容。\r\n\r\n第4章〈數學式與命題〉\r\n\r\n\t數學式與命題的寫法，從寫出數學式的目的，到如何防止讀者誤解。\r\n\r\n第5章〈舉例〉\r\n\r\n\t如何舉例才能幫助讀者理解文章？學習舉出正確且具有效果的例子。\r\n\r\n第6章〈問與答〉\r\n\r\n\t對讀者提出問與答的方法，如何提出適當難度的問題，不讓讀者感到混亂。\r\n\r\n第7章〈目錄與索引〉\r\n\r\n\t做出真正能幫到讀者的目錄、索引。\r\n\r\n第8章〈唯一想要傳達的事情〉\r\n\r\n\t複習並總結如何實踐「為讀者設想」。\r\n\r\n\t \r\n\r\n\t適合學生、教師、補習班講師、網路／書籍作者\r\n\r\n教學、報告、論文、考試命題都能派上用場\r\n\r\n「說明的目的在於教導，而非自我表現」──美國電腦科學大師‧史丹福大學教授  傑夫‧厄爾曼(Jeff Ullman)\r\n\r\n\t \r\n\r\n\t它是一本寫好「文章」，加入「數學」元素還可寫出「好文章」，完美演繹「寫出好文章」的書！\r\n\r\n\t彰化師範大學數學教育研究中心專委  莊惟棟\r\n\r\n"}
{"書名":"無限小（修訂版）：一個危險的數學理論如何形塑現代世界","書籍網站":"https:\/\/www.kingstone.com.tw\/\/basic\/2013160010145?zone=book&lid=book_class3_ebz&actid=book_class3_ebz","作者":"艾米爾．亞歷山大","出版社":"商周出版  ","ISBN":4717702096557.0,"圖片網址":"https:\/\/cdn.kingstone.com.tw\/book\/images\/product\/20131\/2013160010145\/2013160010145b.jpg","書籍簡介":"\r\n\r\n\r\n\t現代世紀的靈魂取決於無限小\r\n\t無限小的戰爭是一場你死我活的生存之戰，無限小的勝利帶來了現代文明的進步\r\n\t無限小理論是微積分與許多現代數學以及科技的基礎，它究竟如何影響十六、十七世紀的文明發展？\r\n\r\n\t從歐洲宗教戰爭到英國內戰，從耶穌會到英國皇家學會，從伽利略到牛頓，無限小是無數神學家、數學家、哲學家熱辣辣戰爭的主角，它也是歐洲科學進步、思想自由以及更寬容社會的關鍵，義大利與英國成為現代國家的分野。\r\n\r\n\t一六三二年八月十日，五位穿著飄拂黑袍的人，受召在一棟堂皇卻陰沉的羅馬建築物中，裁定一個令人誤以為簡單的理論：一條連續的線是由獨立但無限的微小部分組成。耶穌會的神父們大筆一揮，禁止了無限小的概念，宣布永遠不能教授這個理論，甚至連提都不准提。他們認為這個概念危險又具顛覆性，對世界是一個有秩序的地方，而且由一套嚴格而不變的規定所治理的這個信仰有威脅。如果接受了無限小，耶穌會害怕整個世界都將墮入混沌。\r\n\r\n\t獲獎無數的歷史學家阿米爾．亞歷山大在《無限小》中揭發了耶穌會這個裁決背後的深層原因，並敘述無限小的理論如何繼續，終於成為微積分與許多現代數學、現在科學理論與科技的基礎。的確，並非所有人都贊同耶穌會。歐洲各地的哲學家、科學家與數學家都接受無限小，並將之視為科學進步、思想自由以及更寬容社會的關鍵。一如亞歷山大在書中所揭露的，支持與反對無限小的兩大陣營在開打前，歐洲的階級與秩序力量就已經在對抗多樣化和改變的力量了。\r\n\r\n\t這個故事把我們從歐洲宗教戰爭與英國內戰的血腥戰場，帶到當時最偉大的數學家與哲學家的生活中，包括伽利略、托里切利、牛頓、貝拉明樞機主教、湯瑪斯．霍布斯、克里斯多佛．克拉維烏斯與約翰．瓦里斯。在義大利，無限小的挫敗預告了這個國家主導歐洲文化的朝代已經結束；而在英國，無限小的勝利則幫助了這個島國走向了世界第一個現代國家之路。\r\n\r\n\t從德國的帝國城市到英國薩里郡，從羅馬教廷到倫敦皇家學會的大堂，亞歷山大闡述了一個數學觀念的歧異如何演變成天體與地球的爭論。無限小的矛盾與彈性對應到政治態度的獨斷與民主政體，摒除無限小，除了教宗與國王的正統性，還有我們所相信的人類自由與進步的科學，全都岌岌可危。\r\n\r\n"}
{"書名":"數學偵探物語","書籍網站":"https:\/\/www.kingstone.com.tw\/\/basic\/2019970357760?zone=book&lid=book_class3_ebz&actid=book_class3_ebz","作者":"李斯．哈斯奧","出版社":"五南      ","ISBN":9789571192086.0,"圖片網址":"https:\/\/cdn.kingstone.com.tw\/book\/images\/product\/20199\/2019970357760\/2019970357760b.jpg","書籍簡介":"\r\n\r\n\r\n\t高中版《數字搜查線》\r\n\t14個懸疑神秘的案件等你來破解！\r\n\t西瓜成為詐欺的工具？！\r\n\t利用數學來作弊？！\r\n\t籃球場上有何陰謀？！\r\n\t根據握手次數可以抓出兇手？！\r\n\r\n\t在這本偵探式的解謎故事集裡，和十四歲的數學天才李維鬥智吧！\r\n\r\n\t本書每一篇偵探故事都圍繞著數學謎題這個核心。試試你的數學和物理技巧，並好好欣賞李維如何利用智慧、三角學、機率、組合數學及邏輯推演來機智地分析所有的計謀。\r\n\r\n"}
{"書名":"博奕數學","書籍網站":"https:\/\/www.kingstone.com.tw\/\/basic\/2019980013069?zone=book&lid=book_class3_ebz&actid=book_class3_ebz","作者":"Robert C. Hannum","出版社":"揚智文化  ","ISBN":9789862980286.0,"圖片網址":"https:\/\/cdn.kingstone.com.tw\/book\/images\/product\/20199\/2019980013069\/2019980013069b.jpg","書籍簡介":"\r\n\r\n這本書主要是闡述博奕遊戲背後所牽涉的數學，說明各種博奕遊戲賠率的計算，以及玩家與賭場經營者短期與長期可能面臨的風險。經由這本書，玩家可以瞭解參與各種博奕遊戲所要付出的代價，而賭場經營者可以發現管理上可能存在的弊端並即時加以改正，另外，政府稽核機關可以查核賭場是否賺取合理的利潤，所以每個人都可以由這本書學到有關博奕遊戲及產業的基本知識。\r\n                    \r\n"}
{"書名":"入門運算放大器","書籍網站":"https:\/\/www.kingstone.com.tw\/\/basic\/2014480822807?zone=book&lid=book_class3_ebz&actid=book_class3_ebz","作者":"家村道雄","出版社":"建興      ","ISBN":9789862241561.0,"圖片網址":"https:\/\/cdn.kingstone.com.tw\/book\/images\/product\/20144\/2014480822807\/2014480822807b.jpg","書籍簡介":"\r\n\r\n運算放大器為離今約 60 年前所發明的。約在 1965~70 年才完成實用化。目前已廣泛運用在各個電子領域。本書共分為七章，在著作與教學時，為了使大家能夠瞭解，對於理論基準儘量以淺顯易懂的方式說明，此次，更進一步利用實驗來驗證理論之一致性，使讀者對於電子電路有更深一層的瞭解，以期對於各種應用領域有所關心。\r\n                    \r\n"}
{"書名":"數值分析","書籍網站":"https:\/\/www.kingstone.com.tw\/\/basic\/2023180003393?zone=book&lid=book_class3_ebz&actid=book_class3_ebz","作者":"趙英宏","出版社":"五南      ","ISBN":9789571152691.0,"圖片網址":"https:\/\/cdn.kingstone.com.tw\/book\/images\/product\/20231\/2023180003393\/2023180003393b.jpg","書籍簡介":"\r\n\r\n◆適用大專數值分析及數值方法等課程◆隨書附贈以MicroSoft Excel為基礎的數值分析軟體◆隨書附贈全書習題詳解文字檔與試算表檔◆備有教學投影片供教師索取使用數值分析(Numerical Analysis)是一種求解各種問題數學模式近似解的應用數學。雖然有些數學模式可有解析解，但仍有絕大部分的數學模式無法獲得解析解答，而需借助於數值分析法以逐步漸趨地推求近似解。基於此需求，數值分析逐成為理工社會科系必修課程之一。本書蒐集解單變數方程式、線性方程式組、非線性方程式組、插值法、曲線擬合、數值微分與積分、初始值與邊界值常微方程式與偏微分方程式等數學模式的漸趨演算法。電腦問世以來，賦予人類更高的計算能力，因此降低近似解誤差值的先進演算法相繼出籠，但是這些演算法往往相當冗長與繁複到非手工計算所可畢竟事功，也造成教學上的困難。因此本書特以微軟公司的試算表軟體為平台與基礎，設計數值分析軟體以紓解演算的困難與提高解題的正確性。數值分析軟體適用於任何微軟公司MicroSoft Excel 2000或以上的試算表軟體版本。本書內容適合一學期的教學課程。所附贈光碟內容包括數值分析軟體、習題詳解的文字檔及試算表檔以供參考。另備有微軟公司PowerPoint教學投影片檔可供教學參考。\r\n                    \r\n"}
{"書名":"枯井的啟示：數學的故事","書籍網站":"https:\/\/www.kingstone.com.tw\/\/basic\/2013100059333?zone=book&lid=book_class3_ebz&actid=book_class3_ebz","作者":"高鎖剛","出版社":"倚天文化  ","ISBN":9789868076709.0,"圖片網址":"https:\/\/cdn.kingstone.com.tw\/book\/images\/product\/20131\/2013100059333\/2013100059333b.jpg","書籍簡介":"\r\n\r\n枯井的啟示數學的故事數學是一門歷史悠久的學科，它不僅是從事其他學科學習和研究的一種工具和手段，更重要的是一種文化現象。數學文化是對數學知識、技能、能力素質等概念的高度概括。本書以描述數學家發現、發明各種公式、定理或知識的有趣故事，讓讀者學習數學家學習和研究的方式、方法以及他們熱愛科學、為科學努力不懈的精神，領略博大精深的數學文化及其內涵。\r\n                    \r\n"}
{"書名":"對人有助益的數學","書籍網站":"https:\/\/www.kingstone.com.tw\/\/basic\/2013100061824?zone=book&lid=book_class3_ebz&actid=book_class3_ebz","作者":"伸田紀夫","出版社":"大展      ","ISBN":9789574683864.0,"圖片網址":"https:\/\/cdn.kingstone.com.tw\/book\/images\/product\/20131\/2013100061824\/2013100061824b.jpg","書籍簡介":"\r\n\r\n此外，內容也不像其他教科書那麼豐富，相當的貧乏。˙不像國文或英文，直接對生活有幫助。˙不像社會或理科，內容本身具有趣味性。˙不像體育或藝術科系，有助於身心的發展，豐富人生。只能單純的練習，而且答案只有一個，會覺得自己的數學能力很差，根本無處可逃。因為「四處碰壁」，所以一般人都很討厭數學。　　數學老師通常被視為是奇人、怪人。很多數學老師會說：「只要努力，這是能夠辦到、能夠了解的一科。」不過，也有老師會以禪問答的方式回答：「總之，一定會有幫助，所以不必多考慮太多！」「想一想，如果數學突然從這個世界上消失，那會變成什麼情況呢？」「就算忘記了內容，但還是會留下一些『數學的思考』。對將來有幫助。」數學的「社會有用性」？　　長久以來，認為「學習數學的有用性」包括實用、訓練、邏輯三點。作者認為其具有精神的意義，因此，又加上了美、哲學二點。然而對於這種的說法，大家的態度還是非常漠然。很多人依然認為數學根本就「沒有用」。　　本書分析數學的特性，同時將重點擺在利用具體例來提示數學的有用性。例如，每天的談話或是報紙、電視所提到的關於數學的部分，大致可以分為右邊三項。就算是討厭數學的人，也會承認數學或多或少都具有一些有用性。同時將焦點放在數學老師經常主張的並沒有自覺到會直接使用的「數學的思考」，加以細分則如次頁的表所示。相信很多人都會認為「雖然內容艱澀，但是，在思考事物時都會使用到」。　　本書以具體例提示大家無意識、無自覺狀態下所使用的數學。\r\n\r\n"}
{"書名":"這不是超能力但能操控人心的魔數術學(首刷超值限量版，加贈3大魔法寶物)","書籍網站":"https:\/\/www.kingstone.com.tw\/\/basic\/2013100107645?zone=book&lid=book_class3_ebz&actid=book_class3_ebz","作者":"莊惟棟","出版社":"墨刻      ","ISBN":9789862894095.0,"圖片網址":"https:\/\/cdn.kingstone.com.tw\/book\/images\/product\/20131\/2013100107645\/2013100107645b.jpg","書籍簡介":"\r\n\r\n\r\n 你知道\r\n 【交換禮物】是數學控制的嗎？\r\n 【職場競爭力】由了解數學的人決定？\r\n 【戀愛緣份】竟然由數學牽線？\r\n 【親子互動】數學可以加溫？\r\n\r\n 不論是學生、上班族、家長……\r\n 我們都有不同的煩惱\r\n 我們都不想當麻瓜\r\n 每個人都希望自己擁有魔力\r\n 解決人生中必定遭遇的問題\r\n\r\n 「數學」不好不是問題，「麻瓜」身份也沒關係；\r\n 「魔數術學」解決人生問題，讓好人壞人敵人陌生人都會成為你的貴人。\r\n\r\n 【本書3大特色】\r\n ◆魔數一學就會，輕而易舉成為炒熱氣氛的溝通高手。\r\n ◆連載漫畫圖解魔數，易讀、易懂、易操作。\r\n ◆以脈絡分明的推理小說為布局，解析如何使用科學方法操縱人心。\r\n\r\n 【各界好評聯手推薦】（依姓氏筆畫排序）\r\n ◆林國楨\r\n 國立彰化師範大學教育研究所所長\r\n ◆洪萬生\r\n 國立台灣師範大學數學系退休教授\r\n ◆郭君逸\r\n 國立台灣師範大學數學系教授\r\n ◆陳宏賓\r\n UniMath總編輯\r\n ◆葉丙成\r\n 國立台灣大學電機系教授\r\n ◆劉謙\r\n 國際魔術大師\r\n ◆魏澤人\r\n 國立東華大學應用數學系副教授\r\n ◆蘇恭弘\r\n 國中數學輔導團召集人暨台南市新興國中校長\r\n\r\n"}
{"書名":"無限小：一個危險的數學理論如何形塑現代世界","書籍網站":"https:\/\/www.kingstone.com.tw\/\/basic\/2013160009576?zone=book&lid=book_class3_ebz&actid=book_class3_ebz","作者":"艾米爾．亞歷山大","出版社":"商周出版  ","ISBN":9789862729090.0,"圖片網址":"https:\/\/cdn.kingstone.com.tw\/book\/images\/product\/20131\/2013160009576\/2013160009576b.jpg","書籍簡介":"\r\n\r\n\r\n現代世紀的靈魂取決於無限小\r\n無限小的戰爭是一場你死我活的生存之戰，無限小的勝利帶來了現代文明的進步\r\n\r\n\r\n\t一六三二年八月十日，五位穿著飄拂黑袍的人，受召在一棟堂皇卻陰沉的羅馬建築物中，裁定一個令人誤以為簡單的理論：一條連續的線是由獨立但無限的微小部分組成。耶穌會的神父們大筆一揮，禁止了無限小的概念，宣布永遠不能教授這個理論，甚至連提都不准提。他們認為這個概念危險又具顛覆性，對世界是一個有秩序的地方，而且由一套嚴格而不變的規定所治理的這個信仰有威脅。如果接受了無限小，耶穌會害怕整個世界都將墮入混沌。\r\n\r\n\t獲獎歷史學家阿米爾．亞歷山大在《無限小》中揭發了耶穌會這個裁決背後的深層原因，並敘述無限小的理論如何繼續，終於成為微積分與許多現代數學、現在科學理論與科技的基礎。的確，並非所有人都贊同耶穌會。歐洲各地的哲學家、科學家與數學家都接受無限小，並將之視為科學進步、思想自由以及更寬容社會的關鍵。一如亞歷山大在書中所揭露的，支持與反對無限小的兩大陣營在開打前，歐洲的階級與秩序力量就已經在對抗多樣化和改變的力量了。\r\n\r\n\t這個故事把我們從歐洲宗教戰爭與英國內戰的血腥戰場，帶到當時最偉大的數學家與哲學家的生活中，包括伽利略、艾塞克．牛頓、貝拉明樞機主教、湯瑪斯．霍布斯、克里斯多佛．克拉維烏斯與約翰．瓦里斯。在義大利，無限小的挫敗預告了這個國家主導歐洲文化的朝代已經結束；而在英國，無限小的勝利則幫助了這個島國走向了世界第一個現代國家之路。\r\n\r\n\t從德國的帝國城市到英國薩里郡，從羅馬教廷到倫敦皇家學會的大堂，亞歷山大闡述了一個數學觀念的歧異如何演變成天體與地球的爭論。無限小的矛盾與彈性對應到政治態度的獨斷與民主政體，摒除無限小，除了教宗與國王的正統性，還有我們所相信的人類自由與進步的科學，全都岌岌可危。\r\n\r\n"}
{"書名":"數學高手特訓班-從奧林匹亞競賽看資優生","書籍網站":"https:\/\/www.kingstone.com.tw\/\/basic\/2013100066904?zone=book&lid=book_class3_ebz&actid=book_class3_ebz","作者":"史帝夫．奧","出版社":"遠流      ","ISBN":9789573259671.0,"圖片網址":"https:\/\/cdn.kingstone.com.tw\/book\/images\/product\/20131\/2013100066904\/2013100066904b.jpg","書籍簡介":"\r\n\r\n本書特點，書中以數學奧林匹亞競賽的題目為實際範例，大略描述天才孩子的解題方法及老師運用的引導途徑，從中了解他們極具創意的解題方式，可說是第一手的珍貴記錄。其實「數學」一直是基礎教育最重要的一環，然而背誦式、填鴨式的數學教育，非但不能培養數學天才，連建立基礎數學能力、引發一般人學習樂趣都達不到，於是許多人的口頭禪都是：「啊，我恨死數學了！」在這同時，有一群熱心積極的數學教育人士，一直努力想帶領學生體驗數學的終極樂趣。每一年，全球各國都會選出最優秀的高中數學天才，經過一段時間的訓練，組隊參加一年一度的數學奧林匹亞盛會，可說是全球高中生最頂尖的數學競賽。歷年來台灣也有許多高中生代表參加比賽，成績斐然。本書作者撰寫《數學高手特訓班》的初衷，便是要追蹤採訪美國代表隊成員的故事，他訪問了歷屆代表隊成員，仔細了解他們的成長背景、學習過程、乃至於長大後各自的發展，希望了解數學天才有哪些特出之處，又有哪些尋常之處。此外，他也親自拜訪許多隊員的家人、數學老師、美國代表隊歷屆教練，更走訪關心資優教育的教師與教育學者，了解他們協助這些數學天才的想法與做法，逐漸拼湊出數學資優教育的全貌。作者對於這些孩子的心情轉折、家長與老師的期待與心情、甚至面對各種困難的判斷與做法，都有非常精采的記錄與描述。這是作者的初衷。但背後更深層的意義是，美國人向來懼怕數學，跟我們沒有兩樣。他很想知道，這些天才孩子為什麼如此熱愛數學？我們是否可以從中得到一些經驗，幫助其他人也能體驗數學之美和學習的樂趣？有趣的是，美國代表隊的教練與數學教育專家很多都來自前蘇聯和東歐國家，這些地區有深厚的數學學習傳統，一般人都熱愛數學，他們提出「從解題之中引發思考的樂趣」，不僅讓資優天才更上層樓，同時也讓不喜歡背誦記憶的一般孩子轉而喜歡思考題目，進而愛上數學。也就是說，藉由資優教育的經驗，藉由了解這些最能激發創意、潛能與學習興趣的教育方式，正可當作一般數學教育的最佳借鏡，這才是本書最珍貴的寶藏。\r\n\r\n"}
{"書名":"Mathematica 5數學運算大師","書籍網站":"https:\/\/www.kingstone.com.tw\/\/basic\/2014712878466?zone=book&lid=book_class3_ebz&actid=book_class3_ebz","作者":"施威銘編輯","出版社":"旗標      ","ISBN":9789574423903.0,"圖片網址":"https:\/\/cdn.kingstone.com.tw\/book\/images\/product\/20147\/2014712878466\/2014712878466b.jpg","書籍簡介":"\r\n\r\n對於工程領域的學生與研究人員, 在進行研究時, 常會需要解決繁複的數學運算, 如線性代數、微積分等、統計..., 計算時不但需要耗費許多時間, 若是稍一不慎在過程中出錯, 也全面影響整個分析結果。　　Mathematica 是一套功能強大的數學運算軟體, 除了數值運算外, 『符號運算』更是其強項, 特別適合用於微積分、線性代數、工程數學、統計學等領域, 可以幫助您縮短研究時間。本書針對初學者設計, 將軟體功能根據不同的學術應用做區分, 並提供大量的習題範例, 是學習 Mathematica 必備的參考書籍。本書特色．市面上內容最豐富、說明最詳實的 Mathematica 參考手冊。．不需程式設計基礎, 就能快速學會 Mathematica 5。．將線性代數、微積分、工程數學與統計學等四個單元獨立出來，並針對這些單元內的相關主題設計指令，方便讀者直接活用 Mathematica。．豐富實用的範例, 幫助您快速學會活用Mathematica 指令。 \r\n\r\n"}
{"書名":"數學二書","書籍網站":"https:\/\/www.kingstone.com.tw\/\/basic\/2013100058541?zone=book&lid=book_class3_ebz&actid=book_class3_ebz","作者":"小天下    ","出版社":"停售","ISBN":9780004170992.0,"圖片網址":"https:\/\/cdn.kingstone.com.tw\/book\/images\/product\/20131\/2013100058541\/2013100058541b.jpg","書籍簡介":"\r\n\r\n生活數學 多數學生認為數學只是一堆繁瑣的計算，和實際生活並沒有太大的關係。事實上，數學學習並不像小朋友想的，只是作一堆加減成除的計算。思考及解決問題能力的培養，才是數學學習的最終目的。生活中的數學材料相當豐富，然而要花費時間將這些材料編寫完整的教案，並搭配相關的教學目標進行教學，卻常常形成教師額外的負擔。這本書題工了許多有趣的點子，並且搭配完整的活動流程解說，以及教學活動設計，讓老師使用起來非常方便！數學玩透透 有這麼多數學等著孩子學習，為什麼還要鼓勵他們玩遊戲？其實這正是原因所在！在認真參與趣味遊戲的同時，孩子能夠實際運用許多重要技巧。他們必須計算、測量並解決問題，逐步奠定自己在幾何模式辨識方面的能力。最重要的是，他們可以透過遊戲學習批判性思考！\r\n\r\n"}
{"書名":"五專數學(二)","書籍網站":"https:\/\/www.kingstone.com.tw\/\/basic\/2013100059623?zone=book&lid=book_class3_ebz&actid=book_class3_ebz","作者":"葉能哲等","出版社":"三民特販  ","ISBN":null,"圖片網址":"https:\/\/cdn.kingstone.com.tw\/book\/images\/product\/20131\/2013100059623\/2013100059623b.jpg","書籍簡介":"0"}
{"書名":"EXCEL 在統計學上的應用","書籍網站":"https:\/\/www.kingstone.com.tw\/\/basic\/2013120048850?zone=book&lid=book_class3_ebz&actid=book_class3_ebz","作者":"ANITA M.MEEC","出版社":"五南      ","ISBN":9789574933433.0,"圖片網址":"https:\/\/cdn.kingstone.com.tw\/book\/images\/product\/20131\/2013120048850\/2013120048850b.jpg","書籍簡介":"\r\n\r\n本書是一本珍貴的漸進式補充教材，可讓使用者快速簡易執行統計分析。作者在書中介紹了廣泛的學術及商業領域之統計技巧及圖表。層次分明的電腦概念章節有助於學習。此外本書亦告訴您Excel如何與其他統計軟體合併應用，以增加學生對於整體數據分析的了解。\r\n                    \r\n"}
{"書名":"澳洲AMC試題解析1978","書籍網站":"https:\/\/www.kingstone.com.tw\/\/basic\/2013100041420?zone=book&lid=book_class3_ebz&actid=book_class3_ebz","作者":"WJ ATKINS","出版社":"九章      ","ISBN":9789576031946.0,"圖片網址":"https:\/\/cdn.kingstone.com.tw\/book\/images\/product\/20131\/2013100041420\/2013100041420b.jpg","書籍簡介":"\r\n\r\n\r\n\t澳洲數學信託基金會每年所主辦的澳洲數學競賽(AMC)是目前全世界最大規模的數學競賽之一。\r\n\r\n\tAMC之試題均出自全世界各地之著名數學家，題目的質量之高，正如著名數學家《美國數學月刊》主編鮑爾‧哈爾莫斯(Paul Halmos)教授所寫道：\"\"我不知道誰出這些題目，但請轉述我的祝賀：它們是一些有靈性的題目，配置得當，且具有挑戰性和趣味性，在同類競賽中是很不平常的。我堅持認為數學是在於思想而不在於技巧，但這一點在中小學水平的數學中很難做到...而這些題目接近於這樣去做，也接近於能夠做到這一點。\"\" \r\n\r\n\t試題包括重要的基本數學技能的問題以及更深入、更有挑戰性、需要洞察力、創造性和健全智能的問題。\r\n\r\n\t本書將1978年到1984年間澳洲數學競賽中已經出的幾百道題目搜集在一起。這些題目已按主題分組搜集且一般地按難度由易到難依次排列。本書的題解清晰詳盡，在很多情形下給出不同的解法。台灣取消聯考改採基本學力測驗後，本書對數學教師之教學，學生之學習將大有助益。\r\n\r\n"}
{"書名":"PROGRESSIVE MATHEMATICS(1)","書籍網站":"https:\/\/www.kingstone.com.tw\/\/basic\/2013120037021?zone=book&lid=book_class3_ebz&actid=book_class3_ebz","作者":"陳家春","出版社":"香港商務  ","ISBN":9789622906303.0,"圖片網址":"https:\/\/cdn.kingstone.com.tw\/book\/images\/product\/20131\/2013120037021\/2013120037021b.jpg","書籍簡介":"0"}
{"書名":"PROGRESSIVE MATHEMATICS(2)","書籍網站":"https:\/\/www.kingstone.com.tw\/\/basic\/2013120037151?zone=book&lid=book_class3_ebz&actid=book_class3_ebz","作者":"香港商務  ","出版社":"停售","ISBN":9789622906310.0,"圖片網址":"https:\/\/cdn.kingstone.com.tw\/book\/images\/product\/20131\/2013120037151\/2013120037151b.jpg","書籍簡介":"0"}
{"書名":"PROGRESSIVE MATHEMATICS(3)","書籍網站":"https:\/\/www.kingstone.com.tw\/\/basic\/2013120037281?zone=book&lid=book_class3_ebz&actid=book_class3_ebz","作者":"香港商務  ","出版社":"停售","ISBN":9789622906327.0,"圖片網址":"https:\/\/cdn.kingstone.com.tw\/book\/images\/product\/20131\/2013120037281\/2013120037281b.jpg","書籍簡介":"0"}
{"書名":"數學探索：電腦輔助學習","書籍網站":"https:\/\/www.kingstone.com.tw\/\/basic\/2013100035931?zone=book&lid=book_class3_ebz&actid=book_class3_ebz","作者":"江紹祥","出版社":"三聯書店  ","ISBN":9789620416729.0,"圖片網址":"https:\/\/cdn.kingstone.com.tw\/book\/images\/product\/20131\/2013100035931\/2013100035931b.jpg","書籍簡介":"0"}
{"書名":"數學奇兵－國一上（規格3.5)","書籍網站":"https:\/\/www.kingstone.com.tw\/\/basic\/2064711185867?zone=book&lid=book_class3_ebz&actid=book_class3_ebz","作者":"亞資科技  ","出版社":"停售","ISBN":null,"圖片網址":"https:\/\/cdn.kingstone.com.tw\/book\/images\/product\/20647\/2064711185867\/2064711185867b.jpg","書籍簡介":"0"}
{"書名":"數學奇兵－國一上（規格5.25)","書籍網站":"https:\/\/www.kingstone.com.tw\/\/basic\/2064711185997?zone=book&lid=book_class3_ebz&actid=book_class3_ebz","作者":"亞資科技  ","出版社":"停售","ISBN":null,"圖片網址":"https:\/\/cdn.kingstone.com.tw\/book\/images\/product\/20647\/2064711185997\/2064711185997b.jpg","書籍簡介":"0"}
{"書名":"數學奇兵－國一下（規格3.5)","書籍網站":"https:\/\/www.kingstone.com.tw\/\/basic\/2064711186079?zone=book&lid=book_class3_ebz&actid=book_class3_ebz","作者":"亞資科技  ","出版社":"停售","ISBN":null,"圖片網址":"https:\/\/cdn.kingstone.com.tw\/book\/images\/product\/20647\/2064711186079\/2064711186079b.jpg","書籍簡介":"0"}
{"書名":"數學奇兵－國一下（規格5.25)","書籍網站":"https:\/\/www.kingstone.com.tw\/\/basic\/2064711186109?zone=book&lid=book_class3_ebz&actid=book_class3_ebz","作者":"亞資科技  ","出版社":"停售","ISBN":null,"圖片網址":"https:\/\/cdn.kingstone.com.tw\/book\/images\/product\/20647\/2064711186109\/2064711186109b.jpg","書籍簡介":"0"}
{"書名":"MATHEMATICA入門與進階","書籍網站":"https:\/\/www.kingstone.com.tw\/\/basic\/2013100029732?zone=book&lid=book_class3_ebz&actid=book_class3_ebz","作者":"成芳","出版社":"全華      ","ISBN":9789572106877.0,"圖片網址":"https:\/\/cdn.kingstone.com.tw\/book\/images\/product\/20131\/2013100029732\/2013100029732b.jpg","書籍簡介":"0"}
{"書名":"米格數學繪圖系統應用與實例（含原版軟體）","書籍網站":"https:\/\/www.kingstone.com.tw\/\/basic\/2014711130527?zone=book&lid=book_class3_ebz&actid=book_class3_ebz","作者":"倪榮興","出版社":"立威      ","ISBN":null,"圖片網址":"https:\/\/cdn.kingstone.com.tw\/book\/images\/product\/20147\/2014711130527\/2014711130527b.jpg","書籍簡介":"0"}
{"書名":"MATHEMATICA應用技巧：DSP與控制","書籍網站":"https:\/\/www.kingstone.com.tw\/\/basic\/2013100027738?zone=book&lid=book_class3_ebz&actid=book_class3_ebz","作者":"成芳","出版社":"全華      ","ISBN":null,"圖片網址":"https:\/\/cdn.kingstone.com.tw\/book\/images\/product\/20131\/2013100027738\/2013100027738b.jpg","書籍簡介":"0"}
{"書名":"大易數學小百科","書籍網站":"https:\/\/www.kingstone.com.tw\/\/basic\/2064711060942?zone=book&lid=book_class3_ebz&actid=book_class3_ebz","作者":"太易資訊","出版社":"太易資訊  ","ISBN":null,"圖片網址":"https:\/\/cdn.kingstone.com.tw\/book\/images\/product\/20647\/2064711060942\/2064711060942b.jpg","書籍簡介":"0"}
{"書名":"初中數學競賽教程","書籍網站":"https:\/\/www.kingstone.com.tw\/\/basic\/2013100026786?zone=book&lid=book_class3_ebz&actid=book_class3_ebz","作者":"嚴鎮軍","出版社":"九章      ","ISBN":9789576030352.0,"圖片網址":"https:\/\/cdn.kingstone.com.tw\/book\/images\/product\/20131\/2013100026786\/2013100026786b.jpg","書籍簡介":"\r\n\r\n初中數學競賽教程\r\n　一九八四年，中國數學會普委會委託天津數學會舉辦一次初中數學邀請賽，有十四個省、市、自治區參加。這次的成功，為後來舉辦「初中數學聯賽」摸索了很多經驗。\r\n\r\n　之後開了一些會並通過了舉辦「初中數學聯賽」的決定。湖北省數學會、山西省數學會、黑龍江省數學會分別主動承擔了一九八五、一九八六、一九八七這三年的具體工作，從此，「初中數學聯賽」也形成了制度。\r\n\r\n　本書按競賽的內容，分為「代數、幾何、解題方法」三大類共五十講。在習作過程中，若有問題的話，書末有習題提示或解答概要以供參考。\r\n                    \r\n"}
{"書名":"高中數學競賽教程","書籍網站":"https:\/\/www.kingstone.com.tw\/\/basic\/2013100026816?zone=book&lid=book_class3_ebz&actid=book_class3_ebz","作者":"嚴鎮軍","出版社":"九章      ","ISBN":9789576030321.0,"圖片網址":"https:\/\/cdn.kingstone.com.tw\/book\/images\/product\/20131\/2013100026816\/2013100026816b.jpg","書籍簡介":"\r\n\r\n高中數學競賽教程\r\n　一九八一年，中國數學會開始舉辦「高中數學聯賽」，經過一九八一、一九八二、一九八三的三年實踐，這一群眾性的數學競賽活動得到了全國廣大中學師生的歡迎。也得到了教育行政部門、各級科學技術協會以及社會各階層人士的肯定和支持。\r\n\r\n　試題所涉及的知識範圍不超出現行教學大綱，本書按競賽的內容，分為基礎篇與專題篇，共五十講。在習作過程中，若有問題的話，書末有習題提示或解答概要以供參考。\r\n                    \r\n"}
{"書名":"國中數學教學法","書籍網站":"https:\/\/www.kingstone.com.tw\/\/basic\/2015210276945?zone=book&lid=book_class3_ebz&actid=book_class3_ebz","作者":"幼獅文化  ","出版社":"停售","ISBN":null,"圖片網址":"https:\/\/cdn.kingstone.com.tw\/book\/images\/product\/20152\/2015210276945\/2015210276945b.jpg","書籍簡介":"0"}
{"書名":"佐級數學","書籍網站":"https:\/\/www.kingstone.com.tw\/\/basic\/2015210293393?zone=book&lid=book_class3_ebz&actid=book_class3_ebz","作者":"李如霞","出版社":"士明      ","ISBN":null,"圖片網址":"https:\/\/cdn.kingstone.com.tw\/book\/images\/product\/20152\/2015210293393\/2015210293393b.jpg","書籍簡介":"0"}
{"書名":"數學應用課程指導手冊","書籍網站":"https:\/\/www.kingstone.com.tw\/\/basic\/2015210448120?zone=book&lid=book_class3_ebz&actid=book_class3_ebz","作者":"好兒童書城","出版社":"停售","ISBN":null,"圖片網址":"https:\/\/cdn.kingstone.com.tw\/book\/images\/product\/20152\/2015210448120\/2015210448120b.jpg","書籍簡介":"0"}
{"書名":"優等數學","書籍網站":"https:\/\/www.kingstone.com.tw\/\/basic\/2015210448540?zone=book&lid=book_class3_ebz&actid=book_class3_ebz","作者":"大豐      ","出版社":"停售","ISBN":null,"圖片網址":"https:\/\/cdn.kingstone.com.tw\/book\/images\/product\/20152\/2015210448540\/2015210448540b.jpg","書籍簡介":"0"}
{"書名":"一元二次不等式的圖形","書籍網站":"https:\/\/www.kingstone.com.tw\/\/basic\/2015210491751?zone=book&lid=book_class3_ebz&actid=book_class3_ebz","作者":"陸思明","出版社":"百成      ","ISBN":null,"圖片網址":"https:\/\/cdn.kingstone.com.tw\/book\/images\/product\/20152\/2015210491751\/2015210491751b.jpg","書籍簡介":"0"}
{"書名":"雷射基礎數學實驗本","書籍網站":"https:\/\/www.kingstone.com.tw\/\/basic\/2015210526293?zone=book&lid=book_class3_ebz&actid=book_class3_ebz","作者":"陳一理","出版社":"作者      ","ISBN":null,"圖片網址":"https:\/\/cdn.kingstone.com.tw\/book\/images\/product\/20152\/2015210526293\/2015210526293b.jpg","書籍簡介":"0"}
{"書名":"三角函數論","書籍網站":"https:\/\/www.kingstone.com.tw\/\/basic\/2015210526453?zone=book&lid=book_class3_ebz&actid=book_class3_ebz","作者":"李進財","出版社":"作者      ","ISBN":null,"圖片網址":"https:\/\/cdn.kingstone.com.tw\/book\/images\/product\/20152\/2015210526453\/2015210526453b.jpg","書籍簡介":"0"}
{"書名":"多項式","書籍網站":"https:\/\/www.kingstone.com.tw\/\/basic\/2015210827468?zone=book&lid=book_class3_ebz&actid=book_class3_ebz","作者":"陸思明","出版社":"百成      ","ISBN":null,"圖片網址":"https:\/\/cdn.kingstone.com.tw\/book\/images\/product\/20152\/2015210827468\/2015210827468b.jpg","書籍簡介":"0"}
{"書名":"玩電腦學數學","書籍網站":"https:\/\/www.kingstone.com.tw\/\/basic\/2014710135509?zone=book&lid=book_class3_ebz&actid=book_class3_ebz","作者":"施純協","出版社":"文笙書局  ","ISBN":null,"圖片網址":"https:\/\/cdn.kingstone.com.tw\/book\/images\/product\/20147\/2014710135509\/2014710135509b.jpg","書籍簡介":"0"}
{"書名":"電腦圖數學原理","書籍網站":"https:\/\/www.kingstone.com.tw\/\/basic\/2014710140596?zone=book&lid=book_class3_ebz&actid=book_class3_ebz","作者":"科技圖書  ","出版社":"貨到通知我","ISBN":null,"圖片網址":"https:\/\/cdn.kingstone.com.tw\/book\/images\/product\/20147\/2014710140596\/2014710140596b.jpg","書籍簡介":"0"}
{"書名":"電腦．美術．數學","書籍網站":"https:\/\/www.kingstone.com.tw\/\/basic\/2014710155613?zone=book&lid=book_class3_ebz&actid=book_class3_ebz","作者":"鄭博信","出版社":"宏      ","ISBN":null,"圖片網址":"https:\/\/cdn.kingstone.com.tw\/book\/images\/product\/20147\/2014710155613\/2014710155613b.jpg","書籍簡介":"0"}
{"書名":"以電腦解數學圖形篇","書籍網站":"https:\/\/www.kingstone.com.tw\/\/basic\/2014710178483?zone=book&lid=book_class3_ebz&actid=book_class3_ebz","作者":"鄭博信","出版社":"宏      ","ISBN":null,"圖片網址":"https:\/\/cdn.kingstone.com.tw\/book\/images\/product\/20147\/2014710178483\/2014710178483b.jpg","書籍簡介":"0"}
{"書名":"以電腦解數學國中國小","書籍網站":"https:\/\/www.kingstone.com.tw\/\/basic\/2014710178513?zone=book&lid=book_class3_ebz&actid=book_class3_ebz","作者":"鄭博信","出版社":"宏      ","ISBN":null,"圖片網址":"https:\/\/cdn.kingstone.com.tw\/book\/images\/product\/20147\/2014710178513\/2014710178513b.jpg","書籍簡介":"0"}
{"書名":"電腦在數學上之應用","書籍網站":"https:\/\/www.kingstone.com.tw\/\/basic\/2014710216178?zone=book&lid=book_class3_ebz&actid=book_class3_ebz","作者":"李彥祥","出版社":"宏      ","ISBN":null,"圖片網址":"https:\/\/cdn.kingstone.com.tw\/book\/images\/product\/20147\/2014710216178\/2014710216178b.jpg","書籍簡介":"0"}
{"書名":"國中數學程式集","書籍網站":"https:\/\/www.kingstone.com.tw\/\/basic\/2014710079674?zone=book&lid=book_class3_ebz&actid=book_class3_ebz","作者":"林世良","出版社":"文笙書局  ","ISBN":null,"圖片網址":"https:\/\/cdn.kingstone.com.tw\/book\/images\/product\/20147\/2014710079674\/2014710079674b.jpg","書籍簡介":"0"}
{"書名":"林啟亨通書便覽","書籍網站":"https:\/\/www.kingstone.com.tw\/\/basic\/2013270001392?zone=book&lid=book_class3_ebz&actid=book_class3_ebz","作者":"俊松      ","出版社":"停售","ISBN":null,"圖片網址":"https:\/\/cdn.kingstone.com.tw\/book\/images\/product\/20132\/2013270001392\/2013270001392b.jpg","書籍簡介":"0"}
{"書名":"漢聲1985記事曆","書籍網站":"https:\/\/www.kingstone.com.tw\/\/basic\/2013270001552?zone=book&lid=book_class3_ebz&actid=book_class3_ebz","作者":"漢聲雜誌社","出版社":"停售","ISBN":null,"圖片網址":"https:\/\/cdn.kingstone.com.tw\/book\/images\/product\/20132\/2013270001552\/2013270001552b.jpg","書籍簡介":"0"}
{"書名":"明星月曆","書籍網站":"https:\/\/www.kingstone.com.tw\/\/basic\/2013270001972?zone=book&lid=book_class3_ebz&actid=book_class3_ebz","作者":"香港書報  ","出版社":"停售","ISBN":null,"圖片網址":"https:\/\/cdn.kingstone.com.tw\/book\/images\/product\/20132\/2013270001972\/2013270001972b.jpg","書籍簡介":"0"}
{"書名":"招財進寶","書籍網站":"https:\/\/www.kingstone.com.tw\/\/basic\/2013270004478?zone=book&lid=book_class3_ebz&actid=book_class3_ebz","作者":"蒲公英    ","出版社":"停售","ISBN":null,"圖片網址":"https:\/\/cdn.kingstone.com.tw\/book\/images\/product\/20132\/2013270004478\/2013270004478b.jpg","書籍簡介":"0"}
{"書名":"中學生微電腦教室","書籍網站":"https:\/\/www.kingstone.com.tw\/\/basic\/2013120011335?zone=book&lid=book_class3_ebz&actid=book_class3_ebz","作者":"牛頓      ","出版社":"停售","ISBN":null,"圖片網址":"https:\/\/cdn.kingstone.com.tw\/book\/images\/product\/20131\/2013120011335\/2013120011335b.jpg","書籍簡介":"0"}
{"書名":"最新數學名詞彙編","書籍網站":"https:\/\/www.kingstone.com.tw\/\/basic\/2023100000563?zone=book&lid=book_class3_ebz&actid=book_class3_ebz","作者":"正文書局  ","出版社":"停售","ISBN":null,"圖片網址":"https:\/\/cdn.kingstone.com.tw\/book\/images\/product\/20231\/2023100000563\/2023100000563b.jpg","書籍簡介":"0"}
{"書名":"數學應用課程","書籍網站":"https:\/\/www.kingstone.com.tw\/\/basic\/2025210448143?zone=book&lid=book_class3_ebz&actid=book_class3_ebz","作者":"好兒童書城","出版社":"停售","ISBN":null,"圖片網址":"https:\/\/cdn.kingstone.com.tw\/book\/images\/product\/20252\/2025210448143\/2025210448143b.jpg","書籍簡介":"0"}
{"書名":"高級中學基礎數學","書籍網站":"https:\/\/www.kingstone.com.tw\/\/basic\/2015211088592?zone=book&lid=book_class3_ebz&actid=book_class3_ebz","作者":"余文卿","出版社":"牛頓      ","ISBN":null,"圖片網址":"https:\/\/cdn.kingstone.com.tw\/book\/images\/product\/20152\/2015211088592\/2015211088592b.jpg","書籍簡介":"0"}
{"書名":"高級中學基礎數學","書籍網站":"https:\/\/www.kingstone.com.tw\/\/basic\/2015211089384?zone=book&lid=book_class3_ebz&actid=book_class3_ebz","作者":"余文卿","出版社":"牛頓      ","ISBN":null,"圖片網址":"https:\/\/cdn.kingstone.com.tw\/book\/images\/product\/20152\/2015211089384\/2015211089384b.jpg","書籍簡介":"0"}
{"書名":"數學教材","書籍網站":"https:\/\/www.kingstone.com.tw\/\/basic\/2015211075639?zone=book&lid=book_class3_ebz&actid=book_class3_ebz","作者":"必成      ","出版社":"停售","ISBN":null,"圖片網址":"https:\/\/cdn.kingstone.com.tw\/book\/images\/product\/20152\/2015211075639\/2015211075639b.jpg","書籍簡介":"0"}
{"書名":"整合線性代數離散數學","書籍網站":"https:\/\/www.kingstone.com.tw\/\/basic\/2015211083702?zone=book&lid=book_class3_ebz&actid=book_class3_ebz","作者":"張子浩編著","出版社":"文笙書局  ","ISBN":null,"圖片網址":"https:\/\/cdn.kingstone.com.tw\/book\/images\/product\/20152\/2015211083702\/2015211083702b.jpg","書籍簡介":"0"}
{"書名":"機率論","書籍網站":"https:\/\/www.kingstone.com.tw\/\/basic\/2015211087090?zone=book&lid=book_class3_ebz&actid=book_class3_ebz","作者":"黃嘉編著","出版社":"大碩      ","ISBN":null,"圖片網址":"https:\/\/cdn.kingstone.com.tw\/book\/images\/product\/20152\/2015211087090\/2015211087090b.jpg","書籍簡介":"0"}
{"書名":"高級中學基礎數學","書籍網站":"https:\/\/www.kingstone.com.tw\/\/basic\/2015211069140?zone=book&lid=book_class3_ebz&actid=book_class3_ebz","作者":"余文卿","出版社":"牛頓      ","ISBN":null,"圖片網址":"https:\/\/cdn.kingstone.com.tw\/book\/images\/product\/20152\/2015211069140\/2015211069140b.jpg","書籍簡介":"0"}
{"書名":"高級中學基礎數學","書籍網站":"https:\/\/www.kingstone.com.tw\/\/basic\/2015240017587?zone=book&lid=book_class3_ebz&actid=book_class3_ebz","作者":"余文卿","出版社":"牛頓      ","ISBN":null,"圖片網址":"https:\/\/cdn.kingstone.com.tw\/book\/images\/product\/20152\/2015240017587\/2015240017587b.jpg","書籍簡介":"0"}
{"書名":"吉方財神曆書","書籍網站":"https:\/\/www.kingstone.com.tw\/\/basic\/2013270010097?zone=book&lid=book_class3_ebz&actid=book_class3_ebz","作者":"吳宣德","出版社":"美工圖書社","ISBN":null,"圖片網址":"https:\/\/cdn.kingstone.com.tw\/book\/images\/product\/20132\/2013270010097\/2013270010097b.jpg","書籍簡介":"0"}
{"書名":"小朋友月曆","書籍網站":"https:\/\/www.kingstone.com.tw\/\/basic\/2013270008926?zone=book&lid=book_class3_ebz&actid=book_class3_ebz","作者":"美璟      ","出版社":"停售","ISBN":null,"圖片網址":"https:\/\/cdn.kingstone.com.tw\/book\/images\/product\/20132\/2013270008926\/2013270008926b.jpg","書籍簡介":"0"}
{"書名":"丼之心情","書籍網站":"https:\/\/www.kingstone.com.tw\/\/basic\/2013270009008?zone=book&lid=book_class3_ebz&actid=book_class3_ebz","作者":"雅客撰文","出版社":"韜略出版有","ISBN":null,"圖片網址":"https:\/\/cdn.kingstone.com.tw\/book\/images\/product\/20132\/2013270009008\/2013270009008b.jpg","書籍簡介":"0"}
{"書名":"高工數學","書籍網站":"https:\/\/www.kingstone.com.tw\/\/basic\/2013130012865?zone=book&lid=book_class3_ebz&actid=book_class3_ebz","作者":"陳銘德","出版社":"全華      ","ISBN":null,"圖片網址":"https:\/\/cdn.kingstone.com.tw\/book\/images\/product\/20131\/2013130012865\/2013130012865b.jpg","書籍簡介":"0"}
{"書名":"小歡樂月曆","書籍網站":"https:\/\/www.kingstone.com.tw\/\/basic\/2013270008186?zone=book&lid=book_class3_ebz&actid=book_class3_ebz","作者":"歡樂出版有","出版社":"停售","ISBN":null,"圖片網址":"https:\/\/cdn.kingstone.com.tw\/book\/images\/product\/20132\/2013270008186\/2013270008186b.jpg","書籍簡介":"0"}
{"書名":"黃明智李旺枝劉訓昇同","書籍網站":"https:\/\/www.kingstone.com.tw\/\/basic\/2013270005840?zone=book&lid=book_class3_ebz&actid=book_class3_ebz","作者":"劉勝昌","出版社":"武陵出版社","ISBN":null,"圖片網址":"https:\/\/cdn.kingstone.com.tw\/book\/images\/product\/20132\/2013270005840\/2013270005840b.jpg","書籍簡介":"0"}
{"書名":"幼獅數學大辭曲","書籍網站":"https:\/\/www.kingstone.com.tw\/\/basic\/2020560018725?zone=book&lid=book_class3_ebz&actid=book_class3_ebz","作者":"幼獅文化  ","出版社":"停售","ISBN":null,"圖片網址":"https:\/\/cdn.kingstone.com.tw\/book\/images\/product\/20205\/2020560018725\/2020560018725b.jpg","書籍簡介":"0"}
{"書名":"幼獅數學大辭曲","書籍網站":"https:\/\/www.kingstone.com.tw\/\/basic\/2023109018378?zone=book&lid=book_class3_ebz&actid=book_class3_ebz","作者":"幼獅文化  ","出版社":"停售","ISBN":null,"圖片網址":"https:\/\/cdn.kingstone.com.tw\/book\/images\/product\/20231\/2023109018378\/2023109018378b.jpg","書籍簡介":"0"}
{"書名":"數學動動腦","書籍網站":"https:\/\/www.kingstone.com.tw\/\/basic\/2015210950456?zone=book&lid=book_class3_ebz&actid=book_class3_ebz","作者":"陳龍安","出版社":"心理      ","ISBN":null,"圖片網址":"https:\/\/cdn.kingstone.com.tw\/book\/images\/product\/20152\/2015210950456\/2015210950456b.jpg","書籍簡介":"0"}
{"書名":"李義弘作品集","書籍網站":"https:\/\/www.kingstone.com.tw\/\/basic\/2013270006342?zone=book&lid=book_class3_ebz&actid=book_class3_ebz","作者":"李義弘","出版社":"敦煌藝術  ","ISBN":null,"圖片網址":"https:\/\/cdn.kingstone.com.tw\/book\/images\/product\/20132\/2013270006342\/2013270006342b.jpg","書籍簡介":"0"}
