{"書名":"量子力學與混沌理論的人生十二堂課","書籍網站":"https:\/\/www.kingstone.com.tw\/\/basic\/2013000142739?zone=book&lid=book_class3_ecb&actid=book_class3_ecb","作者":"林文欣","出版社":"八方      ","ISBN":9789863812173.0,"圖片網址":"https:\/\/cdn.kingstone.com.tw\/book\/images\/product\/20130\/2013000142739\/2013000142739b.jpg","書籍簡介":"\r\n\r\n\r\n我是誰、我從哪裡來、要到哪裡去？\r\n\t生命意義與宇宙真相的三大終極問題，\r\n\t盡在量子力學及混沌理論之中。\r\n\r\n\r\n\t本書以淺顯易懂、娓娓道來的方式從全像原理、暗物質與暗能量、費曼的路徑積分、耗散結構理論、玻爾茲曼大腦、人擇理論等等一一對宇宙的面貌與人生的意義進行解析與證實，從科學到宗教，從老子到柏拉圖，真理其實皆指向唯一。\r\n\r\n\t★電子雙縫實驗證實宇宙是自己的意識所創造；\r\n\t★熱力學顯示了人生的無常為宇宙精心設計；\r\n\t★歌德爾的不完備性說明生命要不斷自我超越；\r\n\t★貝葉斯法則則是改變命運的一支生命程式。\r\n\r\n\t隨著科技的快速發展，宇宙真相似乎也逐漸明朗。結合「弦理論」與「黑洞熱力學」的「全像原理」說明世界是心的投影，宇宙不是物質，而是心智與心靈！你會發現世界是如此精密奧妙，而生命就是一場深耕及釋放天賦、不斷創新的旅程。\r\n\t    \r\n\t以自我為出發點，一步步破解宇宙真理的同時，更重要的是學會面對人生中的挑戰和對未知的坦然。你會感嘆人類的誕生簡直是上天的恩寵、宇宙進化的推動者，所有的一切都是最好的安排，所有的一切都是為你的成長而運轉。\r\n\r\n\t印度聖人尼薩加達塔：「你會確鑿無疑的認識到，世界在你之中，而不是你在世界之中。」\r\n\r\n"}
{"書名":"世界第一簡單材料力學","書籍網站":"https:\/\/www.kingstone.com.tw\/\/basic\/2014400132573?zone=book&lid=book_class3_ecb&actid=book_class3_ecb","作者":"末益博志","出版社":"世茂      ","ISBN":9789865779566.0,"圖片網址":"https:\/\/cdn.kingstone.com.tw\/book\/images\/product\/20144\/2014400132573\/2014400132573b.jpg","書籍簡介":"\r\n\r\n\r\n理工科救星！\r\n\r\n漫畫掌握材料力學\r\n\r\n邁向頂尖科技大學；橫掃所有理工科系\r\n\r\n擺平理論與實務問題，\r\n\r\n平衡物理與化學性質。\r\n\r\n\t \r\n\r\n\t易懂漫畫打好基礎，\r\n\r\n\t貫通力學理論與實際材料！\r\n\r\n\t \r\n\r\n\t機械設計與製造、微機電系統、機械工程、土木工程、建築設計、一般製造業……\r\n\r\n\t理工科學生的夢想，從材料力學出發！\r\n\r\n\t設計圖不只是空想，\r\n\r\n\t材料力學就是所有具體建物的藍圖！\r\n\r\n\t \r\n\r\n\t材料力學是機械工程學的重要領域，製作安全結構體的基礎學問。\r\n\r\n\t不懂材料力學，理工科畢不了業！\r\n\r\n\t \r\n\r\n\t製作物品該如何選擇材料，設計結構？\r\n\r\n\t不同的製作方式，會造就不同的物品性能？\r\n\r\n\t技術性的製造工程，其實處處是理論！\r\n\r\n\t \r\n\r\n\t參透材料性質，追求完美「力平衡」，讓物品「耐操，好擋，拼第一」！\r\n\r\n\t本書從簡單的書架製作出發，\r\n\r\n\t告訴你材料力學的一切！\r\n\r\n\t \r\n\r\n\t力是具有大小、方向的物理量？\r\n\r\n\t物體處於靜止狀態，也有力在作用？\r\n\r\n\t「力」有哪幾種？壓縮力、拉力、張力、剪力與扭力有何差別？\r\n\r\n\t如何分析物體所承受的作用力，以及「力流」？\r\n\r\n\t什麼是安全係數，安全係數越大越好嗎？\r\n\r\n\t1kg物體所承受的重力記為1kgf？\r\n\r\n\t1N（牛頓）是讓質量1kg的物體產生1m\/s2加速度的力？\r\n\r\n\t翹翹板是力矩的作用？\r\n\r\n\t用相同力道按壓枕頭，不同方向的力會造成不同的變形？\r\n\r\n\t物體的變形種類其實有很多？作用的力與計算方式皆不同？\r\n\r\n\t如何考慮各種作用力，計算長椅板材所需的厚度？\r\n\r\n\t \r\n\r\n本書以漫畫方式，讓讀者從力的基礎知識出發，探討物體的變形、應力、材料強度和力學性質以及材料力學的應用，不只解說理論，更教導各種力的計算方式，讓讀者打好基礎、精確計算，朝製造業、設計業、建築業甚至是學界，一步步邁進。理工科學生必修的材料力學盡在本書！\r\n\r\n"}
{"書名":"邊界元素法精確上手","書籍網站":"https:\/\/www.kingstone.com.tw\/\/basic\/2013320023084?zone=book&lid=book_class3_ecb&actid=book_class3_ecb","作者":"李兆芳","出版社":"天空數位  ","ISBN":9789579119818.0,"圖片網址":"https:\/\/cdn.kingstone.com.tw\/book\/images\/product\/20133\/2013320023084\/2013320023084b.jpg","書籍簡介":"\r\n\r\n\r\n\t這是一本精確介紹邊界元素法計算概念和方法的書，目的在穰讀者能夠真正的學習到這個方法，也同時能夠真正的用來計算問題。本書內容為藉由一維問題說明邊界方法的基本概念，也藉由一維問題說明邊界方法的計算原理，一維問題可以說已經包含全部邊界方法的意涵。二維問題比較接近實際的物理問題，也包括全部邊界元素法所有的計算細節，二維應用問題包括有基本的測試問題、基本的流體力學問題、地下水滲流問題、還有作者個人專業領域的波浪問題。三維邊界元素法應該是本書最大的特色，包含所有需要用到的計算細節，照著使用應該就可以計算三維的問題。最後，Helmholtz方程式的應用計算，則是常用的三維問題簡化，可利用來計算港池振盪問題，也是波浪問題中很重要的應用。\r\n\r\n"}
{"書名":"拓樸學超入門 ：從克萊茵瓶到宇宙的形狀","書籍網站":"https:\/\/www.kingstone.com.tw\/\/basic\/2013150001672?zone=book&lid=book_class3_ecb&actid=book_class3_ecb","作者":"名倉真紀","出版社":"世茂      ","ISBN":9789865408077.0,"圖片網址":"https:\/\/cdn.kingstone.com.tw\/book\/images\/product\/20131\/2013150001672\/2013150001672b.jpg","書籍簡介":"\r\n\r\n\r\n解釋超導體、量子力學\r\n\r\n2016年諾貝爾物理學獎，就是以拓樸概念解開物質的奧秘！\r\n\r\n\t \r\n\r\n\t馬克杯和甜甜圈竟然是相同的形狀？\r\n\r\n\t如何一筆畫完成柯尼斯堡七橋？\r\n\r\n\t映射、流形與扭結\r\n\r\n\t從曲面幾何猜想宇宙形狀\r\n\r\n\t解開百年大謎——龐加萊猜想！\r\n\r\n\t這些都可以用拓樸學一一解密！\r\n\r\n\t \r\n\r\n\t2016年的諾貝爾物理獎由3位英國學者共同獲得，其中1∕2的獎金頒給目前任教於美國華盛頓大學的David J. Thouless，其餘1∕2則由美國普林斯頓大學的F. Duncan M. Haldane及美國布朗大學的J. Michael Kosterlitz分享。\r\n\r\n\t這3位學者獲獎的主要貢獻是「物質的拓樸相變及拓樸相態的理論發現」，物質在極低溫的環境中常會產生一些奇異的現象，這物質會轉變成完全不同的狀態（或稱相態），即人們熟知的超導體。\r\n\r\n\t這個發現不僅開啟了人們對不同於傳統四態（即固態、液態、氣態、電漿態）及傳統相變的全新領域的探索，也對當前材料、電子科學及量子電腦的發展有重要的影響。\r\n\r\n\t \r\n\r\n\t拓樸學（topology），是在數學上一門鑽研不會受到形狀或大小的連續變化而改變的幾何性質。\r\n\r\n\t例如就幾何形狀來看，碗、馬克杯、甜甜圈這3樣東西，哪兩個看起來比較相似呢？\r\n\r\n\t拓樸學從數學拓樸的概念來看，馬克杯跟甜甜圈其實才是相同的。\r\n\r\n\t \r\n\r\n\t在拓樸學中有一種克萊因瓶，這是一個非常特殊的瓶子，我們生活的空間幾何維數是三維，而克萊因瓶只能在四維及更高維空間存在，理論上無法在我們三維空間中製造出來，就好像在一個二維平面上不能制造出一個球來一樣。\r\n\r\n\t這是一種沒有開口也沒有出口的瓶子，沒有裡面也沒有外面，外面就是裡面，裡面就是外面，這是一種只存在四維空間的克萊因瓶之祕！\r\n\r\n"}
{"書名":"流體力學究竟在說什麼？：簡單讀懂流體力學的奧妙","書籍網站":"https:\/\/www.kingstone.com.tw\/\/basic\/2013320022742?zone=book&lid=book_class3_ecb&actid=book_class3_ecb","作者":"王曉剛","出版社":"樂果文化  ","ISBN":9789579036214.0,"圖片網址":"https:\/\/cdn.kingstone.com.tw\/book\/images\/product\/20133\/2013320022742\/2013320022742b.jpg","書籍簡介":"\r\n\r\n\r\n這是一本以學生之觀點撰寫的教科書\r\n\t是工程與技職科系學生克服學習流體力學恐懼症的工具\r\n\r\n\t這是一本比科普更深入更人性化的案頭書\r\n\t期許一般大眾領略大自然力量與奧妙並讚嘆歷史長河中人類的智慧\r\n\r\n\r\n\t流體力學對於理工科系學生而言，似乎都是艱深的一門課，被「當」者大有人在，普通人更只能望其項背，而失去認識大自然的機會，殊為可惜，因為人類無論了解大自然與否，時時刻刻都生活在流體的世界中，不了解它就受其肆虐，了解它 就為我們應用造福人類，也許就是達到中國人所謂之天人合一境界吧！\r\n\r\n\t流體力學並不難學，「順藤摸瓜、循序漸進」，從日常生活及大自然中觀察、比較，建立正確之基本觀念，加上一些邏輯分析與判斷來學習，就可領略流體的奧妙，令人生畏的數學只是描述其美麗的工具而已。\r\n\r\n\t本書跳出一般中英文教科書定理、公式、證明等見樹不見林之枯燥窠臼，尤其多年來與學生之教學相長中體會到學生學習的困難與盲點，以更簡單、更人性的方法解釋看似抽象的流體世界。\r\n\r\n"}
{"書名":"觀念物理2轉動力學.萬有引力","書籍網站":"https:\/\/www.kingstone.com.tw\/\/basic\/2015240230399?zone=book&lid=book_class3_ecb&actid=book_class3_ecb","作者":"休伊特","出版社":"天下文化  ","ISBN":9789864795079.0,"圖片網址":"https:\/\/cdn.kingstone.com.tw\/book\/images\/product\/20152\/2015240230399\/2015240230399b.jpg","書籍簡介":"\r\n\r\n\r\n最受學生歡迎的物理讀本，\r\n要打通物理任督二脈，就從《觀念物理》開始！\r\n\r\n\r\n\t本書延續《觀念物理》第1冊牛頓的力學講義，\r\n\t接著探討我們每天都會碰見的圓周運動與轉動力學，\r\n\t以及如何由重心的定義來了解事物的平衡。\r\n\t遊樂場裡旋轉的「飛天轉盤」舉到幾乎垂直時，\r\n\t坐在裡面的遊客為什麼不會掉下來？\r\n\t比薩斜塔傾斜了這麼多年，怎麼還矗立在那兒？\r\n\t對玩蹺蹺板的小朋友來說，力矩觀念似乎理所當然；\r\n\t但牛頓從一顆下落的蘋果所領悟到的道理，\r\n\t卻是有史以來，人類心靈所及最遠的地方。\r\n\r\n\t接下來，休伊特老師從重力的觀點，\r\n\t為你細說你和同學之間的交互作用，\r\n\t與地球、太陽系在整個宇宙中受到的引力\r\n\t原來有著基本、共通的關連。\r\n\t而這些有趣、新奇的物理觀念，\r\n\t正是我們人類追尋太空殖民夢想的墊腳石！\r\n\t你以為相對論得等到高三才能接觸嗎？\r\n\t本書讓你提早認識近代物理大師愛因斯坦的偉大理論。\r\n\t我們從空間與時間的觀點切入，\r\n\t幫助你了解「狹義相對論」的基本理念，\r\n\t以及為什麼光速會是所有物體的速率上限？\r\n\t光速旅行又有什麼利弊？\r\n\t這是一個讓你貼近愛因斯坦智慧的絕佳途徑。\r\n\r\n"}
{"書名":"觀念物理3物質三態.熱學","書籍網站":"https:\/\/www.kingstone.com.tw\/\/basic\/2015240230429?zone=book&lid=book_class3_ecb&actid=book_class3_ecb","作者":"休伊特","出版社":"天下文化  ","ISBN":9789864795086.0,"圖片網址":"https:\/\/cdn.kingstone.com.tw\/book\/images\/product\/20152\/2015240230429\/2015240230429b.jpg","書籍簡介":"\r\n\r\n\r\n我們的日常生活，無一不和物理扯上關係。\r\n觀念，往往就在一念之間。\r\n\r\n\r\n\t大家都知道，物質是由原子所構成，\r\n\t但你知道所有的原子皆可以回收再利用？\r\n\t今天你呼吸吐出的原子，他日可能會變成別人體內的一份子？\r\n\r\n\t別小看包圍身邊的大氣，沒有它，\r\n\t我們就不能用吸管喝飲料，鳥兒、飛機也都飛不上天了！\r\n\t了解密度的觀念和阿基米德原理，\r\n\t不是為了用來做計算題，\r\n\t而是可以實際幫助你辨別虛金假銀。\r\n\r\n\t冷、熱到底是什麼？你能信賴自己的感覺嗎？\r\n\t如果熱不是一種物質，那它是什麼？又要如何傳遞？\r\n\t熱脹冷縮其實並非不變的鐵律，誰是例外？\r\n\r\n\t物質三態的轉變，看似平常不過，\r\n\t背後的過程卻非常奧妙複雜。\r\n\t世間所有系統都會變得愈來愈混亂無序，那麼人類還有明天嗎？\r\n\t熱力學原理將為你一一道來。\r\n\r\n"}
{"書名":"趣味力學：別萊利曼趣味科學系列","書籍網站":"https:\/\/www.kingstone.com.tw\/\/basic\/2013320022032?zone=book&lid=book_class3_ecb&actid=book_class3_ecb","作者":"雅科夫．伊西達","出版社":"五南      ","ISBN":9789571193847.0,"圖片網址":"https:\/\/cdn.kingstone.com.tw\/book\/images\/product\/20133\/2013320022032\/2013320022032b.jpg","書籍簡介":"\r\n\r\n\r\n\t●全世界青少年最喜愛的趣味科普讀物\r\n\t●暢銷20多國，全世界銷量超過2000萬冊\r\n\t●世界經典科普名著，科普大師別萊利曼代表作\r\n\r\n\t小河裡的水居然會沿著山坡向上流？\r\n\t乘坐旋轉木馬體重就會增加？\r\n\t為什麼胸口碎大石的表演者能毫髮無傷？\r\n\t一股髮辮竟可以承受住二十公噸的重量？\r\n\r\n\t《趣味力學》是俄羅斯著名科普作家別萊利曼百餘作品之一，書中以幽默有趣的奇妙故事及經典難題，將力學知識和生活中的實際問題互相結合，使力學不再抽象遙遠，幫助讀者鞏固既有知識，培養對於力學的興趣，並啟發讀者深入探索學習。\r\n\r\n"}
{"書名":"防火防爆","書籍網站":"https:\/\/www.kingstone.com.tw\/\/basic\/2013300046928?zone=book&lid=book_class3_ecb&actid=book_class3_ecb","作者":"盧守謙","出版社":"五南      ","ISBN":9789571190402.0,"圖片網址":"https:\/\/cdn.kingstone.com.tw\/book\/images\/product\/20133\/2013300046928\/2013300046928b.jpg","書籍簡介":"\r\n\r\n\r\n\t隨著科技進步及研發，生產設備和技術不斷更新，於製造儲存處理所使用之化學物質更趨於複雜化。在工業火災爆炸事故中破壞力極高，後果嚴重性常是產業所難承受。防火防爆問題正是一項引人注意之特別課題。\r\n\r\n\t從歷史上看，以爆炸為術語之物理性爆炸是由氣體（蒸氣）純物理變化釋壓現象；而化學性爆炸則是非定常混合燃燒現象。與火災不同的是，可燃物質必須先分解出可燃氣體（蒸氣），後與氧氣混合再燃燒；而化學性爆炸往往是可燃氣體(蒸氣)已與氧氣預先混合，產生帶有壓力波燃燒現象。\r\n\r\n\t本書大量取材自歐美日資料，盡量圖文解說，也置入計算量化範例，內容涵蓋了防火防爆應有實用基礎知識與專業技能，並於各章末備有模擬選擇題及申論題，使讀者更能汲取這本書內在的精髓。\r\n\r\n"}
{"書名":"熱力學與熱機學（下）","書籍網站":"https:\/\/www.kingstone.com.tw\/\/basic\/2013320021660?zone=book&lid=book_class3_ecb&actid=book_class3_ecb","作者":"李祥","出版社":"大碩教育  ","ISBN":9789863452560.0,"圖片網址":"https:\/\/cdn.kingstone.com.tw\/book\/images\/product\/20133\/2013320021660\/2013320021660b.jpg","書籍簡介":"\r\n\r\n「熱力學與熱機學」這個讓人聽了總是要皺眉頭的科目，有這麼難嗎？是同學誤解？還是師資有問題？「選錯了老師就像潑出去的水一樣，永遠無法回頭」。熱力學、熱工學、熱機學在各種考試當中佔有極重要的比例，只要多加把握拿取高分則勝利在望。就讀機械、材料、造船、航空等相關科系的同學，在研讀熱力學、熱工學、熱機學的課程時，最大的困難在於無從著手、觀念模糊或前後觀念無法連貫。而且最糟糕的是，所有相關的參考書籍都有一個共同的缺點，那就是冗言太多、廢話連篇。有鑑於此，本書對於觀念的闡述採用重點條文式，讓各位同學在最短時間之內迅速進入狀況，迅速掌握觀念。本書收集了相關的題目，包括研究所、高考、技師等等相關考題，提供各位同學作為自我練習、自我測驗之用。\r\n                    \r\n"}
{"書名":"流體力學新傳（下）","書籍網站":"https:\/\/www.kingstone.com.tw\/\/basic\/2013350010535?zone=book&lid=book_class3_ecb&actid=book_class3_ecb","作者":"林禾、林韋","出版社":"大碩教育  ","ISBN":9789863452393.0,"圖片網址":"https:\/\/cdn.kingstone.com.tw\/book\/images\/product\/20133\/2013350010535\/2013350010535b.jpg","書籍簡介":"\r\n\r\n本書特色*內容新穎、鑑往知來各單元中的例題皆為該單元的代表性精選試題，確切掌握出題趨勢及準備方向，可達事半功倍之效。*解題靈丹，重點整理各單元的例題答案均有詳細精準的解答，協助讀者迅速破題。*過程步驟，流暢清晰內容編排流暢，解題步驟完整，針對難題提供題意說明，幫助讀者快速瞭解題意。*圖表說明，重點提要各單元或重要例題中含有老師在講，一定要聽的補充說明，方便讀者將該題相關觀念及流體力學的前後單元融會貫通。\r\n                    \r\n"}
{"書名":"3小時讀通牛頓力學","書籍網站":"https:\/\/www.kingstone.com.tw\/\/basic\/2013320021530?zone=book&lid=book_class3_ecb&actid=book_class3_ecb","作者":"小龍男","出版社":"世茂      ","ISBN":9789869283779.0,"圖片網址":"https:\/\/cdn.kingstone.com.tw\/book\/images\/product\/20133\/2013320021530\/2013320021530b.jpg","書籍簡介":"\r\n\r\n\r\n\t向量\r\n\r\n\t三角函數\r\n\r\n\t慣性定律\r\n\r\n\t運動方程式\r\n\r\n\t作用力與反作用力\r\n\r\n\t動量與衝量\r\n\r\n\t力矩……\r\n\r\n\t學習牛頓力學，會畫圖就會解題！\r\n\r\n\t \r\n\r\n\t從溜滑梯探討斜面運動，\r\n\r\n\t從腳踏車探討圓周運動，\r\n\r\n\t打棒球認識動量，\r\n\r\n\t拖行李了解摩擦力，\r\n\r\n\t電梯上升下降使體重忽重忽輕……\r\n\r\n\t日常生活中的牛頓力學無所不在，\r\n\r\n\t槓桿、彈簧、滑輪、碰撞，教你畫力學圖快速解題。\r\n\r\n"}
{"書名":"流體力學新傳（上）","書籍網站":"https:\/\/www.kingstone.com.tw\/\/basic\/2013000114392?zone=book&lid=book_class3_ecb&actid=book_class3_ecb","作者":"林禾、林韋","出版社":"大碩教育  ","ISBN":9789863452263.0,"圖片網址":"https:\/\/cdn.kingstone.com.tw\/book\/images\/product\/20130\/2013000114392\/2013000114392b.jpg","書籍簡介":"\r\n\r\n流體力學(Fluid Mechanics)是力學領域中最具柔性而美妙的科學，在生活中處處皆可應用與接觸，舉凡血液的流動、空氣的流動、河流的流動…等都是。這樣看來，可以說與流體力學相關的科學領域相當廣泛，如機械類群的熱傳學、環工類群的明渠水力學、水利族群的水文學…等，故若能融會貫通流體力學這一學科，相信在各領域學習上皆可有事半功倍之效。筆者認為要學好或考好流體力學有兩個重點，分別是：一. 通其觀念、脈其思路要學好流體力學，絕非單純背誦公式或多算題目即可！因此筆者在各單元中的內容、例題，都會以較親切、易懂的口吻來表達，使讀者能在短時間內輕鬆學會，並且熟悉題型，而不再懼怕流體力學。二. 準備上不分系所本書內容網羅了國內各大研究所（含機械、應力、航太、工科、環工、水利、土木、造船、大氣、醫工、海洋、海工、環安所…等）之歷屆試題，因此本書中的題型相當廣泛，使讀者擁有這一本書籍，即可快速抓住各系所之重點。本書特色◎內容新穎、鑑往知來各單元中的例題皆為該單元的代表性精選試題，確切掌握出題趨勢及準備方向，可達事半功倍之效。◎解題靈丹，重點整理各單元的例題答案均有詳細精準的解答，協助讀者迅速破題。◎過程步驟，流暢清晰內容編排流暢，解題步驟完整，針對難題提供題意說明，幫助讀者快速瞭解題意。◎圖表說明，重點提要各單元或重要例題中含有「老師在講，你一定要聽」的補充說明，方便讀者將該題相關觀念及流體力學的前後單元融會貫通。\r\n                    \r\n"}
{"書名":"基礎量子力學","書籍網站":"https:\/\/www.kingstone.com.tw\/\/basic\/2013310016515?zone=book&lid=book_class3_ecb&actid=book_class3_ecb","作者":"林雲海","出版社":"五南      ","ISBN":9789571174952.0,"圖片網址":"https:\/\/cdn.kingstone.com.tw\/book\/images\/product\/20133\/2013310016515\/2013310016515b.jpg","書籍簡介":"\r\n\r\n\r\n\t二十一世紀以來高科技產業的產品已進入奈米級，元件愈做愈小，性質的效應就自動呈現出量子效應。以往經典物理的智慧已無法解決許多難題，因此必須要有另一 物理的新觀念──量子物理的境界。量子物理的概念已深深的潛現於現代高科技工程師的腦海裡，很自然的能解決當代奈米級元件的創作技術，使得許多難題迅速獲 得通暢。\r\n\t \r\n\r\n\t本書以基礎的量子力學將物理量子化的發展足跡展示人類對於物理真理的認識過程，從抽象的理論到細緻的科學實驗驗證宇宙物質的二象元（波動與粒子）的存在。\r\n\r\n"}
{"書名":"圖解超簡單結構力學","書籍網站":"https:\/\/www.kingstone.com.tw\/\/basic\/2014400119413?zone=book&lid=book_class3_ecb&actid=book_class3_ecb","作者":"高木任之","出版社":"世茂      ","ISBN":9789866097799.0,"圖片網址":"https:\/\/cdn.kingstone.com.tw\/book\/images\/product\/20144\/2014400119413\/2014400119413b.jpg","書籍簡介":"\r\n\r\n結構力學是力學的一種，主要研究建築物的結構，是土木工程和機械學科的必修科目，在建築、工業等領域中多所應用。結構力學內容包括建築結構的組成、規則，必須考量在各種載重、材質等因素下的作用力變化，涵蓋軸力、剪力、彎矩、與扭力四種力學及其組合。本書從基礎的力學開始介紹，以簡潔而詳盡的解說方式，循序連接每一個階段，使學生不需在消化不良的狀態追趕進度，而可以依照自己的步調來學習。本書務將結構力學與實際應用結合，使得結構力學不只是一門學問，更是一門實用科學。本書特色從基礎的力學開始介紹「結構力學」，依序從簡單到複雜應用，即使是新手都可以依照自己的步調來學習。本書由國立台灣大學工程科學及海洋工程系林輝政教授審訂，分成6大部分、105小節、10個加強練習題組，清晰的插圖、表格，鉅細靡遺的解說，即使是再複雜的例題，都不需要害怕。照著做，就對了！．力學裡用的單位有哪些．力的基本性質．什麼是外力、內力、反力．構件所產生的應力．桁架的原理與解法．如何設計構件的尺寸\/截面．如何設計壁量\r\n                    \r\n"}
{"書名":"跨領域物理視算：力學與電磁系統之視覺化、模擬與平行運算","書籍網站":"https:\/\/www.kingstone.com.tw\/\/basic\/2013310015563?zone=book&lid=book_class3_ecb&actid=book_class3_ecb","作者":"黃信健","出版社":"秀威資訊  ","ISBN":9789862219171.0,"圖片網址":"https:\/\/cdn.kingstone.com.tw\/book\/images\/product\/20133\/2013310015563\/2013310015563b.jpg","書籍簡介":"\r\n\r\n-教育部專案計畫補助跨領域教材-唯一使用Visual Fortran之計算物理教材-全書十章共25個f90程式及25個應用程式-所有應用程式均可立即於Windows下執行-隨書附贈程式光碟-支援網站spy.pccu.edu.tw\/comphy本書的特點有三一、使用Visual Fortran程式語言在計算物理課程使用Fortran者甚多，但使用Visual Fortran則極少，它可以兼顧使用者對於高效能運算與即時繪圖之需求。二、Visual Fortran之二維、三維繪圖、動畫、影像及音效之處理繪圖、動畫、影像及音效是學生極感興趣的主題，本教材可協助學生自行創作圖形、動畫及音效，提升學習興趣及效果。三、PVM與MPI平行運算系統之詳盡介紹PVM與MPI平行運算系統大部分使用Unix或Linux系統，本教材介紹Windows版本，讓使用者很容易即可利用電腦實驗室汰換的電腦，自行架設及使用平行運算系統。\r\n                    \r\n"}
{"書名":"世界第一簡單物理學：力學篇","書籍網站":"https:\/\/www.kingstone.com.tw\/\/basic\/2013320019469?zone=book&lid=book_class3_ecb&actid=book_class3_ecb","作者":"新田英雄","出版社":"世茂      ","ISBN":9789577769886.0,"圖片網址":"https:\/\/cdn.kingstone.com.tw\/book\/images\/product\/20133\/2013320019469\/2013320019469b.jpg","書籍簡介":"\r\n\r\n【本書特色】漫畫→圖解→解說物理學是一門與自然現象息息相關的學問。力學即為其基礎。一般教科書多以文字敘述力學的動態意象，缺少了圖像連結使初學者總無法體會實際概念與真正有趣之處。本書藉由漫畫將力學的物理運動，以及力隨時間變化所產生的變動以動態方式表現出來，期望讀者能清楚理解力學的基礎概念──「牛頓三大運動定律」、「動量與衡量」、「功與能量」、「力學能守恆定律」。本書藉由漫畫清楚描繪力學的動態意象，另輔以文字說明概念，最後以循序漸進的方式說明力學基礎知識，以及與生活相關的物理學。如此一來，使得原本枯燥乏味的力學現象及相關定律變得更有趣，任何人都能依以下指示，隨著本書的安排輕鬆習得力學知識。如果你是，正要學習物理或是學不好物理的人：首先請僅閱讀漫畫部分。即使碰到無法理解的地方，也無須在意。你將因為漫畫而體驗到物理的有趣之處！物理成績普普，但想進一步學習高中程度的物理力學的人：除了漫畫外，也請接著閱讀進階部分。大學生、理工科系出身的社會人士、喜歡物理的高中生：請依序閱讀漫畫、進階至挑戰部分。此部分是以高中程度的微積分，進一步為漫畫內容作補充。\r\n\r\n"}
{"書名":"啟發性物理學力學：牛頓力學、彈性、流體和熱力學","書籍網站":"https:\/\/www.kingstone.com.tw\/\/basic\/2013320019049?zone=book&lid=book_class3_ecb&actid=book_class3_ecb","作者":"林清涼","出版社":"五南      ","ISBN":9789571138893.0,"圖片網址":"https:\/\/cdn.kingstone.com.tw\/book\/images\/product\/20133\/2013320019049\/2013320019049b.jpg","書籍簡介":"\r\n\r\n本書具有下列四個特色:　(一)參照西洋物理學史，簡單地介紹一些我們的祖先在物理方面曾經做過的貢獻;　(二)彰顯物理學的本質:「和生活相關的實驗科學」，故盡量從日常生活中切入，敘述歷史淵源及當時背景來逼近問題核心 和推導式子;　(三)展示科學家們如何整理歸納實驗結果或物理規象、創造數學 工具和符號的過程，同時以分析方式逐步地詳細解析各章節 的基本題目，誘導讀者自然地體會到科學的嚴謹性，數學和物理的互動性;　(四)因應生物和電子的二十一世紀，將物理學盡量應用到我們最關心的人體，以加深親近感。\r\n\r\n"}
{"書名":"力學：牛頓力學，彈性、流體和熱力學","書籍網站":"https:\/\/www.kingstone.com.tw\/\/basic\/2013320018837?zone=book&lid=book_class3_ecb&actid=book_class3_ecb","作者":"林清涼等著","出版社":"五南      ","ISBN":9789571135052.0,"圖片網址":"https:\/\/cdn.kingstone.com.tw\/book\/images\/product\/20133\/2013320018837\/2013320018837b.jpg","書籍簡介":"0"}
{"書名":"工程熱力學","書籍網站":"https:\/\/www.kingstone.com.tw\/\/basic\/2014400091702?zone=book&lid=book_class3_ecb&actid=book_class3_ecb","作者":"華自強等編","出版社":"五南      ","ISBN":9789571133683.0,"圖片網址":"https:\/\/cdn.kingstone.com.tw\/book\/images\/product\/20144\/2014400091702\/2014400091702b.jpg","書籍簡介":"0"}
{"書名":"沙灘上的薛丁格，生活中的量子力學","書籍網站":"https:\/\/www.kingstone.com.tw\/\/basic\/2013310020000?zone=book&lid=book_class3_ecb&actid=book_class3_ecb","作者":"查爾斯．安托萬","出版社":"臺灣商務  ","ISBN":9789570532807.0,"圖片網址":"https:\/\/cdn.kingstone.com.tw\/book\/images\/product\/20133\/2013310020000\/2013310020000b.jpg","書籍簡介":"\r\n\r\n\r\n法國物理教授講解量子力學\r\n\t法文直譯台灣繁體中文版本\r\n\r\n\t讓文科生也能看懂微觀世界中的物理學\r\n\t16張插圖幫助理解抽象的量子力學\r\n\r\n\r\n\t還以為量子科技離我們很遠嗎？\r\n\t量子力學已發展出影響日常生活的半導體、網路科技和通訊工具：\r\n\tGPS、核能、太陽能、磁浮列車、雷射手術、醫學影像等。\r\n\t微軟、G20、Google、IBM、Intel更競相發展量子電腦，\r\n\t世界正為未來的量子資訊科學做準備。\r\n\r\n\t在量子的世界裡，萬物只是機率和波動、振動和能量的結合；\r\n\t貓可以維持半死半活的狀態、物體可以同時存在兩個位置、\r\n\t輪子能同時順時針與逆時針轉、還能從A點瞬間移動到B點。\r\n\t量子的不確定性與隨機性，在測量的當下便創造了無數個平行宇宙！\r\n\r\n\t量子力學不僅更新理論與科技，\r\n\t還有更多未知的領域與應用等著被啟動。\r\n\r\n\t量子力學如何改變我們的世界觀？量子力學誕生於二十世紀初，透過埃爾溫·薛丁格（Erwin Schrödinger, 1887-1961）的不死貓思想實驗（薛丁格的貓）而開始普及。薛丁格幾乎參與了所有量子力學發展的關鍵階段。他的方程式描述了物理系統的量子型態，如何隨時間而演化。起初，此方程式遭到愛因斯坦「上帝不擲骰子」的批評，最終卻演變量子力學的基石之一。\r\n\r\n\t量子力學探究無限微觀的奇怪世界，它對我們的影響至今仍遭誤解。從字面上重新創造了現實，打破了我們所有的確定性。量子力學是如此令人驚訝，在量子的世界裡，一切僅是概率和虛波、量子躍遷和短暫振動……如今，量子力學無處不在我們的日常生活中；從智慧型手機、GPS、雷射手術到醫學影像等。未來，量子力學將為我們提供如量子電腦、量子遙傳等新工具。\r\n\r\n\t現在，讓我們舒服地坐在沙灘椅上，一起聆聽法國物理教授查爾斯‧安托萬為我們娓娓道來這奇妙的量子世界。不過，在開始這段量子旅程前，如果你看過漫威電影的《蟻人》縮小後進入微觀世界，這裡得先提醒你，恐怕不能毫髮無傷地出來……\r\n\r\n"}
{"書名":"費曼物理學講義 I：力學、輻射與熱(共6冊，平裝版)","書籍網站":"https:\/\/www.kingstone.com.tw\/\/basic\/2013300048632?zone=book&lid=book_class3_ecb&actid=book_class3_ecb","作者":"理查．費曼、羅伯．雷頓","出版社":"天下文化  ","ISBN":9789864794300.0,"圖片網址":"https:\/\/cdn.kingstone.com.tw\/book\/images\/product\/20133\/2013300048632\/2013300048632b.jpg","書籍簡介":"\r\n\r\n\r\n費曼留給世人最寶貴的遺產\r\n歷久彌新的跨世紀經典巨獻\r\n\r\n\r\n\t《費曼物理學講義》共有三大卷，\r\n\t展現了最偉大的物理教師——費曼博士的獨到見解，\r\n\t以及縱覽物理學的非凡功力。\r\n\t第 I 卷的主題為力學、輻射與熱，共有6冊。\r\n\r\n\t第1冊介紹基本觀念：能量守恆、時間與距離、機率、重力理論。\r\n\t第2冊涵蓋力學觀念：牛頓三大運動定律、動量守恆、向量、功與位能、相對論、時空。\r\n\t第3冊探討旋轉與振盪等觀念：旋轉、轉動慣量、諧振子、代數、共振、過渡現象（暫態解）、線性系統。\r\n\t第4冊囊括光學與輻射等觀念：幾何光學、最短時間原理、電磁輻射、干涉、繞射、折射率、光散射、偏振、視覺的機制。\r\n\t第5冊說明熱與統計力學等相關觀念：量子力學、氣體運動論、統計力學、布朗運動、分子運動論、擴散、熱力學。\r\n\t第6冊解釋與波相關的觀念：波動方程式、拍、模態、諧波、波的複雜現象、物理定律中的對稱。\r\n\r\n"}
{"書名":"探究物理：挑戰萬有引力","書籍網站":"https:\/\/www.kingstone.com.tw\/\/basic\/2013300046478?zone=book&lid=book_class3_ecb&actid=book_class3_ecb","作者":"于今昌  主編","出版社":"麗文文化  ","ISBN":9789577489074.0,"圖片網址":"https:\/\/cdn.kingstone.com.tw\/book\/images\/product\/20133\/2013300046478\/2013300046478b.jpg","書籍簡介":"\r\n\r\n\r\n\t《探究物理》共五冊，分別是《挑戰萬有引力》、《遨遊電子王國》、《解譯聲波密碼》、《駕馭原子世界》和《探索太空奧秘》。本叢書深入淺出地點出了力學、電學、光學、聲學、原子物理學、天體物理學、環境物理學的重點與精髓，是青少年學習和瞭解最新科技知識的良師益友。書中提出的一些懸而未決的疑難問題必將激發出青少年探索物理奧妙的熱情與濃厚興趣。\r\n\r\n"}
{"書名":"棒球物理大聯盟","書籍網站":"https:\/\/www.kingstone.com.tw\/\/basic\/2013300043842?zone=book&lid=book_class3_ecb&actid=book_class3_ecb","作者":"李中傑","出版社":"五南      ","ISBN":9789571176239.0,"圖片網址":"https:\/\/cdn.kingstone.com.tw\/book\/images\/product\/20133\/2013300043842\/2013300043842b.jpg","書籍簡介":"\r\n\r\n\r\n 離壘距離對盜壘真的重要嗎？\r\n 揮棒要多快？角度要多少才能擊出全壘打？\r\n 什麼叫投手的球路會跑？\r\n 球來就打！是真的嗎？變化球怎麼打？\r\n 球棒的甜蜜點到底在哪裡？\r\n 你不能不知道的棒球知識，帶你一窺真正的棒球原理！\r\n\r\n 前耶魯大學校長，後轉任大聯盟執行長，亦是波士頓紅襪迷的的巴特‧吉雅瑪堤（Bart Giamatti）曾如此描述：「芬威球場上沒有廉價的全壘打，但所有全壘打所隱含的物理定律都與其所劃出的弧線同等高雅。」極富詩意的體認，誰說物理學會是抽象的學科？舉凡是高飛球的弧線、投手的球路軌跡、二縫線球、四縫線球、或是球棒甜蜜點的位置等等，無一不可用物理學原理來給予解釋。\r\n\r\n 棒球場就如同一個展示物理定律的奇幻舞台！只是大半的棒球迷忘了如何去欣賞這舞台上的展演。或許是過往學校課堂黑板上的物理公式太過冰冷，而無法吸引一般人的目光？沒關係，就讓這本書以抽絲剝繭的方式替所有的棒球迷上一堂你所會感興趣的物理課，並在棒球點滴之間揭開隱藏於棒球現象背後的科學原理。相信這本書會讓你激發出另一種觀看棒球的角度，甚至於對物理學也能多出一分好感，進而去追尋事物背後的基本道理？\r\n\r\n"}
{"書名":"熵的神秘國度","書籍網站":"https:\/\/www.kingstone.com.tw\/\/basic\/2013350010375?zone=book&lid=book_class3_ecb&actid=book_class3_ecb","作者":"貝南","出版社":"天下文化  ","ISBN":9789863202608.0,"圖片網址":"https:\/\/cdn.kingstone.com.tw\/book\/images\/product\/20133\/2013350010375\/2013350010375b.jpg","書籍簡介":"\r\n\r\n熵是熱力學中，用來解釋熱力學第二定律的一個重要的概念，但卻沒人能解釋清楚，熵到底是啥玩意兒？是我們可以看到、摸到或感覺到的東西嗎？為什麼它會一直增加？教授熱力學的教授都這麼說：假如現在不了解，不要挫折，很多人都一樣，等學了統計熱力學後，就會徹底懂了。作者在國際物理化學界頗具盛名，教授熱力統計學多年後，終於領悟到不需要懂任何統計力學就可以了解第二定律，於是寫了這本書，不從公式著手，而以實驗與常識為基礎，為沒聽過統計力學的讀者，打開通往熵的神秘國度之路。\r\n                    \r\n"}
{"書名":"3小時讀通化學熱力學","書籍網站":"https:\/\/www.kingstone.com.tw\/\/basic\/2013480013109?zone=book&lid=book_class3_ecb&actid=book_class3_ecb","作者":"齋藤勝裕","出版社":"世茂      ","ISBN":9789866097843.0,"圖片網址":"https:\/\/cdn.kingstone.com.tw\/book\/images\/product\/20134\/2013480013109\/2013480013109b.jpg","書籍簡介":"\r\n\r\n化學熱力學因為會用到許多算式，所以總讓人頭大。但本書則幾乎不用任何算式，希望即使不用數學也能輕鬆愉快地解釋學問！不論是一般大眾或化學系學生，只要覺得化學熱力學艱澀難懂，就請先放下課本，看看本書。之後再回頭翻開課本時，一定會覺得簡單不少！從側面來窺探能量各種各樣的知識吧！所謂的「化學熱力學」指的就是利用熱力學來解析化學反應的學問。因為需利用到的數學算式又多又難，所以常讓人敬而遠之。但其實我們可以不必與這些算式正面交鋒，而能從側面去了解這些重要的能量學問。本書從熱力學第一、第二、第三法則的定義開始到觸媒、熵、焓為止的講解，全都不使用算式，希冀能以輕鬆、好懂得方式來介紹這門極為重要的學問。以簡單易懂的方式，配上圖案說明來解說化學熱力學。書中內容多事簡單的基礎知識，而且完全不涉及對數學算式的討論。對於一看到數字或公式符號就頭痛的人來說，是本相當簡單的入門書。\r\n                    \r\n"}
{"書名":"流體力學","書籍網站":"https:\/\/www.kingstone.com.tw\/\/basic\/2013320020618?zone=book&lid=book_class3_ecb&actid=book_class3_ecb","作者":"小龍男","出版社":"瑞昇文化  ","ISBN":9789865957490.0,"圖片網址":"https:\/\/cdn.kingstone.com.tw\/book\/images\/product\/20133\/2013320020618\/2013320020618b.jpg","書籍簡介":"\r\n\r\n透過人類智慧，巧妙掌控氣體與液體物理初學者也可以簡單讀懂專業知識。利用日常可見的現象與應用技術，輕鬆瞭解流體力學！你有想過新幹線的車頭為什麼總是又長又扁，競技型泳衣是如何幫選手提高速度？這些通通都跟流體力學有關喔！「流體力學」是研究氣體與液體的一門科學，與我們的日常生活有密切的關連。像是自來水設備，或是飛機起飛的原理，都需應用到流體的觀念。本書透過圖解方式，具體且明瞭地解說流體的特性與基本運動，也會介紹生活中會運用到的「流體技術」，以及各種把流體作為巨大力量產生源的機械。期待讀者可以透過本書，對流體力學有更進一步的瞭解！本書特色解說深入淺出，適合普羅大眾閱讀。搭配彩色圖解與生動比喻，專業知識輕鬆學。內容全面，介紹流體的性質與基本概念，並收錄被廣泛運用的流體技術。\r\n                    \r\n"}
{"書名":"選理工組之前一定要知道的事：這些事，上大學才知道就太晚了！","書籍網站":"https:\/\/www.kingstone.com.tw\/\/basic\/2013100005170?zone=book&lid=book_class3_ecb&actid=book_class3_ecb","作者":"江口弘文","出版社":"世茂      ","ISBN":9789866097782.0,"圖片網址":"https:\/\/cdn.kingstone.com.tw\/book\/images\/product\/20131\/2013100005170\/2013100005170b.jpg","書籍簡介":"\r\n\r\n書中以極為淺顯的方是來說明理工中最基礎、簡單的知識，包括有數學、理工學相關用語以及力學的簡介等。由於目的是為了吸引一般人拋開物理、數學很難的觀念，進一步對這些學問感到有興趣，所以書中所介紹的，都是些選讀理組時會碰上的基本概念。希望從基礎開始，就幫學生打好基礎，讓學生能輕鬆入門理工這門學問。本書特色有些事，越晚知道越吃虧！不想成為一個只領22K的理工人，這些基礎知識你最好先知道！認為自己「有點跟不上課程」、「怎樣都無法理解」、「一碰到微積分，數學就掛了」的人請再讀一次理工系的基礎知識吧！本書將以非常淺顯易懂的方式來說明這些理工知識不僅能幫助讀者準備大學考試，更能充實日常生活的理工常識是一本對理工沒輒的人該讀的書，更是本已經選擇理工路線，卻對數理信心不足的人要讀的書只要讀了這本書，相信你一定能對數理產生自信！\r\n                    \r\n"}
{"書名":"費曼物理學講義I：力學、輻射與熱(5)熱與統計力學","書籍網站":"https:\/\/www.kingstone.com.tw\/\/basic\/2013300039647?zone=book&lid=book_class3_ecb&actid=book_class3_ecb","作者":"理查．費曼","出版社":"天下文化  ","ISBN":9789862167892.0,"圖片網址":"https:\/\/cdn.kingstone.com.tw\/book\/images\/product\/20133\/2013300039647\/2013300039647b.jpg","書籍簡介":"\r\n\r\n請看看費曼如何將物理的深奧觀念，化約成簡單易懂的說法。《費曼物理學講義》共有三大卷，展現了最偉大的物理教師費曼獨到見解。第I卷的主題為力學、輻射與熱，共有六冊，第5冊囊括熱與統計力學等觀念  本書的內容包含：  ■ 量子力學：可以描述物質的一切行為，尤其是原子尺度上發生的事情。  ■ 氣體運動論：我們只想知道，平均而言，有多少原子在何處運動，以及各種效應發生的機率。  ■ 統計力學：把力學原理應用到熱平衡上。  ■ 布朗運動：在液體或氣體中懸浮的小粒子，會不停移動並變換方向，然而我們能夠判定這些              粒子跑多遠！  ■ 分子運動論：用分子或原子之間的碰撞觀點來描述物質的某些性質。  ■ 擴散：放到容器中的氣體分子，受到原來容器中的氣體分子的撞擊，決定了擴散的特性。  ■ 熱力學：不需要知道內部構造，只要找出物質各種性質的關係，這就是熱力學的主題。\r\n                    \r\n"}
{"書名":"費曼物理學講義I：力學、輻射與熱(6)波","書籍網站":"https:\/\/www.kingstone.com.tw\/\/basic\/2013300039777?zone=book&lid=book_class3_ecb&actid=book_class3_ecb","作者":"理查．費曼","出版社":"天下文化  ","ISBN":9789862167908.0,"圖片網址":"https:\/\/cdn.kingstone.com.tw\/book\/images\/product\/20133\/2013300039777\/2013300039777b.jpg","書籍簡介":"\r\n\r\n請看看費曼如何將物理的深奧觀念，化約成簡單易懂的說法。《費曼物理學講義》共有三大卷，展現了最偉大的物理教師費曼獨到見解。第I卷的主題為力學、輻射與熱，共有六冊，第6冊主要是介紹”波”觀念  本書的內容包含：  ■ 波動方程式：描述聲音在物質中的行為的方程式。  ■ 拍：頻率稍有不同的兩個波源，疊加之後的淨結果會是一種振盪，其強度慢慢起伏上下，這        就是拍。  ■ 模態：是一種運動模式，在任何點上，物體以正弦方式運動，而且所有的點都以同樣的頻率    運動。  ■ 諧波：為何只有某些聲音是悅耳的，我們可以從物理來理解。  ■ 波的複雜現象：包含了弓形波、震波、固體中的波、表面波，由此可以瞭解複雜而有趣的自    然現象。  ■ 物理定律中的對稱：對於物理定律來說，如何才算得上是對稱的呢？我們又如何去解釋那些    不完全對稱的物理定律？\r\n                    \r\n"}
{"書名":"費曼物理學講義I：力學、輻射與熱(2)力學","書籍網站":"https:\/\/www.kingstone.com.tw\/\/basic\/2013300034857?zone=book&lid=book_class3_ecb&actid=book_class3_ecb","作者":"理查．費曼","出版社":"天下文化  ","ISBN":9789864178599.0,"圖片網址":"https:\/\/cdn.kingstone.com.tw\/book\/images\/product\/20133\/2013300034857\/2013300034857b.jpg","書籍簡介":"\r\n\r\n《費曼物理學講義》共有三大卷，展現了最偉大的物理教師——費曼博士的獨到見解，以及縱覽物理學的非凡功力。第I卷的主題為力學、輻射與熱，共有六冊，第2冊涵蓋力學的重要觀念：牛頓三大運動定律、動量守恆、向量、功與位能、相對論、以及時空。．牛頓三大運動定律：不只讓我們瞭解簡單的振盪運動，甚至可以計算行星的運行。．動量守恆：遇到棘手的運動問題，例如氣體中分子的運動，我們可以從動量守恆原理來求解。．向量：向量分析是非常有用的數學技巧，用來描述物理定律，協助我們應用物理定律。．功與位能：從這兩個觀念，可以由牛頓定律推導出能量的確是守恆的。．相對論：愛因斯坦發現牛頓運動方程式的錯誤，所提出的改正方法。．時空：勞侖茲變換中所意味的空間與時間的關係，幫助我們更瞭解相對論。\r\n\r\n"}
{"書名":"薛丁格的兔子","書籍網站":"https:\/\/www.kingstone.com.tw\/\/basic\/2013390014425?zone=book&lid=book_class3_ecb&actid=book_class3_ecb","作者":"布魯斯","出版社":"天下文化  ","ISBN":9789864176694.0,"圖片網址":"https:\/\/cdn.kingstone.com.tw\/book\/images\/product\/20133\/2013390014425\/2013390014425b.jpg","書籍簡介":"\r\n\r\n量子力學誕生以來，物理學家對於量子世界裡究竟發生了什麼事，一直沒有一致的解釋。量子力學裡的矛盾，讓愛因斯坦大呼：「上帝是不玩骰子的。」讓大名鼎鼎的物理天才費曼，說出這麼一句名言：「沒有人『懂』量子力學。」被視為「正統」的哥本哈根詮釋，認為一個系統的整體狀態，是系統中每件事發生的機率幅的總和。結果，薛丁格拿一隻可憐的貓做例子，推論出該派的說法會讓這隻貓處於又是生、又是死的狀態，違反日常經驗。本書作者改用繁殖能力驚人的兔子做為象徵，帶我們看看量子力學的另一種避免矛盾的詮釋──多重世界詮釋。從「薛丁格之兔」的詮釋觀點，我們也許能一點一滴地理解奇妙的量子世界。\r\n                    \r\n"}
{"書名":"結構力學精要：不穩定判定\/直接勁度法","書籍網站":"https:\/\/www.kingstone.com.tw\/\/basic\/2014400094598?zone=book&lid=book_class3_ecb&actid=book_class3_ecb","作者":"彭瑞麟","出版社":"科技圖書  ","ISBN":9789576553882.0,"圖片網址":"https:\/\/cdn.kingstone.com.tw\/book\/images\/product\/20144\/2014400094598\/2014400094598b.jpg","書籍簡介":"0"}
{"書名":"熱的妙趣","書籍網站":"https:\/\/www.kingstone.com.tw\/\/basic\/2013350009546?zone=book&lid=book_class3_ecb&actid=book_class3_ecb","作者":"蔡瑞瑩","出版社":"豐德      ","ISBN":9789573048688.0,"圖片網址":"https:\/\/cdn.kingstone.com.tw\/book\/images\/product\/20133\/2013350009546\/2013350009546b.jpg","書籍簡介":"\r\n\r\n經過多年的研究及教學生涯，更加體會到物理是所有科學的基礎。希望藉由本書，引導孩子去觀察大自然的各種物理現象，學習在閱讀當中，培養探索和思考的能力，建立往後學習科學的基礎。本書作者為國立陽明大學醫學工程研究所副教授。\r\n                    \r\n"}
{"書名":"熱傳遞：原理及應用（下）","書籍網站":"https:\/\/www.kingstone.com.tw\/\/basic\/2013350009386?zone=book&lid=book_class3_ecb&actid=book_class3_ecb","作者":"莊明家","出版社":"徐氏文教  ","ISBN":9789571804828.0,"圖片網址":"https:\/\/cdn.kingstone.com.tw\/book\/images\/product\/20133\/2013350009386\/2013350009386b.jpg","書籍簡介":"0"}
{"書名":"熱傳遞原理及應用（上）","書籍網站":"https:\/\/www.kingstone.com.tw\/\/basic\/2013350009256?zone=book&lid=book_class3_ecb&actid=book_class3_ecb","作者":"莊明家","出版社":"徐氏文教  ","ISBN":9789571804798.0,"圖片網址":"https:\/\/cdn.kingstone.com.tw\/book\/images\/product\/20133\/2013350009256\/2013350009256b.jpg","書籍簡介":"0"}
{"書名":"熱力學：第五版","書籍網站":"https:\/\/www.kingstone.com.tw\/\/basic\/2013000035437?zone=book&lid=book_class3_ecb&actid=book_class3_ecb","作者":"林錦鴻．陳","出版社":"全華      ","ISBN":9789572132395.0,"圖片網址":"https:\/\/cdn.kingstone.com.tw\/book\/images\/product\/20130\/2013000035437\/2013000035437b.jpg","書籍簡介":"0"}
{"書名":"絕對零度的奇蹟：超導超流與變","書籍網站":"https:\/\/www.kingstone.com.tw\/\/basic\/2013350008914?zone=book&lid=book_class3_ecb&actid=book_class3_ecb","作者":"陸繼宗","出版社":"世潮      ","ISBN":9789577763259.0,"圖片網址":"https:\/\/cdn.kingstone.com.tw\/book\/images\/product\/20133\/2013350008914\/2013350008914b.jpg","書籍簡介":"\r\n\r\n通往低溫世界之路是從1877年卡耶泰液化「永久氣體」氧氣開始的，接著是荷蘭物理學家卡末林一昂內斯於1908年製成了液氦。據此，並在1911年發現了水銀的超導現象，後來，物理學家又發現了液氦在低溫下的超流現象。超導與超流本質上都是相變現象，其中奧祕仍有待求解。現在，低溫物理已發展成一門造福人類的新技術。\r\n                    \r\n"}
{"書名":"水的力量真奇妙","書籍網站":"https:\/\/www.kingstone.com.tw\/\/basic\/2013320017915?zone=book&lid=book_class3_ecb&actid=book_class3_ecb","作者":"許至廷","出版社":"泛亞國際  ","ISBN":9789577205568.0,"圖片網址":"https:\/\/cdn.kingstone.com.tw\/book\/images\/product\/20133\/2013320017915\/2013320017915b.jpg","書籍簡介":"0"}
{"書名":"觀念物理III物質三態．熱學","書籍網站":"https:\/\/www.kingstone.com.tw\/\/basic\/2015240033433?zone=book&lid=book_class3_ecb&actid=book_class3_ecb","作者":"休伊特","出版社":"天下文化  ","ISBN":9789576218699.0,"圖片網址":"https:\/\/cdn.kingstone.com.tw\/book\/images\/product\/20152\/2015240033433\/2015240033433b.jpg","書籍簡介":"\r\n\r\n我們的日常生活，無一不和物理扯上關係。觀念，往往就在一念之間。大家都知道，物質是由原子所構成，但你知道所有的原子都可以回收再利用？今天你呼吸吐出的原子，他日可能會變成別人體內的一部分？ 了解密度的觀念和阿基米得原理，不是為了用來做計算題的，而是可以實際幫助你辨別虛金假銀。別小看充斥周身的大氣，沒有它，我們就不能用吸管喝飲料，鳥兒飛機也都不飛不上天了！ 冷、熱到底是什麼？你能信賴自己的感覺嗎？如果熱不是一種物質，那它是什麼？又要如何傳遞？你聽過比熱容量吧？為什麼會嚴重影響你我的生活？熱脹冷縮其實並非不變的鐵律，誰是例外？ 物質三態的轉變，看似平常不過，背後的過程卻非常奧妙複雜。世間所有系統都會變得愈來愈混亂無序，那麼人類還有明天嗎？熱力學原理將為你一一解答。\r\n                    \r\n"}
{"書名":"力學：牛頓力學彈性．流体和熱力學","書籍網站":"https:\/\/www.kingstone.com.tw\/\/basic\/2013320017885?zone=book&lid=book_class3_ecb&actid=book_class3_ecb","作者":"林清涼","出版社":"五南      ","ISBN":9789571122601.0,"圖片網址":"https:\/\/cdn.kingstone.com.tw\/book\/images\/product\/20133\/2013320017885\/2013320017885b.jpg","書籍簡介":"\r\n\r\n第1章：序論第2章：力學第3章：流體力學第4章：彈性力學第5章：振動和波第6章：熱力學、氣體運動論\r\n                    \r\n"}
{"書名":"水力學","書籍網站":"https:\/\/www.kingstone.com.tw\/\/basic\/2014430007315?zone=book&lid=book_class3_ecb&actid=book_class3_ecb","作者":"ANDREW L.SIM","出版社":"五南      ","ISBN":9789579813884.0,"圖片網址":"https:\/\/cdn.kingstone.com.tw\/book\/images\/product\/20144\/2014430007315\/2014430007315b.jpg","書籍簡介":"\r\n\r\n內容簡介\r\n　水利工程涵蓋的範圍相當廣泛，舉凡流體力學、渠流特性、水力機械構造、土壤滲流理論、水文學、水工結構物設計及波浪原理等，本書針對每一單元都有詳細的解說，不但列舉一些實際的情況，更提出供讀者深入研討的範例問題，如果能融會貫通將非常有幫助。\r\n\r\n　而每一章後面附有習題，在書籍最後附上答案，可自行練習求解技巧，本書不失為一理想的教學或自修使用工具。\r\n\r\n　這本書為任何想得到日常水力學問題解答的人提供必要的資訊。我們不想將內容表現成理論流體力學的架構，主題是依實用性來陳述而不是要成為理論概念應用的一些例子。\r\n譯者簡介\r\n　陳莉\r\n\r\n　國立台灣大學農業工程研究所博士。曾任補習文教機構水利工程教師，水利工程技師，水利技師公會理事，經濟部水資會工程師。現任中華大學土木工程系暨研究所副教授。\r\n                    \r\n"}
{"書名":"力學","書籍網站":"https:\/\/www.kingstone.com.tw\/\/basic\/2013320017625?zone=book&lid=book_class3_ecb&actid=book_class3_ecb","作者":"安慎","出版社":"五南      ","ISBN":9789571119830.0,"圖片網址":"https:\/\/cdn.kingstone.com.tw\/book\/images\/product\/20133\/2013320017625\/2013320017625b.jpg","書籍簡介":"0"}
{"書名":"非線性動力學與混沌基礎","書籍網站":"https:\/\/www.kingstone.com.tw\/\/basic\/2013300022526?zone=book&lid=book_class3_ecb&actid=book_class3_ecb","作者":"徐氏文教  ","出版社":"停售","ISBN":9789571804507.0,"圖片網址":"https:\/\/cdn.kingstone.com.tw\/book\/images\/product\/20133\/2013300022526\/2013300022526b.jpg","書籍簡介":"0"}
{"書名":"談談熵","書籍網站":"https:\/\/www.kingstone.com.tw\/\/basic\/2013350008624?zone=book&lid=book_class3_ecb&actid=book_class3_ecb","作者":"陳宜生","出版社":"牛頓      ","ISBN":9789576275173.0,"圖片網址":"https:\/\/cdn.kingstone.com.tw\/book\/images\/product\/20133\/2013350008624\/2013350008624b.jpg","書籍簡介":"\r\n\r\n談談熵\r\n　隨著現代科技的發展，熵，這個物理學概念正在迅速地向各個領域滲透，其應用遍及自然科學、社會科學的眾多領域。熵不僅使舊事物消亡，也促進新事物萌生，新結構產生；不僅對科學技術、工農業生產至關重要，也與人類的未來、日常生活戚戚相關。\r\n\r\n　本書通俗地介紹了熵概念的產生和發展；從宏觀、微觀、統計多角度地闡明了熵是什麼；敘說了熵與熱機、熵與信息、熵與化學、生物、經濟及社會等方面的聯繫；也闡述了熱運動的基本規律。\r\n                    \r\n"}
{"書名":"物理學的基礎：力學","書籍網站":"https:\/\/www.kingstone.com.tw\/\/basic\/2013320017335?zone=book&lid=book_class3_ecb&actid=book_class3_ecb","作者":"姚珩","出版社":"臺灣書店  ","ISBN":9789575671587.0,"圖片網址":"https:\/\/cdn.kingstone.com.tw\/book\/images\/product\/20133\/2013320017335\/2013320017335b.jpg","書籍簡介":"\r\n\r\n力學\r\n　物理是探討自然界裡交互作用關係的知識，而最先開始研究作用關係或作用力的基礎科學稱為「力學」。本書以遵從力學原始奠基者的觀念和方式。配合一些重要的示範例題，讓有志者，既能知道力學的出處來源，又能正確的分析和使用這些原理。\r\n\r\n　中山學術文化基金董事會自民國五十四年成立以來，即以闡揚中山先生思想及獎勵學術研究為主要工作。中山文庫是邀請海內外學術界人士撰寫專書而成，希望能將中山先生「為往聖繼絕學，為萬世開太平。」的思想在國內紮根，向國外弘揚，並進而對促成中國和平統一大業能有所貢獻。\r\n作者簡介\r\n　姚衍\r\n　\r\n　清大數學系畢、美國杜克大學物理碩士、加州大學物理博士。師大物理系教授。\r\n                    \r\n"}
{"書名":"近代計算流體力學","書籍網站":"https:\/\/www.kingstone.com.tw\/\/basic\/2013320016963?zone=book&lid=book_class3_ecb&actid=book_class3_ecb","作者":"雷聲遠","出版社":"全華      ","ISBN":9789572113844.0,"圖片網址":"https:\/\/cdn.kingstone.com.tw\/book\/images\/product\/20133\/2013320016963\/2013320016963b.jpg","書籍簡介":"0"}
{"書名":"質點和系統的古典動力","書籍網站":"https:\/\/www.kingstone.com.tw\/\/basic\/2013320001716?zone=book&lid=book_class3_ecb&actid=book_class3_ecb","作者":"徐氏文教  ","出版社":"停售","ISBN":null,"圖片網址":"https:\/\/cdn.kingstone.com.tw\/book\/images\/product\/20133\/2013320001716\/2013320001716b.jpg","書籍簡介":"0"}
{"書名":"對稱，不對稱和粒子世界","書籍網站":"https:\/\/www.kingstone.com.tw\/\/basic\/2013320016383?zone=book&lid=book_class3_ecb&actid=book_class3_ecb","作者":"李政道","出版社":"學鼎      ","ISBN":9789577690050.0,"圖片網址":"https:\/\/cdn.kingstone.com.tw\/book\/images\/product\/20133\/2013320016383\/2013320016383b.jpg","書籍簡介":"0"}
{"書名":"流體力學","書籍網站":"https:\/\/www.kingstone.com.tw\/\/basic\/2015211114536?zone=book&lid=book_class3_ecb&actid=book_class3_ecb","作者":"必成      ","出版社":"停售","ISBN":null,"圖片網址":"https:\/\/cdn.kingstone.com.tw\/book\/images\/product\/20152\/2015211114536\/2015211114536b.jpg","書籍簡介":"0"}
{"書名":"科學勞作力學基礎篇","書籍網站":"https:\/\/www.kingstone.com.tw\/\/basic\/2013080062736?zone=book&lid=book_class3_ecb&actid=book_class3_ecb","作者":"美勞教育  ","出版社":"停售","ISBN":9789576920363.0,"圖片網址":"https:\/\/cdn.kingstone.com.tw\/book\/images\/product\/20130\/2013080062736\/2013080062736b.jpg","書籍簡介":"\r\n\r\n力學基礎篇\r\n　時下學校勞作課程大多使用一些半成品組合，雖然也能訓練靈巧的雙手和培養美感，但對思考力的教育則多缺乏。科學勞作與普通勞作不同，它除了訓練雙手和美感外，更重要的是啟發學子的思考和創造能力，從自己尋找材料設計造型開始，到明瞭玩具動力的原理，這些都更有助於學子對科學知識的認知。\r\n　\r\n　●力學基礎篇：介紹基本科學現象，作品簡單適於初學者。●力學動力篇：利用壓力、彈力、流力、反作用力、熱力等原理作為推動玩具的動力，作法簡單有趣。●聲光機械篇：利用聲波振動、光學原理以及機械中常見的連接桿、曲柄、齒輪、輪軸等來作玩具，作法雖然較為複雜，但是非常有趣。●綜合創作篇：混合各種原理作出較複雜的作品，戲偶劇場特輯介紹各種活動戲偶，適合高年級以上程度者。\r\n                    \r\n"}
{"書名":"力學篇","書籍網站":"https:\/\/www.kingstone.com.tw\/\/basic\/2015210525111?zone=book&lid=book_class3_ecb&actid=book_class3_ecb","作者":"黃亮","出版社":"建宏      ","ISBN":null,"圖片網址":"https:\/\/cdn.kingstone.com.tw\/book\/images\/product\/20152\/2015210525111\/2015210525111b.jpg","書籍簡介":"0"}
{"書名":"運動與力學","書籍網站":"https:\/\/www.kingstone.com.tw\/\/basic\/2015210533604?zone=book&lid=book_class3_ecb&actid=book_class3_ecb","作者":"蕭冬然","出版社":"聯大      ","ISBN":null,"圖片網址":"https:\/\/cdn.kingstone.com.tw\/book\/images\/product\/20152\/2015210533604\/2015210533604b.jpg","書籍簡介":"0"}
{"書名":"相對論","書籍網站":"https:\/\/www.kingstone.com.tw\/\/basic\/2013320000214?zone=book&lid=book_class3_ecb&actid=book_class3_ecb","作者":"吳大猷","出版社":"聯經      ","ISBN":null,"圖片網址":"https:\/\/cdn.kingstone.com.tw\/book\/images\/product\/20133\/2013320000214\/2013320000214b.jpg","書籍簡介":"0"}
{"書名":"力學","書籍網站":"https:\/\/www.kingstone.com.tw\/\/basic\/2013320000894?zone=book&lid=book_class3_ecb&actid=book_class3_ecb","作者":"正文書局  ","出版社":"停售","ISBN":null,"圖片網址":"https:\/\/cdn.kingstone.com.tw\/book\/images\/product\/20133\/2013320000894\/2013320000894b.jpg","書籍簡介":"0"}
{"書名":"力學","書籍網站":"https:\/\/www.kingstone.com.tw\/\/basic\/2013320001266?zone=book&lid=book_class3_ecb&actid=book_class3_ecb","作者":"周鎮仁","出版社":"大中國    ","ISBN":null,"圖片網址":"https:\/\/cdn.kingstone.com.tw\/book\/images\/product\/20133\/2013320001266\/2013320001266b.jpg","書籍簡介":"0"}
{"書名":"特殊相對論","書籍網站":"https:\/\/www.kingstone.com.tw\/\/basic\/2013320001396?zone=book&lid=book_class3_ecb&actid=book_class3_ecb","作者":"復漢      ","出版社":"停售","ISBN":null,"圖片網址":"https:\/\/cdn.kingstone.com.tw\/book\/images\/product\/20133\/2013320001396\/2013320001396b.jpg","書籍簡介":"0"}
{"書名":"力學","書籍網站":"https:\/\/www.kingstone.com.tw\/\/basic\/2013320002348?zone=book&lid=book_class3_ecb&actid=book_class3_ecb","作者":"陳錫桓","出版社":"中央圖書  ","ISBN":null,"圖片網址":"https:\/\/cdn.kingstone.com.tw\/book\/images\/product\/20133\/2013320002348\/2013320002348b.jpg","書籍簡介":"0"}
{"書名":"靜力學","書籍網站":"https:\/\/www.kingstone.com.tw\/\/basic\/2013320003260?zone=book&lid=book_class3_ecb&actid=book_class3_ecb","作者":"傅光華","出版社":"東華      ","ISBN":null,"圖片網址":"https:\/\/cdn.kingstone.com.tw\/book\/images\/product\/20133\/2013320003260\/2013320003260b.jpg","書籍簡介":"0"}
{"書名":"靜力學（陳）","書籍網站":"https:\/\/www.kingstone.com.tw\/\/basic\/2013320003390?zone=book&lid=book_class3_ecb&actid=book_class3_ecb","作者":"T.C.HUANG","出版社":"東華      ","ISBN":null,"圖片網址":"https:\/\/cdn.kingstone.com.tw\/book\/images\/product\/20133\/2013320003390\/2013320003390b.jpg","書籍簡介":"0"}
{"書名":"力學","書籍網站":"https:\/\/www.kingstone.com.tw\/\/basic\/2013320004342?zone=book&lid=book_class3_ecb&actid=book_class3_ecb","作者":"全華      ","出版社":"停售","ISBN":null,"圖片網址":"https:\/\/cdn.kingstone.com.tw\/book\/images\/product\/20133\/2013320004342\/2013320004342b.jpg","書籍簡介":"0"}
{"書名":"力學","書籍網站":"https:\/\/www.kingstone.com.tw\/\/basic\/2013320004472?zone=book&lid=book_class3_ecb&actid=book_class3_ecb","作者":"全華      ","出版社":"停售","ISBN":null,"圖片網址":"https:\/\/cdn.kingstone.com.tw\/book\/images\/product\/20133\/2013320004472\/2013320004472b.jpg","書籍簡介":"0"}
{"書名":"物理力學","書籍網站":"https:\/\/www.kingstone.com.tw\/\/basic\/2013320006346?zone=book&lid=book_class3_ecb&actid=book_class3_ecb","作者":"徐氏文教  ","出版社":"停售","ISBN":null,"圖片網址":"https:\/\/cdn.kingstone.com.tw\/book\/images\/product\/20133\/2013320006346\/2013320006346b.jpg","書籍簡介":"0"}
{"書名":"力學問題蒐集","書籍網站":"https:\/\/www.kingstone.com.tw\/\/basic\/2013320006506?zone=book&lid=book_class3_ecb&actid=book_class3_ecb","作者":"徐氏文教  ","出版社":"停售","ISBN":null,"圖片網址":"https:\/\/cdn.kingstone.com.tw\/book\/images\/product\/20133\/2013320006506\/2013320006506b.jpg","書籍簡介":"0"}
{"書名":"靜力學","書籍網站":"https:\/\/www.kingstone.com.tw\/\/basic\/2013320006766?zone=book&lid=book_class3_ecb&actid=book_class3_ecb","作者":"李志舟","出版社":"大行      ","ISBN":null,"圖片網址":"https:\/\/cdn.kingstone.com.tw\/book\/images\/product\/20133\/2013320006766\/2013320006766b.jpg","書籍簡介":"0"}
{"書名":"力學","書籍網站":"https:\/\/www.kingstone.com.tw\/\/basic\/2013320008760?zone=book&lid=book_class3_ecb&actid=book_class3_ecb","作者":"LANDAU","出版社":"東華      ","ISBN":null,"圖片網址":"https:\/\/cdn.kingstone.com.tw\/book\/images\/product\/20133\/2013320008760\/2013320008760b.jpg","書籍簡介":"0"}
{"書名":"單元操作","書籍網站":"https:\/\/www.kingstone.com.tw\/\/basic\/2013320010251?zone=book&lid=book_class3_ecb&actid=book_class3_ecb","作者":"MCCABE","出版社":"東華      ","ISBN":null,"圖片網址":"https:\/\/cdn.kingstone.com.tw\/book\/images\/product\/20133\/2013320010251\/2013320010251b.jpg","書籍簡介":"0"}
{"書名":"流體動力原理與應用","書籍網站":"https:\/\/www.kingstone.com.tw\/\/basic\/2013320010831?zone=book&lid=book_class3_ecb&actid=book_class3_ecb","作者":"科技圖書  ","出版社":"停售","ISBN":null,"圖片網址":"https:\/\/cdn.kingstone.com.tw\/book\/images\/product\/20133\/2013320010831\/2013320010831b.jpg","書籍簡介":"0"}
{"書名":"靜力學突破","書籍網站":"https:\/\/www.kingstone.com.tw\/\/basic\/2013320010961?zone=book&lid=book_class3_ecb&actid=book_class3_ecb","作者":"徐褚傑","出版社":"大同      ","ISBN":null,"圖片網址":"https:\/\/cdn.kingstone.com.tw\/book\/images\/product\/20133\/2013320010961\/2013320010961b.jpg","書籍簡介":"0"}
{"書名":"力學","書籍網站":"https:\/\/www.kingstone.com.tw\/\/basic\/2013320011913?zone=book&lid=book_class3_ecb&actid=book_class3_ecb","作者":"楊廉","出版社":"大中國    ","ISBN":null,"圖片網址":"https:\/\/cdn.kingstone.com.tw\/book\/images\/product\/20133\/2013320011913\/2013320011913b.jpg","書籍簡介":"0"}
{"書名":"單元操作","書籍網站":"https:\/\/www.kingstone.com.tw\/\/basic\/2013320012095?zone=book&lid=book_class3_ecb&actid=book_class3_ecb","作者":"MCCABE","出版社":"東華      ","ISBN":null,"圖片網址":"https:\/\/cdn.kingstone.com.tw\/book\/images\/product\/20133\/2013320012095\/2013320012095b.jpg","書籍簡介":"0"}
{"書名":"熱傳遞學題解","書籍網站":"https:\/\/www.kingstone.com.tw\/\/basic\/2013350000338?zone=book&lid=book_class3_ecb&actid=book_class3_ecb","作者":"HOLMAN","出版社":"科技圖書  ","ISBN":null,"圖片網址":"https:\/\/cdn.kingstone.com.tw\/book\/images\/product\/20133\/2013350000338\/2013350000338b.jpg","書籍簡介":"0"}
{"書名":"熱傳學","書籍網站":"https:\/\/www.kingstone.com.tw\/\/basic\/2013350000758?zone=book&lid=book_class3_ecb&actid=book_class3_ecb","作者":"復漢      ","出版社":"停售","ISBN":null,"圖片網址":"https:\/\/cdn.kingstone.com.tw\/book\/images\/product\/20133\/2013350000758\/2013350000758b.jpg","書籍簡介":"0"}
{"書名":"熱學聲學","書籍網站":"https:\/\/www.kingstone.com.tw\/\/basic\/2013350001090?zone=book&lid=book_class3_ecb&actid=book_class3_ecb","作者":"陳錫桓","出版社":"中華攝影  ","ISBN":null,"圖片網址":"https:\/\/cdn.kingstone.com.tw\/book\/images\/product\/20133\/2013350001090\/2013350001090b.jpg","書籍簡介":"0"}
{"書名":"JIS 熱處理加工","書籍網站":"https:\/\/www.kingstone.com.tw\/\/basic\/2013350001410?zone=book&lid=book_class3_ecb&actid=book_class3_ecb","作者":"正言      ","出版社":"停售","ISBN":null,"圖片網址":"https:\/\/cdn.kingstone.com.tw\/book\/images\/product\/20133\/2013350001410\/2013350001410b.jpg","書籍簡介":"0"}
{"書名":"熱傳遞學","書籍網站":"https:\/\/www.kingstone.com.tw\/\/basic\/2013350002592?zone=book&lid=book_class3_ecb&actid=book_class3_ecb","作者":"J.P.HOLMAN","出版社":"科技圖書  ","ISBN":null,"圖片網址":"https:\/\/cdn.kingstone.com.tw\/book\/images\/product\/20133\/2013350002592\/2013350002592b.jpg","書籍簡介":"0"}
{"書名":"熱傳遞學","書籍網站":"https:\/\/www.kingstone.com.tw\/\/basic\/2013350003124?zone=book&lid=book_class3_ecb&actid=book_class3_ecb","作者":"中央圖書  ","出版社":"停售","ISBN":null,"圖片網址":"https:\/\/cdn.kingstone.com.tw\/book\/images\/product\/20133\/2013350003124\/2013350003124b.jpg","書籍簡介":"0"}
{"書名":"新版熱處理讀本","書籍網站":"https:\/\/www.kingstone.com.tw\/\/basic\/2013350003704?zone=book&lid=book_class3_ecb&actid=book_class3_ecb","作者":"正言      ","出版社":"停售","ISBN":null,"圖片網址":"https:\/\/cdn.kingstone.com.tw\/book\/images\/product\/20133\/2013350003704\/2013350003704b.jpg","書籍簡介":"0"}
{"書名":"熱傳遞學","書籍網站":"https:\/\/www.kingstone.com.tw\/\/basic\/2013350004176?zone=book&lid=book_class3_ecb&actid=book_class3_ecb","作者":"科技圖書  ","出版社":"停售","ISBN":null,"圖片網址":"https:\/\/cdn.kingstone.com.tw\/book\/images\/product\/20133\/2013350004176\/2013350004176b.jpg","書籍簡介":"0"}
{"書名":"熱學聲學一大學物理學","書籍網站":"https:\/\/www.kingstone.com.tw\/\/basic\/2013350004336?zone=book&lid=book_class3_ecb&actid=book_class3_ecb","作者":"陳錫桓","出版社":"中央圖書  ","ISBN":null,"圖片網址":"https:\/\/cdn.kingstone.com.tw\/book\/images\/product\/20133\/2013350004336\/2013350004336b.jpg","書籍簡介":"0"}
{"書名":"輻射防護原理","書籍網站":"https:\/\/www.kingstone.com.tw\/\/basic\/2013350004756?zone=book&lid=book_class3_ecb&actid=book_class3_ecb","作者":"揚哲遂","出版社":"徐氏文教  ","ISBN":null,"圖片網址":"https:\/\/cdn.kingstone.com.tw\/book\/images\/product\/20133\/2013350004756\/2013350004756b.jpg","書籍簡介":"0"}
{"書名":"實用傳熱計算法","書籍網站":"https:\/\/www.kingstone.com.tw\/\/basic\/2013350005128?zone=book&lid=book_class3_ecb&actid=book_class3_ecb","作者":"復漢      ","出版社":"停售","ISBN":null,"圖片網址":"https:\/\/cdn.kingstone.com.tw\/book\/images\/product\/20133\/2013350005128\/2013350005128b.jpg","書籍簡介":"0"}
{"書名":"熱傳遞學","書籍網站":"https:\/\/www.kingstone.com.tw\/\/basic\/2013350005678?zone=book&lid=book_class3_ecb&actid=book_class3_ecb","作者":"大中國    ","出版社":"停售","ISBN":null,"圖片網址":"https:\/\/cdn.kingstone.com.tw\/book\/images\/product\/20133\/2013350005678\/2013350005678b.jpg","書籍簡介":"0"}
{"書名":"熱力學","書籍網站":"https:\/\/www.kingstone.com.tw\/\/basic\/2013550000626?zone=book&lid=book_class3_ecb&actid=book_class3_ecb","作者":"GEORGE A.H","出版社":"新陸書局  ","ISBN":null,"圖片網址":"https:\/\/cdn.kingstone.com.tw\/book\/images\/product\/20135\/2013550000626\/2013550000626b.jpg","書籍簡介":"0"}
{"書名":"相對論","書籍網站":"https:\/\/www.kingstone.com.tw\/\/basic\/2023320000237?zone=book&lid=book_class3_ecb&actid=book_class3_ecb","作者":"吳大猷","出版社":"聯經      ","ISBN":null,"圖片網址":"https:\/\/cdn.kingstone.com.tw\/book\/images\/product\/20233\/2023320000237\/2023320000237b.jpg","書籍簡介":"0"}
{"書名":"特殊相對論","書籍網站":"https:\/\/www.kingstone.com.tw\/\/basic\/2023320001319?zone=book&lid=book_class3_ecb&actid=book_class3_ecb","作者":"復漢      ","出版社":"停售","ISBN":null,"圖片網址":"https:\/\/cdn.kingstone.com.tw\/book\/images\/product\/20233\/2023320001319\/2023320001319b.jpg","書籍簡介":"0"}
{"書名":"熱傳學","書籍網站":"https:\/\/www.kingstone.com.tw\/\/basic\/2023350000771?zone=book&lid=book_class3_ecb&actid=book_class3_ecb","作者":"復漢      ","出版社":"停售","ISBN":null,"圖片網址":"https:\/\/cdn.kingstone.com.tw\/book\/images\/product\/20233\/2023350000771\/2023350000771b.jpg","書籍簡介":"0"}
{"書名":"S 曲線：熱處理溫變化","書籍網站":"https:\/\/www.kingstone.com.tw\/\/basic\/2023350001303?zone=book&lid=book_class3_ecb&actid=book_class3_ecb","作者":"正言      ","出版社":"停售","ISBN":null,"圖片網址":"https:\/\/cdn.kingstone.com.tw\/book\/images\/product\/20233\/2023350001303\/2023350001303b.jpg","書籍簡介":"0"}
{"書名":"動力學","書籍網站":"https:\/\/www.kingstone.com.tw\/\/basic\/2015211081128?zone=book&lid=book_class3_ecb&actid=book_class3_ecb","作者":"必成      ","出版社":"停售","ISBN":null,"圖片網址":"https:\/\/cdn.kingstone.com.tw\/book\/images\/product\/20152\/2015211081128\/2015211081128b.jpg","書籍簡介":"0"}
{"書名":"熱力與熱工學","書籍網站":"https:\/\/www.kingstone.com.tw\/\/basic\/2013350008204?zone=book&lid=book_class3_ecb&actid=book_class3_ecb","作者":"IRVING GRA","出版社":"科技圖書  ","ISBN":null,"圖片網址":"https:\/\/cdn.kingstone.com.tw\/book\/images\/product\/20133\/2013350008204\/2013350008204b.jpg","書籍簡介":"0"}
{"書名":"流體力學觀念剖析","書籍網站":"https:\/\/www.kingstone.com.tw\/\/basic\/2015211086628?zone=book&lid=book_class3_ecb&actid=book_class3_ecb","作者":"李祥編著","出版社":"大碩      ","ISBN":null,"圖片網址":"https:\/\/cdn.kingstone.com.tw\/book\/images\/product\/20152\/2015211086628\/2015211086628b.jpg","書籍簡介":"0"}
{"書名":"力學的趣味實驗","書籍網站":"https:\/\/www.kingstone.com.tw\/\/basic\/2014400072640?zone=book&lid=book_class3_ecb&actid=book_class3_ecb","作者":"酒井高男","出版社":"亞東書局  ","ISBN":null,"圖片網址":"https:\/\/cdn.kingstone.com.tw\/book\/images\/product\/20144\/2014400072640\/2014400072640b.jpg","書籍簡介":"0"}
{"書名":"連續介質力學引論","書籍網站":"https:\/\/www.kingstone.com.tw\/\/basic\/2013320015751?zone=book&lid=book_class3_ecb&actid=book_class3_ecb","作者":"杜珣","出版社":"亞東書局  ","ISBN":null,"圖片網址":"https:\/\/cdn.kingstone.com.tw\/book\/images\/product\/20133\/2013320015751\/2013320015751b.jpg","書籍簡介":"0"}
{"書名":"統計力學","書籍網站":"https:\/\/www.kingstone.com.tw\/\/basic\/2023320015514?zone=book&lid=book_class3_ecb&actid=book_class3_ecb","作者":"馬上庚","出版社":"銀禾文化  ","ISBN":9789575680022.0,"圖片網址":"https:\/\/cdn.kingstone.com.tw\/book\/images\/product\/20233\/2023320015514\/2023320015514b.jpg","書籍簡介":"0"}
{"書名":"科學小藍波力學的簡易","書籍網站":"https:\/\/www.kingstone.com.tw\/\/basic\/2023080106316?zone=book&lid=book_class3_ecb&actid=book_class3_ecb","作者":"馮鵬年","出版社":"正中書局  ","ISBN":null,"圖片網址":"https:\/\/cdn.kingstone.com.tw\/book\/images\/product\/20230\/2023080106316\/2023080106316b.jpg","書籍簡介":"0"}
{"書名":"古典力學","書籍網站":"https:\/\/www.kingstone.com.tw\/\/basic\/2013320014679?zone=book&lid=book_class3_ecb&actid=book_class3_ecb","作者":"金尚年","出版社":"亞東書局  ","ISBN":null,"圖片網址":"https:\/\/cdn.kingstone.com.tw\/book\/images\/product\/20133\/2013320014679\/2013320014679b.jpg","書籍簡介":"0"}
{"書名":"核子輻射與偵測","書籍網站":"https:\/\/www.kingstone.com.tw\/\/basic\/2013350007672?zone=book&lid=book_class3_ecb&actid=book_class3_ecb","作者":"鄭伯昆","出版社":"亞東書局  ","ISBN":null,"圖片網址":"https:\/\/cdn.kingstone.com.tw\/book\/images\/product\/20133\/2013350007672\/2013350007672b.jpg","書籍簡介":"0"}
{"書名":"統計熱物理學之基礎","書籍網站":"https:\/\/www.kingstone.com.tw\/\/basic\/2013350007122?zone=book&lid=book_class3_ecb&actid=book_class3_ecb","作者":"徐氏文教  ","出版社":"停售","ISBN":null,"圖片網址":"https:\/\/cdn.kingstone.com.tw\/book\/images\/product\/20133\/2013350007122\/2013350007122b.jpg","書籍簡介":"0"}
{"書名":"統計熱物理學之基礎","書籍網站":"https:\/\/www.kingstone.com.tw\/\/basic\/2013350007252?zone=book&lid=book_class3_ecb&actid=book_class3_ecb","作者":"徐氏文教  ","出版社":"停售","ISBN":null,"圖片網址":"https:\/\/cdn.kingstone.com.tw\/book\/images\/product\/20133\/2013350007252\/2013350007252b.jpg","書籍簡介":"0"}
{"書名":"統計熱物理基礎","書籍網站":"https:\/\/www.kingstone.com.tw\/\/basic\/2013350007382?zone=book&lid=book_class3_ecb&actid=book_class3_ecb","作者":"徐氏文教  ","出版社":"停售","ISBN":null,"圖片網址":"https:\/\/cdn.kingstone.com.tw\/book\/images\/product\/20133\/2013350007382\/2013350007382b.jpg","書籍簡介":"0"}
{"書名":"統計熱物理基礎","書籍網站":"https:\/\/www.kingstone.com.tw\/\/basic\/2013350007412?zone=book&lid=book_class3_ecb&actid=book_class3_ecb","作者":"徐氏文教  ","出版社":"停售","ISBN":null,"圖片網址":"https:\/\/cdn.kingstone.com.tw\/book\/images\/product\/20133\/2013350007412\/2013350007412b.jpg","書籍簡介":"0"}
{"書名":"熱傳遞學","書籍網站":"https:\/\/www.kingstone.com.tw\/\/basic\/2013350007092?zone=book&lid=book_class3_ecb&actid=book_class3_ecb","作者":"J.P.HOLMAN","出版社":"科技圖書  ","ISBN":null,"圖片網址":"https:\/\/cdn.kingstone.com.tw\/book\/images\/product\/20133\/2013350007092\/2013350007092b.jpg","書籍簡介":"0"}
{"書名":"大學物理應考精華力學","書籍網站":"https:\/\/www.kingstone.com.tw\/\/basic\/2013300013791?zone=book&lid=book_class3_ecb&actid=book_class3_ecb","作者":"陳安順","出版社":"文碩      ","ISBN":null,"圖片網址":"https:\/\/cdn.kingstone.com.tw\/book\/images\/product\/20133\/2013300013791\/2013300013791b.jpg","書籍簡介":"0"}
{"書名":"熱處理學","書籍網站":"https:\/\/www.kingstone.com.tw\/\/basic\/2013350006910?zone=book&lid=book_class3_ecb&actid=book_class3_ecb","作者":"張學典","出版社":"科技圖書  ","ISBN":null,"圖片網址":"https:\/\/cdn.kingstone.com.tw\/book\/images\/product\/20133\/2013350006910\/2013350006910b.jpg","書籍簡介":"0"}
{"書名":"熱傳學","書籍網站":"https:\/\/www.kingstone.com.tw\/\/basic\/2013350006620?zone=book&lid=book_class3_ecb&actid=book_class3_ecb","作者":"全華      ","出版社":"停售","ISBN":null,"圖片網址":"https:\/\/cdn.kingstone.com.tw\/book\/images\/product\/20133\/2013350006620\/2013350006620b.jpg","書籍簡介":"0"}
{"書名":"熱傳遞學","書籍網站":"https:\/\/www.kingstone.com.tw\/\/basic\/2013350006590?zone=book&lid=book_class3_ecb&actid=book_class3_ecb","作者":"M.N.OZISIK","出版社":"乾泰      ","ISBN":null,"圖片網址":"https:\/\/cdn.kingstone.com.tw\/book\/images\/product\/20133\/2013350006590\/2013350006590b.jpg","書籍簡介":"0"}
{"書名":"熱傳遞學","書籍網站":"https:\/\/www.kingstone.com.tw\/\/basic\/2013350006750?zone=book&lid=book_class3_ecb&actid=book_class3_ecb","作者":"M.N.OZISIK","出版社":"乾泰      ","ISBN":null,"圖片網址":"https:\/\/cdn.kingstone.com.tw\/book\/images\/product\/20133\/2013350006750\/2013350006750b.jpg","書籍簡介":"0"}
{"書名":"熱處理","書籍網站":"https:\/\/www.kingstone.com.tw\/\/basic\/2013350006880?zone=book&lid=book_class3_ecb&actid=book_class3_ecb","作者":"洪忠喜","出版社":"全華      ","ISBN":null,"圖片網址":"https:\/\/cdn.kingstone.com.tw\/book\/images\/product\/20133\/2013350006880\/2013350006880b.jpg","書籍簡介":"0"}
{"書名":"熱傳遞學","書籍網站":"https:\/\/www.kingstone.com.tw\/\/basic\/2013350006460?zone=book&lid=book_class3_ecb&actid=book_class3_ecb","作者":"張有雄","出版社":"全華      ","ISBN":null,"圖片網址":"https:\/\/cdn.kingstone.com.tw\/book\/images\/product\/20133\/2013350006460\/2013350006460b.jpg","書籍簡介":"0"}
{"書名":"理論力學","書籍網站":"https:\/\/www.kingstone.com.tw\/\/basic\/2013320014099?zone=book&lid=book_class3_ecb&actid=book_class3_ecb","作者":"肖士珣","出版社":"亞東書局  ","ISBN":null,"圖片網址":"https:\/\/cdn.kingstone.com.tw\/book\/images\/product\/20133\/2013320014099\/2013320014099b.jpg","書籍簡介":"0"}
{"書名":"大學物理力學教學研究","書籍網站":"https:\/\/www.kingstone.com.tw\/\/basic\/2013300012459?zone=book&lid=book_class3_ecb&actid=book_class3_ecb","作者":"蔡伯","出版社":"亞東書局  ","ISBN":null,"圖片網址":"https:\/\/cdn.kingstone.com.tw\/book\/images\/product\/20133\/2013300012459\/2013300012459b.jpg","書籍簡介":"0"}
{"書名":"熱力學簡明教程","書籍網站":"https:\/\/www.kingstone.com.tw\/\/basic\/2013320013047?zone=book&lid=book_class3_ecb&actid=book_class3_ecb","作者":"王竹西","出版社":"豪華      ","ISBN":null,"圖片網址":"https:\/\/cdn.kingstone.com.tw\/book\/images\/product\/20133\/2013320013047\/2013320013047b.jpg","書籍簡介":"0"}
{"書名":"火的故事","書籍網站":"https:\/\/www.kingstone.com.tw\/\/basic\/2023350006193?zone=book&lid=book_class3_ecb&actid=book_class3_ecb","作者":"牛頓      ","出版社":"停售","ISBN":null,"圖片網址":"https:\/\/cdn.kingstone.com.tw\/book\/images\/product\/20233\/2023350006193\/2023350006193b.jpg","書籍簡介":"0"}
{"書名":"靜力學精要","書籍網站":"https:\/\/www.kingstone.com.tw\/\/basic\/2013320012545?zone=book&lid=book_class3_ecb&actid=book_class3_ecb","作者":"黃世澤","出版社":"東華      ","ISBN":null,"圖片網址":"https:\/\/cdn.kingstone.com.tw\/book\/images\/product\/20133\/2013320012545\/2013320012545b.jpg","書籍簡介":"0"}
{"書名":"科學勞作力學動力篇","書籍網站":"https:\/\/www.kingstone.com.tw\/\/basic\/2013080062866?zone=book&lid=book_class3_ecb&actid=book_class3_ecb","作者":"美勞教育  ","出版社":"停售","ISBN":9789576920370.0,"圖片網址":"https:\/\/cdn.kingstone.com.tw\/book\/images\/product\/20130\/2013080062866\/2013080062866b.jpg","書籍簡介":"\r\n\r\n力學動力篇\r\n　時下學校勞作課程大多使用一些半成品組合，雖然也能訓練靈巧的雙手和培養美感，但對思考力的教育則多缺乏。科學勞作與普通勞作不同，它除了訓練雙手和美感外，更重要的是啟發學子的思考和創造能力，從自己尋找材料設計造型開始，到明瞭玩具動力的原理，這些都更有助於學子對科學知識的認知。\r\n　\r\n　●力學基礎篇：介紹基本科學現象，作品簡單適於初學者。●力學動力篇：利用壓力、彈力、流力、反作用力、熱力等原理作為推動玩具的動力，作法簡單有趣。●聲光機械篇：利用聲波振動、光學原理以及機械中常見的連接桿、曲柄、齒輪、輪軸等來作玩具，作法雖然較為複雜，但是非常有趣。●綜合創作篇：混合各種原理作出較複雜的作品，戲偶劇場特輯介紹各種活動戲偶，適合高年級以上程度者。\r\n                    \r\n"}
