{"書名":"DevOps Culture and Practice with OpenShift","書籍網站":"https:\/\/www.kingstone.com.tw\/\/basic\/203c109947286?zone=english&lid=search&actid=WISE&kw=DevOps&pi=0","作者":"Tim,Beattie","出版社":"Packt       ","ISBN":9781800202368,"圖片網址":"https:\/\/cdn.kingstone.com.tw\/english\/images\/product\/2368\/9781800202368.jpg","書籍簡介":"\r\n\r\nA practical guide to making the best use of the OpenShift container platform based on the real-life experiences, practices, and culture within Red Hat Open Innovation LabsKey Features: Learn how modern software companies deliver business outcomes that matter by focusing on DevOps culture and practicesAdapt Open Innovation Labs culture and foundational practices from the Open Practice LibraryImplement a metrics-driven approach to application, platform, and product, understanding what to measure and how to learn and pivotBook Description: DevOps Culture and Practice with OpenShift features many different real-world practices - some people-related, some process-related, some technology-related - to facilitate successful DevOps, and in turn OpenShift, adoption within your organization. It introduces many DevOps concepts and tools to connect culture and practice through a continuous loop of discovery, pivots, and delivery underpinned by a foundation of collaboration and software engineering.Containers and container-centric application lifecycle management are now an industry standard, and OpenShift has a leading position in a flourishing market of enterprise Kubernetes-based product offerings. DevOps Culture and Practice with OpenShift provides a roadmap for building empowered product teams within your organization.This guide brings together lean, agile, design thinking, DevOps, culture, facilitation, and hands-on technical enablement all in one book. Through a combination of real-world stories, a practical case study, facilitation guides, and technical implementation details, DevOps Culture and Practice with OpenShift provides tools and techniques to build a DevOps culture within your organization on Red Hat's OpenShift Container Platform.What You Will Learn: Implement successful DevOps practices and in turn OpenShift within your organizationDeal with segregation of duties in a continuous delivery worldUnderstand automation and its significance through an application-centric viewManage continuous deployment strategies, such as A\/B, rolling, canary, and blue-greenLeverage OpenShift's Jenkins capability to execute continuous integration pipelinesManage and separate configuration from static runtime softwareMaster communication and collaboration enabling delivery of superior software products at scale through continuous discovery and continuous deliveryWho this book is for: This book is for anyone with an interest in DevOps practices with OpenShift or other Kubernetes platforms.This DevOps book gives software architects, developers, and infra-ops engineers a practical understanding of OpenShift, how to use it efficiently for the effective deployment of application architectures, and how to collaborate with users and stakeholders to deliver business-impacting outcomes.\r\n                    \r\n"}
{"書名":"Modern DevOps Practices","書籍網站":"https:\/\/www.kingstone.com.tw\/\/basic\/203c108650677?zone=english&lid=search&actid=WISE&kw=DevOps&pi=0","作者":"Gaurav,Agarwal","出版社":"Packt       ","ISBN":9781800562387,"圖片網址":"https:\/\/cdn.kingstone.com.tw\/english\/images\/product\/2387\/9781800562387.jpg","書籍簡介":"\r\n\r\nEnhance DevOps workflows by integrating the functionalities of Docker, Kubernetes, Spinnaker, Ansible, Terraform, Flux CD, CaaS, and more with the help of practical examples and expert tips Key Features: Get up and running with containerization-as-a-service and infrastructure automation in the public cloudLearn container security techniques and secret management with Cloud KMS, Anchore Grype, and Grafeas KritisLeverage the combination of DevOps, GitOps, and automation to continuously ship a package of softwareBook Description: Containers have entirely changed how developers and end-users see applications as a whole. With this book, you'll learn all about containers, their architecture and benefits, and how to implement them within your development lifecycle.You'll discover how you can transition from the traditional world of virtual machines and adopt modern ways of using DevOps to ship a package of software continuously. Starting with a quick refresher on the core concepts of containers, you'll move on to study the architectural concepts to implement modern ways of application development. You'll cover topics around Docker, Kubernetes, Ansible, Terraform, Packer, and other similar tools that will help you to build a base. As you advance, the book covers the core elements of cloud integration (AWS ECS, GKE, and other CaaS services), continuous integration, and continuous delivery (GitHub actions, Jenkins, and Spinnaker) to help you understand the essence of container management and delivery. The later sections of the book will take you through container pipeline security and GitOps (Flux CD and Terraform).By the end of this DevOps book, you'll have learned best practices for automating your development lifecycle and making the most of containers, infrastructure automation, and CaaS, and be ready to develop applications using modern tools and techniques.What You Will Learn: Become well-versed with AWS ECS, Google Cloud Run, and KnativeDiscover how to build and manage secure Docker images efficientlyUnderstand continuous integration with Jenkins on Kubernetes and GitHub actionsGet to grips with using Spinnaker for continuous deployment\/deliveryManage immutable infrastructure on the cloud with Packer, Terraform, and AnsibleExplore the world of GitOps with GitHub actions, Terraform, and Flux CDWho this book is for: If you are a software engineer, system administrator, or operations engineer looking to step into the world of DevOps within public cloud platforms, this book is for you. Existing DevOps engineers will also find this book useful as it covers best practices, tips, and tricks to implement DevOps with a cloud-native mindset. Although no containerization experience is necessary, a basic understanding of the software development life cycle and delivery will help you get the most out of the book.\r\n                    \r\n"}
{"書名":"Google Cloud for DevOps Engineers","書籍網站":"https:\/\/www.kingstone.com.tw\/\/basic\/203c109283567?zone=english&lid=search&actid=WISE&kw=DevOps&pi=0","作者":"Sandeep,Madamanchi","出版社":"Packt       ","ISBN":9781839218019,"圖片網址":"https:\/\/cdn.kingstone.com.tw\/english\/images\/product\/8019\/9781839218019.jpg","書籍簡介":"0"}
{"書名":"DevOps Adoption Strategies","書籍網站":"https:\/\/www.kingstone.com.tw\/\/basic\/203c109947394?zone=english&lid=search&actid=WISE&kw=DevOps&pi=0","作者":"Martyn,Coupland","出版社":"Packt       ","ISBN":9781801076326,"圖片網址":"https:\/\/cdn.kingstone.com.tw\/english\/images\/product\/6326\/9781801076326.jpg","書籍簡介":"\r\n\r\nGain in-depth insight into DevOps relative to your field of expertise and implement effective DevOps culture and processes within your organizationKey Features: Packed with step-by-step explanations and practical examples to help you get started with DevOpsDevelop the skills and knowledge you need to tackle the deployment of DevOps toolsDiscover technology trends such as FinOps and DevSecOps to get more value from DevOpsBook Description: DevOps is a set of best practices enabling operations and development teams to work together to produce higher-quality work and, among other things, quicker releases. This book helps you to understand the fundamentals needed to get started with DevOps, and prepares you to start deploying technical tools confidently.You will start by learning the key steps for implementing successful DevOps transformations. The book will help you to understand how aspects of culture, people, and process are all connected, and that without any one of these elements DevOps is unlikely to be successful. As you make progress, you will discover how to measure and quantify the success of DevOps in your organization, along with exploring the pros and cons of the main tooling involved in DevOps. In the concluding chapters, you will learn about the latest trends in DevOps and find out how the tooling changes when you work with these specialties.By the end of this DevOps book, you will have gained a clear understanding of the connection between culture, people, and processes within DevOps, and learned why all three are critically important.What You Will Learn: Understand the importance of culture in DevOpsBuild, foster, and develop a successful DevOps cultureDiscover how to implement a successful DevOps frameworkMeasure and define the success of DevOps transformationGet to grips with techniques for continuous feedback and iterate process changesDiscover the tooling used in different stages of the DevOps life cycleWho this book is for: This book is for IT professionals such as support engineers and systems engineers and developers looking to learn DevOps and for those going through DevOps transformation. General knowledge of IT and business processes will be helpful. You'll also find this book useful if you are in a business or service role within technology such as service delivery management. Basic familiarity with DevOps and transformational methods such as value streams and process are needed to get the most out of this book.\r\n                    \r\n"}
{"書名":"DevOps-Leadership - Schritte zur Einf羹hrung und Umsetzung von DevOps","書籍網站":"https:\/\/www.kingstone.com.tw\/\/basic\/203c103219502?zone=english&lid=search&actid=WISE&kw=DevOps&pi=0","作者":"Martin J,Adams","出版社":"Ingram      ","ISBN":9783752667158,"圖片網址":"https:\/\/cdn.kingstone.com.tw\/english\/images\/product\/7158\/9783752667158.jpg","書籍簡介":"\r\n\r\nDevOps ist in aller Munde. Oft wird es sehr technisch dargestellt, sei es in Hinblick auf die einzusetzenden Methoden und Frameworks oder auch in Hinblick auf Techniken und Entwicklungs-Frameworks. Martin J. Adams ist ausgewiesener Fachmann f羹r agile Vorgehensweisen, speziell zu den Themenbereichen \"F羹hrung\" und \"Organisationsentwicklung\". Im vorliegenden Band stellt er die wichtigsten Methoden im Kontext von DevOps und die sich daraus ergebenden Ma?nahmen und Methoden f羹r F羹hrungspersonen dar, welche ihre Teams dabei unterst羹tzen wollen, mit DevOps erfolgreich zu sein und damit einen wertvollen Beitrag zum Unternehmenserfolg zu leisten.\r\n                    \r\n"}
{"書名":"DevOps For Beginners","書籍網站":"https:\/\/www.kingstone.com.tw\/\/basic\/203c102172790?zone=english&lid=search&actid=WISE&kw=DevOps&pi=0","作者":"Liam,Foster","出版社":"17 Books Publishing","ISBN":9781801490481,"圖片網址":"https:\/\/cdn.kingstone.com.tw\/english\/images\/product\/0481\/9781801490481.jpg","書籍簡介":"\r\n\r\nHave you been looking for a way to boost your skills and become a master in DevOps for your business or career in software development but lack an excellent, high-quality guide to assist you get there?And are you looking for a guide that is simple, assuring and easy to follow?If you've answered YES, keep reading...You Are About To Discover The Ins And Outs Of Dev-Ops, Including How To Leverage Its Power To Your Advantage In Your Business Or Career!It goes without saying that DevOps is one of the greatest inventions in software development. It came to satisfy a need to get away from the traditional software design for efficiency, collaboration and productivity in development processes, and by extension to boost business growth.Did you know that businesses that adopt DevOps enjoy up to 60% more revenue rates and profit than their reticent counterparts?Unfortunately, great as it is, DevOps remains one of the most misunderstood concepts- even by tutors across the world!Similarly, for someone who's just getting into the software development scene or someone wh0 has drowned in the \"Waterfall\" methodology a couple of times before, it may seem like something a little complex or one that requires some skill, or lots of effort and time to master.If you can relate, you must have wondered: What's DevOps all about, and is there a way to learn it quickly?What does DevOps entail?How exactly would I benefit from learning DevOps?How and where do I get started?Is DevOps agile? How does it work?So if such questions have been keeping you from making the next important step in your career or business with DevOps, then this simple, clear and straightforward guide is here for you.With it, you'll learn: What DevOps is and why you need itThe features of DevOps architecture The potential benefits and risks of using DevOpsWhat you need to know about the DevOps lifecycleThe ins and outs of the DevOps architectureThe workflow and principles of DevOpsThe DevOps tools you need to know and useHow DevOps automation worksWho DevOps engineers are, and the roles they playThe methodologies and pipelines of DevOps you need to familiarize yourself withThe DevOps Amazon Web ServicesThe tools and tutorials for DevOps, including their features and benefitsHow to install GIT on Mac, Linux and Windows...And much more!Do you prefer practical guides that you can implement as you go (not ones that are heavy on theory- that require taking loads of caffeine to complete)?Do you want a beginners' book that is exciting to follow and well-structured for quick comprehension?Then don't let this one slip away.Even if this is your first time actually wanting to learn DevOps, this book will hold you by the hand until you feel confident about it!\r\n                    \r\n"}
{"書名":"DevOps - Successfully Combining Development and IT Operations","書籍網站":"https:\/\/www.kingstone.com.tw\/\/basic\/203c102176547?zone=english&lid=search&actid=WISE&kw=DevOps&pi=0","作者":"Curt W,Meister","出版社":"Books on Demand","ISBN":9783752659269,"圖片網址":"https:\/\/cdn.kingstone.com.tw\/english\/images\/product\/9269\/9783752659269.jpg","書籍簡介":"\r\n\r\nDevOps is on everyone's lips. The combination of agile development approaches such as Scrum, Kanban, Extreme Programming or others with future-proof service management approaches seems to be the guarantee for success for modern IT organizations. Is this just the next fad in IT or is there actual optimization potential here and if so, what are the prerequisites and framework conditions that are important for this? The author, a proven expert for agile methods and DevOps, shows where DevOps can be used beneficially and which techniques and methods are target-oriented. This includes approaches such as Continuous Delivery as well as the concept of anti-fragility or the integration of approaches from Lean Thinking. This book is aimed at newcomers to the subject who want to gain a good overview and a basis for decision-making with little effort.\r\n                    \r\n"}
{"書名":"Azure DevOps Explained","書籍網站":"https:\/\/www.kingstone.com.tw\/\/basic\/203c011143280?zone=english&lid=search&actid=WISE&kw=DevOps&pi=0","作者":"Sjoukje,Zaal","出版社":"Packt       ","ISBN":9781800563513,"圖片網址":"https:\/\/cdn.kingstone.com.tw\/english\/images\/product\/3513\/9781800563513.jpg","書籍簡介":"\r\n\r\nImplement real-world DevOps and cloud deployment scenarios using Azure Repos, Azure Pipelines, and other Azure DevOps toolsKey FeaturesImprove your application development life cycle with Azure DevOps in a step-by-step mannerApply continuous integration and continuous deployment to reduce application downtimeWork with real-world CI\/CD scenarios curated by a team of renowned Microsoft MVPs and MCTsBook DescriptionDeveloping applications for the cloud involves changing development methodologies and procedures. Continuous integration and continuous deployment (CI\/CD) processes are a must today, but are often difficult to implement and adopt. Azure DevOps is a Microsoft Azure cloud service that enhances your application development life cycle and enables DevOps capabilities.Starting with a comprehensive product overview, this book helps you to understand Azure DevOps and apply DevOps techniques to your development projects. You'll find out how to adopt DevOps techniques for your development processes by using built-in Azure DevOps tools. Throughout the course of this book, you'll also discover how to manage a project with the help of project management techniques such as Agile and Scrum, and then progress toward development aspects such as source code management, build pipelines, code testing and artifacts, release pipelines, and GitHub integration. As you learn how to implement DevOps practices, this book will also provide you with real-world examples and scenarios of DevOps adoption.By the end of this DevOps book, you will have learned how to adopt and implement Azure DevOps features in your real-world development processes.What you will learnGet to grips with Azure DevOpsFind out about project management with Azure BoardsUnderstand source code management with Azure ReposBuild and release pipelinesRun quality tests in build pipelinesUse artifacts and integrate Azure DevOps in the GitHub flowDiscover real-world CI\/CD scenarios with Azure DevOpsWho this book is forThis book is for developers, solutions architects, and DevOps engineers interested in getting started with cloud DevOps practices on Azure. Prior understanding of Azure architecture and services is necessary. Some knowledge of DevOps principles and techniques will be useful.\r\n\r\n"}
{"書名":"Professional Scrum Development with Azure Devops","書籍網站":"https:\/\/www.kingstone.com.tw\/\/basic\/203c200303481?zone=english&lid=search&actid=WISE&kw=DevOps&pi=0","作者":"Richard,Hundhausen","出版社":"Microsoft Press","ISBN":9780136789239,"圖片網址":"https:\/\/cdn.kingstone.com.tw\/english\/images\/product\/9239\/9780136789239.jpg","書籍簡介":"\r\n\r\nThis is the definitive guide to maximizing the value of today's Scrum and DevOps methodologies with state-of-the-art Microsoft cloud tools and services, including Azure DevOps Services, specifically Azure Boards and Azure Test Plans. Renowned Scrum expert Richard Hundhausen has comprehensively revamped and updated his classic Professional Scrum Development with Microsoft Visual Studio 2012 to reflect the latest Scrum Guide, Microsoft's breakthrough development tools, GitHub integration, and developers' deeper experience with Scrum.  Professional Scrum Development with Azure DevOps  stands apart from all other Scrum and Azure guides by focusing on the fusion of today's most popular agile framework (Scrum) and ALM\/DevOps toolset (Azure DevOps). Hundhausen shows how a professional Scrum team can more effectively plan, track, and manage its work with Azure Boards, Azure Test Plans, and related Azure DevOps features. He offers detailed coverage of team formation, backlogs, sprints, test plans, collaboration, flow, continuous improvement, and the real-world tradeoffs between using tools and interacting directly with other team members. To make this guide even more valuable, Hundhausen has crafted it to complement Scrum.org's popular Professional Scrum Developer (PSD) program, which he personally created with Scrum.org's Ken Schwaber. \r\n\r\n"}
{"書名":"DevOps - Erfolgreich Entwicklung und IT-Betrieb verbinden","書籍網站":"https:\/\/www.kingstone.com.tw\/\/basic\/203c101312247?zone=english&lid=search&actid=WISE&kw=DevOps&pi=0","作者":"Curt W,Meister","出版社":"Ingram      ","ISBN":9783751994897,"圖片網址":"https:\/\/cdn.kingstone.com.tw\/english\/images\/product\/4897\/9783751994897.jpg","書籍簡介":"\r\n\r\nDevOps ist in aller Munde. Die Verbindung von agilen Entwicklungsans瓣tzen wie Scrum, Kanban, Extreme Programming oder anderen mit zukunftsf瓣higen Service Management- Ans瓣tzen scheint der Erfolgsgarant f羹r moderne IT-Organisationen zu sein. Ist dies nur die n瓣chste Modeerscheinung in der IT oder liegt hier tats瓣chliches Optimierungspotential und wenn ja, welche Voraussetzungen und Rahmenbedingungen sind daf羹r wichtig? Der Autor, ein ausgewiesener Fachmann f羹r agile Methoden und DevOps, zeigt auf, wo DevOps nutzbringend eingesetzt werden kann und welche Techniken und Methoden dabei zielf羹hrend sind. Dazu geh繹ren Ans瓣tze wie Continuous Delivery genauso wie das Konzept der Antifragilit瓣t oder die Integration von Ans瓣tzen aus dem Lean Thinking. Das vorliegende Buch richtet sich an Einsteiger ins Thema, welche sich mit geringem Aufwand einen guten ?berblick verschaffen und Entscheidungsgrundlagen erwerben m繹chten.\r\n                    \r\n"}
{"書名":"Azure Devops for Web Developers","書籍網站":"https:\/\/www.kingstone.com.tw\/\/basic\/203c011314910?zone=english&lid=search&actid=WISE&kw=DevOps&pi=0","作者":"Ambily,K K","出版社":"Apress      ","ISBN":9781484264119,"圖片網址":"https:\/\/cdn.kingstone.com.tw\/english\/images\/product\/4119\/9781484264119.jpg","書籍簡介":"\r\n\r\nExplore the architecture, product offerings, and the various stages of implementation processes in Azure DevOps. The book starts with the basic concepts of DevOps and moves on to discuss project management in Azure DevOps. Next, you will learn requirement management and version control in DevOps. Along the way, you will go through test management followed by continuous integration and build automation with more details on code quality and security implementations.  Moving forward, you will learn release pipeline and infrastructure as code implementation including ARM-based environment provisioning and execution. Finally, you'll cover DevOps architecture blueprints used for deploying your web applications to different platforms . After reading this book, you will be able to understand each stage of Azure DevOps and master its implementation.  What You Will Learn  Understand the various concepts of Azure DevOps Apply DevOps concepts in a variety of application contexts including web applications, containers, and database Understand the implementation of end-to-end DevOps in Azure Work with the different DevOps design patterns and architectures in Azure Who Is This Book For: Developers and architects working with Azure.\r\n\r\n"}
{"書名":"Python for Devops","書籍網站":"https:\/\/www.kingstone.com.tw\/\/basic\/203c011315351?zone=english&lid=search&actid=WISE&kw=DevOps&pi=0","作者":"Noah,Gift","出版社":"O'Reilly Media","ISBN":9781492057697,"圖片網址":"https:\/\/cdn.kingstone.com.tw\/english\/images\/product\/7697\/9781492057697.jpg","書籍簡介":"\r\n\r\nMuch has changed in technology over the past decade. Data is hot, the cloud is ubiquitous, and many organizations need some form of automation. Throughout these transformations, Python has become one of the most popular languages in the world. This practical resource shows you how to use Python for everyday Linux systems administration tasks with today's most useful DevOps tools, including Docker, Kubernetes, and Terraform.Learning how to interact and automate with Linux is essential for millions of professionals. Python makes it much easier. With this book, you'll learn how to develop software and solve problems using containers, as well as how to monitor, instrument, load-test, and operationalize your software. Looking for effective ways to \"get stuff done\" in Python? This is your guide.Python foundations, including a brief introduction to the languageHow to automate text, write command-line tools, and automate the filesystemLinux utilities, package management, build systems, monitoring and instrumentation, and automated testingCloud computing, infrastructure as code, Kubernetes, and serverlessMachine learning operations and data engineering from a DevOps perspectiveBuilding, deploying, and operationalizing a machine learning project\r\n                    \r\n"}
{"書名":"Python for DevOps|學習精準有效的自動化","書籍網站":"https:\/\/www.kingstone.com.tw\/\/basic\/2014713603913?zone=book&lid=search&actid=WISE&kw=DevOps&pi=0","作者":"Grig Gheorghiu","出版社":"歐萊禮    ","ISBN":9789865026073,"圖片網址":"https:\/\/cdn.kingstone.com.tw\/book\/images\/product\/20147\/2014713603913\/2014713603913b.jpg","書籍簡介":"\r\n\r\n「搭配進階的課程，對Python提供極佳的介紹。透過這個課程了解如何應用Python到對現今軟體發展具有重要性的所有技術領域之中。」 —Jeremy Yabrow Director of Engineering, BeyondView, Inc. 「你將遠離如尋寶般的探索，獲得能協助你改善DevOps實踐的新知和技術。」 —Wes Novack Systems Architect, Pluralsight 在過去的十年裡，科技領域有許多事情發生改變。炙手可熱的資料科學、無所不在的雲端科技和許多組織需要某種方式的自動化。經歷這些轉變，Python已經成為世界上最受歡迎的語言之一。這本基於實務的技術指南將為你展示如何利用Python並與目前最有用的DevOps工具(包括Docker、Kubernetes和Terraform)結合，來處理日常Linux系統的管理與維護任務。 對於眾多的專家來說，學習如何操作Linux及自動化是十分重要的。Python讓這些事變得更為簡單。透過本書，你將學會如何開發軟體和解決使用容器的問題，當然還包括了如何設置監控與監測、進行負載測試和運維你的軟體。如何有效的使用Python「讓事情被完成」？以下是獻給你的指南。 ‧Python基礎知識，包含語言的介紹 ‧如何自動發送訊息、實作命令列工具和自動化檔案系統管理 ‧Linux工具集、套件管理、建構系統、監控與監測和自動化測試 ‧雲計算、基礎設施即程式碼、Kubernetes和無伺服器架構 ‧從DevOps觀點出發，進行機器學習和資料工程 ‧建構、部署和維運機器學習專案\r\n                    \r\n"}
{"書名":"Aws Certified Devops Engineer Professional All-In-One-Exam Guide (Exam Dop-C01)","書籍網站":"https:\/\/www.kingstone.com.tw\/\/basic\/203c002395772?zone=english&lid=search&actid=WISE&kw=DevOps&pi=0","作者":"Sam,Alapati","出版社":"McGraw-Hill ","ISBN":9781260461374,"圖片網址":"https:\/\/cdn.kingstone.com.tw\/english\/images\/product\/1374\/9781260461374.jpg","書籍簡介":"\r\n\r\nPublisher's Note: Products purchased from Third Party sellers are not guaranteed by the publisher for quality, authenticity, or access to any online entitlements included with the product.This effective study resource offers 100% coverage of all of the objectives for the AWS Certified DevOps Engineer exam Take the challenging AWS Certified DevOps Engineer exam with confidence using the detailed information contained in this self-study guide. Written by an AWS expert, the book provides comprehensive, real-world instruction for AWS system administrators, system architects, DevOps professionals, and developers. Designed to help you pass the exam with ease, the guide also serves as an ideal on-the-job reference.AWS Certified DevOps Engineer All-in-One Exam Guide (Exam DOP-C01) shows how to develop, deploy, and maintain robust applications on AWS. To aid in study, each chapter includes exam tips, chapter summaries, and practice exam questions that simulate those on the actual test. You will get hands-on exercises as well as \"Notes,\" \"Tips,\" and \"Cautions\" that provide real-world insight and call out potentially harmful situations.- Covers every exam objective with detailed explanations and hands-on exercises throughout- Includes online access to 200+ practice exam questions in the Total Tester exam engine- Written by an Amazon Web Services professional and experienced author\r\n\r\n"}
{"書名":".Net Devops for Azure","書籍網站":"https:\/\/www.kingstone.com.tw\/\/basic\/203c103682194?zone=english&lid=search&actid=WISE&kw=DevOps&pi=0","作者":"Jeffrey,Palermo","出版社":"Apress      ","ISBN":9781484253427,"圖片網址":"https:\/\/cdn.kingstone.com.tw\/english\/images\/product\/3427\/9781484253427.jpg","書籍簡介":"\r\n\r\nUse this book as your one-stop shop for architecting a world-class DevOps environment with Microsoft technologies..NET DevOps for Azure is a synthesis of practices, tools, and process that, together, can equip a software organization to move fast and deliver the highest quality software. The book begins by discussing the most common challenges faced by developers in DevOps today and offers options and proven solutions on how to implement DevOps for your team.Daily, millions of developers use .NET to build and operate mission-critical software systems for organizations around the world. While the marketplace has scores of information about the technology, it is completely up to you to put together all the blocks in the right way for your environment.This book provides you with a model to build on. The relevant principles are covered first along with how to implement that part of the environment. And while variances in tools, language, or requirements will change the needed implementation, the DevOps model is the architecture for the working environment for your team. You can modify parts of the model to customize it to your enterprise, but the architecture will enable all of your teams and applications to accelerate in performance.What You Will LearnGet your .NET applications into a DevOps environment in AzureAnalyze and address the part of your DevOps process that causes delays or bottlenecksTrack code using Azure Repos and conduct acceptance testsApply the rules for segmenting applications into Git repositoriesUnderstand the different types of builds and when to use eachKnow how to think about code validation in your DevOps environmentProvision and configure environments; deploy release candidates across the environments in AzureMonitor and support software that has been deployed to a production environmentWho This Book Is For.NET Developers who are using or want to use DevOps in Azure but don't know where to begin  \r\n\r\n"}
{"書名":"Operations Anti-Patterns, Devops Solutions","書籍網站":"https:\/\/www.kingstone.com.tw\/\/basic\/203c011379465?zone=english&lid=search&actid=WISE&kw=DevOps&pi=0","作者":"Jeffery D,Smith","出版社":"Manning Publications","ISBN":9781617296987,"圖片網址":"https:\/\/cdn.kingstone.com.tw\/english\/images\/product\/6987\/9781617296987.jpg","書籍簡介":"\r\n\r\nOperations Anti-Patterns, DevOps Solutions shows how to implement DevOps techniques in the kind of imperfect environments most developers work in. Part technology tutorial, part reference manual, and part psychology handbook, this practical guide shows you realistic ways to bring DevOps to your team when you don't have the flexibility to make sweeping changes in organizational structure. Summary Operations Anti-Patterns, DevOps Solutions shows how to implement DevOps techniques in the kind of imperfect environments most developers work in. Part technology tutorial, part reference manual, and part psychology handbook, this practical guide shows you realistic ways to bring DevOps to your team when you don't have the flexibility to make sweeping changes in organizational structure.  Purchase of the print book includes a free eBook in PDF, Kindle, and ePub formats from Manning Publications.  About the technology To some extent, all organizations--even yours--suffer from poor development practices, garbled communications, and outdated legacy systems. The good news is DevOps can help you improve your processes. First, however, you'll need to recognize the core issues holding you back. This book empowers you to deliver DevOps with limited resources while navigating the office politics and entrenched mindsets that are all too common in actual workplaces.  About the book Operations Anti-Patterns, DevOps Solutions offers clear steps for transforming development and communication. Using jargon-free language, this book describes incremental techniques that pay off immediately. Streamline your workflow, manage unplanned time, and build operational metrics. Whatever your issues, this book holds the keys to organizational success.  What's inside  Turn failure into opportunity Drive change through culture Break down knowledge silos Settle middle management turf wars About the reader For team leaders and managers.  About the author Jeffery D. Smith has been in the technology industry for over 15 years. He has managed DevOps transformations at the ad-tech firm Centro and the online ordering platform Grubhub. Table of Contents  1 The DevOps ingredients 2 The paternalist syndrome 3 Operational blindness 4 Data instead of information 5 Quality as a condiment 6 Alert fatigue 7 The empty toolbox 8 Off-hour deployments 9 Wasting a perfectly good incident 10 Information hoarding: Only Brent knows 11 Culture by decree 12 Too many yardsticks\r\n                    \r\n"}
{"書名":"Kubernetes－ A Complete DevOps Cookbook","書籍網站":"https:\/\/www.kingstone.com.tw\/\/basic\/203c004603139?zone=english&lid=search&actid=WISE&kw=DevOps&pi=0","作者":"Karslioglu,Murat","出版社":"Packt       ","ISBN":9781838828042,"圖片網址":"https:\/\/cdn.kingstone.com.tw\/english\/images\/product\/8042\/9781838828042.jpg","書籍簡介":"\r\n\r\nKubernetes is a popular open source orchestration platform for managing containers in a cluster environment. With this Kubernetes cookbook, you'll learn how to implement Kubernetes using a recipe-based approach. The book will prepare you to create highly available Kubernetes clusters on multiple clouds such as Amazon Web Services (AWS), Google Cloud Platform (GCP), Azure, Alibaba, and on-premises data centers. Starting with recipes for installing and configuring Kubernetes instances, you'll discover how to work with Kubernetes clients, services, and key metadata. You'll then learn how to build continuous integration\/continuous delivery (CI\/CD) pipelines for your applications, and understand various methods to manage containers. As you advance, you'll delve into Kubernetes' integration with Docker and Jenkins, and even perform a batch process and configure data volumes. You'll get to grips with methods for scaling, security, monitoring, logging, and troubleshooting. Additionally, this book will take you through the latest updates in Kubernetes, including volume snapshots, creating high availability clusters with kops, running workload operators, new inclusions around kubectl and more. By the end of this book, you'll have developed the skills required to implement Kubernetes in production and manage containers proficiently. What you will learn Deploy cloud-native applications on Kubernetes Automate testing in the DevOps workflow Discover and troubleshoot common storage issues Dynamically scale containerized services to manage fluctuating traffic needs Understand how to monitor your containerized DevOps environment Build DevSecOps into CI\/CD pipelines Who this book is for ﻿This Kubernetes book is for developers, IT professionals, and DevOps engineers and teams who want to use Kubernetes to manage, scale, and orchestrate applications in their organization. Basic understanding of Kubernetes and containerization is necessary.\r\n                    \r\n"}
{"書名":"Python × Network一拍即合：自動化、程式化和DevOps 的一站式解決方案","書籍網站":"https:\/\/www.kingstone.com.tw\/\/basic\/2013120555426?zone=book&lid=search&actid=WISE&kw=DevOps&pi=0","作者":"Eric Chou (周君逸)","出版社":"博碩文化  ","ISBN":9789864345021,"圖片網址":"https:\/\/cdn.kingstone.com.tw\/book\/images\/product\/20131\/2013120555426\/2013120555426b.jpg","書籍簡介":"\r\n\r\n\r\n\t基礎設施中的網路（Networks）是應用程式部署、維護和服務的基石。Python則是網路工程師探索自動化領域的理想語言。如果你是沒有程式設計基礎的網路工程師，或者你是想要了解網路管理的開發人員，本書將一步步帶領你使用Python進行網路自動化、程式化和資料分析，讓你在雲端世界中獲得更多的機會與挑戰。\r\n\r\n\t暢銷書《Mastering Python Networking》的最新修訂版，由作者本人親自翻譯成繁體中文，所有範例皆更新至最新的Python 3。除了新增Elastic Stack網路資料分析與Azure等內容之外，本書也介紹許多熱門且實用的Python函式庫，例如：pyATS、Nornir和Ansible 2.8。結合範例解說，作者將陪你踏上充實的Python學習之旅，讓你搖身一變成為優秀的網路工程師，迎戰新一波網路變革的浪潮。\r\n\r\n\t本書從Python的基本概念開始講解。你將了解Python是如何與舊設備以及網路設備中的API進行互動的。你將學習如何使用高階的Python套件和框架來執行網路自動化任務、監控、管理以及增強網路的安全性。本書也將介紹Azure和AWS。最後，你將使用Jenkins進行持續整合，並使用測試工具來驗證你的網路。\r\n\r\n在這本書中，你將學到：\r\n\t・使用Python函式庫與你的網路進行互動\r\n\t・教你使用Ansible 2.8管理Cisco、Juniper和Arista網路設備\r\n\t・利用Flask Web框架建構高階API\r\n\t・了解如何在AWS和Azure雲端中建置虛擬網路\r\n\t・了解如何使用Elastic Stack進行網路資料分析\r\n\t・了解如何使用Jenkins自動部署網路中的修改\r\n\t・最後以測試驅動開發（TDD）為基礎，使用PyTest和Unittest進行網路工程\r\n\r\n"}
{"書名":"DevOps Overture","書籍網站":"https:\/\/www.kingstone.com.tw\/\/basic\/203c004111182?zone=english&lid=search&actid=WISE&kw=DevOps&pi=0","作者":"Shawn D,Doyle","出版社":"Releaseteam Press","ISBN":9780578625805,"圖片網址":"https:\/\/cdn.kingstone.com.tw\/english\/images\/product\/5805\/9780578625805.jpg","書籍簡介":"\r\n\r\nThe new culture of software development, explained by a 30-year industry veteran.Over the last decade, more and more companies have adopted a new approach to software development called DevOps. But few people seem to understand what DevOps is--or how they might fit into a DevOps environment.DevOps Overture answers these questions. It begins with an overview of what software development methodologies came before DevOps and of the problems associated with those systems. It then explains what DevOps is and how it works to address these problems. Finally, it offers advice to anyone who wants to position themselves for a career in DevOps and warns of common pitfalls to avoid.Maybe your company has adopted DevOps, and you need to adjust to an Agile culture. Or perhaps your company hasn't adopted DevOps, and you want to either advocate for the change or to position yourself to switch to a company that has. Or maybe you want to become conversant in DevOps practices. Either way, DevOps Overture is for you.Shawn D. Doyle is a founder and CEO of ReleaseTEAM, Inc., a DevOps Consulting Firm, established in 1999. After serving in the US Army and Desert Storm, he has amassed nearly 30 years of software delivery experience, having worked with companies from midsized to Fortune 100 to solve their business-critical challenges. Shawn lives with his wife and three dogs in Colorado.Software is everywhere. DevOps makes better software. Here is where you start.\r\n                    \r\n"}
{"書名":"Mastering Salesforce Devops","書籍網站":"https:\/\/www.kingstone.com.tw\/\/basic\/203c911621611?zone=english&lid=search&actid=WISE&kw=DevOps&pi=0","作者":"Andrew,Davis","出版社":"Apress      ","ISBN":9781484254721,"圖片網址":"https:\/\/cdn.kingstone.com.tw\/english\/images\/product\/4721\/9781484254721.jpg","書籍簡介":"\r\n\r\nThis practical guide brings DevOps principles to Salesforce development. It fits together two major movements within the IT world: the movement to Software\/Platform as a Service (SaaS\/PaaS), and the DevOps movement. While SaaS and PaaS allow companies to invest in their core competencies rather than maintain their own infrastructure, the goal of DevOps is to optimize the process of delivering software innovation and value. The release of Salesforce DX in late 2017 unlocks the possibility of a true DevOps workflow on Salesforce. But DevOps is new to the Salesforce world and there is not a widespread understanding of its goals and methods, and so adoption of Salesforce DX is still in the early stages. Mastering Salesforce DevOps explains how to build a powerful and comprehensive DevOps workflow for Salesforce--allowing you to finally deploy the world's most innovative platform using the world's most effective and efficient techniques. It addresses the need for a comprehensive guide to DevOps for Salesforce, allowing teams to bring proven practices from the IT world to resolve the hardest problems facing Salesforce developers today. What You Will LearnImprove company performance and software delivery performance using Salesforce DXTranslate DevOps concepts into the unique language and practices of SalesforceUnderstand why and how you can implement Salesforce DX to achieve greater productivity and innovationEnable continuous delivery on SalesforceBuild packages and architect code so it can be deployed easilyAllow admins to participate in what has traditionally been a developer workflowKnow the techniques for reducing the stress and risk of deploymentApply the full range of automated tests that can be used on Salesforce     Who This Book Is for Salesforce developers, release managers, and those managing Salesforce development teams who need a guide to DevOps, and DevOps specialists who need to apply familiar concepts to Salesforce\r\n                    \r\n"}
{"書名":"Android TDD 測試驅動開發：從UnitTest、TDD到DevOps 實踐（iT邦幫忙鐵人賽系列書）","書籍網站":"https:\/\/www.kingstone.com.tw\/\/basic\/2013120549647?zone=book&lid=search&actid=WISE&kw=DevOps&pi=0","作者":"陳瑞忠","出版社":"博碩文化  ","ISBN":9789864344901,"圖片網址":"https:\/\/cdn.kingstone.com.tw\/book\/images\/product\/20131\/2013120549647\/2013120549647b.jpg","書籍簡介":"\r\n\r\n\r\n♛ 全台第一本屬於自己的 Android TDD！！！♛\r\n\r\n\r\nAPP 程式總是改壞？------ ☑ 用單元測試驗證正確性，再也不怕改錯！\r\n\tAPP 需求經常變更？------ ☑ TDD：紅燈、綠燈、重構，三步驟法則！\r\n\tAPP 人工作業耗時？------ ☑ 測試、部署自動化一次搞定！\r\n\r\n\t本書內容改編自第 11 屆 iT 邦幫忙鐵人賽，Mobile Development 組佳作網路系列文章──《Android TDD 測試驅動開發》，也是第一本完整介紹從 Android 單元測試、TDD到 DevOps 全面自動化的台灣本土專書。\r\n\r\n\t這是寫給 Android 開發者的測試及 TDD 入門書，為初學者量身設計。帶領你撰寫第一個單元測試，學會依賴注入及使用 Stub 與 Mock 的時機，最後實踐 TDD 測試驅動開發，讓你在寫測試之前先想清楚需求，在開發初期釐清如何設計。有了測試後還要能自動化，透過 CI 工具 Jenkins 進行自動測試與上架至 Google Play，儘可能的將人工作業都自動化，以達到持續整合及持續部署。\r\n\r\n精彩教學\r\n☑ 你將學會效率及品質兼具的開發方式\r\n\t♦ Kotlin 撰寫單元測試\r\n\t♦ 用依賴注入、Mock 框架來解 Android 的相依\r\n\t♦ 以 MVP、MVVM 架構提升可測試性\r\n\t♦ 在Android 實踐 TDD：紅燈、綠燈、重構\r\n\r\n☑ 你將學會 QA 所擅長的自動測試工具\r\n\t♦ Espresso 撰寫UI測試\r\n\t♦ Appium 撰寫測試\r\n\t♦ Cucumber 進行 BDD\r\n\r\n☑ 你將學會 DevOps 的關鍵自動化工具\r\n\t♦ Android App 的 DevOps\r\n\t♦ Jenkins CI 持續整合工具\r\n\t♦ 自動建置、測試、部署至 Google play\r\n\t♦ 在雲端測試\r\n\r\n"}
{"書名":"敏捷無敵之DevOps時代","書籍網站":"https:\/\/www.kingstone.com.tw\/\/basic\/2013120541221?zone=book&lid=search&actid=WISE&kw=DevOps&pi=0","作者":"王立傑、許舟平、姚冬","出版社":"深智數位  ","ISBN":9789865501235,"圖片網址":"https:\/\/cdn.kingstone.com.tw\/book\/images\/product\/20131\/2013120541221\/2013120541221b.jpg","書籍簡介":"\r\n\r\n\r\n\t敏捷開發一直是一個優良軟體團隊的最高指導原則，團隊軟體開發的SOP早已成形，大型企業無不使用Scrum作為標準。但知易行難，敏捷不同於一些經典軟體工程具有一套方法、流程和範本讓你可以去遵循和套用，它是由一系列實作方法組成，需要你根據實際場景和問題去選擇和應用，在自我實作的過程中不斷歸納和改進。\r\n\r\n\t本書以2008京奧的通訊產業為案例，以故事性的方式，把DevOps最精華的實作經驗完整描述。從Backlog、立會、Sprint基礎的開始，一直到燃盡圖、專案回顧等，小說般的情節，卻真正融入Scrum的技術理論。\r\n\r\n\t故事不止於此。在專案後續的動作上，持續整合(CI)是更重要的步驟。計劃撲克及精益軟體的追求，更是讓整個專案自動化的精神。另外在Docker、K8S的出現後、 DevOps的工作更是跨到了Operation。書中也提到DevSecOps的概念。\r\n\r\n\t這是一本融合理論、實踐以及故事情節的另類程式書，看起來是一部精彩的小說，實際上真的就是一個大型企業從頭到尾實踐Scrum的最成功案例。\r\n\r\n\t全書主題如下：\r\n\t●末日帝國，Agile公司的困境\r\n\t●重任在肩，如何打破人月神話\r\n\t●橄欖球與敏捷軟體開發\r\n\t●兵不厭詐：我們的第一次衝刺•\r\n\t●衝刺計畫最為關鍵\r\n\t●每日立會，不僅是站立\r\n\t●敏捷回顧，只為更進一步地衝\r\n\t●燃盡圖，進度與風險的指示器\r\n\t●團隊工作協定，高效協作的秘訣\r\n\t●持續整合，降低整合的痛苦\r\n\t●結對程式設計，你開車，我導航\r\n\t●背水一戰，客戶為先　\r\n\t●計畫撲克、相對估算與發佈規劃\r\n\t●精益軟體開發的精髓\r\n\t●擁抱變化，但不是隨意變化\r\n\t●提升團隊生產力的公式\r\n\t●有策略的測試自動化才會更高效\r\n\t●DoD，真正把事做完\r\n\t●跨團隊協作的SOS模式\r\n\t●分散式開發的喜與憂\r\n\t●大地震•\r\n\t●敏捷與反脆弱\r\n\t●餐館排隊與多專案管理\r\n\t●工作視覺化\r\n\t●WIP 與看板\r\n\t●打通任脈的影響地圖\r\n\t●打通督脈的使用者故事地圖\r\n\t●MVP與精益創業\r\n\t●規模化敏捷必須SAFe\r\n\t●敏捷發佈火車\r\n\t●程式賭場\r\n\t●駭客馬拉松\r\n\t●設計衝刺與閃電計畫\r\n\t●DevOps文化：信任、尊重與擔當\r\n\t●跨越敏捷與DevOps的鴻溝•1\r\n\t●灰階發佈與AB測試\r\n\t●持續發佈管線與運行維護可用性\r\n\t●熵減定律、演進式架構與技術債\r\n\t●樸素的DevOps價值觀\r\n\t●華麗的DevOps原則\r\n\t●超越DevOps，更要DevSecOps\r\n\t●化繭成蝶，打造極致用戶體驗\r\n\t●極限製造\r\n\t●無敵的戴烏奧普斯\r\n\r\n\t適合讀者群：軟體開發者、互聯網相關從業者、IT產業新兵，或資深技術管理者。\r\n\r\n本書特色\r\n\r\n\t◎描繪出精益敏捷到DevOps發展脈絡\r\n\t◎融合理論、實踐及故事情節的另類程式書\r\n\r\n"}
{"書名":"Accelerated DevOps with AI, ML & RPA","書籍網站":"https:\/\/www.kingstone.com.tw\/\/basic\/203c101306321?zone=english&lid=search&actid=WISE&kw=DevOps&pi=0","作者":"Stephen,Fleming","出版社":"Ingram      ","ISBN":9781647130510,"圖片網址":"https:\/\/cdn.kingstone.com.tw\/english\/images\/product\/0510\/9781647130510.jpg","書籍簡介":"\r\n\r\nWhat comes to your mind after reading the below statements from a renowned industry research firm?  It is predicted that a large enterprise exclusive use of AIOps and digital experience monitoring tools to monitor applications and infrastructure will rise from 5% in 2018 to 30% in 2023. Also, Only 47% of machine learning models are making it into production (Comes MLOPS!)  Do you have similar thoughts?  Is it just a new Buzzword or repackaging of the existing system? If it's for real, how is it going to impact the Business\/Industry? How my business or job would get impacted? If it has just started, how can I leverage from wherever I am? Which are the major players\/startups in this area?  Depending on your role, it may be useful for you to know about AIOPS & MLOPS:   If you are a Business Consultant trying to make the system more efficient and profitable, reaping the benefits of Automation in your application development process If you are a Technology Consultant and want to make your operation more Agile, Automated and easily deployable If you are a Technology Professional looking for a role in these upcoming areas to be an early adopter in your organization or just starting your career and want to understand the ecosystem If you are from HR or Training field and want to understand the job\/Training requirements for these upcoming roles   Beyond the apparent hustle and bustle of buzzwords and nomenclature every year, I genuinely believe that AI would drastically change the software development and deployment model in the next two years, and all these new startups would drive this change.  It's astonishing how fast this cycle is moving. Especially for us who had seen the world before the internet came into our daily lives!! This book is my attempt to update you on the unfolding story of AIOPS and MLOPS as \"story till now. \"  So here is to our Continuous Learning and Progress! Cheers. \r\n\r\n"}
{"書名":"Devops in Python","書籍網站":"https:\/\/www.kingstone.com.tw\/\/basic\/203c905118654?zone=english&lid=search&actid=WISE&kw=DevOps&pi=0","作者":"Zadka, Moshe","出版社":"Apress      ","ISBN":9781484244326,"圖片網址":"https:\/\/cdn.kingstone.com.tw\/english\/images\/product\/4326\/9781484244326.jpg","書籍簡介":"\r\n\r\nExplore and apply best practices for efficient application deployment. This book draws upon author Moshe Zadka's years of Dev Ops experience and focuses on the parts of Python, and the Python ecosystem, that are relevant for DevOps engineers. You'll start by writing command-line scripts and automating simple DevOps-style tasks. You'll then move on to more advanced cases, like using Jupyter as an auditable remote-control panel, and writing Ansible and Salt extensions. This work also covers how to use the AWS API to manage cloud infrastructure, and how to manage Python programs and environments on remote machines.Python was invented as a systems management language for distributed operating systems, which makes it an ideal tool for DevOps. ​Assuming a basic understanding of Python concepts, this book is perfect for engineers who want to move from operations\/system administration into coding. What You'll LearnUse third party packages and create new packagesCreate operating system management and automation code in PythonWrite testable code, and testing best practicesWork with REST APIs for web clientsWho This Book Is ForJunior or intermediate sysadmin who has picked up some bash and Python basics.\r\n\r\n"}
{"書名":"Engineering Devops","書籍網站":"https:\/\/www.kingstone.com.tw\/\/basic\/203c003202087?zone=english&lid=search&actid=WISE&kw=DevOps&pi=1","作者":"Hornbeek,Marc","出版社":"Bookbaby","ISBN":9781543989618,"圖片網址":"https:\/\/cdn.kingstone.com.tw\/english\/images\/product\/9618\/9781543989618.jpg","書籍簡介":"\r\n\r\nThis book is organized as an engineering reference guide for DevOps, presented in five parts as follows: Part I: What Is Engineering DevOps and Why Is It Important? is organized into three chapters. Chapter 1, \"What is Engineering DevOps?,\" explains engineering concepts and terms used in this book that have proven to work with many clients I have encountered during my consulting experiences. My depiction of a DevOps Engineering Blueprint is presented for as a useful, practical \"big-picture\" reference for discussing engineering the major parts of DevOps. Chapter 2, \"Nine Pillars of DevOps,\" describes a classification of DevOps practices that I have found to be useful characterization of DevOps engineering practices that can be readily applied when engineering DevOps implementations. Chapter 3, \"Why Is Engineering DevOps Important?,\" explains the benefits of taking an engineering approach to engineering DevOps. Part II: Engineering People, Processes and Technologies for DevOps provides a comprehensive explanation of recommended engineering practices for the higher levels of the DevOps Engineering Blueprint. DevOps transformations are not normally understood or applied using strict engineering principles. Engineering practices are presented in nine chapters as follows: \"How Should DevOps Be Engineered?\" includes a discussion of DevOps Engineering Maturity Levels for each of the Three Dimensions (People, Process, and Technology), Twenty-Seven DevOps Engineering Critical Success Factors, and Lean DevOps Value-Stream Pipeline Engineering. I describe recommended engineering practices for the top layers of the DevOps Engineering Blueprint in the next chapters, which include \"Value-Stream Management (VSM),\" \"Application Release Automation (ARA),\" \"Version Management,\" \"Continuous Security (a.k.a. DevSecOps),\" \"Service Catalog,\" \"Governance,\" \"Site Reliability Engineering (SRE),\" \"Disaster Mitigation,\" and \"Recovery.\" Part III: Engineering Applications, Pipelines, and Infrastructures Engineered for DevOps provides a comprehensive explanation of recommended engineering practices for the lower levels of the DevOps Engineering Blueprint, presented in six chapters as follows: \"DevOps Applications Engineering,\" \"CI\/CD Pipelines Engineering,\" \"Elastic Infrastructure Engineering,\" \"Continuous Test Engineering,\" \"Continuous Monitoring Engineering,\" and \"Continuous Delivery and Deployment Engineering.\"Part IV: DevOps Seven-Step Transformation Engineering Blueprint provides a description and tools for my approach to realize and evolve DevOps. The seven steps are Visioning, Alignment, Assessment, Solution Engineering, Realization, Operationalize, and Expansion. By using these tools, DevOps leaders and practitioners can create, implement, operate, and expand their DevOps across the organization. The chapter goes further to explain how to evolve DevOps from a successful First Way DevOps (Continuous Flow) towards realizing more advanced Second Way (Continuous Feedback) and Third Way (Continuous Improvement) DevOps implementations. This part includes a discussion of \"Beyond Continuous Improvement\"--a look at emerging technologies that are shaping DevOps in the future and how you can prepare your DevOps and yourself for the future. This part includes a discussion of how to set up an effective DevOps engineering training program that supports continuous learning of DevOps engineering skills needed to maintain and enhance DevOps.Part V: Appendices, Continuous Learning, and References includes materials and sources that I have found most useful for engineering DevOps.\r\n                    \r\n"}
{"書名":"DevOps三十六計","書籍網站":"https:\/\/www.kingstone.com.tw\/\/basic\/2014713572509?zone=book&lid=search&actid=WISE&kw=DevOps&pi=1","作者":"DevOps時代社區","出版社":"碁峰資訊  ","ISBN":9789865020330,"圖片網址":"https:\/\/cdn.kingstone.com.tw\/book\/images\/product\/20147\/2014713572509\/2014713572509b.jpg","書籍簡介":"\r\n\r\n新型的DevOps涵蓋了從需求提出到軟體發佈的整個軟體生命週期，是產品設計、專案管理、開發、測試和營運效率提升的必經之路，許多大型企業已經做了很多探索，並將相關技能規範化、文件化、工具化、自動化甚至智慧化。遺憾的是，這些寶貴經驗往往僅在團隊或公司內部分享，很多中小公司還在重複走著大公司走過的彎路。 本書集結了40位業界專家的經驗分享，從精實、敏捷、開發、測試、維運、架構、安全等各個方面分享他們在實務運作上多年的心得，希望能夠幫助技術人員避免無謂的重複錯誤與摸索，將心力聚焦於工作目標與可以創造收益的產出。\r\n                    \r\n"}
{"書名":"持續交付2.0：實務導向的DevOps","書籍網站":"https:\/\/www.kingstone.com.tw\/\/basic\/2013120523951?zone=book&lid=search&actid=WISE&kw=DevOps&pi=1","作者":"喬梁","出版社":"博碩文化  ","ISBN":9789864344390,"圖片網址":"https:\/\/cdn.kingstone.com.tw\/book\/images\/product\/20131\/2013120523951\/2013120523951b.jpg","書籍簡介":"\r\n\r\n\r\n\t本書是針對《Continuous Delivery中文版：利用自動化的建置、測試與部署完美創造出可信賴的軟體發佈》所撰寫的2.0版。它「重新定義」了持續交付，增補了組織管理和架構兩個維度，輔助以真實案例，對諸多持續交付的原則和實踐加以解讀，並對持續交付過程中的取捨原則加以論述。\r\n\r\n\t本書分三個部分。第一部分作者根據自己近十年的工作及諮詢經歷，不斷總結、提煉和反思，對原有的持續交付進行了修正，重新定義持續交付為實作戰略目標的能力，並引入持續交付的能力模型；第二部分闡述打造持續交付能力所需遵守的原則，包括基礎原則、組織原則和架構原則；第三部分透過多個網際網路公司案例的解讀，闡述如何根據目前的狀況加以運用原則，並對最佳實踐進行取捨，快速達到組織能力目標。\r\n\r\n\t本書適合大型網際網路公司的技術VP、技術負責人，中小型網際網路公司的CTO、技術VP、研發\/測試\/維運負責人、主管，以及組織變革者閱讀。\r\n\r\n大師推薦\r\n\r\n\t喬梁曾與各類組織合作，幫助它們實施持續交付並實作其效益。我想不出比喬梁更合適的人選，來寫一本關於如何根據實際經驗實作這些想法的書。希望本書的每位讀者都能在提高軟體交付能力的不斷嘗試中取得圓滿成功，並利用這種能力來建置更好的產品和服務，以及更快樂、更高效率的團隊。──Jez Humble《Continuous Delivery中文版》一書作者，DORA聯合創始人兼CTO\r\n\r\n\t本書是針對《Continuous Delivery中文版：利用自動化的建置、測試與部署完美創造出可信賴的軟體發佈》所撰寫的2.0版。它「重新定義」了持續交付，增補了組織管理和架構兩個維度，輔助以真實案例，對諸多持續交付的原則和實踐加以解讀，並對持續交付過程中的取捨原則加以論述。\r\n\r\n\t本書分三個部分。第一部分作者根據自己近十年的工作及諮詢經歷，不斷總結、提煉和反思，對原有的持續交付進行了修正，重新定義持續交付為實作戰略目標的能力，並引入持續交付的能力模型；第二部分闡述打造持續交付能力所需遵守的原則，包括基礎原則、組織原則和架構原則；第三部分透過多個網際網路公司案例的解讀，闡述如何根據目前的狀況加以運用原則，並對最佳實踐進行取捨，快速達到組織能力目標。\r\n\r\n\t本書適合大型網際網路公司的技術VP、技術負責人，中小型網際網路公司的CTO、技術VP、研發\/測試\/維運負責人、主管，以及組織變革者閱讀。\r\n\r\n大師推薦\r\n\r\n\t喬梁曾與各類組織合作，幫助它們實施持續交付並實作其效益。我想不出比喬梁更合適的人選，來寫一本關於如何根據實際經驗實作這些想法的書。希望本書的每位讀者都能在提高軟體交付能力的不斷嘗試中取得圓滿成功，並利用這種能力來建置更好的產品和服務，以及更快樂、更高效率的團隊。──Jez Humble《Continuous Delivery中文版》一書作者，DORA聯合創始人兼CTO\r\n\r\n"}
{"書名":"Devops for Dummies","書籍網站":"https:\/\/www.kingstone.com.tw\/\/basic\/203c812567369?zone=english&lid=search&actid=WISE&kw=DevOps&pi=1","作者":"Emily,Freeman","出版社":"For Dummies ","ISBN":9781119552222,"圖片網址":"https:\/\/cdn.kingstone.com.tw\/english\/images\/product\/2222\/9781119552222.jpg","書籍簡介":"\r\n\r\nDevelop faster with DevOps DevOps embraces a culture of unifying the creation and distribution of technology in a way that allows for faster release cycles and more resource-efficient product updating. DevOps For Dummies provides a guidebook for those on the development or operations side in need of a primer on this way of working. Inside, DevOps evangelist Emily Freeman provides a roadmap for adopting the management and technology tools, as well as the culture changes, needed to dive head-first into DevOps.  Identify your organization's needs Create a DevOps framework Change your organizational structure Manage projects in the DevOps world  DevOps For Dummies is essential reading for developers and operations professionals in the early stages of DevOps adoption.\r\n                    \r\n"}
{"書名":"Cloud Native Devops With Kubernetes","書籍網站":"https:\/\/www.kingstone.com.tw\/\/basic\/203c810206105?zone=english&lid=search&actid=WISE&kw=DevOps&pi=1","作者":"Arundel, John","出版社":"Oreilly &   ","ISBN":9781492040767,"圖片網址":"https:\/\/cdn.kingstone.com.tw\/english\/images\/product\/0767\/9781492040767.jpg","書籍簡介":"\r\n\r\nKubernetes is the operating system of the cloud native world, providing a reliable and scalable platform for running containerized workloads. In this friendly, pragmatic book, cloud experts John Arundel and Justin Domingus show you what Kubernetes can do--and what you can do with it.You'll learn all about the Kubernetes ecosystem, and use battle-tested solutions to everyday problems. You'll build, step by step, an example cloud native application and its supporting infrastructure, along with a development environment and continuous deployment pipeline that you can use for your own applications.Understand containers and Kubernetes from first principles; no experience necessaryRun your own clusters or choose a managed Kubernetes service from Amazon, Google, and othersUse Kubernetes to manage resource usage and the container lifecycleOptimize clusters for cost, performance, resilience, capacity, and scalabilityLearn the best tools for developing, testing, and deploying your applicationsApply the latest industry practices for security, observability, and monitoringAdopt DevOps principles to help make your development teams lean, fast, and effective\r\n                    \r\n"}
{"書名":"DevOps Handbook","書籍網站":"https:\/\/www.kingstone.com.tw\/\/basic\/203c102211479?zone=english&lid=search&actid=WISE&kw=DevOps&pi=1","作者":"Stephen,Fleming","出版社":"Stephen Fleming","ISBN":9781643701509,"圖片網址":"https:\/\/cdn.kingstone.com.tw\/english\/images\/product\/1509\/9781643701509.jpg","書籍簡介":"0"}
{"書名":"Effective DevOps：使用AWS快速入門","書籍網站":"https:\/\/www.kingstone.com.tw\/\/basic\/2013120497467?zone=book&lid=search&actid=WISE&kw=DevOps&pi=1","作者":"Nathaniel Felsen","出版社":"博碩文化  ","ISBN":9789864343744,"圖片網址":"https:\/\/cdn.kingstone.com.tw\/book\/images\/product\/20131\/2013120497467\/2013120497467b.jpg","書籍簡介":"\r\n\r\nDevOps文化的推行運動大幅改變了現今科技公司的工作型態。身為雲端運算革新的先驅，AWS雲端服務平台（AWS，Amazon Web Services）在這波DevOps運動當中扮演了重要的推手之一，提供五花八門的全受管服務項目，幫助你實踐DevOps文化的精神。本書將能幫助你深入了解，現今大多數成功的「新創事業」如何利用AWS雲端服務平台，部署並擴展他們的線上服務，並告訴你如何複製成功經驗。本書將會說明如何以程式化的方式管理基礎設施，這能讓你用「管理軟體程式的方式」來管理硬體資源。你也將學習如何建立一條持續整合以及持續部署的流水線，好讓應用服務追上更新進度。一旦掌握這些技術之後，我們將進一步告訴你如何利用「容器」這類最新技術的架構來擴展應用服務，讓服務即使面對尖峰流量的情境，都能在使用者面前展現最佳效能。我們還會介紹一系列廣為DevOps文化採用的AWS雲端服務平台工具，如CodeDeploy與CloudFormation。在這本書中，你將學到：・DevOps文化的重要特性，以及如何與AWS雲端服務結合・利用CloudFormation建立自動部署的AWS雲端服務實體・透過Ansible將應用服務部署到受管基礎設施・利用AWS雲端服務平台，建立可進行自動測試的「持續整合與持續部署流水線」・使用AWS ECS服務，將容器技術引入「持續整合與持續部署流水線」\r\n                    \r\n"}
{"書名":"Devops for Sharepoint","書籍網站":"https:\/\/www.kingstone.com.tw\/\/basic\/203c901385691?zone=english&lid=search&actid=WISE&kw=DevOps&pi=1","作者":"Medina, Oscar","出版社":"Apress      ","ISBN":9781484236871,"圖片網址":"https:\/\/cdn.kingstone.com.tw\/english\/images\/product\/6871\/9781484236871.jpg","書籍簡介":"\r\n\r\nDeploy a SharePoint farm in a repeatable, predictable, and reliable fashion using Infrastructure as Code (IaC) techniques to automate provisioning. Savvy IT pros will learn how to use DevOps practices and open source tools to greatly reduce costs, and streamline management operations for SharePoint farms deployed via Amazon Web Services (AWS), Azure, or on premise. DevOps for SharePoint will help you navigate the complex challenges of deploying and managing SharePoint Server farms. You will learn how to reduce time-consuming tasks and errors when generating development, testing, or production environments. And you will benefit from learning proven methods to apply Microsoft updates with minimal downtime and productivity loss. Whether you are a SharePoint architect, IT pro, or developer helping customers with the SharePoint platform, this book will teach you the most useful DevOps practices to tackle those issues and broaden your skill set.What You'll LearnUnderstand the basics of the most popular open source tools--Vagrant, Packer, Terraform, and Ansible--and how to use them in the context of deploying and scaling a SharePoint farmUse Vagrant to build SharePoint development environments in less than an hour, and add automated testingUse Packer to create a \"golden image\" with preconfigured settings, and then use it as the base image in your Terraform configuration for both AWS and Azure farmsUse Terraform to scale your SharePoint farm topologyUse Red Hat's Ansible Playbooks to perform configuration management on your farmUse Terraform to deploy immutable infrastructure environments using IaC (Infrastructure as Code)Use InSpec 2.0 to stay in compliance by testing your cloud infrastructureUse Ansible to apply Microsoft updates and patches Who This Book Is ForIT pros and developers who are looking to expand their knowledge and take a modern approach by using open source technologies to work with Microsoft products. Experience installing SharePoint, and a basic understanding of either Azure or AWS, is helpful.\r\n\r\n"}
{"書名":"Pro Devops With Google Cloud Platform","書籍網站":"https:\/\/www.kingstone.com.tw\/\/basic\/203c811353487?zone=english&lid=search&actid=WISE&kw=DevOps&pi=1","作者":"Riti, Pierluigi","出版社":"Apress      ","ISBN":9781484238967,"圖片網址":"https:\/\/cdn.kingstone.com.tw\/english\/images\/product\/8967\/9781484238967.jpg","書籍簡介":"\r\n\r\nUse DevOps principles with Google Cloud Platform (GCP) to develop applications and services. This book builds chapter by chapter to a complete real-life scenario, explaining how to build, monitor, and maintain a complete application using DevOps in practice.Starting with core DevOps concepts, continuous integration, and continuous delivery, you'll cover common tools including Jenkins, Docker, and Kubernetes in the context of a real microservices application to deploy in the cloud. You will also create a monitor for your cloud and see how to use its data to prevent errors and improve the stability of the system. By the end of Pro DevOps with Google Cloud Platform, you will be able to deploy, maintain, and monitor a real application with GCP. What You Will LearnBuild and deploy applications and services using DevOps on Google Cloud Platform Maintain a complete continuous integration (CI) and continuous delivery (CD) pipelineUse containerization with Docker and KubernetesCarry out CD with GCP and JenkinsCreate microservices with Jenkins, Docker, and KubernetesMonitor your newly deployed application and its deployment and performanceSet up security and manage your network with GCP Who This Book Is ForDevelopers and software architects who want to implement DevOps in practice. Some prior programming experience is recommended as well as a basic knowledge of a Linux command-line environment.\r\n                    \r\n"}
{"書名":"DevOps and Site Reliability Engineering (SRE) Handbook","書籍網站":"https:\/\/www.kingstone.com.tw\/\/basic\/203c108634599?zone=english&lid=search&actid=WISE&kw=DevOps&pi=1","作者":"Stephen,Fleming","出版社":"Ingram      ","ISBN":9781684542666,"圖片網址":"https:\/\/cdn.kingstone.com.tw\/english\/images\/product\/2666\/9781684542666.jpg","書籍簡介":"\r\n\r\nAre we doing DevOps or SRE?There are many blogs, videos, Quora posts discussing the similarities and differences in both the practices. SRE was developed by Google for internal consumption and overlaps with the DevOps culture and philosophy.Now Let's See a Definition of DevOps & SRE!- DevOps is more of an organizational culture which fills the gap between coder and the operation person and aligns them to the overall organizational goal.- SRE is what happens when a software engineer is entrusted with operations!This book explains both of them in length and also covers relevant case studies and success stories and implementation strategies.This book can be used by a beginner, Technology Consultant, Business Consultant and Project Manager and any member of the project team trying to figure out SRE & DevOps. The structure of the book is such that it answers the most asked questions about DevOps & SRE. It also covers the best and the latest case studies with benefits. Therefore, it is expected that after going through this book, you can discuss the topic with any stakeholder and take your agenda ahead as per your role.Here is your chance to dive into the DevOps & SRE role and know what it takes to be and implement best practices.The DevOps, Continuous Delivery and SRE movements are here to stay and grow, its time you to ride the wave!So, don't wait and take action!\r\n                    \r\n"}
{"書名":"Reinventing Itil in the Age of Devops","書籍網站":"https:\/\/www.kingstone.com.tw\/\/basic\/203c190381328?zone=english&lid=search&actid=WISE&kw=DevOps&pi=1","作者":"Kaiser, Abhinav Krishna","出版社":"Apress      ","ISBN":9781484239759,"圖片網址":"https:\/\/cdn.kingstone.com.tw\/english\/images\/product\/9759\/9781484239759.jpg","書籍簡介":"\r\n\r\nDelve into the principles of ITIL(R) and DevOps and examine the similarities and differences. This book re-engineers the ITIL framework to work in DevOps projects without changing its meaning and its original objectives, making it fit for purpose for use in DevOps projects. Reinventing ITIL(R) in the Age of DevOpsshows you the relevance of ITIL since the emergence of DevOps and puts a unique spin on the ITIL service management framework. Along the way you will see that ITIL is a mature service management framework and years of maturity will be lost if it's made invalid. The ideas, recommendations, and solutions provided in Reinventing ITIL in the Age of DevOps can be leveraged in order to readily develop solutions or create proposals for clients. The ideas in this book can be further expanded to deliver seamless services to DevOps projects. What You Will LearnDiscover the basics of ITIL and DevOpsCompare ITIL and DevOpsUnderstand the structure of a DevOps organization and adapt the ITIL roles to this structureRe-engineer ITIL for DevOps projectsImplement major processes such as incident management, configuration management, and change management processes in DevOps projectsAutomate activities within processesWho This Book Is For Consultants, business analysts, administrators, and project managers who are looking for more information about Dynamics 365.\r\n\r\n"}
{"書名":"DevOps Handbook中文版|打造世界級技術組織的實踐指南","書籍網站":"https:\/\/www.kingstone.com.tw\/\/basic\/2014713575715?zone=book&lid=search&actid=WISE&kw=DevOps&pi=1","作者":"Gene Kim","出版社":"碁峰資訊  ","ISBN":9789865020941,"圖片網址":"https:\/\/cdn.kingstone.com.tw\/book\/images\/product\/20147\/2014713575715\/2014713575715b.jpg","書籍簡介":"\r\n\r\n透過DevOps實踐提升獲利能力，精進工作文化，增加生產力 技術的有效管理比以往任何時候都對企業的競爭力至關重要。幾十年來，技術領導者一直在努力平衡敏捷性、可靠性和安全性。失敗的後果從來沒有這麼嚴重過——無論是醫保網站崩潰、持卡人數據洩露，還是錯失了雲計算大數據的良機。然而，使用DevOps原則（如Google、Amazon、Facebook、Etsy和Netflix）的開發人員，每天會將程式部署到產品中數百次，甚至數千次，而且是常規且可靠的。 本書沿襲了《鳳凰計畫》的精神，說明如何統合產品管理、開發、QA、IT管理與資訊安全，進而讓您的公司得以獲得提升，在市場中脫穎而出。\r\n                    \r\n"}
{"書名":"Effective DevOps中文版","書籍網站":"https:\/\/www.kingstone.com.tw\/\/basic\/2014713551733?zone=book&lid=search&actid=WISE&kw=DevOps&pi=1","作者":"Jennifer Davis- Ryn Daniels","出版社":"歐萊禮    ","ISBN":9789864767793,"圖片網址":"https:\/\/cdn.kingstone.com.tw\/book\/images\/product\/20147\/2014713551733\/2014713551733b.jpg","書籍簡介":"\r\n\r\n有些企業認為導入devops即意味著你必須引入各種專業人士或大量的新工具。但透過這本實用的指南，你將會了解為什麼devops是一場兼具專業知識及文化的運動，並且必須從組織的內部發起這場組織變革。本書提供了數種方法，幫助我們改善團隊協作、創造團隊之間的親和力、促進企業能更有效率地善用工具，並且幫助你在組織經歷重要轉折點時，擴展對於組織有助益的各項事物。 Devops強調藉由持續改善來打破組織內的訊息穀倉、監控關係，並且修復團隊之間產生的各種誤解。本書提出了多項可行的策略，無論你在組織內擔任何種層級的角色，都可以運用這些策略，為你所處的環境帶來各種長遠持久的轉變。 ．探索devops的基礎，並學習effective devops的四大主軸。 ．促進團隊協作，幫助人們得以彼此合作並建構長遠、持久的互動關係。 ．在不同目標或指標之間取得平衡，同時建立團隊間的親和力。 ．藉由挑選並導入與你組織相輔相成的工具及工作流程，令組織文化的變革更加迅速。 ．為組織整個生命週期中，可能會出現的常見問題及誤解提供疑難排解。 ．從各個組織及人們的案例研究中學習，更深入認識專屬於你的devops旅程。 Jennifer Davis是Chef的軟體工程師，負責開發開源軟體，藉此幫助人們可以更簡便地建立並管理基礎架構。她也是Coffeeops的創辦人，透過協作、合作，幫助人們建立各式各樣的社群。 Ryn Daniels是Etsy的資深維運工程師，專注於監控、組態管理和維運工具的開發。她也協助主辦社群活動「Ladies Who Linux in New York」和「devopsdays NYC」。 「本書針對人為因素進行了廣泛且深入的探究，任何想要建立高績效技術團隊或組織的主管都應該閱讀本書。」 ——Jez Humble, 《Continuous Delivery》和《Lean Enterprise》共同作者 「這是一本令人驚豔的書籍，裡頭匯集眾多devops相關內容。而DevOps正是自敏捷宣言面世以來，針對技術性工作最巨大的一場轉變。」 ——Mandi Walls, Chef技術社群經理及《Building a DevOps Culture》作者 「唯有專注於人及其所需的互動，才能夠造就卓越。針對組織內任何層級的每一個角色，本書都能提供值得學習參考之處。」 ——Gene Kim, 《鳳凰專案》共同作者\r\n                    \r\n"}
{"書名":"Devops With Openshift","書籍網站":"https:\/\/www.kingstone.com.tw\/\/basic\/203c708568177?zone=english&lid=search&actid=WISE&kw=DevOps&pi=1","作者":"Picozzi, Stefano","出版社":"Oreilly &   ","ISBN":9781491975961,"圖片網址":"https:\/\/cdn.kingstone.com.tw\/english\/images\/product\/5961\/9781491975961.jpg","書籍簡介":"\r\n\r\nFor many organizations, a big part of DevOps' appeal is software automation using infrastructure-as-code techniques. This book presents developers, architects, and infra-ops engineers with a more practical option. You'll learn how a container-centric approach from OpenShift, Red Hat's cloud-based PaaS, can help your team deliver quality software through a self-service view of IT infrastructure.Three OpenShift experts at Red Hat explain how to configure Docker application containers and the Kubernetes cluster manager with OpenShift's developer- and operational-centric tools. Discover how this infrastructure-agnostic container management platform can help companies navigate the murky area where infrastructure-as-code ends and application automation begins.Get an application-centric view of automation--and understand why it's importantLearn patterns and practical examples for managing continuous deployments such as rolling, A\/B, blue-green, and canaryImplement continuous integration pipelines with OpenShift's Jenkins capabilityExplore mechanisms for separating and managing configuration from static runtime softwareLearn how to use and customize OpenShift's source-to-image capabilityDelve into management and operational considerations when working with OpenShift-based application workloadsInstall a self-contained local version of the OpenShift environment on your computer\r\n                    \r\n"}
{"書名":"The Devops Adoption Playbook","書籍網站":"https:\/\/www.kingstone.com.tw\/\/basic\/203c611965242?zone=english&lid=search&actid=WISE&kw=DevOps&pi=1","作者":"Sharma, Sanjeev","出版社":"Ingram      ","ISBN":9781119308744,"圖片網址":"https:\/\/cdn.kingstone.com.tw\/english\/images\/product\/8744\/9781119308744.jpg","書籍簡介":"\r\n\r\nAchieve streamlined, rapid production with enterprise-level DevOps Awarded DevOps 2017 Book of the Year, The DevOps Adoption Playbook provides practical, actionable, real-world guidance on implementing DevOps at enterprise scale. Author Sanjeev Sharma heads the DevOps practice for IBM; in this book, he provides unique guidance and insight on implementing DevOps at large organizations. Most DevOps literature is aimed at startups, but enterprises have unique needs, capabilities, limitations, and challenges; \"DevOps for startups\" doesn't work at this scale, but the DevOps paradigm can revolutionize enterprise IT. Deliver high-value applications and systems with velocity and agility by adopting the necessary practices, automation tools, and organizational and cultural changes that lead to innovation through rapid experimentation. Speed is an advantage in the face of competition, but it must never come at the expense of quality; DevOps allows your organization to keep both by intersecting development, quality assurance, and operations. Enterprise-level DevOps comes with its own set of challenges, but this book shows you just how easily they are overcome. With a slight shift in perspective, your organization can stay ahead of the competition while keeping costs, risks, and quality under control.  Grasp the full extent of the DevOps impact on IT organizations Achieve high-value innovation and optimization with low cost and risk Exceed traditional business goals with higher product release efficiency Implement DevOps in large-scale enterprise IT environments  DevOps has been one of IT's hottest trends for the past decade, and plenty of success stories testify to its effectiveness in organizations of any size, industry, or level of IT maturity, all around the world. The DevOps Adoption Playbook shows you how to get your organization on board so you can slip production into the fast lane and innovate your way to the top.\r\n                    \r\n"}
{"書名":"Effective Devops","書籍網站":"https:\/\/www.kingstone.com.tw\/\/basic\/203c160308032?zone=english&lid=search&actid=WISE&kw=DevOps&pi=1","作者":"Davis, Jennifer","出版社":"Oreilly &   ","ISBN":9781491926307,"圖片網址":"https:\/\/cdn.kingstone.com.tw\/english\/images\/product\/6307\/9781491926307.jpg","書籍簡介":"\r\n\r\nSome companies think that adopting devops means bringing in specialists or a host of new tools. With this practical guide, you'll learn why devops is a professional and cultural movement that calls for change from inside your organization. Authors Ryn Daniels and Jennifer Davis provide several approaches for improving collaboration within teams, creating affinity among teams, promoting efficient tool usage in your company, and scaling up what works throughout your organization's inflection points.Devops stresses iterative efforts to break down information silos, monitor relationships, and repair misunderstandings that arise between and within teams in your organization. By applying the actionable strategies in this book, you can make sustainable changes in your environment regardless of your level within your organization.Explore the foundations of devops and learn the four pillars of effective devopsEncourage collaboration to help individuals work together and build durable and long-lasting relationshipsCreate affinity among teams while balancing differing goals or metricsAccelerate cultural direction by selecting tools and workflows that complement your organizationTroubleshoot common problems and misunderstandings that can arise throughout the organizational lifecycleLearn from case studies from organizations and individuals to help inform your own devops journey\r\n                    \r\n"}
{"書名":"The DevOps 2.1 Toolkit","書籍網站":"https:\/\/www.kingstone.com.tw\/\/basic\/203c704103359?zone=english&lid=search&actid=WISE&kw=DevOps&pi=1","作者":"Farcic, Viktor","出版社":"Ingram      ","ISBN":9781542468916,"圖片網址":"https:\/\/cdn.kingstone.com.tw\/english\/images\/product\/8916\/9781542468916.jpg","書籍簡介":"0"}
{"書名":"Devops","書籍網站":"https:\/\/www.kingstone.com.tw\/\/basic\/203c501127399?zone=english&lid=search&actid=WISE&kw=DevOps&pi=1","作者":"Bass, Len","出版社":"Addison-Wesl","ISBN":9780134049847,"圖片網址":"https:\/\/cdn.kingstone.com.tw\/english\/images\/product\/9847\/9780134049847.jpg","書籍簡介":"0"}
{"書名":"Devops for Vmware Administrators","書籍網站":"https:\/\/www.kingstone.com.tw\/\/basic\/203c406126863?zone=english&lid=search&actid=WISE&kw=DevOps&pi=1","作者":"Roberts, Trevor, Jr.","出版社":"Prentice H  ","ISBN":9780133846478,"圖片網址":"https:\/\/cdn.kingstone.com.tw\/english\/images\/product\/6478\/9780133846478.jpg","書籍簡介":"0"}
