{"書名":"時光旅人","書籍網站":"https:\/\/www.kingstone.com.tw\/\/basic\/2013300052707?zone=book&lid=book_class3_ecz&actid=book_class3_ecz","作者":"馬雷特、韓德森","出版社":"天下文化  ","ISBN":4713510942734.0,"圖片網址":"https:\/\/cdn.kingstone.com.tw\/book\/images\/product\/20133\/2013300052707\/2013300052707b.jpg","書籍簡介":"\r\n\r\n\r\n有些人的夢想很小，只要能出國度假，或擁有自己的房子，就心滿意足了，\r\n\t有些人的夢想比較大，他們想當國家領導人，或創一番大事業，\r\n\t但沒有人的夢想會比馬雷特還大，他要建造一部時光機，回到過去……\r\n\r\n\t一個沈默的小男孩從十歲起，就懷抱著一個夢：他要建造一部時光機器，搭乘它回到爸爸猝死之前，提醒爸爸要注意健康，並且說一句從來沒能親口對父親說的話：爸爸，我愛您。\r\n\r\n\t小男孩馬雷特本來有個幸福的家庭，勤奮愛家的爸爸是他的天，爸爸會陪他讀書，教他這世界上所有的事情，但就在慶祝完結婚十一週年的當晚，爸爸毫無預警的撒手人寰。\r\n\r\n\t爸爸不在了，小男孩很憂鬱，總是逃學、躲到家裡的地下室發呆，那是爸爸遺留下來的工具間。小男孩自暴自棄，絕望的思念爸爸，偶然讀了威爾斯的小說《時光機器》和愛因斯坦的相對論，便立下志願，要實現時光旅行的夢想。\r\n\r\n\t從科幻小說催生的夢想，是個可能會遭受訕笑的祕密，小男孩馬雷特懷著這不能說的祕密，走過坎坷成長路，終於成為物理教授馬雷特，有能力把畢生的夢想，以科學理論落實：他正著手打造全世界第一部理論上最可行的時光機器。\r\n\r\n"}
{"書名":"追光之旅：你所不知道的同步輻射","書籍網站":"https:\/\/www.kingstone.com.tw\/\/basic\/2013390017631?zone=book&lid=book_class3_ecz&actid=book_class3_ecz","作者":"許火順、林錦汝","出版社":"天下文化  ","ISBN":9789865252793.0,"圖片網址":"https:\/\/cdn.kingstone.com.tw\/book\/images\/product\/20133\/2013390017631\/2013390017631b.jpg","書籍簡介":"\r\n\r\n\r\n當一束光照在台灣這塊土地上\r\n\t乘載著科學夢想的種子，也開始萌芽成長\r\n\t開創未來新光源，帶領我們在科學領域中，無止境地探索\r\n\t從美食到音樂、從考古到創新、從蛛絲到晶圓製造\r\n\t帶你看見不一樣的世界\r\n\r\n\t本書從全球同步輻射發展概況開始，帶領讀者認識什麼是同步輻射，以及台灣的同步輻射發展歷程，乃至於亞洲第一座、世界第三座第三代同步光源如何在台灣誕生，並兼述多位秉持「成就不必在我」的先行者，一步步推動，使台灣光源、台灣光子源成為名副其實的「台灣之光」；最後，細數同步光源如何落實應用，成為驅動產業發展與文明進步的能量。\r\n\r\n\t我期待，台灣光源與台灣光子源可以成為更多科學家的科研利器，照亮遠方，探索更廣袤的未知世界，並造福人類社會。\r\n\t——李遠哲，中央研究院前院長\r\n\r\n\t藉由本書的介紹，我希望可以吸引更多對科學有興趣的讀者投入相關領域研究，也讓台灣各界更加重視基礎研究與關鍵技術的開發。\r\n\t——吳政忠，科技部部長\r\n\r\n"}
{"書名":"撞出希格斯粒子：深入史上最大實驗現場","書籍網站":"https:\/\/www.kingstone.com.tw\/\/basic\/2013390016979?zone=book&lid=book_class3_ecz&actid=book_class3_ecz","作者":"巴特沃斯","出版社":"貓頭鷹    ","ISBN":9789862623350.0,"圖片網址":"https:\/\/cdn.kingstone.com.tw\/book\/images\/product\/20133\/2013390016979\/2013390016979b.jpg","書籍簡介":"\r\n\r\n\r\n\t★★讓內行人帶領我們直探位在瑞士的尖端研究現場。\r\n\t這裡不僅孕育驚人的科學新發現，更是回饋全人類福祉的超級腦力發明工廠！\r\n\r\n\t◎2013諾貝爾物理學獎得主希格斯大力推薦\r\n\r\n\t「本書讓讀者身歷其境體驗何謂世界一流、最後也成功導致諾貝爾獎的科學研究。這種等級的研究，一生能夠碰到幾次呢？這是個不能錯過、值得一讀的精彩好故事。」\r\n\t──陳凱風（台大物理系教授）專文導讀、專業審定。\r\n\r\n\t★近二十年物理界最激勵人心的躍進\r\n\t希格斯粒子是什麼？它有什麼重要地位，使全世界的科學家都密切注意。台灣的物理菁英也不落人後，組團至瑞士參與這件科學盛事。這一切，又和你我每日生活有何關係？\r\n\t為了這行蹤飄忽的粒子，科學家決定通力合作，建造史上最大、最昂貴也最精密的儀器「大型強子對撞機」。這部耗資超過一百億瑞士法郎（相當三千億新台幣）的龐然大物，大部分藏在地底。在全長二十七公里，恰能繞台北市蛋黃區轉一圈的隧道裡，兩團粒子用接近光速正面對撞、撕裂四射。科學家是如何從瞬息的碰撞之中，鎖定希格斯粒子出沒的蛛絲馬跡？儀器為什麼又非得大、非得高能不可呢？\r\n\r\n\t★超難得，高能物理學行家完全導遊\r\n\t本書作者巴特沃斯教授，任職於這具儀器所在的歐洲核子研究機構，現身說法分享這場世紀大追尋中，整整六年之中，身為職業科學家的精采日常。\r\n\t例如，大型強子對撞機才剛上線試運轉，怎麼就「爆炸」了？微中子真的跑得比光速快嗎？對撞的超高能量有無可能創造出黑洞，摧毀地球？\r\n\t正如同大型強子對撞機被物理學家稱為「不會失敗的實驗」，閱讀本書也不會讓讀者空手而歸。讀著細細鋪陳的章節，我們會逐漸了解物理緊密相扣的的奧秘：希格斯粒子被發現的意義是什麼？它代表人類對宇宙的根本原理──物理學，已有多深的認識？目前我們離「大一統理論」還有多遠？一窺科學家心中，至於願意為之竭盡思慮、燃燒熱情的宏大願景。\r\n\r\n\t★科學的重要在於日常看得到\r\n\t利用這千載難逢的題材，作者除了談物理學的卓越勝利，也談科學與你我的緊密關聯。\r\n\t當許多科學家集合智力、齊聚追尋某些超難問題時，一些現今不可或缺的重要科技，就會不經意地「順便」被發明出來。伯納李爵士於1989年，便在歐洲核子研究機構創造了「全球資訊網」（WWW）的雛形，將我們帶進資訊時代。\r\n\t粒子對撞實驗產生驚人的數據流，相當於每秒有兩張藍光DVD的資料，透過網際網路分發到全世界的「分散式計算網格」進行處理（沒錯，物理學家坐享世界最大頻寬），現在它也能轉為用來設計藥物分子和預測嶄新材料，台灣也擁有一個這樣的網格，默默地在造福科學社群。\r\n\t不可思議的科技，往往從不可思議的科學計畫中誕生。我們已習以為常的醫療器材：電腦斷層掃描、核磁共振造影（MRI）、正子放射造影（PET）、甚至癌症重粒子治療，一百年的前人看見會覺得宛如魔法，這都多虧科學家對原子的特性有透徹了解才能實現。當人類對物理掌握得更透徹，誰知道還會帶來多大的突飛猛進？太空電梯、量子電腦、甚至星際旅行的動力，都有可能在某個方程式、某次實驗裡忽然現蹤。\r\n\t在研究教學之餘，巴特沃斯也經常作為專業來賓，作客英國電視節目，以圈內人的觀點、普羅大眾的語言，生動有趣地講解科學界的新突破、趣聞與八卦。在本書中，他帶領我們一路攀上了當代科學視野的高峰，不只展示沿途風景之美，一路上發現的寶物更彷彿在說：科學不但有用，更是非要不可！\r\n\r\n"}
{"書名":"讓世界變簡單的日常物理學：徹底了解萬物本質，辨別真相與欺詐","書籍網站":"https:\/\/www.kingstone.com.tw\/\/basic\/2013300051915?zone=book&lid=book_class3_ecz&actid=book_class3_ecz","作者":"松原隆彥","出版社":"高寶      ","ISBN":9789863619413.0,"圖片網址":"https:\/\/cdn.kingstone.com.tw\/book\/images\/product\/20133\/2013300051915\/2013300051915b.jpg","書籍簡介":"\r\n\r\n\r\n亞馬遜分類榜長期排行第一！\r\n\r\n物理不好沒關係！\r\n\r\n一本就讓你跟上未來、看懂電影、了解身邊的為什麼。\r\n\r\n讀了這本再也沒有搞不懂的設定！\r\n\r\n\t \r\n\r\n了解物理學，映入眼簾的景色都會改變\r\n\r\n日本的宇宙論、物理學首席專家為讀者解開全新的世界觀點。\r\n\r\n\t \r\n\r\n\t從天空到宇宙，從手機到生命，\r\n\r\n\t日本宇宙論、物理學首席專家用最簡單的說明、最好懂的例子，\r\n\r\n\t解讀日常生活中所有的「為什麼」。\r\n\r\n\t \r\n\r\n\t只要了解事物的本質，知道基本的原理，我們就不容易受到迷惑。\r\n\r\n\t這個世界很複雜，想用原貌理解，實在難上加難。\r\n\r\n\t不過，物理學可以幫我們把複雜的現象簡化理解。\r\n\r\n\t \r\n\r\n物理學其實超好用？\r\n\r\n\t→物理學家預測股價：眾多學者正活躍於華爾街。\r\n\r\n\t→手機也是應用物理學：通訊、GPS，與現代必備的科技息息相關。\r\n\r\n\t→了解基本原理：足以辨別真相，不會再被奇怪的流言影響。\r\n\r\n\t \r\n\r\n相對論告訴我們：\r\n\r\n\t→住高一點，老快一點：高的地方時間流動比地面還要快。\r\n\r\n\t→曲速引擎＆逆轉時間沒問題：科幻電影裡超先進的科技，其實早已證實可行。\r\n\r\n\t→黑洞的存在：最初是由德國天文學者用廣義相對論推算出黑洞，2019年公佈了人類史上第一張黑洞觀測照片\r\n\r\n\t \r\n\r\n解釋宇宙起源的量子\r\n\r\n\t→科學式輪迴轉生：構成我們的原子，過去可能是恐龍身體的一部分。\r\n\r\n\t→真有平行世界嗎？：AU宇宙不是幻想，每一秒都有可能分裂出新的世界。\r\n\r\n\t→人的意識從何而來？：若是人工智慧進化產生意識，是否就等於是生命了？\r\n\r\n\t \r\n\r\n■好評推薦\r\n\r\n\r\n\tCheap （YouTube知識型網紅）\r\n\t朱楚文（財經主播／主持人）\r\n\t簡麗賢（北一女中物理教師）\r\n\t吳旭明（物理教學影片Youtuber）\r\n\t科學最前線（科普社群網站）\r\n\r\n"}
{"書名":"物理源流：物理歷史與物理科技","書籍網站":"https:\/\/www.kingstone.com.tw\/\/basic\/2013300051045?zone=book&lid=book_class3_ecz&actid=book_class3_ecz","作者":"李丹丹","出版社":"崧燁文化  ","ISBN":9789865161040.0,"圖片網址":"https:\/\/cdn.kingstone.com.tw\/book\/images\/product\/20133\/2013300051045\/2013300051045b.jpg","書籍簡介":"\r\n\r\n\r\n\t聲學是研究一切聲音現象、利用聲音或消除聲音的科學。自然界中時刻都發生各種各樣的聲音，聲學是中國歷史上最悠久的學科之一。在中國古代，聲學效應早就在實際中加以應用了。從振動與波的概念的形成，到實踐中的「地聽」、樂器製造、聲學建築等，都有許多突出的成就。\r\n\t中國古代對光的認識，起源於火的獲得和光源的用，以光學器具的發明、製造及應用為前提條件。其中有多項成果具有世界先進水平，既震驚了世界科學界，也給我們留下了深刻的啟迪。\r\n\t中國古代對電的研究是從關注雷電現象開始的，而且在避雷技術上有許多創建。\r\n\t同時，古代先民還將電現象與磁現象聯繫在一起，透過對地光和極光等的記載，為今人留下了豐富而有價值的史料。\r\n\t力學知識起源於對自然現象的觀察和生產勞動。中國古代在長期的生產實踐，積累了豐富的力學知識，取得了豐碩成果，不僅掌握了基本的力學法則，對物體的動靜狀態及重心和平衡有著深刻的認識，還在簡單機械運用方面湧現了許多關於斜面、槓桿、滑輪的發明創造，又在固體物理學方面發現了彈性定律和研究了晶體。\r\n\t中國古代對火的利用和控制，使社會文明大大前進了一步，同時它也是古人對熱現象認識的開端。對冷熱的認識，古代學者進行了深入研究，並在實踐中創造了很多方法來判別溫度的高低。在物質三態方面也積累了知識，解釋了日常生活中的水、冰、水氣和自然界中的雨雪露霜等現象。\r\n\t物理學是研究物質、能量的本質與性質的自然科學，中國古代，也曾有不少致力於「格物致知」的學者，對中國古代的物理學做出了重大貢獻。本書將古代物理分為聲學、光學、電磁、力學、熱學五大篇章，為讀者詳細述之。\r\n\r\n"}
{"書名":"上帝的粒子：希格斯粒子的發明與發現","書籍網站":"https:\/\/www.kingstone.com.tw\/\/basic\/2013390017341?zone=book&lid=book_class3_ecz&actid=book_class3_ecz","作者":"巴格特","出版社":"貓頭鷹    ","ISBN":9789862624142.0,"圖片網址":"https:\/\/cdn.kingstone.com.tw\/book\/images\/product\/20133\/2013390017341\/2013390017341b.jpg","書籍簡介":"\r\n\r\n\r\n若二十世紀最重要的科學是相對論，\r\n\r\n無庸置疑，二十一世紀就是希格斯粒子！\r\n\r\n◎首本最完整的希格斯粒子傳記\r\n\r\n耗資數十億美元、集結上千科學家、尋找長達五十年──希格斯粒子究竟是什麼？\r\n\r\n\t為了尋找神祕的希格斯粒子，歐洲核子研究組織（CERN）集結了超過六千名科學家，耗資數十億美元，建造了大型強子對撞機，所處的圓形隧道有二十七公里長，堪稱有史以來最昂貴的科學實驗！\r\n\r\n希格斯粒子如何成為質量問題的解謎關鍵？\r\n\r\n\t希格斯機制在一九六四年被發表，解釋了標準模型理論的質量問題。當理論中的粒子一一被發現，難以捉摸的希格斯粒子便成了標準模型的最後一塊拼圖。這段長達五十年的驗證過程，希格斯粒子終於在二○一二年七月被CERN研究團隊發現，科學界歡欣鼓舞，也顯示粒子物理學即將進入新紀元。\r\n\r\n\t本書作者將時間拉回一百年前，從物質、能量、質量的概念開始說起，清楚描述粒子物理學的理論進程，隨著一個個理論的發明，也讓我們看見希格斯粒子的誕生。看看物理學家如何輪番上陣，時而獨撐大局，時而連袂出擊，一步步過關斬將，驗證了希格斯場。作者更帶領我們聆聽物理學家的討論，彷彿親自參與希格斯粒子的發現過程，經歷標準模型被驗證的歷史。而看似撲朔迷離的希格斯粒子，又如何被粒子物理學家米勒輕鬆解釋，還說服英國政府掏錢贊助CERN呢？不僅如此，希格斯粒子的研究計畫為何在美國國會胎死腹中，卻在歐洲得到萬眾矚目，其過程也饒富趣味。\r\n\r\n\t本書前言由諾貝爾物理學獎得主暨粒子物理學泰斗溫伯格專文推薦，可謂首本最完整的希格斯粒子傳記，書中清楚解釋眾多理論與實驗內容，細膩描繪不同理論的消長，直指希格斯粒子為標準模型的關鍵拼圖。尋找希格斯粒子的過程精彩可期，也為希格斯粒子發現後的物理發展留下伏筆。\r\n\r\n"}
{"書名":"第二種不可能：天然準晶的非凡探索","書籍網站":"https:\/\/www.kingstone.com.tw\/\/basic\/2013390017211?zone=book&lid=book_class3_ecz&actid=book_class3_ecz","作者":"保羅．史坦哈特","出版社":"商周出版  ","ISBN":9789864777556.0,"圖片網址":"https:\/\/cdn.kingstone.com.tw\/book\/images\/product\/20133\/2013390017211\/2013390017211b.jpg","書籍簡介":"\r\n\r\n\r\n入圍2019年英國皇家學院科學圖書獎（Insight Investment Science Book Prize）決選\r\n全球知名物理學家耗費30餘年，證明「不可能的物質」確實存在自然界的精采著作\r\n\r\n\t國立交通大學應用化學系教授兼系主任　李積琛\r\n\t國立清華大學材料科學工程學系教授　張守一\r\n\t國立中央大學地球科學學系副教授　郭力維\r\n\t國立清華大學生命科學系助理教授　黃貞祥\r\n\t——熱血推薦（依姓氏筆畫序）\r\n\r\n科學發現vs.跨國探險的絕妙組合，讀來就像葛雷易克《混沌》＋影集《印地安那瓊斯》！\r\n\r\n\t理論物理學家保羅．史坦哈特以其對宇宙起源、演化與未來的研究聞名於世，在從事主要研究之餘，亦遵循恩師理查．費曼教誨，聽從自身心念從事液體快速冷卻固化時，其中的原子會如何重新排列的研究，並在過程中有了驚人發現：二十面體對稱。此種不可能的對稱，違反了屹立兩百多年的晶體學定律，並為他開啟一場為期三十多年、過程峰迴路轉的新型物質——準晶——探索。\r\n\r\n\t《第二種不可能》娓娓道出史坦哈特在漫長歷險中不為人知的故事，同時陳述一幕幕科學發展場景背後看似輝煌、實則往往慘痛的爭戰。為了力抗科學界人士的抨擊撻伐，並證明準晶不僅禁得起理論驗證，也確實存在於自然界，史坦哈特與他傑出的研究團隊一路上披荊斬棘，與跨國走私犯、墮落科學家、神祕手札、詐騙販子、政治陰謀，乃至俄羅斯祕密特工交手。最後，史坦哈特成功召集來自世界各地的專家團隊，千里跋涉至不毛之地俄羅斯勘察加半島，搜索太陽系誕生之初形成的隕石碎片。\r\n\r\n\t史坦哈特與他的團隊不僅改變了我們對物質基本原理的看法，更揭示了太陽系形塑過程中的新真相。本書情節緊湊，猶如一部科學驚悚小說，保證讓你大呼過癮 ！\r\n\r\n"}
{"書名":"T恤上的宇宙：尋找宇宙萬物的終極理論","書籍網站":"https:\/\/www.kingstone.com.tw\/\/basic\/2013310018229?zone=book&lid=book_class3_ecz&actid=book_class3_ecz","作者":"佛克","出版社":"貓頭鷹    ","ISBN":9789862623473.0,"圖片網址":"https:\/\/cdn.kingstone.com.tw\/book\/images\/product\/20133\/2013310018229\/2013310018229b.jpg","書籍簡介":"\r\n\r\n\r\n\t自古至今無數物理學家都在追求一個簡單、優雅、可以詮釋宇宙的說明，一個用T恤正面就足夠呈現的萬有理論。\r\n\t本書沒有用到任何一條公式！ \r\n\t暢銷書《探索時間之謎》作者又一科普傑作\r\n\t「我希望能活著看到，所有的物理學簡化成一個優雅而簡單的公式，簡單到可以寫在一件T恤的正面。」——諾貝爾物理學獎得主列德曼（Leon Lederman）\r\n\r\n\r\n\t沒有一項科學任務能和「了解宇宙的關鍵」相比，所謂宇宙的關鍵，就是那難以捉摸的「萬有理論」。自科學發展以來，物理學家一直在做的，就是找出這個最核心的理論，來解釋我們身處的宇宙。\r\n\r\n\r\n\t本書是人類追求這個物理聖杯的故事，作者把這個動人的故事嵌入歷史的軸線，從古希臘人起始，寫到牛頓、馬克士威與愛因斯坦等人的突破。一直到弦論，以及現今物理學界為整合量子理論與廣義相對論所做的努力。今日物理學家使用的方法非常複雜，但目標卻很簡單，與古代希臘人沒什麼兩樣——都在追求一個簡單而統一的理論，企圖用最少的假設，來解釋最多的現象。而這個理論應該簡單到能夠寫在一件T恤上。\r\n\r\n\r\n\t在佛克生動的描述下，你會看到胖胖的第谷和瘦弱的克卜勒、故意把托勒密系統寫得笨拙愚鈍的伽利略、只想組裝水車而不願意照顧農作物的牛頓，還有每天默默在專利局進行頭腦體操的愛因斯坦。這些著名的科學家輪番上陣展現獨特的性格，充滿戲劇張力又深具啟發性。他們將重燃你渴望探索世界的熱情，你會發現世界變得更大，卻也更清晰了。\r\n\r\n\r\n\t我們的日常生活深受現代物理影響，若沒有物理學家奠定的理論基礎，就不會有電腦、網路、手機、微波爐、衛星導航等科技產品。如果你想了解世界運作的基本原理，或是好奇理論物理學家究竟在做些什麼，本書是最適合你的佳作。\r\n\r\n"}
{"書名":"到世界頂尖實驗室CERN上粒子物理課：現場直擊‧彩色圖解，科學家教你看懂未來科研及太空探索的新物理","書籍網站":"https:\/\/www.kingstone.com.tw\/\/basic\/2013390017051?zone=book&lid=book_class3_ecz&actid=book_class3_ecz","作者":"寶琳．甘儂","出版社":"臉譜文化  ","ISBN":9789862356487.0,"圖片網址":"https:\/\/cdn.kingstone.com.tw\/book\/images\/product\/20133\/2013390017051\/2013390017051b.jpg","書籍簡介":"\r\n\r\n\r\n\t不斷探究最基本物質組成的物理學家，\r\n\t不只是在追求無窮小的答案，也是在尋找宇宙生成的終極答案。\r\n\r\n\t｜走出實驗室的科學家寶琳．甘儂（Pauline Gagnon），\r\n\t以最簡明的科普語言，帶領讀者深入本世紀最重大、造價最高昂、規模最大的科學研究事件之一：2013年希格斯玻色子的發現。\r\n\t跨越知識的門檻，\r\n\t不再害怕物理的深奧難解，\r\n\t不必去歐洲也能知悉最前沿的科研工程現況，\r\n\t我們在實驗室裡也能解開好幾萬光年之外的宇宙大爆炸謎團。｜\r\n\r\n\t全世界一百多國的粒子物理學家聚集在歐洲核子研究組織，花費十五年的時間連同數百位工程師、數千名技術人員打造位於地下300公尺、攝氏負200度以下、3800噸重且長達27公里的環狀軌道探測器，目標是為了尋找理論上應該存在、但尚未發現的希格斯玻色子、暗物質，探索大爆炸之後，宇宙的能量如何以「粒子」的形式形成「物質」，讓黑暗渾沌的宇宙變得可見。\r\n\r\n\t粒子物理學家到底想做什麼呢？其實說穿了，就是想要理解世界的組成。我們所看到的摸到的東西，是由更小的元件組成。而這些元件又是由更小的基礎單位：原子所組成。那原子已經最小了嗎？Atom 這個詞被發明出來且被使用的時候，人們還沒有實際觀察他們的方法，所以 Atom 的語源其實已經帶有「最初的」、「不可分割」的意涵。不過隨著近代物理學家的努力，我們先推得目前已經被推翻的原子的行星模型：電子繞著由質子和中子組成的原子核旋轉。接著，我們從這些粒子的電荷、質量與其行為，首先提出假設：這些粒子乃是由更基本的粒子所組成。然後由於粒子加速對撞機的發明，我們終於能夠把這些粒子給「撞裂」開來，並且觀察到更細部的變化和運作方式。\r\n\r\n\t在粒子物理的研究上，人們難免也會好奇何以需要在這種看不見的東西上面花下鉅資來做研究。實際上，在粒子物理學家的努力之下，我們可以這樣理解宇宙：我們所處的環境，與宇宙的某處，其實是建立在特定前提相當的條件下成立的。這也就是說，粒子在地球上被觀測到的行為，在宇宙的不知名遠方也會發生。因此，當我們在宇宙的觀察中，偵測到了特定的訊號時，由於我們在粒子物理上的研究成果，我們將有辦法理解宇宙發生了什麼事情。而這些理解，雖然短時間內乍看彷彿對於我們的生活沒有什麼影響，實際上，卻是在我們生活的邊際不斷往星球外擴增的同時，必須先行探勘的一門學問。\r\n\r\n\t關於粒子物理學的熱門問題：\r\n\t■　為什麼研究「上帝粒子」希格斯玻色子如此重要？ \r\n\t■　什麼是暗物質？大爆炸的時候應該產生同樣多的物質和反物質，但為什麼今天我們看到的宇宙是以物質呈現？\r\n\t■　我們只能透過粒子衰變過程來察知粒子的存在，但這樣我們到底是在尋找衰變的能量還是在尋找最基本物質——粒子？\r\n\t■　如果全速啟動一台超導環場探測器（ATLAS）一年，我們將會花費美國一間普通規模核能電廠1.5倍的電量，為什麼要花費昂貴代價只為探求遙不可及的宇宙問題？粒子物理的研究帶動了怎樣的科技研發，又為醫學、機械、能源領域帶來怎樣的新應用技術？\r\n\t……\r\n\r\n\t認識粒子物理學的基本知識和科學家的日常工作，\r\n\t探索科學基礎研究將為歷史及未來生活帶來怎樣無限的可能，你將發現科幻小說中的世界級有可能成真！\r\n\r\n"}
{"書名":"近代物理","書籍網站":"https:\/\/www.kingstone.com.tw\/\/basic\/2013390016559?zone=book&lid=book_class3_ecz&actid=book_class3_ecz","作者":"倪澤恩","出版社":"五南      ","ISBN":9789571174242.0,"圖片網址":"https:\/\/cdn.kingstone.com.tw\/book\/images\/product\/20133\/2013390016559\/2013390016559b.jpg","書籍簡介":"\r\n\r\n近代物理對於理工學院的各科系來說觀念與計算都是必要的能力。本書內容包含了基礎相對論、古典量子理論、量子力學的基本原理、角動量、原子的量子力學、微擾理論、統計力學基本概念、密度矩陣理論。其中，密度矩陣理論一般而言並不會納入近代物理的課程中，但是這是一個非常有用的方法，基本觀念也並不難理解，希望能提供想修習此科目及有興趣的讀者些許幫助。內附百餘題的習題可視為課文內容的延伸及練習之用。本書特色本書可作為「近代物理」、「量子物理」、「量子力學」的教材參考。本書可配合《近代物理習題詳解》一書學習閱讀使用。\r\n                    \r\n"}
{"書名":"數學之書+物理之書","書籍網站":"https:\/\/www.kingstone.com.tw\/\/basic\/2013300042180?zone=book&lid=book_class3_ecz&actid=book_class3_ecz","作者":"柯利弗德．皮寇弗","出版社":"時報文化  ","ISBN":9789571357089.0,"圖片網址":"https:\/\/cdn.kingstone.com.tw\/book\/images\/product\/20133\/2013300042180\/2013300042180b.jpg","書籍簡介":"\r\n\r\n史上最強、科普界全能鬼才皮寇弗力作本書特色1.豐富條目：500項數學史、物理史上重大里程碑一次收錄。2.編年百科：條目依年代排序，清楚掌握物理發展演變。相關條目隨頁交叉索引，知識脈絡立體化。3.濃縮文字：每篇700字左右，快速閱讀、吸收重要數理觀念和大師理論。4.精美插圖：每項條目均搭配精華全彩圖片，幫助記憶，刺激想像力。5.理想收藏：全彩印刷、圖片精美、收藏度高，是科普愛好者必備最理想的物理百科。數學之書數學如何解釋夕陽餘暉的色澤？各文明的算術系統有何分別？魔術方塊是如何誕生的？數學歷史上各項重大的數學原理如何幫助我們探索世界？　　知名的計算公式及數學觀念總是伴隨許多數學家一生中各種奇妙的故事，特別是在現實世界裡實際運用這些數學定理時。跟著皮寇弗的這趟旅程，我們將一同穿梭數學史上二百五十個重大成就，像是螞蟻身上的計數「里程表」、人類史上的第一把算盤、發現電腦創造的碎形以及探索新空間維度的過程。這趟旅程將拜訪古代名聞遐邇的思想大師如畢達哥拉斯跟歐幾里德，也將見識到賈德納能及宇宙論大師馬泰格馬克這些近代的數學巨擘。依照時間先後順序排列，每個條目都簡短到能在幾分鐘內消化吸收，一旁更附上令人炫目的全彩圖案。本書作者皮寇弗表示：「對我而言，不論是心智的特質、思想的極限，或者是人類相對於浩瀚宇宙當中的所處環境，都可以用數學來發掘當中永無止盡的驚奇奧祕。」物理之書時間旅行是可能的嗎？人類第一次瞥見月球的另一面是何時？我們有可能真的生活在電影《駭客任務》的情節中嗎？全能科普鬼才皮寇弗在本書中邀請讀者們與他一同進行一趟時空旅行，從數億年前的宇宙大爆炸，到數百兆年之後宇宙的終結及量子復活。跟著皮寇弗的這趟旅程，我們將一同穿梭物理史上二百五十個重大成就，物理是萬事萬物基本道理的科學，從這門學問中可以窺見宇宙事物真相的條理。除此之外，他還討論了一些難解的物理發現，像是1965年的超級球，這個題目不只牽涉到工程學和應用物理，並帶動了人類對天體運行的理解。他也討論了許多生活中的事物，如沙漏、保溫瓶、風箏、聽診器等，並解釋這些概念反應的物理概念，以及它們在人類歷史上受到注意的時間點。皮寇弗在書中討論的物理主題還包括暗能量、平行宇宙、都卜勒效應、土星環的引力等，也關注了古往今來的科學家們，包括牛頓、愛因斯坦、馬可士威、理查費曼和霍金等人。依照時間先後順序排列，每個條目都簡短到能在幾分鐘內消化吸收，一旁更附上令人炫目的全彩圖案。本書作者皮寇弗表示：「對我而言，不論是思想的極限、宇宙的運行，或者是人類身處、以之為家的浩瀚時空，都可以用物理來發掘當中永無止盡的驚奇奧祕。」\r\n                    \r\n"}
{"書名":"愛因斯坦1905","書籍網站":"https:\/\/www.kingstone.com.tw\/\/basic\/2013390015217?zone=book&lid=book_class3_ecz&actid=book_class3_ecz","作者":"約翰．瑞登","出版社":"聯經      ","ISBN":9789570831054.0,"圖片網址":"https:\/\/cdn.kingstone.com.tw\/book\/images\/product\/20133\/2013390015217\/2013390015217b.jpg","書籍簡介":"\r\n\r\n20世紀的兩大科學革命：相對論與量子力學，愛因斯坦都功不可沒。 愛因斯坦透過純粹思考的力量，預言了大自然的深奧真相，使人類進一步了解存在的宇宙。愛因斯坦1905年6月論文中，將空間與時間的概念融合為一，推翻牛頓絕對時空的觀念。至於一向被物理學家視為互不相干的能量和質量概念，也因為愛因斯坦9月論文被合成一體兩面。愛因斯坦提出的相對論，如今已成為超級理論，其影響已超越物理學之外，更及於哲學論述。認識論受到相對論的影響，使唯心論、唯實論和唯物論的內涵與1905年前大不相同。藝術家、作家和詩人亦從中汲取靈感。愛因斯坦透過物理學概念的創新，深深影響了現代文化，深奧迷人的相對論已成為現代文化的一部分。 本書特色 ◎ 將愛因斯坦科學研究歷程與其一生融為一書。 ◎ 將愛因斯坦1905年創作之五篇論文分章闡述。 ◎ 以深入淺出方式詮釋物理學重要概念。 ◎ 生動地引導讀者進入愛因斯坦心智活動及思考模式。 ◎ 結語簡要說明愛因斯坦1905年後之後續成就。 ◎ 書前附台灣物理系教授高涌泉教授的導讀〈在伯恩的日子〉。\r\n                    \r\n"}
{"書名":"圖解基礎相對論","書籍網站":"https:\/\/www.kingstone.com.tw\/\/basic\/2013310012067?zone=book&lid=book_class3_ecz&actid=book_class3_ecz","作者":"小暮陽三","出版社":"世茂      ","ISBN":9789577763204.0,"圖片網址":"https:\/\/cdn.kingstone.com.tw\/book\/images\/product\/20133\/2013310012067\/2013310012067b.jpg","書籍簡介":"\r\n\r\n托姆金斯開著車在街上兜風時，發現街角站著一位身材苗條的美女，他快速的開著車去買花，準備要送給這名美女。結果，眼前出現的卻是一個長得像相撲選手的肥胖女人 ...；可憐的托姆金斯忘記「羅倫茲收縮」原理了。奈也安內？什麼是「羅倫茲收縮」原理？類似如此有趣的比喻在書中都有清楚的說明；心動了嗎？趕快翻閱本書吧！\r\n                    \r\n"}
{"書名":"胡桃裡的宇宙","書籍網站":"https:\/\/www.kingstone.com.tw\/\/basic\/2013390011929?zone=book&lid=book_class3_ecz&actid=book_class3_ecz","作者":"史蒂芬．霍金","出版社":"大塊      ","ISBN":9789570316988.0,"圖片網址":"https:\/\/cdn.kingstone.com.tw\/book\/images\/product\/20133\/2013390011929\/2013390011929b.jpg","書籍簡介":"\r\n\r\n當代最具影響力的科學家之一，史蒂芬．霍金，這個名字聽起來，有時或許覺得很遠，因為他走在理念探索的最前端，非我們一般人能窺其堂奧；但其實很近，因為他詮釋這些理念的語言是清晰、親切的，充滿有趣的機智。其實，他還很炫，每次寫作，就像每次對大眾演講，總是滿天飛躍、奔騰的迷人聲色特效。這本新書的展現形式，正是一個例證。\r\n較諸《時間簡史》，這本新書更為淺顯，而且風格不同。只要依序讀過前兩章，以後各章便可隨意選讀；每章內部的結構也不是直線式的。在這本新書，霍金將一一為我們展示當今理論物理學最活躍、生動的幾個研究領域，以我們一般人能懂的語言介紹宇宙學最先進的進展，說明左右這個宇宙的原理。透過他的敘述、BOX中的補充材料，和豐富的插圖，他將協助我們看到比小說、戲劇更富戲劇性的真相。\r\n                    \r\n"}
{"書名":"詩性的宇宙：一位物理學家尋找生命起源、宇宙與意義的旅程","書籍網站":"https:\/\/www.kingstone.com.tw\/\/basic\/2013610015065?zone=book&lid=book_class3_ecz&actid=book_class3_ecz","作者":"蕭恩．卡羅爾","出版社":"八旗文化  ","ISBN":9789869541893.0,"圖片網址":"https:\/\/cdn.kingstone.com.tw\/book\/images\/product\/20136\/2013610015065\/2013610015065b.jpg","書籍簡介":"\r\n\r\n\r\n*前所未見的科學世界觀著述*\r\n *紐約時報即時銷售榜*\r\n *票選史上最具影響力的科學類書籍*\r\n\r\n\r\n 在一個沒有起因、也沒有目的的物理世界中，\r\n 任何一個人的存在，真的有那麼重要嗎？\r\n 人類的目標和意義，是否能融入科學的新世界觀？\r\n\r\n 一個人很渺小，生命短暫如蜉蝣，與宇宙相較，我們的身量甚至不如一顆原子和地球的相對尺寸。任何一個人的存在，真的有那麼重要嗎？\r\n     \r\n 在一次高速公路瀕死經驗中，作者與生命的有限性面對面交鋒。他瞬間深刻感受人類生命的渺小與短暫。\r\n     \r\n 不禁問出：任何一個人的存在，相對於整個宇宙，真有那麼重要嗎？\r\n     \r\n 蕭恩．卡羅爾身為世界知名物理學家，提出了自達爾文以來科學典範轉移之後，幾乎沒有人可以迴避的重要問題。在本書中，他不單以卓絕智慧處理希格斯玻色子和額外維度的問題，還探討所有人類面臨的最深邃問題，面對世界的基底現實，我們該如何處理以下問題：我們身處何方？我們是誰？我們的生命是否有意義？\r\n\r\n 面對這道哲學問題，作者引導我們看見過去幾百年來接連不斷的發現，如何改變我們的世界，對我們產生深遠的影響。這本書以極大的企圖心，試圖將人類的目標和意義，安置在科學的新世界觀中。\r\n     \r\n 作者以詩意文字與洗鍊文筆，引領我們一探「詩性自然主義」，儘管自然世界只有一個，「詩性」卻提醒我們，談論世界的方式不只一種，宇宙並非某種單一且統一的情節，而是不同層次都有各自適用的描述，而且都是對於現實真實的描述。而我們的任務，就是找到這些不同層級的描述之間的關連性，從而組成一個讓我們安身立命的信念星球。\r\n\r\n 書中50個簡短篇章，充滿耐人尋味的歷史軼聞、旁白省思和嚴謹闡述。卡羅爾以耀眼奪目的獨特手法，鋪陳從達爾文和愛因斯坦，乃至於生命和意識，以及宇宙起源等一波波科學革命所依循的原理原則。\r\n     \r\n 本書是前所未見的科學世界觀著述，這部力作當能在往後歲月與史蒂芬．霍金、卡爾．薩根、丹尼爾．丹尼特（Daniel Dennett）以及愛德華．威爾森（E. O. Wilson）等名家鉅著比肩高據書架。\r\n\r\n"}
{"書名":"探究物理：探索太空奧祕","書籍網站":"https:\/\/www.kingstone.com.tw\/\/basic\/2013300046898?zone=book&lid=book_class3_ecz&actid=book_class3_ecz","作者":"于今昌  主編","出版社":"麗文文化  ","ISBN":9789577489111.0,"圖片網址":"https:\/\/cdn.kingstone.com.tw\/book\/images\/product\/20133\/2013300046898\/2013300046898b.jpg","書籍簡介":"\r\n\r\n\r\n\t《探究物理》共五冊，分別是《挑戰萬有引力》、《遨遊電子王國》、《解譯聲波密碼》、《駕馭原子世界》和《探索太空奧秘》。本叢書深入淺出地點出了力學、電學、光學、聲學、原子物理學、天體物理學、環境物理學的重點與精髓，是青少年學習和瞭解最新科技知識的良師益友。書中提出的一些懸而未決的疑難問題必將激發出青少年探索物理奧妙的熱情與濃厚興趣。\r\n\r\n"}
{"書名":"我在MIT燃燒物理魂","書籍網站":"https:\/\/www.kingstone.com.tw\/\/basic\/2013300041138?zone=book&lid=book_class3_ecz&actid=book_class3_ecz","作者":"華爾達．盧文","出版社":"遠流      ","ISBN":9789573269724.0,"圖片網址":"https:\/\/cdn.kingstone.com.tw\/book\/images\/product\/20133\/2013300041138\/2013300041138b.jpg","書籍簡介":"\r\n\r\n華爾達．盧文（Walter Lewin），當代頂尖的天文物理學家，在美國麻省理工學院（MIT）任教逾三十年，發表科學論文超過450篇。但花去他最多心力的，卻是開設在大學部的三門基礎物理課。「我一直嘗試將物理活生生地呈現在學生面前……幫他們用不同的角度看這世界……這也是本書的用意：幫你開啟雙眼，讓你看到物理是以多麼特別的方式支配著這世界，也讓你見識到物理本身令人讚嘆的優雅與美麗！」他把自己的身體當成實驗器材，而上課，則經常像魔術表演或玩命的特技，「畢竟，科學需要有人做點犧牲。」這是他的口頭禪。例如在教室裡變出一片藍天及一朵白雲；教你在自家做出一道彩虹，並且把它握在手上；或者在課堂上對著兩個油漆罐開槍，結果裝滿水的那罐炸了開來，九分滿的卻沒有，目的是跟學生證明，水是無法壓縮的，但是空氣可以；甚至將自己充電到三十萬伏特，讓頭髮全都豎立起來，然後告訴學生：高電壓本身並不會致命，關鍵是穿過你身體的電流有多少……「物理是對的！」他大叫。\r\n                    \r\n"}
{"書名":"生活中不可不知的物理化學常識","書籍網站":"https:\/\/www.kingstone.com.tw\/\/basic\/2013480012157?zone=book&lid=book_class3_ecz&actid=book_class3_ecz","作者":"曹松青","出版社":"讀品      ","ISBN":9789866906961.0,"圖片網址":"https:\/\/cdn.kingstone.com.tw\/book\/images\/product\/20134\/2013480012157\/2013480012157b.jpg","書籍簡介":"\r\n\r\n新鮮空氣【鮮】在哪裡？水蒸氣分子間的距離比水更大，為什麼反而不透明？關電視機的一瞬間為什麼會出現小畫面？為什麼絕大多數容器都製成圓柱形的？為什麼汽車後面的窗子是不能打開的？生活週遭隨處可見的問題，卻不知道原因!不用煩惱! 本書一次告訴你!保證讓你成為生活常識通!!在輕鬆的閱讀中，增強對科學技術的興趣和愛好，學習和掌握必備的科學知識，為未來的健康成長和充分發展奠定良好的基礎……驅車疾駛時為什麼會感覺月亮一直跟著走？為什麼潮濕的空氣比乾燥的空氣輕？隧道裡為什麼常常用橙黃色的燈？為什麼膠合板的層數都不是雙數？疊放在一起的玻璃，為什麼會變得不透明？蛇為什麼會聽到暴風雨要來的聲音？地殼中含量最少的元素是什麼？世界上最昂貴的元素是什麼？怎樣才能得到人造寶石？不繡鋼為什麼不易生繡？能不能把油和水溶在一起？為什麼酒越陳越醇香可口？糖為什麼有甜味？碳14為什麼被形容為生命的時鐘？電子郵件帳號中的@是什麼意思？人為什麼離不了食鹽？蛋黃與蛋清哪個更有營養？\r\n                    \r\n"}
{"書名":"火場求生新觀念","書籍網站":"https:\/\/www.kingstone.com.tw\/\/basic\/2015750014489?zone=book&lid=book_class3_ecz&actid=book_class3_ecz","作者":"趙鋼、林金宏","出版社":"商訊文化  ","ISBN":9789866378454.0,"圖片網址":"https:\/\/cdn.kingstone.com.tw\/book\/images\/product\/20157\/2015750014489\/2015750014489b.jpg","書籍簡介":"\r\n\r\n消防生涯中，每當遇到火災，造成人員傷亡，常有媒體朋友問：「高樓火災、住宅火災發生時要如何逃生？」這些問題看起來簡單卻不容易答；尤其無法三言兩語就解釋清楚。原因是這要看火災發生在何種建築物及使用類型、火災當時的火煙範圍及發展狀態、及人們所處情境來作答；人們面對的火災狀況及環境不同，應變及逃生避難方法也不同。先進國家都市化發展較早，承受火災教訓也較早，現行防火宣導內容有部分來自國外，有部分源自本土，大部分都是正確的，但我從事消防工作多年，參與許多火災搶救，對某些火災中，人們錯誤選擇逃生途徑和方法導致不幸，常感到迷惑。例如，20年前台北市曾發生過一件公寓火災，它是縱火者趁公寓的公用大門未關，進入梯道下的穿堂，對停放穿堂的機車縱火後逃逸，穿堂立即烈火焚燒，濃煙進入梯道，鄰人見有火災，紛紛喊叫。2樓住戶的男主人見陽台外火光及濃煙，大喊家人快逃，自己先奪門而出，但衝不到地面即被濃煙嗆死。消防隊到達滅火後，在梯道發現他的屍體，進入各住戶清查，發現死者家中客廳躺了兩名婦女，經搖醒後，發現是死者的媽媽及懷孕的妻子，她們聽到發生火災，看到火光後嚇得腿軟，昏厥倒地，幸虧火滅得快，未燒到屋內，僅有煙進入，不過煙都往上飄，他們躺在地面倒沒吸到煙，安然脫險。現行防火宣導逃生避難最基本的內容有：「火災時應盡快從樓梯逃生至地面。若無法向下逃生，則可向上逃生至屋頂平台」等語，就這段內容前半段來說，上述公寓失火，2樓男主人確是見到火光，盡快從梯道逃生，為何卻在梯道罹難？他的母親、太太聽到火災後，癱倒在地，無力逃生卻安然脫險，這如何解釋呢？就前述宣導內容後半段來說，1989年高雄市九龍大廈地下室卡拉OK被縱火，火並未燒上地面各層商家、住戶，濃煙卻逐漸灌滿梯道，待消防人員撲滅火災，在梯道近頂樓處發現堆疊19具屍體，原來是通往屋頂的門被養鴿人家上鎖，他們被困住，受濃煙侵襲，失去生命。火災造成如此重大的傷亡，誠屬悲痛，但納悶的是這些罹難者都是發現火災後，「盡快且循梯道向上，欲逃至屋頂平台」；相對的，有22名各樓層居民後經消防隊雲梯車自陽台救出，或火滅後進入住戶救出。換言之，「逃生的罹難，未逃者獲救」，這又如何解釋？ 再如，2003年台北縣蘆洲大囍市社區大樓火災，1樓住戶夫妻吵架，太太淋松香油自焚，延燒整排機車，該集合住宅有86戶，火僅波及少數門打開的住戶（逃出時未關門），煙都灌進這些住宅，最後造成13人死亡、72人受傷，事後調查，死亡者多係急著想從梯道往下或往上逃生，被煙嗆致死；或開門查看時，迎面濃煙進入，他們未立即關門，被煙侵害；而許多住戶閉門關窗待救（不讓煙進來），都安全脫險。這讓我們思索另一個問題，為何火災時梯道已經有煙，而民眾還是急著進入逃生，且衝進死亡陷阱。是不是受防火宣導的影響？因為防火宣導內容有：「在煙區逃生，接近地面及樓梯梯階還有空氣，故可以用濕毛巾掩鼻、低姿或倒退爬行下樓梯」等語，是否這些觀念讓民眾誤認在有火煙的樓梯還是可以逃生？ 在高樓火災案例方面，如台北市時代大飯店火災、台中市名聲大樓火災、嘉義市嘉年華大樓火災等，都有人跳樓，按一般常識，人不是鐵打的，自高樓跳下必然粉身碎骨，無法存活，可是這些人又為何非跳不可呢？依推測，必然是受煙侵襲（跳樓者幾乎都不是被火焰燃燒所逼，而是受煙所逼），呼吸困難，痛苦掙扎，不知是否因此感到生不如死，選擇一了百了？又是否有人心想煙比火快到，現在煙已經進來了，火早晚要燒上來，長痛不如短痛？火災中逃生者面對情境是否無從解套，只有跳樓一途？這也是吾人值得思考的方向。 火災是一種突發對人們有危險性、傷害性的事故，人的一生可能有幸一輩子都碰不到，也有人在生命歷程中會遭遇到，面對實際火災、高溫、火焰、濃煙情境，人們往往會緊張、恐懼、反應失常，不知所措，尤以熟睡中突然被驚醒時更強烈，因此火災應變及逃生避難是否能冷靜、理性，適當的選擇，便值得深入探討。2000年台北市士林格致路學生租屋火災，早上8時許，13號房學生以吹風機烤棉被（本人去上學）引起火災，最後造成兩位發現及逃生較晚的學生罹難。最早發現火災的是8號房學生，聞到有煙味起身查看，見13號房起火冒煙，當時他的反應並不是喊叫警示其他仍在宿舍的學生，也不是打電話報案119，卻是打電話給房東後，步行至附近派出所報案，這位大學生面對火災應變是否不合常理，難以解釋，然而事實卻如此發生。這是否與人們面對危險、緊急事故、心裡緊張、恐懼驚慌，反應失常有關？（8號房學生可能是危急狀態下的失常，如果他一發現火災就大聲喊叫「失火了」，並逐房敲門警示，是否可以挽救兩名室友寶貴的生命）。13號房學生則是不負責任的無知，如果他遵照用電安全規則，怎麼可以用吹風機烤棉被，且人離去，導致火災間接造成兩名大學生的不幸。從上述火災案例及問題例舉中，可知火災應變及逃生避難是複雜及未受重視的領域，國內外文獻少有這方面系統化的研究，原因可能是：j受限於無法向火災罹難者進行調查了解；k消防預防業務人員不參與火災現場工作，搶救人員只重滅火與救人；l火災調查業務人員只管調查起火原因； m防火宣導人員拿既定宣導資料宣導，數十年如一日。鑑於住宅火災時有發生，亦屢見民眾因錯誤選擇應變方式及逃生避難，造成個人或家庭不幸，去年乃邀金宏弟一起探討，因他現為防火宣導、逃生避難專家，常在電台、機關、學校講授；每遇火災，他亦利用公餘，至現場了解並訪問逃生生還者（有些是逃生罹難者家人或同伴），並提供一些寶貴的火災後對逃生避難實地訪查的資料。特別是台北縣蘆洲大囍市社區火災、台北市白雪大旅社火災，他實地進行災後訪談記載（詳見本書第一篇第1章），印證過去的火災逃生避難觀念，的確存在一些令人深感疑惑的問題。我們經多次意見交換與討論，從20餘次火災案例歸納中，驚人的發現一些無法以常理解釋的應變與避難行為，且不斷地在不同火災中反覆出現，例如發現火災，忘記喊叫警示眾人；發現火災，想到的是接水滅火，忘了警示眾人逃生；及不顧一切往有煙梯道逃生等。此外，並檢討了現行防火宣導內容，發現有：應變方法教導過於籠統、未對火煙分別解析、未針對建築物型態及用途差異解析、未教導民眾辨別危急程度、及有部分錯誤及待修正之處等缺點，均經本書舉例提出，供消防單位改進參考。另為期民眾面對火災，於危急緊張、恐懼慌亂情緒下，如何能冷靜思考應變方式與抉擇逃生避難方法，乃研創簡易的「狀況判斷」模式，提供民眾學習及應用，並以危機管理而非危機處理之角度，提出防火安全建議，希望有助民眾居家、工作、進出公共場所面對火災時，能適當因應，避免不必要的傷害。本書分六篇，第一篇為實際火災案例解析（側重火災當時應變及逃生避難經過）、第二篇台灣地區火災統計、火災造成傷亡原因及防火宣導概要，第三篇為火災燃燒知識，第四篇為火災與建築物關係及消防安全設備簡介，第五篇為從火災案例中歸納民眾於火災中的避難行為，及對宣導內容探討；第六篇為作者提出火災應變及逃生避難模式解說，以及案例應用。 為配合文字說明，本書另請台北縣火調課小隊長許智凱繪製火場平面3D立體剖面圖，使火場清晰重現，一目了然，特誌謝意。本書編撰中，11月15日驚見媒體報導，上海市靜安區一棟28層公寓大樓發生火災，造成58人死亡、70餘人受傷，災情重大，媒體競相報導，成為各方關心注目的焦點，吾人對火災死難者感到遺憾，對進入火場英勇救難的消防弟兄感到敬佩以外，由於這是住宅火災中傷亡慘重的個案，火災應變與逃生避難亦與本書論述有關，乃綜合媒體報導，歸納這場大火的原因。據了解，起火原因是上海市靜安區指定該大樓為環保節能拉皮試點，即在大樓外牆加貼保溫層，保溫層由聚胺脂、泡棉等高度易燃材料裝修，為進行施工，需搭鷹架（大陸稱腳手架），鷹架外有塑膠尼龍護網，以防物料掉落傷人；鷹架鐵管間有竹片板供施工人員站行，這些均係易燃物。據推測可能是工人於1號樓10樓電焊施工，火花濺散引燃聚胺脂、泡棉，並波及竹片板、尼龍護網等，由點而面循牆面向周邊、向上、向下（火花濺落）蔓延，形成整片立面火牆，並因風力、風向、輻射熱引燃相鄰同樣有尼龍護網的牆面火牆，更燒破住戶窗戶玻璃，蔓延進入室內，並引燃家具、窗簾、沙發、地毯、床褥等。另一方面，室內燃燒及外牆聚胺脂、泡棉、尼龍網等燃燒，產生具毒性的黑煙進入住戶內，換言之，這是立面牆外火流幾乎同時侵入室內，造成多個樓層，多處住戶同時燃燒，與一般住宅火災單一住戶起火燃燒有所不同，這也是為何造成消防搶救困難及導致重大傷亡的原因。　　就應變逃生避難而言，這場火災是由牆外侵入室內燃燒，火災初期梯道不致有煙，循梯道逃生是安全的，故居家住戶若能循本書所建議，平時具備防火意識，建立先期偵知、預警機能（如裝置獨立型偵煙器），火災時冷靜思考，快速決策逃生避難途徑及方法，不但可因應一般住宅大樓火災、型態，亦可因應此一外牆侵入式火災，減少不必要的悲劇發生。（詳見本書附錄5「上海公寓大樓火災之省思」。）　　　　　　　　　　　　　　　　　　　　趙鋼99年12 月1 日\r\n                    \r\n"}
{"書名":"用物理學找到美麗新世界","書籍網站":"https:\/\/www.kingstone.com.tw\/\/basic\/2015400055077?zone=book&lid=book_class3_ecz&actid=book_class3_ecz","作者":"菲利浦．鮑爾","出版社":"木馬文化  ","ISBN":9789866973857.0,"圖片網址":"https:\/\/cdn.kingstone.com.tw\/book\/images\/product\/20154\/2015400055077\/2015400055077b.jpg","書籍簡介":"\r\n\r\n約翰．多恩在《沉思錄》裡面說道：「沒有人是孤島」，但是，我們究竟是如何受別人的行為所影響呢？是否有某種「自然法則」在引導著人類事務？當我們在創造社會時，是否擁有完全的自由？或者，我們受限於「人類的天性」？在人類的各種事務中，它們又是如何環環相扣的呢？菲利浦．鮑爾的《用物理學找到美麗新世界》從霍布斯談到亞當史密斯、再談到現代的交通流量以及市場交易，他的觸角橫跨了經濟學、社會學以及心理學，這本書為我們帶來了一個訊息：當我們不再試著去預測與分析個體的行為、並轉而去關注數百個、數千個、甚至是數百萬個人類決策所能產生的影響力之後，我們便能夠理解人類行為。\r\n\r\n"}
{"書名":"圖解電漿入門","書籍網站":"https:\/\/www.kingstone.com.tw\/\/basic\/2013330003038?zone=book&lid=book_class3_ecz&actid=book_class3_ecz","作者":"山崎耕治","出版社":"世茂      ","ISBN":9789577768018.0,"圖片網址":"https:\/\/cdn.kingstone.com.tw\/book\/images\/product\/20133\/2013330003038\/2013330003038b.jpg","書籍簡介":"\r\n\r\n本書特色 想必大家都聽說過電漿電視，但都對所謂的電漿一無所知，到底造成電視顯示器革命的電漿是個什麼樣的東西呢?電漿還出現在幾部紅透半邊天的科幻電影中，您看完了卻渾然不知？快來翻開這本書，您將體會到前所未有的震撼！讓我們為您細說分明。看完本書您一定會對這個既接近生活卻又充滿神秘的物質充滿敬佩之心!!電漿是充斥於宇宙中的一種物質，也是繼固體、液體、氣體之後的物質第四態。本書將電漿分別以基礎篇、宇宙篇、生活篇以及未來能源篇為您詳盡解說電漿的原理與應用以及未來的展望。每篇末還輔以幾部曾出現關於電漿與核融合狀態的有名的好萊塢電影做更貼近讀者的解說，為本書更增添不少趣味。 ●在紐約可以看見極光？「黑洞頻率（Frequency）」 ●地磁氣將消失？「地心毀滅」 ●核融合技術與生命體？「駭客任務」 ●核融合引擎的Super Car與太空船「回到未來」 太陽由不斷發生核融合反應的巨大電漿所形成，夜空中閃爍的幾億個行星、北極光、太陽風等整個宇宙充滿了神祕的電漿。將神秘的電漿運用到生活中，電漿燈管、電漿電視、鑽石的合成、垃圾處理、靜電空氣清靜機、靜電塗佈等等，電漿猶如魔術師將生活變換得更便利，未來電漿將成為人類的能源來源，搭乘電漿引擎遨遊宇宙不再是夢。\r\n                    \r\n"}
{"書名":"利維坦與空氣泵浦：霍布斯、波以耳與實驗生","書籍網站":"https:\/\/www.kingstone.com.tw\/\/basic\/2013320019179?zone=book&lid=book_class3_ecz&actid=book_class3_ecz","作者":"史蒂文．謝平","出版社":"行人文化  ","ISBN":9789868186026.0,"圖片網址":"https:\/\/cdn.kingstone.com.tw\/book\/images\/product\/20133\/2013320019179\/2013320019179b.jpg","書籍簡介":"\r\n\r\n霍布斯：消除真空，就是避免內戰！　　一本科學史、政治史交匯處的經典作品　　一段盤根錯節的科學知識誕生過程　　本書榮獲2005年伊拉斯模斯獎，得獎原因：「這兩位作者完全顛覆了我們看待科學與社會的方式」　　普林斯頓大學出版社百年精選代表作　　在我們生活的世界中，「實驗證明」通常就代表不需懷疑，例如「實驗證明」不含防腐劑的食物，消費者理應可以大口咬下。就像電視影集CSI，各種專家利用實驗讓證據說出真相，事實於是就在眼前。不過你是否知道，這整套我們「信以為真」的實驗系統，曾經備受懷疑。它是經過怎樣的歷史過程，才獲得今天「理所當然」的位置？　　《利維坦與空氣泵浦》帶我們回到十七世紀英格蘭這個實驗起源的年代，重現化學之父波以耳如何利用空氣泵浦展現真空的存在。更重要地，這本書向我們展示，真空的背後，如何跟權位的競逐者聯繫在一起，搶奪執政者的權力；政治哲學名著《利維坦》的作者霍布斯從這個角度，不容許任何真空的存在，以確保政治和平的使命。　　觀察這個科學革命的特殊時刻，我們會發現，今天「理所當然」的實驗，其實是利用各種「社會技術」取得正當性，而非單單依賴科學家所號稱的「讓證據說話」。另一方面，現在看來「客觀公正」的操作技術，其實跟當時的政治需求密切相關。「事實」、「詮釋」、「實驗」、這些現代科學關鍵概念，其實都是建立新的政治秩序所必須的基礎。因此作者說：「知識問題的解答，就是社會秩序問題的解答。」　　《利維坦與空氣泵浦》已經成為科學史的經典著作。兩位作者藉著科學爭議，撥開科學的「純粹」面孔。更利用人類學方法，將十七世紀「科學家」的工作方式，鉅細靡遺的展現在我們眼前。正如二○○五年本書獲得拉斯莫斯（Erasmus ）獎時，荷蘭王室表示其得獎原因為：「兩位作者全然改變了我們對科學與社會的觀點」。因此我們可以說，要理解現代科學，此書是不可或缺的重要讀物。\r\n\r\n"}
{"書名":"費曼物理學講義III：量子力學(3)薛丁格方程式","書籍網站":"https:\/\/www.kingstone.com.tw\/\/basic\/2013390014395?zone=book&lid=book_class3_ecz&actid=book_class3_ecz","作者":"理查．費曼等","出版社":"天下文化  ","ISBN":9789864176724.0,"圖片網址":"https:\/\/cdn.kingstone.com.tw\/book\/images\/product\/20133\/2013390014395\/2013390014395b.jpg","書籍簡介":"\r\n\r\n如果你對量子力學有以下的疑問，本書都能讓你豁然開朗： 量子力學中用機率幅來描述自然，機率幅與機率有什麼關係？ 費米子是什麼？玻色子又是什麼？ 著名的測不準原理，其真正的意義究竟是什麼？ 什麼是氫原子中的超精細結構？ 為什麼電子能夠很容易的通過晶體，好像它們是在真空中一樣？ 半導體與電晶體的原理是什麼？什麼是超導體？ 氫原子的薛丁格方程式如何解釋氫原子光譜？化學週期表的原理又是什麼？ 對稱性與守恆律的關係是什麼？ 距原版本出版轉眼已越四十寒暑，而這四十年內，我們對物理世界之認知雖歷經巨變，然而這套講義的內容居然歷久彌新，震撼力量強大依然，想要學好物理的您，絕對不容錯過！\r\n                    \r\n"}
{"書名":"愛因斯坦的鏡子","書籍網站":"https:\/\/www.kingstone.com.tw\/\/basic\/2013310012777?zone=book&lid=book_class3_ecz&actid=book_class3_ecz","作者":"東尼．海","出版社":"世潮      ","ISBN":9789577765673.0,"圖片網址":"https:\/\/cdn.kingstone.com.tw\/book\/images\/product\/20133\/2013310012777\/2013310012777b.jpg","書籍簡介":"\r\n\r\n本書呈現出相對論的各種戲劇性解釋，以及對宇宙瞭解的價值。從道耳吞的原子模型，一直到洛沙拉摩斯和原子彈，點出相對論在原子和核子物理所扮演的角色。從衛星領航系統 (GPS)、粒子加速器和核子所展現的威力，到反物質、黑洞和宇宙的起源，詳述相對論的各種應用。其中彩色和黑白照片再加上有趣軼事，讓全書讀來更生動。 \r\n　　炫麗的彩色和黑白照片加上有趣的軼事，呈現出相對論的各種戲劇性解釋，以及對宇宙瞭解的價值。 \r\n\r\n"}
{"書名":"優雅的宇宙","書籍網站":"https:\/\/www.kingstone.com.tw\/\/basic\/2013390013503?zone=book&lid=book_class3_ecz&actid=book_class3_ecz","作者":"布萊恩．格","出版社":"臺灣商務  ","ISBN":9789570518238.0,"圖片網址":"https:\/\/cdn.kingstone.com.tw\/book\/images\/product\/20133\/2013390013503\/2013390013503b.jpg","書籍簡介":"\r\n\r\n現代物理是人類知識探索歷程上的最偉大成就之一，大至整個宇宙的來源和結構，小至次原子粒子的世界，現代物理都能提供完滿的解釋。然而遺憾的是，它的兩大基礎──廣義相對論和量子力學──之間，卻有著無法彌合的衝突。目前來看，經過物理學家多年努力所建立的弦論，是最有可能調和這項衝突、提供最終解答的理論。 \r\n位於弦論研究最前線的物理學家布萊恩．格林恩，剝開圍繞著這個理論的重重謎團，揭露出它所描述的十一維宇宙。在其中，一切物質都是由弦的振動所產生，宇宙的時空結構可以自我撕裂和修補。從遊樂場轉輪到橡皮管上的螞蟻，格林恩結合了生動的例子和剴切深入的說理，向我們闡釋了現代物理美麗而奇詭的真實面貌。 \r\n\r\n"}
{"書名":"湯普金的異想世界","書籍網站":"https:\/\/www.kingstone.com.tw\/\/basic\/2013390013473?zone=book&lid=book_class3_ecz&actid=book_class3_ecz","作者":"徐氏文教  ","出版社":"停售","ISBN":null,"圖片網址":"https:\/\/cdn.kingstone.com.tw\/book\/images\/product\/20133\/2013390013473\/2013390013473b.jpg","書籍簡介":"0"}
{"書名":"振動學（修訂版）","書籍網站":"https:\/\/www.kingstone.com.tw\/\/basic\/2013000048840?zone=book&lid=book_class3_ecz&actid=book_class3_ecz","作者":"王柏村","出版社":"全華      ","ISBN":9789572120613.0,"圖片網址":"https:\/\/cdn.kingstone.com.tw\/book\/images\/product\/20130\/2013000048840\/2013000048840b.jpg","書籍簡介":"0"}
{"書名":"諾貝爾獎的搖籃：卡文迪西實驗室","書籍網站":"https:\/\/www.kingstone.com.tw\/\/basic\/2013300030699?zone=book&lid=book_class3_ecz&actid=book_class3_ecz","作者":"郭奕玲","出版社":"世潮      ","ISBN":9789577764850.0,"圖片網址":"https:\/\/cdn.kingstone.com.tw\/book\/images\/product\/20133\/2013300030699\/2013300030699b.jpg","書籍簡介":"\r\n\r\n詳述20世紀物理學的發展重鎮，更有30位諾貝爾獎得主與其淵源甚深頂尖物理學家心中的「科學聖地」？一百多年來，是怎樣的緣由和長期耕耘才有今天的成績，又是怎樣的科學人和科學精神奠定根基、發揚光大和改革創新，維持它的巔峰地位於不墜？透過本書您將了解其創建與發展簡史，以及各期掌舵人的領導特色。\r\n                    \r\n"}
{"書名":"超對稱","書籍網站":"https:\/\/www.kingstone.com.tw\/\/basic\/2013390012711?zone=book&lid=book_class3_ecz&actid=book_class3_ecz","作者":"凱恩","出版社":"天下文化  ","ISBN":9789864170272.0,"圖片網址":"https:\/\/cdn.kingstone.com.tw\/book\/images\/product\/20133\/2013390012711\/2013390012711b.jpg","書籍簡介":"\r\n\r\n物理學的疆界正在改變中。現在，科學家不但問世界「如何」（how）運作，還會問「為什麼」（why）世界是如此運作的。 \r\n愛因斯坦在二十世紀初問「為什麼」，但是一直到最近十年來，問「為什麼」才成為粒子物理學的常態科學研究。 \r\n在回答「宇宙為什麼如此運作」的理論中，建立在十一維世界的弦論是最具企圖心的，而弦論預測：大自然應該是超對稱的！ \r\n「超對稱」也是一種對稱性質，之所以冠上「超」這個字眼，是因為這種對稱太令人驚訝了。 \r\n\r\n"}
{"書名":"原子中的幽靈","書籍網站":"https:\/\/www.kingstone.com.tw\/\/basic\/2013390011349?zone=book&lid=book_class3_ecz&actid=book_class3_ecz","作者":"保羅．戴維","出版社":"貓頭鷹    ","ISBN":9789570337754.0,"圖片網址":"https:\/\/cdn.kingstone.com.tw\/book\/images\/product\/20133\/2013390011349\/2013390011349b.jpg","書籍簡介":"\r\n\r\n有趣的量子論\r\n　物理學教授保羅．戴維斯與科學廣播節目製作人朱利安．布朗為英國國家廣播公司第三電台製作了一系列探討量子論解釋的專題節目，以「原子中的幽靈」為題，採訪當代最重要的幾位量子物理學家，如阿斯佩克特 (Alan Aspect)、泰勒 (John Taylor) 與玻姆 (David Bohm) 等。節目播出後受到廣大的注目與歡迎，因此兩位節目製作人決定將採訪內容整理出版成書，由於廣播節目時間有限而無法完整呈現的訪談全貌因此得以重現。此外，他們更特別編寫了第一章，介紹量子論及一些重要的量子實驗與假說，以便一般讀者能更易理解訪談中所討論到的概念。\r\n\r\n　　本書具有以下幾項特色：\r\n‧訪談對話的形式，參與式探討量子論奧祕　本書保留了廣播訪談的形式，在問答對話中傳達科學家的思路與看法，使閱讀不再是直線思考，讀者在接受知識時更有主動性與參與感。\r\n‧問答的過程揭露科學家思考的心路歷程與哲學人生觀　本書不同於一般科普書籍，不是介紹已有定論的學說，而是針對具有爭議性的理論，延請多位在該領域有卓越成就的學者分別提出各自的見解。科學家現身說法，讓科學知識產生了個性與人性，讓讀者體會到科學理論形成背後的人文理念。\r\n‧台大物理系教授為入門讀者專文介紹量子論概念及最新發展　為讓初接觸量子論的讀者更容易理解本書所探討的主題，特邀請台大物理系高涌泉教授專文導讀，並介紹近十幾年來量子論的最新發展，使讀者在回顧科學界大師的精彩思辯後，能建立更為統整的觀念。\r\n　　本書在量子論基礎概念方面的介紹及中文版新增訂的導讀，可謂目前最深入淺出的入門書；彷彿親炙科學大師間的思辯歷程的對談錄形式，更使本書更兼具一般科普書少有的人文趣味。\r\n◆有趣的量子論──八位頂尖量子論專家針對當代最富爭議的假說，為你展開一場趣味的知識思辯賽。\r\n◆英國BBC熱門科學節目內容彙編成書，在訪談中揭示量子論奧祕，呈現科學家的思路歷程與哲學理念。\r\n◆台大物理系高涌泉教授專文介紹量子論概念及最新發展。　 \r\n作者簡介\r\n保羅．戴維斯﹙P.C.W. Davies﹚\r\n\r\n　阿得雷德大學物理及數學物理系教授。曾與朱利安．布朗合作製作不少膾炙人口的英國BBC科學廣播節目。\r\n\r\n朱利安．布朗\r\n\r\n　英國BBC科學部節目製作人。曾製作不少膾炙人口的科學廣播節目。\r\n                    \r\n"}
{"書名":"凝體EVERYWHERE","書籍網站":"https:\/\/www.kingstone.com.tw\/\/basic\/2013390011219?zone=book&lid=book_class3_ecz&actid=book_class3_ecz","作者":"錢卓斯卡","出版社":"天下文化  ","ISBN":9789576216688.0,"圖片網址":"https:\/\/cdn.kingstone.com.tw\/book\/images\/product\/20133\/2013390011219\/2013390011219b.jpg","書籍簡介":"\r\n\r\n原子如何組成\r\n　過去數十年，物理學最令人興奮的發現，就是瞭解了固體的性質與「原子如何組成」有關。這門學問過去稱為固態物理學，而最近則有了新名字，稱為凝體物理學。凝體可以涵蓋固體和液體－兩者的原子都很緊密地堆疊在一起。\r\n\r\n　凝體物理學不僅是二十世紀的知識大成就之一，也已廣泛應用到我們的日常生活中。例如它可以解釋：為什麼銅線可以彎折，玻璃一敲就碎？為什麼金屬湯匙容易燙手，塑膠湯匙卻不會？為什麼琉璃可以透光、黃金是黃澄澄的、紅寶石卻閃閃泛紅光？半導體為什麼叫「半導」？磁鐵為什麼吸得了鐵釘，吸不住鋁門框？超導體又為什麼不具阻？\r\n\r\n　舉凡彈性、熱性質、光學性質、電性、磁性、超導性，都可以透過凝體物理學來一窺究竟。研發具有特殊性質的新材料，也得以這門學問為基石。\r\n作者介紹\r\n錢卓斯卡（B.S Chandrasekhar）\r\n\r\n　印度人，物理的啟蒙教育是從父親那裡得來的，後來一路在印度南占古德、邦加羅爾、德里、英國牛津接受學校教育。學成後遊牧於美國、英國、印度、瑞士、德國的許多大學及研究機構。主要的教學研究領域都與固體的性質相關，也正是本書的內容。目前的計畫是學彈古鋼琴。\r\n\r\n　\r\n譯者簡介\r\n蔡信行\r\n\r\n　台灣大學化學工程系畢業，美國卡內基美隆大學化學碩士、化學博士。專長為石油化學、高分子化學及物理、流變學。歷任中國石油公司企劃處副處長、研究發展委員會執行祕書、靜宜大學及東海大學兼任副教授等。著有《石油產品及其應用》、《聚合物化學》、《石油及石化工業概論》等，譯有《數學遊樂園之觸類旁通》（牛頓出版）。\r\n                    \r\n"}
{"書名":"原子核的奧祕與核能的應用","書籍網站":"https:\/\/www.kingstone.com.tw\/\/basic\/2013390010557?zone=book&lid=book_class3_ecz&actid=book_class3_ecz","作者":"陳龍銘","出版社":"臺灣書店  ","ISBN":9789575671334.0,"圖片網址":"https:\/\/cdn.kingstone.com.tw\/book\/images\/product\/20133\/2013390010557\/2013390010557b.jpg","書籍簡介":"\r\n\r\n原子核的奧秘與核能的應用\r\n　本書的其五章著重於核物理的理論介紹，主要為原子核的粗快性質、核力的特徵、原子殼結構與模型的闡釋，第六章從原子核的輻射現象談起，著重在核能發電、輻射之醫、農、工業和平應用及輻射的可能傷害。\r\n\r\n　中山學術文化基金董事會自民國五十四年成立以來，即以闡揚中山先生思想及獎勵學術研究為主要工作。中山文庫是邀請海內外學術界人士撰寫專書而成，希望能將中山先生「為往聖繼絕學，為萬世開太平。」的思想在國內紮根，向國外弘揚，並進而對促成中國和平統一大業能有所貢獻。\r\n作者簡介\r\n　陳龍銘\r\n\r\n　師大物理學士、清大物理碩、博士。曾任彰化高中物理教師、師大物理系助教、中山大學物理系講師、副教授、教授。著有：牛頓搖籃的聯想、醫院用電的安全性、及有關原子核結構理論計算之論文十餘篇。\r\n                    \r\n"}
{"書名":"原子．核能．輻射","書籍網站":"https:\/\/www.kingstone.com.tw\/\/basic\/2013390010687?zone=book&lid=book_class3_ecz&actid=book_class3_ecz","作者":"王天戈","出版社":"臺灣書店  ","ISBN":9789575671402.0,"圖片網址":"https:\/\/cdn.kingstone.com.tw\/book\/images\/product\/20133\/2013390010687\/2013390010687b.jpg","書籍簡介":"\r\n\r\n原子˙核能˙輻射\r\n　本書以淺顯易懂的筆法，用書故事的方式介紹原子˙核能˙輻射科學的發展及興起。一方面從古希臘哲學家對物質組成的看法談起，經過十七、八世紀近代化學的源起，直講到今日所了解的原子、次原子及粒子的世界。二方面在幾位十九、二十世紀偉大科學家小故事的穿插下，講述輻射與核能的發展史並介紹其應用。\r\n\r\n　中山學術文化基金董事會自民國五十四年成立以來，即以闡揚中山先生思想及獎勵學術研究為主要工作。中山文庫是邀請海內外學術界人士撰寫專書而成，希望能將中山先生「為往聖繼絕學，為萬世開太平。」的思想在國內紮根，向國外弘揚，並進而對促成中國和平統一大業能有所貢獻。\r\n作者簡介\r\n　王天戈\r\n\r\n　清大原子科學碩士、美國普渡大學核子工程博士。現任清大教授兼任工程與系統科學系系主任。於多種國際學術期刊發表論文四十多篇。\r\n                    \r\n"}
{"書名":"晶態面面觀：漫談凝聚態物質之一","書籍網站":"https:\/\/www.kingstone.com.tw\/\/basic\/2013490000694?zone=book&lid=book_class3_ecz&actid=book_class3_ecz","作者":"馮端","出版社":"牛頓      ","ISBN":9789576274923.0,"圖片網址":"https:\/\/cdn.kingstone.com.tw\/book\/images\/product\/20134\/2013490000694\/2013490000694b.jpg","書籍簡介":"\r\n\r\n晶態面面觀\r\n　長期以來，晶體以其特別的幾何外形引起人們廣泛的與趣，也導致一些有心人對之進行思索。由於絕大多數固體是晶物質，很自然地晶體學成為固體物理學（後來擴大為凝聚態物理學）的基礎。本書對於對稱性、周期結構、繞射物理、結構分析、晶體缺陷和晶體生長等問題均設置專章加以闡述。\r\n                    \r\n"}
{"書名":"中微子之謎","書籍網站":"https:\/\/www.kingstone.com.tw\/\/basic\/2013390010397?zone=book&lid=book_class3_ecz&actid=book_class3_ecz","作者":"孫漢城","出版社":"牛頓      ","ISBN":9789576274824.0,"圖片網址":"https:\/\/cdn.kingstone.com.tw\/book\/images\/product\/20133\/2013390010397\/2013390010397b.jpg","書籍簡介":"\r\n\r\n中微子之謎\r\n    本書介紹從中微子假說提出以來六十餘年的發展歷史與當代的前緣課題。第一部分以十九世紀未葉的三大發現開始，以量子理論和宇宙演化理論的發展作背，景穿插大量歷史故事，敘述了人們對中微子的認識過程和現已達到的認識程度。\r\n\r\n    第二部分以超越粒子物理標準模型之有希望的突破角度．介紹近十幾年來提出的一系列未解之謎：太陽中微子失蹤問題、中微子質量問題、變B衰變問題以及與此有關的中微子振盪、宇宙暗物質等問題。最後一分闡述了中微子天文學的誕生並對今後發展作了展望。通過本書，可以對微觀世界與宏觀世界的一個結合點──中微子物理有概括的了解，激發起揭開自然之謎的興趣。\r\n                    \r\n"}
{"書名":"聲學漫談","書籍網站":"https:\/\/www.kingstone.com.tw\/\/basic\/2013340000690?zone=book&lid=book_class3_ecz&actid=book_class3_ecz","作者":"馬大猷","出版社":"牛頓      ","ISBN":9789576274831.0,"圖片網址":"https:\/\/cdn.kingstone.com.tw\/book\/images\/product\/20133\/2013340000690\/2013340000690b.jpg","書籍簡介":"\r\n\r\n聲學漫談\r\n　聲學是一門古老又年輕的學科，本書全面而系統紹了現代聲學的各支，內容包括大氣聲學、水聲學、地聲學、超聲學、建築聲學、噪聲學和非線性聲學等。介紹了各個分支中的基本現象、基本概念和最新研究成果，其中介紹了人們關心的比如地震、醫療等方面問題的有關聲學知識。\r\n                    \r\n"}
{"書名":"超微粒子理論應用","書籍網站":"https:\/\/www.kingstone.com.tw\/\/basic\/2013390010007?zone=book&lid=book_class3_ecz&actid=book_class3_ecz","作者":"莊萬發","出版社":"復漢      ","ISBN":9789577490308.0,"圖片網址":"https:\/\/cdn.kingstone.com.tw\/book\/images\/product\/20133\/2013390010007\/2013390010007b.jpg","書籍簡介":"0"}
{"書名":"電的魅力","書籍網站":"https:\/\/www.kingstone.com.tw\/\/basic\/2013340000560?zone=book&lid=book_class3_ecz&actid=book_class3_ecz","作者":"維科      ","出版社":"停售","ISBN":9789578675230.0,"圖片網址":"https:\/\/cdn.kingstone.com.tw\/book\/images\/product\/20133\/2013340000560\/2013340000560b.jpg","書籍簡介":"0"}
{"書名":"神奇的物質世界","書籍網站":"https:\/\/www.kingstone.com.tw\/\/basic\/2013390009988?zone=book&lid=book_class3_ecz&actid=book_class3_ecz","作者":"銀禾文化  ","出版社":"停售","ISBN":9789575683320.0,"圖片網址":"https:\/\/cdn.kingstone.com.tw\/book\/images\/product\/20133\/2013390009988\/2013390009988b.jpg","書籍簡介":"0"}
{"書名":"國中理化寶典第一冊","書籍網站":"https:\/\/www.kingstone.com.tw\/\/basic\/2064711128901?zone=book&lid=book_class3_ecz&actid=book_class3_ecz","作者":"沈青蓉","出版社":"草莓資訊  ","ISBN":null,"圖片網址":"https:\/\/cdn.kingstone.com.tw\/book\/images\/product\/20647\/2064711128901\/2064711128901b.jpg","書籍簡介":"0"}
{"書名":"國中理化寶典第二冊","書籍網站":"https:\/\/www.kingstone.com.tw\/\/basic\/2064711129083?zone=book&lid=book_class3_ecz&actid=book_class3_ecz","作者":"沈青蓉","出版社":"草莓資訊  ","ISBN":null,"圖片網址":"https:\/\/cdn.kingstone.com.tw\/book\/images\/product\/20647\/2064711129083\/2064711129083b.jpg","書籍簡介":"0"}
{"書名":"國中理化寶典第三冊","書籍網站":"https:\/\/www.kingstone.com.tw\/\/basic\/2064711129113?zone=book&lid=book_class3_ecz&actid=book_class3_ecz","作者":"沈青蓉","出版社":"草莓資訊  ","ISBN":null,"圖片網址":"https:\/\/cdn.kingstone.com.tw\/book\/images\/product\/20647\/2064711129113\/2064711129113b.jpg","書籍簡介":"0"}
{"書名":"國中理化寶典第四冊","書籍網站":"https:\/\/www.kingstone.com.tw\/\/basic\/2064711129243?zone=book&lid=book_class3_ecz&actid=book_class3_ecz","作者":"沈青蓉","出版社":"草莓資訊  ","ISBN":null,"圖片網址":"https:\/\/cdn.kingstone.com.tw\/book\/images\/product\/20647\/2064711129243\/2064711129243b.jpg","書籍簡介":"0"}
{"書名":"國中理化寶典（全集）","書籍網站":"https:\/\/www.kingstone.com.tw\/\/basic\/2064711117882?zone=book&lid=book_class3_ecz&actid=book_class3_ecz","作者":"沈青蓉","出版社":"草莓資訊  ","ISBN":null,"圖片網址":"https:\/\/cdn.kingstone.com.tw\/book\/images\/product\/20647\/2064711117882\/2064711117882b.jpg","書籍簡介":"0"}
{"書名":"國中CAI理化（第二冊）","書籍網站":"https:\/\/www.kingstone.com.tw\/\/basic\/2065211141896?zone=book&lid=book_class3_ecz&actid=book_class3_ecz","作者":"喜而愛    ","出版社":"停售","ISBN":null,"圖片網址":"https:\/\/cdn.kingstone.com.tw\/book\/images\/product\/20652\/2065211141896\/2065211141896b.jpg","書籍簡介":"0"}
{"書名":"國中CAI理化（第四冊）","書籍網站":"https:\/\/www.kingstone.com.tw\/\/basic\/2065211141926?zone=book&lid=book_class3_ecz&actid=book_class3_ecz","作者":"喜而愛    ","出版社":"停售","ISBN":null,"圖片網址":"https:\/\/cdn.kingstone.com.tw\/book\/images\/product\/20652\/2065211141926\/2065211141926b.jpg","書籍簡介":"0"}
{"書名":"雷射原理與實用技術","書籍網站":"https:\/\/www.kingstone.com.tw\/\/basic\/2013390009438?zone=book&lid=book_class3_ecz&actid=book_class3_ecz","作者":"蘇品書","出版社":"復漢      ","ISBN":9789577490919.0,"圖片網址":"https:\/\/cdn.kingstone.com.tw\/book\/images\/product\/20133\/2013390009438\/2013390009438b.jpg","書籍簡介":"0"}
{"書名":"金屬加工析解","書籍網站":"https:\/\/www.kingstone.com.tw\/\/basic\/2015210131176?zone=book&lid=book_class3_ecz&actid=book_class3_ecz","作者":"鳳凰城    ","出版社":"停售","ISBN":null,"圖片網址":"https:\/\/cdn.kingstone.com.tw\/book\/images\/product\/20152\/2015210131176\/2015210131176b.jpg","書籍簡介":"0"}
{"書名":"基礎理化（上）","書籍網站":"https:\/\/www.kingstone.com.tw\/\/basic\/2015210511046?zone=book&lid=book_class3_ecz&actid=book_class3_ecz","作者":"精準      ","出版社":"停售","ISBN":null,"圖片網址":"https:\/\/cdn.kingstone.com.tw\/book\/images\/product\/20152\/2015210511046\/2015210511046b.jpg","書籍簡介":"0"}
{"書名":"氣體","書籍網站":"https:\/\/www.kingstone.com.tw\/\/basic\/2015210522745?zone=book&lid=book_class3_ecz&actid=book_class3_ecz","作者":"許瑞蓮","出版社":"建宏      ","ISBN":null,"圖片網址":"https:\/\/cdn.kingstone.com.tw\/book\/images\/product\/20152\/2015210522745\/2015210522745b.jpg","書籍簡介":"0"}
{"書名":"液體溶液","書籍網站":"https:\/\/www.kingstone.com.tw\/\/basic\/2015210522905?zone=book&lid=book_class3_ecz&actid=book_class3_ecz","作者":"許瑞蓮","出版社":"建宏      ","ISBN":null,"圖片網址":"https:\/\/cdn.kingstone.com.tw\/book\/images\/product\/20152\/2015210522905\/2015210522905b.jpg","書籍簡介":"0"}
{"書名":"固體","書籍網站":"https:\/\/www.kingstone.com.tw\/\/basic\/2015210523377?zone=book&lid=book_class3_ecz&actid=book_class3_ecz","作者":"許瑞蓮","出版社":"建宏      ","ISBN":null,"圖片網址":"https:\/\/cdn.kingstone.com.tw\/book\/images\/product\/20152\/2015210523377\/2015210523377b.jpg","書籍簡介":"0"}
{"書名":"水溶液中的離子平衡","書籍網站":"https:\/\/www.kingstone.com.tw\/\/basic\/2015210523957?zone=book&lid=book_class3_ecz&actid=book_class3_ecz","作者":"許瑞蓮","出版社":"建宏      ","ISBN":null,"圖片網址":"https:\/\/cdn.kingstone.com.tw\/book\/images\/product\/20152\/2015210523957\/2015210523957b.jpg","書籍簡介":"0"}
{"書名":"氧化還原","書籍網站":"https:\/\/www.kingstone.com.tw\/\/basic\/2015210524169?zone=book&lid=book_class3_ecz&actid=book_class3_ecz","作者":"許瑞蓮","出版社":"建宏      ","ISBN":null,"圖片網址":"https:\/\/cdn.kingstone.com.tw\/book\/images\/product\/20152\/2015210524169\/2015210524169b.jpg","書籍簡介":"0"}
{"書名":"宇宙學","書籍網站":"https:\/\/www.kingstone.com.tw\/\/basic\/2015210524909?zone=book&lid=book_class3_ecz&actid=book_class3_ecz","作者":"黃亮","出版社":"建宏      ","ISBN":null,"圖片網址":"https:\/\/cdn.kingstone.com.tw\/book\/images\/product\/20152\/2015210524909\/2015210524909b.jpg","書籍簡介":"0"}
{"書名":"向量","書籍網站":"https:\/\/www.kingstone.com.tw\/\/basic\/2015210526583?zone=book&lid=book_class3_ecz&actid=book_class3_ecz","作者":"詹敏昌","出版社":"建宏      ","ISBN":null,"圖片網址":"https:\/\/cdn.kingstone.com.tw\/book\/images\/product\/20152\/2015210526583\/2015210526583b.jpg","書籍簡介":"0"}
{"書名":"運算放大器電路","書籍網站":"https:\/\/www.kingstone.com.tw\/\/basic\/2015210615195?zone=book&lid=book_class3_ecz&actid=book_class3_ecz","作者":"建宏      ","出版社":"停售","ISBN":null,"圖片網址":"https:\/\/cdn.kingstone.com.tw\/book\/images\/product\/20152\/2015210615195\/2015210615195b.jpg","書籍簡介":"0"}
{"書名":"知音基礎理化","書籍網站":"https:\/\/www.kingstone.com.tw\/\/basic\/2015210647790?zone=book&lid=book_class3_ecz&actid=book_class3_ecz","作者":"精準      ","出版社":"停售","ISBN":null,"圖片網址":"https:\/\/cdn.kingstone.com.tw\/book\/images\/product\/20152\/2015210647790\/2015210647790b.jpg","書籍簡介":"0"}
{"書名":"五科七百分","書籍網站":"https:\/\/www.kingstone.com.tw\/\/basic\/2015210830161?zone=book&lid=book_class3_ecz&actid=book_class3_ecz","作者":"建立      ","出版社":"停售","ISBN":null,"圖片網址":"https:\/\/cdn.kingstone.com.tw\/book\/images\/product\/20152\/2015210830161\/2015210830161b.jpg","書籍簡介":"0"}
{"書名":"平面向量","書籍網站":"https:\/\/www.kingstone.com.tw\/\/basic\/2015210855195?zone=book&lid=book_class3_ecz&actid=book_class3_ecz","作者":"何景國","出版社":"建宏      ","ISBN":null,"圖片網址":"https:\/\/cdn.kingstone.com.tw\/book\/images\/product\/20152\/2015210855195\/2015210855195b.jpg","書籍簡介":"0"}
{"書名":"物質與能量","書籍網站":"https:\/\/www.kingstone.com.tw\/\/basic\/2013330000372?zone=book&lid=book_class3_ecz&actid=book_class3_ecz","作者":"季風      ","出版社":"停售","ISBN":null,"圖片網址":"https:\/\/cdn.kingstone.com.tw\/book\/images\/product\/20133\/2013330000372\/2013330000372b.jpg","書籍簡介":"0"}
{"書名":"核能兩面觀","書籍網站":"https:\/\/www.kingstone.com.tw\/\/basic\/2013330000792?zone=book&lid=book_class3_ecz&actid=book_class3_ecz","作者":"J.TRAINER","出版社":"遠流      ","ISBN":9789573202752.0,"圖片網址":"https:\/\/cdn.kingstone.com.tw\/book\/images\/product\/20133\/2013330000792\/2013330000792b.jpg","書籍簡介":"0"}
{"書名":"噪音與振動控制","書籍網站":"https:\/\/www.kingstone.com.tw\/\/basic\/2013340000140?zone=book&lid=book_class3_ecz&actid=book_class3_ecz","作者":"納勃藍克","出版社":"協志工業  ","ISBN":null,"圖片網址":"https:\/\/cdn.kingstone.com.tw\/book\/images\/product\/20133\/2013340000140\/2013340000140b.jpg","書籍簡介":"0"}
{"書名":"原子能與食物保鮮","書籍網站":"https:\/\/www.kingstone.com.tw\/\/basic\/2013390000800?zone=book&lid=book_class3_ecz&actid=book_class3_ecz","作者":"旋風      ","出版社":"停售","ISBN":null,"圖片網址":"https:\/\/cdn.kingstone.com.tw\/book\/images\/product\/20133\/2013390000800\/2013390000800b.jpg","書籍簡介":"0"}
{"書名":"核子科學與藝術等","書籍網站":"https:\/\/www.kingstone.com.tw\/\/basic\/2013390000930?zone=book&lid=book_class3_ecz&actid=book_class3_ecz","作者":"旋風      ","出版社":"停售","ISBN":null,"圖片網址":"https:\/\/cdn.kingstone.com.tw\/book\/images\/product\/20133\/2013390000930\/2013390000930b.jpg","書籍簡介":"0"}
{"書名":"釷與第三種原料","書籍網站":"https:\/\/www.kingstone.com.tw\/\/basic\/2013390001012?zone=book&lid=book_class3_ecz&actid=book_class3_ecz","作者":"旋風      ","出版社":"停售","ISBN":null,"圖片網址":"https:\/\/cdn.kingstone.com.tw\/book\/images\/product\/20133\/2013390001012\/2013390001012b.jpg","書籍簡介":"0"}
{"書名":"原子能世界","書籍網站":"https:\/\/www.kingstone.com.tw\/\/basic\/2013390001142?zone=book&lid=book_class3_ecz&actid=book_class3_ecz","作者":"旋風      ","出版社":"停售","ISBN":null,"圖片網址":"https:\/\/cdn.kingstone.com.tw\/book\/images\/product\/20133\/2013390001142\/2013390001142b.jpg","書籍簡介":"0"}
{"書名":"太空核子反應器","書籍網站":"https:\/\/www.kingstone.com.tw\/\/basic\/2013390001272?zone=book&lid=book_class3_ecz&actid=book_class3_ecz","作者":"旋風      ","出版社":"停售","ISBN":null,"圖片網址":"https:\/\/cdn.kingstone.com.tw\/book\/images\/product\/20133\/2013390001272\/2013390001272b.jpg","書籍簡介":"0"}
{"書名":"原子粒子探測","書籍網站":"https:\/\/www.kingstone.com.tw\/\/basic\/2013390001302?zone=book&lid=book_class3_ecz&actid=book_class3_ecz","作者":"旋風      ","出版社":"停售","ISBN":null,"圖片網址":"https:\/\/cdn.kingstone.com.tw\/book\/images\/product\/20133\/2013390001302\/2013390001302b.jpg","書籍簡介":"0"}
{"書名":"雷射","書籍網站":"https:\/\/www.kingstone.com.tw\/\/basic\/2013390001982?zone=book&lid=book_class3_ecz&actid=book_class3_ecz","作者":"復漢      ","出版社":"停售","ISBN":null,"圖片網址":"https:\/\/cdn.kingstone.com.tw\/book\/images\/product\/20133\/2013390001982\/2013390001982b.jpg","書籍簡介":"0"}
{"書名":"雷射","書籍網站":"https:\/\/www.kingstone.com.tw\/\/basic\/2013390002194?zone=book&lid=book_class3_ecz&actid=book_class3_ecz","作者":"徐氏文教  ","出版社":"停售","ISBN":null,"圖片網址":"https:\/\/cdn.kingstone.com.tw\/book\/images\/product\/20133\/2013390002194\/2013390002194b.jpg","書籍簡介":"0"}
{"書名":"雷射（基本原理應用）","書籍網站":"https:\/\/www.kingstone.com.tw\/\/basic\/2013390002224?zone=book&lid=book_class3_ecz&actid=book_class3_ecz","作者":"徐氏文教  ","出版社":"停售","ISBN":null,"圖片網址":"https:\/\/cdn.kingstone.com.tw\/book\/images\/product\/20133\/2013390002224\/2013390002224b.jpg","書籍簡介":"0"}
{"書名":"核儀及輻射度量","書籍網站":"https:\/\/www.kingstone.com.tw\/\/basic\/2013390002354?zone=book&lid=book_class3_ecz&actid=book_class3_ecz","作者":"王永祥","出版社":"徐氏文教  ","ISBN":null,"圖片網址":"https:\/\/cdn.kingstone.com.tw\/book\/images\/product\/20133\/2013390002354\/2013390002354b.jpg","書籍簡介":"0"}
{"書名":"最新運算放大器規格表","書籍網站":"https:\/\/www.kingstone.com.tw\/\/basic\/2013390003276?zone=book&lid=book_class3_ecz&actid=book_class3_ecz","作者":"無線電界  ","出版社":"停售","ISBN":null,"圖片網址":"https:\/\/cdn.kingstone.com.tw\/book\/images\/product\/20133\/2013390003276\/2013390003276b.jpg","書籍簡介":"0"}
{"書名":"最新運算放大器規格表","書籍網站":"https:\/\/www.kingstone.com.tw\/\/basic\/2013390003306?zone=book&lid=book_class3_ecz&actid=book_class3_ecz","作者":"無線電界  ","出版社":"停售","ISBN":null,"圖片網址":"https:\/\/cdn.kingstone.com.tw\/book\/images\/product\/20133\/2013390003306\/2013390003306b.jpg","書籍簡介":"0"}
{"書名":"原子時代","書籍網站":"https:\/\/www.kingstone.com.tw\/\/basic\/2013390003986?zone=book&lid=book_class3_ecz&actid=book_class3_ecz","作者":"柯雪嘉","出版社":"季風      ","ISBN":null,"圖片網址":"https:\/\/cdn.kingstone.com.tw\/book\/images\/product\/20133\/2013390003986\/2013390003986b.jpg","書籍簡介":"0"}
{"書名":"超光速粒子洐迅子析","書籍網站":"https:\/\/www.kingstone.com.tw\/\/basic\/2013390004518?zone=book&lid=book_class3_ecz&actid=book_class3_ecz","作者":"周東川","出版社":"銀禾文化  ","ISBN":9789575682064.0,"圖片網址":"https:\/\/cdn.kingstone.com.tw\/book\/images\/product\/20133\/2013390004518\/2013390004518b.jpg","書籍簡介":"0"}
{"書名":"基本放射線導論","書籍網站":"https:\/\/www.kingstone.com.tw\/\/basic\/2013390004778?zone=book&lid=book_class3_ecz&actid=book_class3_ecz","作者":"復漢      ","出版社":"停售","ISBN":null,"圖片網址":"https:\/\/cdn.kingstone.com.tw\/book\/images\/product\/20133\/2013390004778\/2013390004778b.jpg","書籍簡介":"0"}
{"書名":"粉體工學","書籍網站":"https:\/\/www.kingstone.com.tw\/\/basic\/2013390004938?zone=book&lid=book_class3_ecz&actid=book_class3_ecz","作者":"復漢      ","出版社":"停售","ISBN":null,"圖片網址":"https:\/\/cdn.kingstone.com.tw\/book\/images\/product\/20133\/2013390004938\/2013390004938b.jpg","書籍簡介":"0"}
{"書名":"湯普金夢遊記","書籍網站":"https:\/\/www.kingstone.com.tw\/\/basic\/2013390005010?zone=book&lid=book_class3_ecz&actid=book_class3_ecz","作者":"徐氏文教  ","出版社":"停售","ISBN":null,"圖片網址":"https:\/\/cdn.kingstone.com.tw\/book\/images\/product\/20133\/2013390005010\/2013390005010b.jpg","書籍簡介":"0"}
{"書名":"雷射","書籍網站":"https:\/\/www.kingstone.com.tw\/\/basic\/2013390005980?zone=book&lid=book_class3_ecz&actid=book_class3_ecz","作者":"銀禾文化  ","出版社":"停售","ISBN":9789575681944.0,"圖片網址":"https:\/\/cdn.kingstone.com.tw\/book\/images\/product\/20133\/2013390005980\/2013390005980b.jpg","書籍簡介":"0"}
{"書名":"物理學名詞彙編","書籍網站":"https:\/\/www.kingstone.com.tw\/\/basic\/2020560020346?zone=book&lid=book_class3_ecz&actid=book_class3_ecz","作者":"李杰校訂","出版社":"新陸書局  ","ISBN":null,"圖片網址":"https:\/\/cdn.kingstone.com.tw\/book\/images\/product\/20205\/2020560020346\/2020560020346b.jpg","書籍簡介":"0"}
{"書名":"高能物理學名詞","書籍網站":"https:\/\/www.kingstone.com.tw\/\/basic\/2020560020506?zone=book&lid=book_class3_ecz&actid=book_class3_ecz","作者":"名山      ","出版社":"停售","ISBN":null,"圖片網址":"https:\/\/cdn.kingstone.com.tw\/book\/images\/product\/20205\/2020560020506\/2020560020506b.jpg","書籍簡介":"0"}
{"書名":"物理學名詞彙編","書籍網站":"https:\/\/www.kingstone.com.tw\/\/basic\/2023309002337?zone=book&lid=book_class3_ecz&actid=book_class3_ecz","作者":"李杰校訂","出版社":"新陸書局  ","ISBN":null,"圖片網址":"https:\/\/cdn.kingstone.com.tw\/book\/images\/product\/20233\/2023309002337\/2023309002337b.jpg","書籍簡介":"0"}
{"書名":"高能物理學名詞","書籍網站":"https:\/\/www.kingstone.com.tw\/\/basic\/2023309005383?zone=book&lid=book_class3_ecz&actid=book_class3_ecz","作者":"名山      ","出版社":"停售","ISBN":null,"圖片網址":"https:\/\/cdn.kingstone.com.tw\/book\/images\/product\/20233\/2023309005383\/2023309005383b.jpg","書籍簡介":"0"}
{"書名":"原子科學","書籍網站":"https:\/\/www.kingstone.com.tw\/\/basic\/2023390000793?zone=book&lid=book_class3_ecz&actid=book_class3_ecz","作者":"臺視文化  ","出版社":"停售","ISBN":null,"圖片網址":"https:\/\/cdn.kingstone.com.tw\/book\/images\/product\/20233\/2023390000793\/2023390000793b.jpg","書籍簡介":"0"}
{"書名":"粉體工學","書籍網站":"https:\/\/www.kingstone.com.tw\/\/basic\/2023390004951?zone=book&lid=book_class3_ecz&actid=book_class3_ecz","作者":"復漢      ","出版社":"停售","ISBN":null,"圖片網址":"https:\/\/cdn.kingstone.com.tw\/book\/images\/product\/20233\/2023390004951\/2023390004951b.jpg","書籍簡介":"0"}
{"書名":"實用雷射技術","書籍網站":"https:\/\/www.kingstone.com.tw\/\/basic\/2013390009148?zone=book&lid=book_class3_ecz&actid=book_class3_ecz","作者":"許正道    ","出版社":"停售","ISBN":null,"圖片網址":"https:\/\/cdn.kingstone.com.tw\/book\/images\/product\/20133\/2013390009148\/2013390009148b.jpg","書籍簡介":"0"}
{"書名":"環境物理學","書籍網站":"https:\/\/www.kingstone.com.tw\/\/basic\/2013670009684?zone=book&lid=book_class3_ecz&actid=book_class3_ecz","作者":"HERBERT IN","出版社":"科技圖書  ","ISBN":null,"圖片網址":"https:\/\/cdn.kingstone.com.tw\/book\/images\/product\/20136\/2013670009684\/2013670009684b.jpg","書籍簡介":"0"}
{"書名":"環境物理學","書籍網站":"https:\/\/www.kingstone.com.tw\/\/basic\/2013670008632?zone=book&lid=book_class3_ecz&actid=book_class3_ecz","作者":"沈陭","出版社":"科技圖書  ","ISBN":null,"圖片網址":"https:\/\/cdn.kingstone.com.tw\/book\/images\/product\/20136\/2013670008632\/2013670008632b.jpg","書籍簡介":"0"}
{"書名":"超微粒子材料技術","書籍網站":"https:\/\/www.kingstone.com.tw\/\/basic\/2013390007984?zone=book&lid=book_class3_ecz&actid=book_class3_ecz","作者":"蘇品書","出版社":"復漢      ","ISBN":null,"圖片網址":"https:\/\/cdn.kingstone.com.tw\/book\/images\/product\/20133\/2013390007984\/2013390007984b.jpg","書籍簡介":"0"}
{"書名":"超微粒子材料技術","書籍網站":"https:\/\/www.kingstone.com.tw\/\/basic\/2023390007907?zone=book&lid=book_class3_ecz&actid=book_class3_ecz","作者":"蘇品書","出版社":"復漢      ","ISBN":null,"圖片網址":"https:\/\/cdn.kingstone.com.tw\/book\/images\/product\/20233\/2023390007907\/2023390007907b.jpg","書籍簡介":"0"}
{"書名":"氫彈的秘密","書籍網站":"https:\/\/www.kingstone.com.tw\/\/basic\/2013390007724?zone=book&lid=book_class3_ecz&actid=book_class3_ecz","作者":"李文和","出版社":"徐氏文教  ","ISBN":null,"圖片網址":"https:\/\/cdn.kingstone.com.tw\/book\/images\/product\/20133\/2013390007724\/2013390007724b.jpg","書籍簡介":"0"}
{"書名":"大氣幅射","書籍網站":"https:\/\/www.kingstone.com.tw\/\/basic\/2023330001477?zone=book&lid=book_class3_ecz&actid=book_class3_ecz","作者":"曾忠一","出版社":"聯經      ","ISBN":null,"圖片網址":"https:\/\/cdn.kingstone.com.tw\/book\/images\/product\/20233\/2023330001477\/2023330001477b.jpg","書籍簡介":"0"}
{"書名":"物理公式觀念應試寶典","書籍網站":"https:\/\/www.kingstone.com.tw\/\/basic\/2015210966945?zone=book&lid=book_class3_ecz&actid=book_class3_ecz","作者":"蔡承澤","出版社":"立根      ","ISBN":null,"圖片網址":"https:\/\/cdn.kingstone.com.tw\/book\/images\/product\/20152\/2015210966945\/2015210966945b.jpg","書籍簡介":"0"}
{"書名":"不確定性原理","書籍網站":"https:\/\/www.kingstone.com.tw\/\/basic\/2013390007304?zone=book&lid=book_class3_ecz&actid=book_class3_ecz","作者":"銀禾文化  ","出版社":"停售","ISBN":9789575681050.0,"圖片網址":"https:\/\/cdn.kingstone.com.tw\/book\/images\/product\/20133\/2013390007304\/2013390007304b.jpg","書籍簡介":"0"}
{"書名":"雷射原理及應用","書籍網站":"https:\/\/www.kingstone.com.tw\/\/basic\/2023390007037?zone=book&lid=book_class3_ecz&actid=book_class3_ecz","作者":"呂助增","出版社":"聯經      ","ISBN":null,"圖片網址":"https:\/\/cdn.kingstone.com.tw\/book\/images\/product\/20233\/2023390007037\/2023390007037b.jpg","書籍簡介":"0"}
{"書名":"聲音的故事","書籍網站":"https:\/\/www.kingstone.com.tw\/\/basic\/2023340000583?zone=book&lid=book_class3_ecz&actid=book_class3_ecz","作者":"牛頓      ","出版社":"停售","ISBN":null,"圖片網址":"https:\/\/cdn.kingstone.com.tw\/book\/images\/product\/20233\/2023340000583\/2023340000583b.jpg","書籍簡介":"0"}
{"書名":"基本放射線導論","書籍網站":"https:\/\/www.kingstone.com.tw\/\/basic\/2023390004791?zone=book&lid=book_class3_ecz&actid=book_class3_ecz","作者":"復漢      ","出版社":"停售","ISBN":null,"圖片網址":"https:\/\/cdn.kingstone.com.tw\/book\/images\/product\/20233\/2023390004791\/2023390004791b.jpg","書籍簡介":"0"}
{"書名":"物質質量和重量","書籍網站":"https:\/\/www.kingstone.com.tw\/\/basic\/2013330000952?zone=book&lid=book_class3_ecz&actid=book_class3_ecz","作者":"銀禾文化  ","出版社":"停售","ISBN":null,"圖片網址":"https:\/\/cdn.kingstone.com.tw\/book\/images\/product\/20133\/2013330000952\/2013330000952b.jpg","書籍簡介":"0"}
