{"書名":"CATIA 曲面造形 設計寶典","書籍網站":"https:\/\/www.kingstone.com.tw\/\/basic\/2014400152427?zone=book&lid=search&actid=WISE&kw=Catia&pi=0","作者":"尤春風","出版社":"經瑋      ","ISBN":9789576154775.0,"圖片網址":"https:\/\/cdn.kingstone.com.tw\/book\/images\/product\/20144\/2014400152427\/2014400152427b.jpg","書籍簡介":"\r\n\r\n\r\n\t基本圖學是「設計」相關領域的基本功，而「設計」是一種複雜的綜合性工作，尤其設計工作有越來越走向整體性的趨勢，每一個領域的設計者常常必須跨越界限工作，所以不能不擴大其表現的技術範圍，此處所指之「綜合性」，意味著設計者要有「綜合性的涵養」，並能做「綜合性的應用」。\r\n\r\n\t本書對於綜合性設計（如工業設計、產品設計、美術公藝設計…等等）之圖學課程，做較合理與適切的安排，且內容淺顯順暢、習題由淺至深循序漸進的安排，使學習者能快速累積實力，達到事半功倍之效；以期從事設計工作者在學習之初，不會因為課程偏於制式化難讀難懂之情況下，而放棄其設計生涯，並能具備成為一位設計師所應有之基本理念與涵養。\r\n\r\n\t本書各章習題不提供解答，自學讀者選購時請留意，出版社和銷售單位均無法提供解答。\r\n\r\n\t第四版將在書末收錄了最新的全國技術士技能檢定丙級機械製圖題庫，並提供解答，以增加學習者之圖學常識，並將書中範例題目汰舊更新。\r\n\r\n"}
{"書名":"CATIA 3D 機械設計寶典","書籍網站":"https:\/\/www.kingstone.com.tw\/\/basic\/2013120554474?zone=book&lid=search&actid=WISE&kw=Catia&pi=0","作者":"葉建勳","出版社":"易習圖書  ","ISBN":9789576154317.0,"圖片網址":"https:\/\/cdn.kingstone.com.tw\/book\/images\/product\/20131\/2013120554474\/2013120554474b.jpg","書籍簡介":"0"}
{"書名":"CATIA V5-6R2018 Generative Structural Analysis","書籍網站":"https:\/\/www.kingstone.com.tw\/\/basic\/203c004922226?zone=english&lid=search&actid=WISE&kw=Catia&pi=0","作者":"Ascent - Center for Technical Knowledge","出版社":"Ingram      ","ISBN":9781951139926.0,"圖片網址":"https:\/\/cdn.kingstone.com.tw\/english\/images\/product\/9926\/9781951139926.jpg","書籍簡介":"0"}
{"書名":"CATIA V5 教育訓練手冊—曲面造形篇","書籍網站":"https:\/\/www.kingstone.com.tw\/\/basic\/2014400145146?zone=book&lid=search&actid=WISE&kw=Catia&pi=0","作者":"尤春風","出版社":"易習圖書  ","ISBN":9789578755833.0,"圖片網址":"https:\/\/cdn.kingstone.com.tw\/book\/images\/product\/20144\/2014400145146\/2014400145146b.jpg","書籍簡介":"0"}
{"書名":"CATIA V5實戰演練","書籍網站":"https:\/\/www.kingstone.com.tw\/\/basic\/2015680006516?zone=book&lid=search&actid=WISE&kw=Catia&pi=0","作者":"elearningDJ","出版社":"易習圖書  ","ISBN":9789869314992.0,"圖片網址":"https:\/\/cdn.kingstone.com.tw\/book\/images\/product\/20156\/2015680006516\/2015680006516b.jpg","書籍簡介":"0"}
{"書名":"Finite Element Essentials in 3dexperience 2017x Using Simulia\/Catia Applications","書籍網站":"https:\/\/www.kingstone.com.tw\/\/basic\/203c710746589?zone=english&lid=search&actid=WISE&kw=Catia&pi=0","作者":"Zamani, Nader G.","出版社":"Schroff     ","ISBN":9781630571009.0,"圖片網址":"https:\/\/cdn.kingstone.com.tw\/english\/images\/product\/1009\/9781630571009.jpg","書籍簡介":"0"}
{"書名":"Mechanism Design Essentials in 3DEXPERIENCE 2016x Using CATIA Applications","書籍網站":"https:\/\/www.kingstone.com.tw\/\/basic\/203c707473255?zone=english&lid=search&actid=WISE&kw=Catia&pi=0","作者":"Zamani, Nader G.","出版社":"Schroff     ","ISBN":9781630571047.0,"圖片網址":"https:\/\/cdn.kingstone.com.tw\/english\/images\/product\/1047\/9781630571047.jpg","書籍簡介":"0"}
{"書名":"CAD Modeling Essentials in 3dexperience 2016x Using Catia Applications","書籍網站":"https:\/\/www.kingstone.com.tw\/\/basic\/203c707861398?zone=english&lid=search&actid=WISE&kw=Catia&pi=0","作者":"Zamani, Nader G.","出版社":"Schroff     ","ISBN":9781630570958.0,"圖片網址":"https:\/\/cdn.kingstone.com.tw\/english\/images\/product\/0958\/9781630570958.jpg","書籍簡介":"0"}
{"書名":"SOEZ2u 多媒體學園電子書 －－ CATIA V5 教育訓練手冊—曲面造形篇","書籍網站":"https:\/\/www.kingstone.com.tw\/\/basic\/2013120428300?zone=book&lid=search&actid=WISE&kw=Catia&pi=0","作者":"尤春風","出版社":"經瑋      ","ISBN":9789869447256.0,"圖片網址":"https:\/\/cdn.kingstone.com.tw\/book\/images\/product\/20131\/2013120428300\/2013120428300b.jpg","書籍簡介":"0"}
{"書名":"Catia V5-6r2014 Design Fundamentals","書籍網站":"https:\/\/www.kingstone.com.tw\/\/basic\/203c601250247?zone=english&lid=search&actid=WISE&kw=Catia&pi=0","作者":"Koh, Jaecheol","出版社":"Ingram      ","ISBN":9781511565158.0,"圖片網址":"https:\/\/cdn.kingstone.com.tw\/english\/images\/product\/5158\/9781511565158.jpg","書籍簡介":"0"}
{"書名":"Catia-Handbuch","書籍網站":"https:\/\/www.kingstone.com.tw\/\/basic\/203c206802262?zone=english&lid=search&actid=WISE&kw=Catia&pi=0","作者":"Schnauffer, Peter","出版社":"Springer    ","ISBN":9783642014260.0,"圖片網址":"https:\/\/cdn.kingstone.com.tw\/english\/images\/product\/4260\/9783642014260.jpg","書籍簡介":"0"}
{"書名":"Catia V5 Workbook Release V5-6R2013","書籍網站":"https:\/\/www.kingstone.com.tw\/\/basic\/203c410686250?zone=english&lid=search&actid=WISE&kw=Catia&pi=0","作者":"Cozzens, Richard","出版社":"Schroff     ","ISBN":9781585038367.0,"圖片網址":"https:\/\/cdn.kingstone.com.tw\/english\/images\/product\/8367\/9781585038367.jpg","書籍簡介":"0"}
{"書名":"VB Scripting for CATIA V5","書籍網站":"https:\/\/www.kingstone.com.tw\/\/basic\/203c211633400?zone=english&lid=search&actid=WISE&kw=Catia&pi=0","作者":"Ross, Emmett","出版社":"Ingram      ","ISBN":9781480049499.0,"圖片網址":"https:\/\/cdn.kingstone.com.tw\/english\/images\/product\/9499\/9781480049499.jpg","書籍簡介":"0"}
{"書名":"CATIA V5 Tutorials","書籍網站":"https:\/\/www.kingstone.com.tw\/\/basic\/203c210689593?zone=english&lid=search&actid=WISE&kw=Catia&pi=0","作者":"Zamani, Nader G.","出版社":"Schroff     ","ISBN":9781585037629.0,"圖片網址":"https:\/\/cdn.kingstone.com.tw\/english\/images\/product\/7629\/9781585037629.jpg","書籍簡介":"0"}
{"書名":"CATIA V5 FEA Tutorials","書籍網站":"https:\/\/www.kingstone.com.tw\/\/basic\/203c210689594?zone=english&lid=search&actid=WISE&kw=Catia&pi=0","作者":"Zamani, Nader G.","出版社":"Schroff     ","ISBN":9781585037643.0,"圖片網址":"https:\/\/cdn.kingstone.com.tw\/english\/images\/product\/7643\/9781585037643.jpg","書籍簡介":"0"}
{"書名":"CATIA V5 Design Fundamentals","書籍網站":"https:\/\/www.kingstone.com.tw\/\/basic\/203c303536912?zone=english&lid=search&actid=WISE&kw=Catia&pi=0","作者":"Koh, Jaecheol","出版社":"Ingram      ","ISBN":9781477689028.0,"圖片網址":"https:\/\/cdn.kingstone.com.tw\/english\/images\/product\/9028\/9781477689028.jpg","書籍簡介":null}
{"書名":"Catia V5 - Grundkurs Fur Maschinenbauer","書籍網站":"https:\/\/www.kingstone.com.tw\/\/basic\/203c302713296?zone=english&lid=search&actid=WISE&kw=Catia&pi=0","作者":"List, Ronald","出版社":"Springer    ","ISBN":9783834815910.0,"圖片網址":"https:\/\/cdn.kingstone.com.tw\/english\/images\/product\/5910\/9783834815910.jpg","書籍簡介":null}
{"書名":"精彩 CATIA V6 3D 機械設計","書籍網站":"https:\/\/www.kingstone.com.tw\/\/basic\/2014400130159?zone=book&lid=search&actid=WISE&kw=Catia&pi=0","作者":"葉建勳","出版社":"經瑋      ","ISBN":9789865835422.0,"圖片網址":"https:\/\/cdn.kingstone.com.tw\/book\/images\/product\/20144\/2014400130159\/2014400130159b.jpg","書籍簡介":null}
{"書名":"Catia V5 - Kurz Und Bundig","書籍網站":"https:\/\/www.kingstone.com.tw\/\/basic\/203c302713302?zone=english&lid=search&actid=WISE&kw=Catia&pi=0","作者":"Hartmann, Stephan","出版社":"Springer    ","ISBN":9783834816139.0,"圖片網址":"https:\/\/cdn.kingstone.com.tw\/english\/images\/product\/6139\/9783834816139.jpg","書籍簡介":null}
{"書名":"CATIA V5實戰演練","書籍網站":"https:\/\/www.kingstone.com.tw\/\/basic\/2014713369314?zone=book&lid=search&actid=WISE&kw=Catia&pi=0","作者":"elearningDJ","出版社":"易習圖書  ","ISBN":9789866025778.0,"圖片網址":"https:\/\/cdn.kingstone.com.tw\/book\/images\/product\/20147\/2014713369314\/2014713369314b.jpg","書籍簡介":null}
{"書名":"Introduction to Catia Vol 6 Release 2012","書籍網站":"https:\/\/www.kingstone.com.tw\/\/basic\/203c110395913?zone=english&lid=search&actid=WISE&kw=Catia&pi=0","作者":"Plantenberg, Kirstie","出版社":"Schroff     ","ISBN":9781585036639.0,"圖片網址":"https:\/\/cdn.kingstone.com.tw\/english\/images\/product\/6639\/9781585036639.jpg","書籍簡介":null}
{"書名":"CATIA V5 FEA Tutorials Release 20","書籍網站":"https:\/\/www.kingstone.com.tw\/\/basic\/203c109762346?zone=english&lid=search&actid=WISE&kw=Catia&pi=0","作者":"Zamani, Nader G.","出版社":"Schroff     ","ISBN":9781585036547.0,"圖片網址":"https:\/\/cdn.kingstone.com.tw\/english\/images\/product\/6547\/9781585036547.jpg","書籍簡介":null}
{"書名":"CATIA V6 Essentials","書籍網站":"https:\/\/www.kingstone.com.tw\/\/basic\/203c109463116?zone=english&lid=search&actid=WISE&kw=Catia&pi=0","作者":"Not Available (NA)","出版社":"Jones &     ","ISBN":9780763785161.0,"圖片網址":"https:\/\/cdn.kingstone.com.tw\/english\/images\/product\/5161\/9780763785161.jpg","書籍簡介":null}
{"書名":"CATIA V5 Tutorials Mechanism Design & Animation Release 20","書籍網站":"https:\/\/www.kingstone.com.tw\/\/basic\/203c109762345?zone=english&lid=search&actid=WISE&kw=Catia&pi=0","作者":"Zamani, Nader G.","出版社":"Schroff     ","ISBN":9781585036523.0,"圖片網址":"https:\/\/cdn.kingstone.com.tw\/english\/images\/product\/6523\/9781585036523.jpg","書籍簡介":null}
{"書名":"Catia V5 Workbook","書籍網站":"https:\/\/www.kingstone.com.tw\/\/basic\/203c109457302?zone=english&lid=search&actid=WISE&kw=Catia&pi=1","作者":"Cozzens, Richard","出版社":"Schroff     ","ISBN":9781585035441.0,"圖片網址":"https:\/\/cdn.kingstone.com.tw\/english\/images\/product\/5441\/9781585035441.jpg","書籍簡介":null}
{"書名":"CATIA V5 FEA Tutorials Release 19","書籍網站":"https:\/\/www.kingstone.com.tw\/\/basic\/203c109509682?zone=english&lid=search&actid=WISE&kw=Catia&pi=1","作者":"Zamani, Nader G.","出版社":"Schroff     ","ISBN":9781585035861.0,"圖片網址":"https:\/\/cdn.kingstone.com.tw\/english\/images\/product\/5861\/9781585035861.jpg","書籍簡介":null}
{"書名":"Introduction to CATIA V5 Release 19","書籍網站":"https:\/\/www.kingstone.com.tw\/\/basic\/203c109457300?zone=english&lid=search&actid=WISE&kw=Catia&pi=1","作者":"Plantenberg, Kirstie","出版社":"Schroff     ","ISBN":9781585035342.0,"圖片網址":"https:\/\/cdn.kingstone.com.tw\/english\/images\/product\/5342\/9781585035342.jpg","書籍簡介":null}
{"書名":"CATIA基礎入門與應用","書籍網站":"https:\/\/www.kingstone.com.tw\/\/basic\/2014400106260?zone=book&lid=search&actid=WISE&kw=Catia&pi=1","作者":"蔡龍善","出版社":"松崗      ","ISBN":9789867309358.0,"圖片網址":"https:\/\/cdn.kingstone.com.tw\/book\/images\/product\/20144\/2014400106260\/2014400106260b.jpg","書籍簡介":null}
{"書名":"CATIA V5 Tutorials Mechanism Design & Animation Release 19","書籍網站":"https:\/\/www.kingstone.com.tw\/\/basic\/203c109507134?zone=english&lid=search&actid=WISE&kw=Catia&pi=1","作者":"Zamani, Nader G.","出版社":"Schroff     ","ISBN":9781585035915.0,"圖片網址":"https:\/\/cdn.kingstone.com.tw\/english\/images\/product\/5915\/9781585035915.jpg","書籍簡介":null}
{"書名":"Catia V5 Fea Tutorials Release 18","書籍網站":"https:\/\/www.kingstone.com.tw\/\/basic\/203c109419725?zone=english&lid=search&actid=WISE&kw=Catia&pi=1","作者":"Zamani, Nader G.","出版社":"Schroff     ","ISBN":9781585035274.0,"圖片網址":"https:\/\/cdn.kingstone.com.tw\/english\/images\/product\/5274\/9781585035274.jpg","書籍簡介":null}
{"書名":"Catia Tutorials Mechanism Design & Animation","書籍網站":"https:\/\/www.kingstone.com.tw\/\/basic\/203c109413116?zone=english&lid=search&actid=WISE&kw=Catia&pi=1","作者":"Zamani, Nader G.","出版社":"Ingram      ","ISBN":9781585035090.0,"圖片網址":"https:\/\/cdn.kingstone.com.tw\/english\/images\/product\/5090\/9781585035090.jpg","書籍簡介":null}
{"書名":"CATIA V5 FEA Tutorials","書籍網站":"https:\/\/www.kingstone.com.tw\/\/basic\/203c109323818?zone=english&lid=search&actid=WISE&kw=Catia&pi=1","作者":"Zamani, Nader G.","出版社":"Schroff     ","ISBN":9781585034321.0,"圖片網址":"https:\/\/cdn.kingstone.com.tw\/english\/images\/product\/4321\/9781585034321.jpg","書籍簡介":null}
{"書名":"CATIA V5 教育訓練手冊：機械設計篇（附範例VCD）","書籍網站":"https:\/\/www.kingstone.com.tw\/\/basic\/2014713236876?zone=book&lid=search&actid=WISE&kw=Catia&pi=1","作者":"尤春風","出版社":"易習圖書  ","ISBN":9789868643543.0,"圖片網址":"https:\/\/cdn.kingstone.com.tw\/book\/images\/product\/20147\/2014713236876\/2014713236876b.jpg","書籍簡介":null}
{"書名":"CATIA V5 Workbook","書籍網站":"https:\/\/www.kingstone.com.tw\/\/basic\/203c302563842?zone=english&lid=search&actid=WISE&kw=Catia&pi=1","作者":"Cozzens, Richard","出版社":"Schroff     ","ISBN":9781585033997.0,"圖片網址":"https:\/\/cdn.kingstone.com.tw\/english\/images\/product\/3997\/9781585033997.jpg","書籍簡介":null}
{"書名":"CATIA V5 教育訓練手冊：曲面造形篇（附範例VCD）","書籍網站":"https:\/\/www.kingstone.com.tw\/\/basic\/2014713214638?zone=book&lid=search&actid=WISE&kw=Catia&pi=1","作者":"尤春風","出版社":"易習圖書  ","ISBN":9789866551956.0,"圖片網址":"https:\/\/cdn.kingstone.com.tw\/book\/images\/product\/20147\/2014713214638\/2014713214638b.jpg","書籍簡介":null}
{"書名":"CATIA V5實戰演練","書籍網站":"https:\/\/www.kingstone.com.tw\/\/basic\/2014713012142?zone=book&lid=search&actid=WISE&kw=Catia&pi=1","作者":"elearningDJ","出版社":"知城      ","ISBN":9789866850578.0,"圖片網址":"https:\/\/cdn.kingstone.com.tw\/book\/images\/product\/20147\/2014713012142\/2014713012142b.jpg","書籍簡介":null}
{"書名":"CATIA V5 教育訓練手冊：進階應用篇（附VCD）","書籍網站":"https:\/\/www.kingstone.com.tw\/\/basic\/2014713136725?zone=book&lid=search&actid=WISE&kw=Catia&pi=1","作者":"尤春風","出版社":"知城      ","ISBN":9789866551369.0,"圖片網址":"https:\/\/cdn.kingstone.com.tw\/book\/images\/product\/20147\/2014713136725\/2014713136725b.jpg","書籍簡介":null}
{"書名":"Advanced Catia Workbook","書籍網站":"https:\/\/www.kingstone.com.tw\/\/basic\/203c109238915?zone=english&lid=search&actid=WISE&kw=Catia&pi=1","作者":"Cozzens, Richard","出版社":"Schroff     ","ISBN":9781585033218.0,"圖片網址":"https:\/\/cdn.kingstone.com.tw\/english\/images\/product\/3218\/9781585033218.jpg","書籍簡介":null}
{"書名":"Catia V5教育訓練手冊—進階應用篇","書籍網站":"https:\/\/www.kingstone.com.tw\/\/basic\/2014713080677?zone=book&lid=search&actid=WISE&kw=Catia&pi=1","作者":"尤春風","出版社":"知城      ","ISBN":9789866850998.0,"圖片網址":"https:\/\/cdn.kingstone.com.tw\/book\/images\/product\/20147\/2014713080677\/2014713080677b.jpg","書籍簡介":null}
{"書名":"CATIA V5 Tutorials Mechanism Design & Animation","書籍網站":"https:\/\/www.kingstone.com.tw\/\/basic\/203c109255002?zone=english&lid=search&actid=WISE&kw=Catia&pi=1","作者":"Zamani, Nader G.","出版社":"Schroff     ","ISBN":9781585033577.0,"圖片網址":"https:\/\/cdn.kingstone.com.tw\/english\/images\/product\/3577\/9781585033577.jpg","書籍簡介":null}
{"書名":"CATIA V5 FEA Tutorials Release 16","書籍網站":"https:\/\/www.kingstone.com.tw\/\/basic\/203c207700982?zone=english&lid=search&actid=WISE&kw=Catia&pi=1","作者":"Zamani, Nader G.","出版社":"Schroff     ","ISBN":9781585033560.0,"圖片網址":"https:\/\/cdn.kingstone.com.tw\/english\/images\/product\/3560\/9781585033560.jpg","書籍簡介":null}
{"書名":"Abaqus for Catia V5 Tutorials","書籍網站":"https:\/\/www.kingstone.com.tw\/\/basic\/203c109243314?zone=english&lid=search&actid=WISE&kw=Catia&pi=1","作者":"Zamani, Nader G.","出版社":"Schroff     ","ISBN":9781585033331.0,"圖片網址":"https:\/\/cdn.kingstone.com.tw\/english\/images\/product\/3331\/9781585033331.jpg","書籍簡介":null}
{"書名":"CATIA V5 Tutorials","書籍網站":"https:\/\/www.kingstone.com.tw\/\/basic\/203c202671875?zone=english&lid=search&actid=WISE&kw=Catia&pi=1","作者":"Zamanir, Nader G.","出版社":"Schroff     ","ISBN":9781585032617.0,"圖片網址":"https:\/\/cdn.kingstone.com.tw\/english\/images\/product\/2617\/9781585032617.jpg","書籍簡介":null}
{"書名":"SOEZ2u多媒體學園：CATIA V5 機械設計（上）","書籍網站":"https:\/\/www.kingstone.com.tw\/\/basic\/2014713080837?zone=book&lid=search&actid=WISE&kw=Catia&pi=1","作者":"新造數位","出版社":"知城      ","ISBN":4712487290589.0,"圖片網址":"https:\/\/cdn.kingstone.com.tw\/book\/images\/product\/20147\/2014713080837\/2014713080837b.jpg","書籍簡介":null}
{"書名":"SOEZ2u多媒體學園：CATIA V5 機械設計（下）","書籍網站":"https:\/\/www.kingstone.com.tw\/\/basic\/2014713080967?zone=book&lid=search&actid=WISE&kw=Catia&pi=1","作者":"新造數位","出版社":"知城      ","ISBN":4712487290596.0,"圖片網址":"https:\/\/cdn.kingstone.com.tw\/book\/images\/product\/20147\/2014713080967\/2014713080967b.jpg","書籍簡介":null}
{"書名":"Catia V5 Workbook","書籍網站":"https:\/\/www.kingstone.com.tw\/\/basic\/203c120786444?zone=english&lid=search&actid=WISE&kw=Catia&pi=1","作者":"Cozzens, Richard","出版社":"Schroff     ","ISBN":9781585032570.0,"圖片網址":"https:\/\/cdn.kingstone.com.tw\/english\/images\/product\/2570\/9781585032570.jpg","書籍簡介":null}
{"書名":"Introduction to Catia V5 Release 16","書籍網站":"https:\/\/www.kingstone.com.tw\/\/basic\/203c401635861?zone=english&lid=search&actid=WISE&kw=Catia&pi=1","作者":"Plantenberg, Kirstie","出版社":"Schroff     ","ISBN":9781585033256.0,"圖片網址":"https:\/\/cdn.kingstone.com.tw\/english\/images\/product\/3256\/9781585033256.jpg","書籍簡介":null}
{"書名":"CATIA電腦輔助三維元件設計（附範例光碟片）（修訂版）（05603017）","書籍網站":"https:\/\/www.kingstone.com.tw\/\/basic\/2015214540547?zone=book&lid=search&actid=WISE&kw=Catia&pi=1","作者":"杜黎蓉、林博正","出版社":"全華      ","ISBN":9789572164297.0,"圖片網址":"https:\/\/cdn.kingstone.com.tw\/book\/images\/product\/20152\/2015214540547\/2015214540547b.jpg","書籍簡介":null}
{"書名":"CATIA For Design and Engineering","書籍網站":"https:\/\/www.kingstone.com.tw\/\/basic\/203c109826525?zone=english&lid=search&actid=WISE&kw=Catia&pi=2","作者":"Kelley, David S.","出版社":"Ingram      ","ISBN":9781585032679.0,"圖片網址":"https:\/\/cdn.kingstone.com.tw\/english\/images\/product\/2679\/9781585032679.jpg","書籍簡介":null}
{"書名":"CATIA 3D產品造形創新設計（附範例光碟片）（06030007）","書籍網站":"https:\/\/www.kingstone.com.tw\/\/basic\/2015214553080?zone=book&lid=search&actid=WISE&kw=Catia&pi=2","作者":"林清福、李建樺","出版社":"全華      ","ISBN":9789572162477.0,"圖片網址":"https:\/\/cdn.kingstone.com.tw\/book\/images\/product\/20152\/2015214553080\/2015214553080b.jpg","書籍簡介":null}
{"書名":"CATIA 2V","書籍網站":"https:\/\/www.kingstone.com.tw\/\/basic\/2014712441967?zone=book&lid=search&actid=WISE&kw=Catia&pi=2","作者":"全華特販  ","出版社":"停售","ISBN":null,"圖片網址":"https:\/\/cdn.kingstone.com.tw\/book\/images\/product\/20147\/2014712441967\/2014712441967b.jpg","書籍簡介":null}
{"書名":"CATIA V5教育訓練手冊－機械設計篇","書籍網站":"https:\/\/www.kingstone.com.tw\/\/basic\/2014712895074?zone=book&lid=search&actid=WISE&kw=Catia&pi=2","作者":"尤春風","出版社":"知城      ","ISBN":9789868251991.0,"圖片網址":"https:\/\/cdn.kingstone.com.tw\/book\/images\/product\/20147\/2014712895074\/2014712895074b.jpg","書籍簡介":null}
{"書名":"CATIA V5教育訓練手冊－曲面造形篇","書籍網站":"https:\/\/www.kingstone.com.tw\/\/basic\/2014712895104?zone=book&lid=search&actid=WISE&kw=Catia&pi=2","作者":"尤春風","出版社":"知城      ","ISBN":9789868261402.0,"圖片網址":"https:\/\/cdn.kingstone.com.tw\/book\/images\/product\/20147\/2014712895104\/2014712895104b.jpg","書籍簡介":null}
{"書名":"CATIA V5 NC 加工(附範例光碟)","書籍網站":"https:\/\/www.kingstone.com.tw\/\/basic\/2015250026470?zone=book&lid=search&actid=WISE&kw=Catia&pi=2","作者":"謝文祥","出版社":"台科大    ","ISBN":9789861293448.0,"圖片網址":"https:\/\/cdn.kingstone.com.tw\/book\/images\/product\/20152\/2015250026470\/2015250026470b.jpg","書籍簡介":null}
{"書名":"CATIA與產品造型設計５－功能性模具元件（附習作光碟片）（08089007）","書籍網站":"https:\/\/www.kingstone.com.tw\/\/basic\/2015214531972?zone=book&lid=search&actid=WISE&kw=Catia&pi=2","作者":"張悟非","出版社":"全華      ","ISBN":9789572160305.0,"圖片網址":"https:\/\/cdn.kingstone.com.tw\/book\/images\/product\/20152\/2015214531972\/2015214531972b.jpg","書籍簡介":null}
{"書名":"CATIA與產品造型設計３－想像設計、自由造型、草圖匯入（附習作光碟片）（08087007）","書籍網站":"https:\/\/www.kingstone.com.tw\/\/basic\/2015214532184?zone=book&lid=search&actid=WISE&kw=Catia&pi=2","作者":"張悟非","出版社":"全華      ","ISBN":9789572160060.0,"圖片網址":"https:\/\/cdn.kingstone.com.tw\/book\/images\/product\/20152\/2015214532184\/2015214532184b.jpg","書籍簡介":null}
{"書名":"CATIA與產品造型設計２－曲面造型(附習作光碟片)(08086007)","書籍網站":"https:\/\/www.kingstone.com.tw\/\/basic\/2015214532054?zone=book&lid=search&actid=WISE&kw=Catia&pi=2","作者":"張悟非","出版社":"全華      ","ISBN":9789572159316.0,"圖片網址":"https:\/\/cdn.kingstone.com.tw\/book\/images\/product\/20152\/2015214532054\/2015214532054b.jpg","書籍簡介":null}
{"書名":"CATIA與產品造型設計４－即時彩現與照片真實彩現（附習作光碟片）（08088007）","書籍網站":"https:\/\/www.kingstone.com.tw\/\/basic\/2015214531842?zone=book&lid=search&actid=WISE&kw=Catia&pi=2","作者":"張悟非","出版社":"全華      ","ISBN":9789572160138.0,"圖片網址":"https:\/\/cdn.kingstone.com.tw\/book\/images\/product\/20152\/2015214531842\/2015214531842b.jpg","書籍簡介":null}
{"書名":"CATIA V5加工模組-入門指南與實務製造","書籍網站":"https:\/\/www.kingstone.com.tw\/\/basic\/2014712774577?zone=book&lid=search&actid=WISE&kw=Catia&pi=2","作者":"林清福","出版社":"文魁      ","ISBN":9789861256115.0,"圖片網址":"https:\/\/cdn.kingstone.com.tw\/book\/images\/product\/20147\/2014712774577\/2014712774577b.jpg","書籍簡介":null}
{"書名":"CATIA PART II(附教學光碟片）（修訂版）","書籍網站":"https:\/\/www.kingstone.com.tw\/\/basic\/2014712535789?zone=book&lid=search&actid=WISE&kw=Catia&pi=2","作者":"杜黎蓉","出版社":"全華      ","ISBN":9789572136430.0,"圖片網址":"https:\/\/cdn.kingstone.com.tw\/book\/images\/product\/20147\/2014712535789\/2014712535789b.jpg","書籍簡介":null}
{"書名":"CATIA PART I(修訂版）（附教學光碟片）","書籍網站":"https:\/\/www.kingstone.com.tw\/\/basic\/2014712535949?zone=book&lid=search&actid=WISE&kw=Catia&pi=2","作者":"杜黎蓉","出版社":"全華      ","ISBN":9789572135686.0,"圖片網址":"https:\/\/cdn.kingstone.com.tw\/book\/images\/product\/20147\/2014712535949\/2014712535949b.jpg","書籍簡介":null}
{"書名":"CATIA V5零件設計","書籍網站":"https:\/\/www.kingstone.com.tw\/\/basic\/2014712482977?zone=book&lid=search&actid=WISE&kw=Catia&pi=2","作者":"謝文祥","出版社":"台科大    ","ISBN":9789867784407.0,"圖片網址":"https:\/\/cdn.kingstone.com.tw\/book\/images\/product\/20147\/2014712482977\/2014712482977b.jpg","書籍簡介":null}
{"書名":"CATIA V5使用手冊－進階應用篇","書籍網站":"https:\/\/www.kingstone.com.tw\/\/basic\/2014712468025?zone=book&lid=search&actid=WISE&kw=Catia&pi=2","作者":"尤春風","出版社":"知城      ","ISBN":9789867845535.0,"圖片網址":"https:\/\/cdn.kingstone.com.tw\/book\/images\/product\/20147\/2014712468025\/2014712468025b.jpg","書籍簡介":null}
{"書名":"CATIA電腦輔助設計與實務應用（附範例光碟","書籍網站":"https:\/\/www.kingstone.com.tw\/\/basic\/2013000054599?zone=book&lid=search&actid=WISE&kw=Catia&pi=2","作者":"黎蓉","出版社":"全華      ","ISBN":9789572129401.0,"圖片網址":"https:\/\/cdn.kingstone.com.tw\/book\/images\/product\/20130\/2013000054599\/2013000054599b.jpg","書籍簡介":null}
{"書名":"CATIA V5R13 逆向工程產品設計（附範例光碟片）（05719007）","書籍網站":"https:\/\/www.kingstone.com.tw\/\/basic\/2015214553110?zone=book&lid=search&actid=WISE&kw=Catia&pi=2","作者":"林清福、李建樺、許瑋宗、黃","出版社":"全華      ","ISBN":9789572148471.0,"圖片網址":"https:\/\/cdn.kingstone.com.tw\/book\/images\/product\/20152\/2015214553110\/2015214553110b.jpg","書籍簡介":null}
{"書名":"CATIA V5使用手冊－曲面造型篇","書籍網站":"https:\/\/www.kingstone.com.tw\/\/basic\/2014712406379?zone=book&lid=search&actid=WISE&kw=Catia&pi=2","作者":"尤春風","出版社":"知城      ","ISBN":9789867845115.0,"圖片網址":"https:\/\/cdn.kingstone.com.tw\/book\/images\/product\/20147\/2014712406379\/2014712406379b.jpg","書籍簡介":null}
{"書名":"CATIA V5使用手冊－機械設計篇","書籍網站":"https:\/\/www.kingstone.com.tw\/\/basic\/2014712385322?zone=book&lid=search&actid=WISE&kw=Catia&pi=2","作者":"尤春風","出版社":"知城      ","ISBN":9789572005927.0,"圖片網址":"https:\/\/cdn.kingstone.com.tw\/book\/images\/product\/20147\/2014712385322\/2014712385322b.jpg","書籍簡介":null}
{"書名":"CATIA電腦輔助工程分析（附範例光碟片）（05644007）","書籍網站":"https:\/\/www.kingstone.com.tw\/\/basic\/2015214553240?zone=book&lid=search&actid=WISE&kw=Catia&pi=2","作者":"林博正、崔兆棠、洪振益、杜黎蓉","出版社":"全華      ","ISBN":9789572146019.0,"圖片網址":"https:\/\/cdn.kingstone.com.tw\/book\/images\/product\/20152\/2015214553240\/2015214553240b.jpg","書籍簡介":null}
{"書名":"Pantanal: Ecology, Biodiversity & Sustainable Management of a Large Neotropical Seasonal W","書籍網站":"https:\/\/www.kingstone.com.tw\/\/basic\/203c512138105?zone=english&lid=search&actid=WISE&kw=Catia&pi=2","作者":"Junk. Wolfgang J. (EDT)\/ da Silva, Carolina J. (EDT)\/ da Cunha, Catia Nunes (EDT","出版社":"Ingram      ","ISBN":9789546424921.0,"圖片網址":"https:\/\/cdn.kingstone.com.tw\/english\/images\/product\/4921\/9789546424921.jpg","書籍簡介":null}
