{"書名":"Advances in Computer Science for Engineering and Education IV","書籍網站":"https:\/\/www.kingstone.com.tw\/\/basic\/203c108754134?zone=english&lid=search&actid=WISE&kw=Computer-Science&pi=0","作者":"Zhengbing,Hu","出版社":"Springer    ","ISBN":"https:\/\/cdn.kingstone.com.tw\/english\/images\/product\/4718\/9783030804718.jpg","圖片網址":9783030804718.0,"書籍簡介":"\r\n\r\nEnhance your cross-platform programming abilities with the powerful features and capabilities of Qt 6Key Features: Leverage Qt and C++ capabilities to create modern, cross-platform applications that can run on a wide variety of software applicationsExplore what's new in Qt 6 and understand core concepts in depthBuild professional customized GUI applications with the help of Qt CreatorBook Description: Qt is a cross-platform application development framework widely used for developing applications that can run on a wide range of hardware platforms with little to no change in the underlying codebase. If you have basic knowledge of C++ and want to build desktop or mobile applications with a modern graphical user interface (GUI), Qt is the right choice for you. Cross-Platform Development with Qt 6 and Modern C++ helps you understand why Qt is one of the favorite GUI frameworks adopted by industries worldwide, covering the essentials of programming GUI apps across a multitude of platforms using the standard C++17 and Qt 6 features.Starting with the fundamentals of the Qt framework, including the features offered by Qt Creator, this practical guide will show you how to create classic user interfaces using Qt Widgets and touch-friendly user interfaces using Qt Quick. As you advance, you'll explore the Qt Creator IDE for developing applications for multiple desktops as well as for embedded and mobile platforms. You will also learn advanced concepts about signals and slots. Finally, the book takes you through debugging and testing your app with Qt Creator IDE.By the end of this book, you'll be able to build cross-platform applications with a modern GUI along with the speed and power of native apps.What You Will Learn: Write cross-platform code using the Qt framework to create interactive applicationsBuild a desktop application using Qt WidgetsCreate a touch-friendly user interface with Qt QuickDevelop a mobile application using Qt and deploy it on different platformsGet to grips with Model\/View programming with Qt Widgets and Qt QuickDiscover Qt's graphics framework and add animations to your user interfaceWrite test cases using the Qt Test framework and debug codeBuild a translation-aware applicationFollow best practices in Qt to write high-performance codeWho this book is for: This book is for application developers who want to use C++ and Qt to create modern, responsive applications that can be deployed to multiple operating systems such as Microsoft Windows, Apple macOS, and Linux desktop platforms. Although no prior knowledge of Qt is expected, beginner-level knowledge of the C++ programming language and object-oriented programming system (OOPs) concepts will be helpful.\r\n                    \r\n"}
{"書名":"Research in Computer Science in the Bulgarian Academy of Sciences","書籍網站":"https:\/\/www.kingstone.com.tw\/\/basic\/203c108670779?zone=english&lid=search&actid=WISE&kw=Computer-Science&pi=0","作者":"Krassimir T,Atanassov","出版社":"Springer    ","ISBN":"https:\/\/cdn.kingstone.com.tw\/english\/images\/product\/2838\/9783030722838.jpg","圖片網址":9783030722838.0,"書籍簡介":"\r\n\r\nUnderstand how to use the Fyne toolkit to build exciting apps for a range of devices and deploy them effectivelyKey Features: Learn how to use standard widgets, dialogs, and layouts as well as how to build your ownUnderstand how to develop an app and package and distribute it to different operating systems and app storesExplore the design principles and vision of the Fyne toolkit and how that may align with your projectBook Description: The history of graphical application development is long and complicated, with various development challenges that persist to this day. The mix of technologies involved and the need to use different programming languages led to a very steep learning curve for developers looking to build applications across multiple platforms.In Building Cross-Platform GUI Applications with Fyne, you'll understand how the Go language, when paired with a modern graphical toolkit such as Fyne, can overcome these issues and make application development much easier. To provide an easy-to-use framework for cross-platform app development, the Fyne project offers many graphical concepts and design principles that are outlined throughout this book.By working through five example projects, you'll learn how to build apps effectively, focusing on each of the main areas, including the canvas, layouts, file handling, widgets, data binding, and themes. The book will also show you how the completed applications can then be run on your desktop computer, laptop, and smartphone. After completing these projects, you will discover how to prepare applications for release and distribute them to platform marketplaces and app stores.By the end of this book, you'll be able to create cross-platform graphical applications with visually appealing user interfaces and concise code.What You Will Learn: Become well-versed with the history of GUI development and how Fyne and the Golang programming language make it easierExplore how the Fyne toolkit is architected and the various modules are providedDiscover how Fyne apps can be tested and constructed using best practicesConstruct five complete applications and deploy them to your devicesCustomize the design of your apps by extending widgets and themesUnderstand the separation and presentation of data and how to test and build applications that present dynamic dataWho this book is for: ﻿This Fyne-Golang GUI book is for developers from any background who are looking to build cross-platform applications with a modern toolkit. It will also be useful for Go developers who are looking to explore graphical apps and GUI developers looking for a new toolkit for cross-platform development. Basic knowledge of Graphical User Interface (GUI) development is assumed (although a brief history is also included in the book). The book also features a short introduction to the Go language as a quick refresher.\r\n                    \r\n"}
{"書名":"Advances in Intelligent Systems, Computer Science and Digital Economics II","書籍網站":"https:\/\/www.kingstone.com.tw\/\/basic\/203c108518749?zone=english&lid=search&actid=WISE&kw=Computer-Science&pi=0","作者":"Zhengbing,Hu","出版社":"Springer    ","ISBN":"https:\/\/cdn.kingstone.com.tw\/english\/images\/product\/4770\/9783030804770.jpg","圖片網址":9783030804770.0,"書籍簡介":"\r\n\r\nA comprehensive guide for beginners to learn the key concepts, real-world applications, and latest features of C# 9 and .NET 5 with hands-on exercises using VS CodeKey Features: Explore the newest additions to C# 9, the .NET 5 class library, Entity Framework Core and BlazorStrengthen your command of ASP.NET Core 5.0 and create professional websites and servicesBuild cross-platform apps for Windows, macOS, Linux, iOS, and AndroidBook descriptionIn C# 9 and .NET 5 - Modern Cross-Platform Development, Fifth Edition, expert teacher Mark J. Price gives you everything you need to start programming C# applications. This latest edition uses the popular Visual Studio Code editor to work across all major operating systems. It is fully updated and expanded with a new chapter on the Microsoft Blazor framework. The book's first part teaches the fundamentals of C#, including object-oriented programming and new C# 9 features such as top-level programs, target-typed new object instantiation, and immutable types using the record keyword. Part 2 covers the .NET APIs, for performing tasks like managing and querying data, monitoring and improving performance, and working with the file system, async streams, serialization, and encryption. Part 3 provides examples of cross-platform apps you can build and deploy, such as websites and services using ASP.NET Core or mobile apps using Xamarin.Forms. By the end of the book, you will have acquired the understanding and skills you need to use C# 9 and .NET 5 to create websites, services, and mobile apps.What you will learnBuild your own types with object-oriented programmingQuery and manipulate data using LINQBuild websites and services using ASP.NET Core 5Create intelligent apps using machine learningUse Entity Framework Core and work with relational databasesDiscover Windows app development using the Universal Windows Platform and XAMLBuild rich web experiences using the Blazor frameworkBuild mobile applications for iOS and Android using Xamarin.FormsWho this book is forThis book is best for C# and .NET beginners, or programmers who have worked with C# in the past but feel left behind by the changes in the past few years. This book doesn't expect you to have any C# or .NET experience; however, you should have a general understanding of programming. Students and professionals with a science, technology, engineering, or mathematics (STEM) background can certainly benefit from this book.\r\n                    \r\n"}
{"書名":"Computer Science - Cacic 2020","書籍網站":"https:\/\/www.kingstone.com.tw\/\/basic\/203c106308506?zone=english&lid=search&actid=WISE&kw=Computer-Science&pi=0","作者":"Patricia,Pesado","出版社":"Springer    ","ISBN":"https:\/\/cdn.kingstone.com.tw\/english\/images\/product\/8356\/9783030758356.jpg","圖片網址":9783030758356.0,"書籍簡介":"\r\n\r\nCon l'avvento dei calcolatori e delle reti aziendali 癡 diventato semplice e veloce gestire le attivit? attraverso l'uso di DBMS (database management system). La possibilit? di valutare lo stato di un lavoro (attivit?) in ogni istante risulta fondamentale per una efficace gestione dei processi aziendali, inoltre il sopraggiungere dei dispositivi mobile sempre connessi a internet ha portato gli sviluppatori a realizzare applicativi che permettono di analizzare e valutare queste attivit?. In un primo momento la vasta gamma di dispositivi sul mercato e la differenza dei sistemi operativi adottati ne rendeva arduo lo sviluppo. Le Hybrid app (applicazioni sviluppate con un linguaggio terzo che viene poi compilato come applicazione nativa per i diversi sistemi operativi) hanno permesso di superare questa difficolt? portando notevoli vantaggi in quelli che sono: i tempi di sviluppo, la portabilit? e la manutenzione del codice. Sono queste le tematiche principali affrontate all'interno di questa pubblicazione, che hanno portato allo sviluppo e al rilascio di un applicativo mobile Cross-Platform per la gestione dei Ticket aziendali.\r\n                    \r\n"}
{"書名":"Advances in Core Computer Science-Based Technologies","書籍網站":"https:\/\/www.kingstone.com.tw\/\/basic\/203c109277410?zone=english&lid=search&actid=WISE&kw=Computer-Science&pi=0","作者":"George A,Tsihrintzis","出版社":"Springer    ","ISBN":"https:\/\/cdn.kingstone.com.tw\/english\/images\/product\/1985\/9783030411985.jpg","圖片網址":9783030411985.0,"書籍簡介":"\r\n\r\nTailor your apps to appeal to a global market. Microsoft MVP Chris Miller steps you through the process of enabling multiple language support, while using a single shared set of language resources using the .NET Framework.You will learn to adapt a simple mobile application for the Android, iOS, and Windows platforms, and handle the localization and internationalization on each platform. You will test the application for localization support and to avoid common pitfalls. Using Xamarin Forms and Visual Studio, the app will be implemented for Android, iOS, and Windows 10 UWP, and 99% of the code will be shared across the platforms.What You Will Learn: What localization and internationalization are and why they matterSupport multiple languages on each platformHandle cultural differences such as dates and currenciesUse tools such as Microsoft's Multilingual App Toolkit to manage language resourcesCreate a localized, cross-platform app with Android Studio, Xcode, Xamarin, and Visual Studio toolsGet help translating the text from the applicationWho This Book Is For: Mobile app developers currently writing native apps for Windows Phone, Android, and iOS\r\n\r\n"}
{"書名":"General Computer Science","書籍網站":"https:\/\/www.kingstone.com.tw\/\/basic\/203c106355860?zone=english&lid=search&actid=WISE&kw=Computer-Science&pi=0","作者":"Guld,Amosi Kikwata","出版社":"Ingram      ","ISBN":"https:\/\/cdn.kingstone.com.tw\/english\/images\/product\/3720\/9786203383720.jpg","圖片網址":9786203383720.0,"書籍簡介":"0"}
{"書名":"Essential Computer Science","書籍網站":"https:\/\/www.kingstone.com.tw\/\/basic\/203c106228109?zone=english&lid=search&actid=WISE&kw=Computer-Science&pi=0","作者":"Paul D,Crutcher","出版社":"Apress      ","ISBN":"https:\/\/cdn.kingstone.com.tw\/english\/images\/product\/1063\/9781484271063.jpg","圖片網址":9781484271063.0,"書籍簡介":"\r\n\r\nJavaScript is the little scripting language that could. Once used chiefly to add interactivity to web browser windows, JavaScript is now a primary building block of powerful and robust applications. In this practical book, new and experienced JavaScript developers will learn how to use this language to create APIs as well as web, mobile, and desktop applications.Author and engineering leader Adam D. Scott covers technologies such as Node.js, GraphQL, React, React Native, and Electron. Ideal for developers who want to build full stack applications and ambitious web development beginners looking to bootstrap a startup, this book shows you how to create a single CRUD-style application that will work across several platforms.Explore GraphQL's simple process for querying dataLearn about shared authentication for APIs, web apps, and native applicationsBuild performant web applications with React and Styled ComponentsUse React Native to write cross-platform applications for iOS and Android that compile to native codeLearn how to write desktop applications with Electron\r\n                    \r\n"}
{"書名":"Research Ethics in Computer Science","書籍網站":"https:\/\/www.kingstone.com.tw\/\/basic\/203c108547246?zone=english&lid=search&actid=WISE&kw=Computer-Science&pi=0","作者":"Napoleon,Dhavamany","出版社":"Ingram      ","ISBN":"https:\/\/cdn.kingstone.com.tw\/english\/images\/product\/4220\/9783659344220.jpg","圖片網址":9783659344220.0,"書籍簡介":"0"}
{"書名":"Smart Learning Objects for Smart Education in Computer Science","書籍網站":"https:\/\/www.kingstone.com.tw\/\/basic\/203c109198128?zone=english&lid=search&actid=WISE&kw=Computer-Science&pi=0","作者":"Vytautas,Stuikys","出版社":"Springer    ","ISBN":"https:\/\/cdn.kingstone.com.tw\/english\/images\/product\/6638\/9783319386638.jpg","圖片網址":9783319386638.0,"書籍簡介":"0"}
{"書名":"Advances and Applications in Computer Science, Electronics and Industrial Engineering","書籍網站":"https:\/\/www.kingstone.com.tw\/\/basic\/203c108563464?zone=english&lid=search&actid=WISE&kw=Computer-Science&pi=0","作者":"Marcelo V,Garc穩a","出版社":"Springer    ","ISBN":"https:\/\/cdn.kingstone.com.tw\/english\/images\/product\/5645\/9789813345645.jpg","圖片網址":9789813345645.0,"書籍簡介":"0"}
{"書名":"Innovations in Computer Science and Engineering","書籍網站":"https:\/\/www.kingstone.com.tw\/\/basic\/203c103203665?zone=english&lid=search&actid=WISE&kw=Computer-Science&pi=0","作者":"Harvinder Singh,Saini","出版社":"Springer    ","ISBN":"https:\/\/cdn.kingstone.com.tw\/english\/images\/product\/0457\/9789811520457.jpg","圖片網址":9789811520457.0,"書籍簡介":"\r\n\r\nREALbasic Cross-Platform Application Development treats REALbasic as a serious development environment and is targeted to developers with a minimum of programming experience, but who may or may not be new to the REALbasic platform. Written by a writer and developer with extensive REALbasic experience with input and guidance from REAL Software, this book will show you how to take advantage of the new cross-platform abilities of REALbasic and teach you how to create cross-platform applications. Don't waste any more time with the other novice-oriented REALbasic books out there. Get inside this development environment with REALbasic Cross-Platform Application Development.\r\n                    \r\n"}
{"書名":"Advances in Electrical and Electronic Engineering and Computer Science","書籍網站":"https:\/\/www.kingstone.com.tw\/\/basic\/203c106365969?zone=english&lid=search&actid=WISE&kw=Computer-Science&pi=0","作者":"Zahriladha,Zakaria","出版社":"Springer    ","ISBN":"https:\/\/cdn.kingstone.com.tw\/english\/images\/product\/4899\/9789813364899.jpg","圖片網址":9789813364899.0,"書籍簡介":"\r\n\r\n.NET is not just for Windows anymore! This unprecedented book examines the advantages of building portable, cross-platform.NET code. Even if you are only vaguely familiar with .NET, with the aid of this book, you'll quickly learn how to run .NET code on different platforms.You may run code among the Linux, Unix, Mac OS X, and Windows platforms. And you'll get to choose among Mono (for Linux), Portable.NET (for Mac OS X), and of course, .NET for Windows. What's more, authors Mark Easton and Jason King pack the book with example code and wisdom, providing you a well-rounded skill set. Based on years of personal .NET experience, the authors share years of expertise--dos, don'ts, pitfalls, gotchas, and insights in the convenience of a single, handy book.\r\n                    \r\n"}
{"書名":"Classic Computer Science Problems in Java","書籍網站":"https:\/\/www.kingstone.com.tw\/\/basic\/203c102191779?zone=english&lid=search&actid=WISE&kw=Computer-Science&pi=0","作者":"David,Kopec","出版社":"Manning Publications","ISBN":"https:\/\/cdn.kingstone.com.tw\/english\/images\/product\/7601\/9781617297601.jpg","圖片網址":9781617297601.0,"書籍簡介":"0"}
{"書名":"Advances in Computer Science and Ubiquitous Computing","書籍網站":"https:\/\/www.kingstone.com.tw\/\/basic\/203c102179434?zone=english&lid=search&actid=WISE&kw=Computer-Science&pi=0","作者":"James J,Park","出版社":"Springer    ","ISBN":"https:\/\/cdn.kingstone.com.tw\/english\/images\/product\/3420\/9789811593420.jpg","圖片網址":9789811593420.0,"書籍簡介":null}
{"書名":"Advances in Computer Science and Ubiquitous Computing","書籍網站":"https:\/\/www.kingstone.com.tw\/\/basic\/203c102221587?zone=english&lid=search&actid=WISE&kw=Computer-Science&pi=0","作者":"James J,Park","出版社":"Springer    ","ISBN":"https:\/\/cdn.kingstone.com.tw\/english\/images\/product\/3433\/9789811393433.jpg","圖片網址":9789811393433.0,"書籍簡介":null}
{"書名":"Discovering Computer Science","書籍網站":"https:\/\/www.kingstone.com.tw\/\/basic\/203c011218377?zone=english&lid=search&actid=WISE&kw=Computer-Science&pi=0","作者":"Jessen,Havill","出版社":"CRC Press","ISBN":"https:\/\/cdn.kingstone.com.tw\/english\/images\/product\/2498\/9780367472498.jpg","圖片網址":9780367472498.0,"書籍簡介":null}
{"書名":"Modern Perspectives of Computer Science","書籍網站":"https:\/\/www.kingstone.com.tw\/\/basic\/203c108703162?zone=english&lid=search&actid=WISE&kw=Computer-Science&pi=0","作者":"Mirzakhmet,Syzdykov","出版社":"LAP Lambert Academic Publishing","ISBN":"https:\/\/cdn.kingstone.com.tw\/english\/images\/product\/6604\/9786139836604.jpg","圖片網址":9786139836604.0,"書籍簡介":null}
{"書名":"Computer Science and Engineering","書籍網站":"https:\/\/www.kingstone.com.tw\/\/basic\/203c200602937?zone=english&lid=search&actid=WISE&kw=Computer-Science&pi=0","作者":"Robert,Henderson","出版社":"Ingram      ","ISBN":"https:\/\/cdn.kingstone.com.tw\/english\/images\/product\/9515\/9781632409515.jpg","圖片網址":9781632409515.0,"書籍簡介":null}
{"書名":"History of Computer Science","書籍網站":"https:\/\/www.kingstone.com.tw\/\/basic\/203c210608021?zone=english&lid=search&actid=WISE&kw=Computer-Science&pi=0","作者":"Georg E,Sch瓣fer","出版社":"Ingram      ","ISBN":"https:\/\/cdn.kingstone.com.tw\/english\/images\/product\/9267\/9783751999267.jpg","圖片網址":9783751999267.0,"書籍簡介":null}
{"書名":"Advances in Computer Science for Engineering and Education III","書籍網站":"https:\/\/www.kingstone.com.tw\/\/basic\/203c007103570?zone=english&lid=search&actid=WISE&kw=Computer-Science&pi=0","作者":"Zhengbing,Hu","出版社":"Springer    ","ISBN":"https:\/\/cdn.kingstone.com.tw\/english\/images\/product\/5054\/9783030555054.jpg","圖片網址":9783030555054.0,"書籍簡介":null}
{"書名":"Mathematics for Computer Science","書籍網站":"https:\/\/www.kingstone.com.tw\/\/basic\/203c109942861?zone=english&lid=search&actid=WISE&kw=Computer-Science&pi=0","作者":"Eric,Lehman","出版社":"Ingram      ","ISBN":"https:\/\/cdn.kingstone.com.tw\/english\/images\/product\/1212\/9781680921212.jpg","圖片網址":9781680921212.0,"書籍簡介":null}
{"書名":"Sofsem 2021: Theory and Practice of Computer Science","書籍網站":"https:\/\/www.kingstone.com.tw\/\/basic\/203c102222715?zone=english&lid=search&actid=WISE&kw=Computer-Science&pi=0","作者":"Tom獺s,Bures","出版社":"Springer    ","ISBN":"https:\/\/cdn.kingstone.com.tw\/english\/images\/product\/7305\/9783030677305.jpg","圖片網址":9783030677305.0,"書籍簡介":null}
{"書名":"Fundamental of Computer Science & Engineering","書籍網站":"https:\/\/www.kingstone.com.tw\/\/basic\/203c011468363?zone=english&lid=search&actid=WISE&kw=Computer-Science&pi=0","作者":"Prof Anand Kumar,Tripathi","出版社":"LAP Lambert Academic Publishing","ISBN":"https:\/\/cdn.kingstone.com.tw\/english\/images\/product\/3073\/9786200093073.jpg","圖片網址":9786200093073.0,"書籍簡介":null}
{"書名":"Computer Science and Engineering: An Integrated Approach","書籍網站":"https:\/\/www.kingstone.com.tw\/\/basic\/203c200605072?zone=english&lid=search&actid=WISE&kw=Computer-Science&pi=0","作者":"Bella,Cunningham","出版社":"Ingram      ","ISBN":"https:\/\/cdn.kingstone.com.tw\/english\/images\/product\/7717\/9781682857717.jpg","圖片網址":9781682857717.0,"書籍簡介":null}
{"書名":"Discrete Mathematics for Computer Science","書籍網站":"https:\/\/www.kingstone.com.tw\/\/basic\/203c200301941?zone=english&lid=search&actid=WISE&kw=Computer-Science&pi=1","作者":"Jon Pierre,Fortney","出版社":"CRC Press","ISBN":"https:\/\/cdn.kingstone.com.tw\/english\/images\/product\/9886\/9780367549886.jpg","圖片網址":9780367549886.0,"書籍簡介":null}
{"書名":"Discrete Mathematics for Computer Science","書籍網站":"https:\/\/www.kingstone.com.tw\/\/basic\/203c200301942?zone=english&lid=search&actid=WISE&kw=Computer-Science&pi=1","作者":"Jon Pierre,Fortney","出版社":"CRC Press","ISBN":"https:\/\/cdn.kingstone.com.tw\/english\/images\/product\/9893\/9780367549893.jpg","圖片網址":9780367549893.0,"書籍簡介":null}
{"書名":"Handbook of Research on Equity in Computer Science in P-16 Education, 1 volume","書籍網站":"https:\/\/www.kingstone.com.tw\/\/basic\/203c101319047?zone=english&lid=search&actid=WISE&kw=Computer-Science&pi=1","作者":"Jared,Keengwe","出版社":"Ingram      ","ISBN":"https:\/\/cdn.kingstone.com.tw\/english\/images\/product\/7397\/9781799847397.jpg","圖片網址":9781799847397.0,"書籍簡介":null}
{"書名":"Human Language Technology. Challenges for Computer Science and Linguistics","書籍網站":"https:\/\/www.kingstone.com.tw\/\/basic\/203c101253609?zone=english&lid=search&actid=WISE&kw=Computer-Science&pi=1","作者":"Zygmunt,Vetulani","出版社":"Springer    ","ISBN":"https:\/\/cdn.kingstone.com.tw\/english\/images\/product\/5265\/9783030665265.jpg","圖片網址":9783030665265.0,"書籍簡介":null}
{"書名":"Representation Theorems in Computer Science","書籍網站":"https:\/\/www.kingstone.com.tw\/\/basic\/203c109959136?zone=english&lid=search&actid=WISE&kw=Computer-Science&pi=1","作者":"?zg羹r L羹tf羹,?z癟ep","出版社":"Springer    ","ISBN":"https:\/\/cdn.kingstone.com.tw\/english\/images\/product\/7873\/9783030257873.jpg","圖片網址":9783030257873.0,"書籍簡介":null}
{"書名":"Computer Science - Theory and Applications","書籍網站":"https:\/\/www.kingstone.com.tw\/\/basic\/203c006129507?zone=english&lid=search&actid=WISE&kw=Computer-Science&pi=1","作者":"Fernau,Henning","出版社":"Springer    ","ISBN":"https:\/\/cdn.kingstone.com.tw\/english\/images\/product\/0252\/9783030500252.jpg","圖片網址":9783030500252.0,"書籍簡介":null}
{"書名":"Discovering Computer Science","書籍網站":"https:\/\/www.kingstone.com.tw\/\/basic\/203c200904333?zone=english&lid=search&actid=WISE&kw=Computer-Science&pi=1","作者":"Jessen,Havill","出版社":"CRC Press","ISBN":"https:\/\/cdn.kingstone.com.tw\/english\/images\/product\/3358\/9780367613358.jpg","圖片網址":9780367613358.0,"書籍簡介":null}
{"書名":"Coalgebraic Methods in Computer Science","書籍網站":"https:\/\/www.kingstone.com.tw\/\/basic\/203c109968906?zone=english&lid=search&actid=WISE&kw=Computer-Science&pi=1","作者":"Marcello M,Bonsangue","出版社":"Springer    ","ISBN":"https:\/\/cdn.kingstone.com.tw\/english\/images\/product\/1237\/9783662441237.jpg","圖片網址":9783662441237.0,"書籍簡介":null}
{"書名":"Graph-Theoretic Concepts in Computer Science","書籍網站":"https:\/\/www.kingstone.com.tw\/\/basic\/203c109260654?zone=english&lid=search&actid=WISE&kw=Computer-Science&pi=1","作者":"Ernst W,Mayr","出版社":"Springer    ","ISBN":"https:\/\/cdn.kingstone.com.tw\/english\/images\/product\/1730\/9783662531730.jpg","圖片網址":9783662531730.0,"書籍簡介":null}
{"書名":"Computer Science - Cacic 2019","書籍網站":"https:\/\/www.kingstone.com.tw\/\/basic\/203c007102952?zone=english&lid=search&actid=WISE&kw=Computer-Science&pi=1","作者":"Pesado,Patricia","出版社":"Springer    ","ISBN":"https:\/\/cdn.kingstone.com.tw\/english\/images\/product\/3241\/9783030483241.jpg","圖片網址":9783030483241.0,"書籍簡介":null}
{"書名":"Newest Advances in Graph Theory and Computer Science","書籍網站":"https:\/\/www.kingstone.com.tw\/\/basic\/203c011463689?zone=english&lid=search&actid=WISE&kw=Computer-Science&pi=1","作者":"Wei,Gao","出版社":"LAP Lambert Academic Publishing","ISBN":"https:\/\/cdn.kingstone.com.tw\/english\/images\/product\/0227\/9786200210227.jpg","圖片網址":9786200210227.0,"書籍簡介":null}
{"書名":"Intelligent Algorithms in Software EngineeringProceedings of the 9th Computer Science On-L","書籍網站":"https:\/\/www.kingstone.com.tw\/\/basic\/203c200916407?zone=english&lid=search&actid=WISE&kw=Computer-Science&pi=1","作者":"Radek,Silhavy","出版社":"Springer    ","ISBN":"https:\/\/cdn.kingstone.com.tw\/english\/images\/product\/9643\/9783030519643.jpg","圖片網址":9783030519643.0,"書籍簡介":null}
{"書名":"ClearRevise AQA GCSE Computer Science 8525","書籍網站":"https:\/\/www.kingstone.com.tw\/\/basic\/203c006129967?zone=english&lid=search&actid=WISE&kw=Computer-Science&pi=1","作者":"Pg Online Limited","出版社":"Pg Online Limited","ISBN":"https:\/\/cdn.kingstone.com.tw\/english\/images\/product\/3254\/9781910523254.jpg","圖片網址":9781910523254.0,"書籍簡介":null}
{"書名":"Computer Science in K-12","書籍網站":"https:\/\/www.kingstone.com.tw\/\/basic\/203c008106402?zone=english&lid=search&actid=WISE&kw=Computer-Science&pi=1","作者":"Shuchi,Grover","出版社":"Edfinity","ISBN":"https:\/\/cdn.kingstone.com.tw\/english\/images\/product\/2702\/9781734662702.jpg","圖片網址":9781734662702.0,"書籍簡介":null}
{"書名":"ClearRevise OCR GCSE Computer Science J277","書籍網站":"https:\/\/www.kingstone.com.tw\/\/basic\/203c006116207?zone=english&lid=search&actid=WISE&kw=Computer-Science&pi=1","作者":"Pg Online Limited","出版社":"Pg Online Limited","ISBN":"https:\/\/cdn.kingstone.com.tw\/english\/images\/product\/3230\/9781910523230.jpg","圖片網址":9781910523230.0,"書籍簡介":null}
{"書名":"Coalgebraic Methods in Computer Science","書籍網站":"https:\/\/www.kingstone.com.tw\/\/basic\/203c200322154?zone=english&lid=search&actid=WISE&kw=Computer-Science&pi=1","作者":"Daniela,Petrişan","出版社":"Springer    ","ISBN":"https:\/\/cdn.kingstone.com.tw\/english\/images\/product\/2006\/9783030572006.jpg","圖片網址":9783030572006.0,"書籍簡介":null}
{"書名":"Topics in Theoretical Computer Science","書籍網站":"https:\/\/www.kingstone.com.tw\/\/basic\/203c200322237?zone=english&lid=search&actid=WISE&kw=Computer-Science&pi=1","作者":"Lu穩s,S Barbosa","出版社":"Springer    ","ISBN":"https:\/\/cdn.kingstone.com.tw\/english\/images\/product\/8510\/9783030578510.jpg","圖片網址":9783030578510.0,"書籍簡介":null}
{"書名":"Computer Science Principles","書籍網站":"https:\/\/www.kingstone.com.tw\/\/basic\/203c002126940?zone=english&lid=search&actid=WISE&kw=Computer-Science&pi=1","作者":"Hare,Kevin P","出版社":"Yellow Dart Publishing","ISBN":"https:\/\/cdn.kingstone.com.tw\/english\/images\/product\/4915\/9781734554915.jpg","圖片網址":9781734554915.0,"書籍簡介":null}
{"書名":"Computer Science Principles","書籍網站":"https:\/\/www.kingstone.com.tw\/\/basic\/203c002127422?zone=english&lid=search&actid=WISE&kw=Computer-Science&pi=1","作者":"Hare,Kevin P","出版社":"Yellow Dart Publishing","ISBN":"https:\/\/cdn.kingstone.com.tw\/english\/images\/product\/4908\/9781734554908.jpg","圖片網址":9781734554908.0,"書籍簡介":null}
{"書名":"AQA GCSE Computer Science (9-1) 8525","書籍網站":"https:\/\/www.kingstone.com.tw\/\/basic\/203c006123205?zone=english&lid=search&actid=WISE&kw=Computer-Science&pi=1","作者":"Robson,S","出版社":"Pg Online Limited","ISBN":"https:\/\/cdn.kingstone.com.tw\/english\/images\/product\/3223\/9781910523223.jpg","圖片網址":9781910523223.0,"書籍簡介":null}
{"書名":"OCR GCSE Computer Science （9－1） J277","書籍網站":"https:\/\/www.kingstone.com.tw\/\/basic\/203c006101881?zone=english&lid=search&actid=WISE&kw=Computer-Science&pi=1","作者":"Robson,S","出版社":"Pg Online Limited","ISBN":"https:\/\/cdn.kingstone.com.tw\/english\/images\/product\/3216\/9781910523216.jpg","圖片網址":9781910523216.0,"書籍簡介":null}
{"書名":"Logical Foundations of Computer Science","書籍網站":"https:\/\/www.kingstone.com.tw\/\/basic\/203c109194710?zone=english&lid=search&actid=WISE&kw=Computer-Science&pi=1","作者":"Sergei,Artemov","出版社":"Springer    ","ISBN":"https:\/\/cdn.kingstone.com.tw\/english\/images\/product\/7541\/9783030367541.jpg","圖片網址":9783030367541.0,"書籍簡介":null}
{"書名":"Introduction to Computer Science: Java Programming","書籍網站":"https:\/\/www.kingstone.com.tw\/\/basic\/203c006118303?zone=english&lid=search&actid=WISE&kw=Computer-Science&pi=1","作者":"Julie a,Anderson","出版社":"Goodheart-Wilcox Publisher","ISBN":"https:\/\/cdn.kingstone.com.tw\/english\/images\/product\/1810\/9781645641810.jpg","圖片網址":9781645641810.0,"書籍簡介":null}
{"書名":"Theoretical Computer Science","書籍網站":"https:\/\/www.kingstone.com.tw\/\/basic\/203c109978062?zone=english&lid=search&actid=WISE&kw=Computer-Science&pi=1","作者":"Xiaoming,Sun","出版社":"Springer    ","ISBN":"https:\/\/cdn.kingstone.com.tw\/english\/images\/product\/1043\/9789811501043.jpg","圖片網址":9789811501043.0,"書籍簡介":null}
{"書名":"Graph-Theoretic Concepts in Computer Science","書籍網站":"https:\/\/www.kingstone.com.tw\/\/basic\/203c109268151?zone=english&lid=search&actid=WISE&kw=Computer-Science&pi=2","作者":"Ignasi,Sau","出版社":"Springer    ","ISBN":"https:\/\/cdn.kingstone.com.tw\/english\/images\/product\/7851\/9783030307851.jpg","圖片網址":9783030307851.0,"書籍簡介":null}
{"書名":"Computer Science - Cacic 2018","書籍網站":"https:\/\/www.kingstone.com.tw\/\/basic\/203c109191019?zone=english&lid=search&actid=WISE&kw=Computer-Science&pi=2","作者":"Patricia,Pesado","出版社":"Springer    ","ISBN":"https:\/\/cdn.kingstone.com.tw\/english\/images\/product\/7861\/9783030207861.jpg","圖片網址":9783030207861.0,"書籍簡介":null}
{"書名":"Python for Data Science","書籍網站":"https:\/\/www.kingstone.com.tw\/\/basic\/203c103107020?zone=english&lid=search&actid=WISE&kw=Computer-Science&pi=2","作者":"Computer Science Academy","出版社":"Ingram      ","ISBN":"https:\/\/cdn.kingstone.com.tw\/english\/images\/product\/8869\/9781801878869.jpg","圖片網址":9781801878869.0,"書籍簡介":null}
{"書名":"Smart Stem-Driven Computer Science Education","書籍網站":"https:\/\/www.kingstone.com.tw\/\/basic\/203c108697293?zone=english&lid=search&actid=WISE&kw=Computer-Science&pi=2","作者":"Vytautas,Stuikys","出版社":"Springer    ","ISBN":"https:\/\/cdn.kingstone.com.tw\/english\/images\/product\/7104\/9783030087104.jpg","圖片網址":9783030087104.0,"書籍簡介":null}
{"書名":"Probability and Statistics for Computer Science","書籍網站":"https:\/\/www.kingstone.com.tw\/\/basic\/203c108642220?zone=english&lid=search&actid=WISE&kw=Computer-Science&pi=2","作者":"David,Forsyth","出版社":"Springer    ","ISBN":"https:\/\/cdn.kingstone.com.tw\/english\/images\/product\/7884\/9783319877884.jpg","圖片網址":9783319877884.0,"書籍簡介":null}
{"書名":"Computer Science Advances","書籍網站":"https:\/\/www.kingstone.com.tw\/\/basic\/203c905101279?zone=english&lid=search&actid=WISE&kw=Computer-Science&pi=2","作者":"Kale, Sandip A. (EDT)","出版社":"Ingram      ","ISBN":"https:\/\/cdn.kingstone.com.tw\/english\/images\/product\/8442\/9781536148442.jpg","圖片網址":9781536148442.0,"書籍簡介":null}
{"書名":"Computer Science Distilled","書籍網站":"https:\/\/www.kingstone.com.tw\/\/basic\/203c010198316?zone=english&lid=search&actid=WISE&kw=Computer-Science&pi=2","作者":"Wladston,Ferreira Filho","出版社":"Code Energy LLC","ISBN":"https:\/\/cdn.kingstone.com.tw\/english\/images\/product\/6025\/9780997316025.jpg","圖片網址":9780997316025.0,"書籍簡介":null}
{"書名":"Horizons in Computer Science Research","書籍網站":"https:\/\/www.kingstone.com.tw\/\/basic\/203c902835820?zone=english&lid=search&actid=WISE&kw=Computer-Science&pi=2","作者":"Clary, Thomas S. (EDT)","出版社":"Ingram      ","ISBN":"https:\/\/cdn.kingstone.com.tw\/english\/images\/product\/4192\/9781536144192.jpg","圖片網址":9781536144192.0,"書籍簡介":null}
{"書名":"Coalgebraic Methods in Computer Science","書籍網站":"https:\/\/www.kingstone.com.tw\/\/basic\/203c109279089?zone=english&lid=search&actid=WISE&kw=Computer-Science&pi=2","作者":"Corina,C簾rstea","出版社":"Springer    ","ISBN":"https:\/\/cdn.kingstone.com.tw\/english\/images\/product\/3883\/9783030003883.jpg","圖片網址":9783030003883.0,"書籍簡介":null}
{"書名":"Computer Science With Python Language Made Simple","書籍網站":"https:\/\/www.kingstone.com.tw\/\/basic\/203c108704119?zone=english&lid=search&actid=WISE&kw=Computer-Science&pi=2","作者":"Satish Singh Shashi,Jain","出版社":"Ingram      ","ISBN":"https:\/\/cdn.kingstone.com.tw\/english\/images\/product\/6224\/9789388176224.jpg","圖片網址":9789388176224.0,"書籍簡介":null}
{"書名":"Smart Stem-Driven Computer Science Education","書籍網站":"https:\/\/www.kingstone.com.tw\/\/basic\/203c109962301?zone=english&lid=search&actid=WISE&kw=Computer-Science&pi=2","作者":"Vytautas,Stuikys","出版社":"Springer    ","ISBN":"https:\/\/cdn.kingstone.com.tw\/english\/images\/product\/4847\/9783319784847.jpg","圖片網址":9783319784847.0,"書籍簡介":null}
{"書名":"Computer Science - Theory and Applications","書籍網站":"https:\/\/www.kingstone.com.tw\/\/basic\/203c109201239?zone=english&lid=search&actid=WISE&kw=Computer-Science&pi=2","作者":"Fedor V,Fomin","出版社":"Springer    ","ISBN":"https:\/\/cdn.kingstone.com.tw\/english\/images\/product\/5297\/9783319905297.jpg","圖片網址":9783319905297.0,"書籍簡介":null}
{"書名":"Help Your Kids With Computer Science","書籍網站":"https:\/\/www.kingstone.com.tw\/\/basic\/203c801232439?zone=english&lid=search&actid=WISE&kw=Computer-Science&pi=2","作者":"Dorling Kindersley, Inc. (COR)","出版社":"DK Publishing (Dorling Kindersle","ISBN":"https:\/\/cdn.kingstone.com.tw\/english\/images\/product\/3608\/9781465473608.jpg","圖片網址":9781465473608.0,"書籍簡介":null}
{"書名":"Learn Computer Science With Swift","書籍網站":"https:\/\/www.kingstone.com.tw\/\/basic\/203c801962606?zone=english&lid=search&actid=WISE&kw=Computer-Science&pi=2","作者":"Feiler, Jesse","出版社":"Apress      ","ISBN":"https:\/\/cdn.kingstone.com.tw\/english\/images\/product\/0657\/9781484230657.jpg","圖片網址":9781484230657.0,"書籍簡介":null}
{"書名":"Relational and Algebraic Methods in Computer Science","書籍網站":"https:\/\/www.kingstone.com.tw\/\/basic\/203c109958528?zone=english&lid=search&actid=WISE&kw=Computer-Science&pi=2","作者":"Jules,Desharnais","出版社":"Springer    ","ISBN":"https:\/\/cdn.kingstone.com.tw\/english\/images\/product\/1481\/9783030021481.jpg","圖片網址":9783030021481.0,"書籍簡介":null}
{"書名":"Horizons in Computer Science Research","書籍網站":"https:\/\/www.kingstone.com.tw\/\/basic\/203c171204887?zone=english&lid=search&actid=WISE&kw=Computer-Science&pi=2","作者":"Clary, Thomas S. (EDT)","出版社":"Ingram      ","ISBN":"https:\/\/cdn.kingstone.com.tw\/english\/images\/product\/7577\/9781536127577.jpg","圖片網址":9781536127577.0,"書籍簡介":null}
{"書名":"Graph-Theoretic Concepts in Computer Science","書籍網站":"https:\/\/www.kingstone.com.tw\/\/basic\/203c109962106?zone=english&lid=search&actid=WISE&kw=Computer-Science&pi=2","作者":"Hans L,Bodlaender","出版社":"Springer    ","ISBN":"https:\/\/cdn.kingstone.com.tw\/english\/images\/product\/7049\/9783319687049.jpg","圖片網址":9783319687049.0,"書籍簡介":null}
{"書名":"Theoretical Computer Science and Discrete Mathematics","書籍網站":"https:\/\/www.kingstone.com.tw\/\/basic\/203c109962018?zone=english&lid=search&actid=WISE&kw=Computer-Science&pi=2","作者":"S,Arumugam","出版社":"Springer    ","ISBN":"https:\/\/cdn.kingstone.com.tw\/english\/images\/product\/4189\/9783319644189.jpg","圖片網址":9783319644189.0,"書籍簡介":null}
{"書名":"Discrete Mathematics for Computer Science","書籍網站":"https:\/\/www.kingstone.com.tw\/\/basic\/203c180251853?zone=english&lid=search&actid=WISE&kw=Computer-Science&pi=2","作者":"Liben-nowell, David","出版社":"John Wiley  ","ISBN":"https:\/\/cdn.kingstone.com.tw\/english\/images\/product\/5532\/9781118065532.jpg","圖片網址":9781118065532.0,"書籍簡介":null}
{"書名":"Graph-Theoretic Concepts in Computer Science","書籍網站":"https:\/\/www.kingstone.com.tw\/\/basic\/203c109260655?zone=english&lid=search&actid=WISE&kw=Computer-Science&pi=2","作者":"Pinar,Heggernes","出版社":"Springer    ","ISBN":"https:\/\/cdn.kingstone.com.tw\/english\/images\/product\/5356\/9783662535356.jpg","圖片網址":9783662535356.0,"書籍簡介":null}
{"書名":"Computer Science Companion","書籍網站":"https:\/\/www.kingstone.com.tw\/\/basic\/203c170935685?zone=english&lid=search&actid=WISE&kw=Computer-Science&pi=2","作者":"Verts, William T.","出版社":"Ingram      ","ISBN":"https:\/\/cdn.kingstone.com.tw\/english\/images\/product\/2360\/9781524902360.jpg","圖片網址":9781524902360.0,"書籍簡介":null}
{"書名":"Computer Science","書籍網站":"https:\/\/www.kingstone.com.tw\/\/basic\/203c603151778?zone=english&lid=search&actid=WISE&kw=Computer-Science&pi=2","作者":"Dasgupta, Subrata","出版社":"Oxford University Press, USA","ISBN":"https:\/\/cdn.kingstone.com.tw\/english\/images\/product\/3461\/9780198733461.jpg","圖片網址":9780198733461.0,"書籍簡介":null}
{"書名":"Complete Computer Science for Cambridge IGCSE & O Level Revision Guide","書籍網站":"https:\/\/www.kingstone.com.tw\/\/basic\/203c803705500?zone=english&lid=search&actid=WISE&kw=Computer-Science&pi=2","作者":"Page, Alison","出版社":"Ingram      ","ISBN":"https:\/\/cdn.kingstone.com.tw\/english\/images\/product\/7253\/9780198367253.jpg","圖片網址":9780198367253.0,"書籍簡介":null}
{"書名":"Mathematical Foundations of Computer Science 2013","書籍網站":"https:\/\/www.kingstone.com.tw\/\/basic\/203c109964795?zone=english&lid=search&actid=WISE&kw=Computer-Science&pi=3","作者":"Krishnendu,Chatterjee","出版社":"Springer    ","ISBN":"https:\/\/cdn.kingstone.com.tw\/english\/images\/product\/3125\/9783642403125.jpg","圖片網址":9783642403125.0,"書籍簡介":null}
{"書名":"Topics in Theoretical Computer Science","書籍網站":"https:\/\/www.kingstone.com.tw\/\/basic\/203c109196256?zone=english&lid=search&actid=WISE&kw=Computer-Science&pi=3","作者":"Mohammed Taghi,Hajiaghayi","出版社":"Springer    ","ISBN":"https:\/\/cdn.kingstone.com.tw\/english\/images\/product\/6778\/9783319286778.jpg","圖片網址":9783319286778.0,"書籍簡介":null}
{"書名":"Horizons in Computer Science Research","書籍網站":"https:\/\/www.kingstone.com.tw\/\/basic\/203c712981519?zone=english&lid=search&actid=WISE&kw=Computer-Science&pi=3","作者":"Clary, Thomas S. (EDT)","出版社":"Ingram      ","ISBN":"https:\/\/cdn.kingstone.com.tw\/english\/images\/product\/8665\/9781634838665.jpg","圖片網址":9781634838665.0,"書籍簡介":null}
{"書名":"Computer Science Companion","書籍網站":"https:\/\/www.kingstone.com.tw\/\/basic\/203c601997987?zone=english&lid=search&actid=WISE&kw=Computer-Science&pi=3","作者":"Verts, William T.","出版社":"Ingram      ","ISBN":"https:\/\/cdn.kingstone.com.tw\/english\/images\/product\/4099\/9781465284099.jpg","圖片網址":9781465284099.0,"書籍簡介":null}
{"書名":"Computer Science and Applications","書籍網站":"https:\/\/www.kingstone.com.tw\/\/basic\/203c502825103?zone=english&lid=search&actid=WISE&kw=Computer-Science&pi=3","作者":"Zhou, S. L. (EDT)","出版社":"Ingram      ","ISBN":"https:\/\/cdn.kingstone.com.tw\/english\/images\/product\/1014\/9781784661014.jpg","圖片網址":9781784661014.0,"書籍簡介":null}
{"書名":"Logic for Computer Science","書籍網站":"https:\/\/www.kingstone.com.tw\/\/basic\/203c410233142?zone=english&lid=search&actid=WISE&kw=Computer-Science&pi=3","作者":"Gallier, Jean H.","出版社":"Dover Pubns ","ISBN":"https:\/\/cdn.kingstone.com.tw\/english\/images\/product\/0825\/9780486780825.jpg","圖片網址":9780486780825.0,"書籍簡介":null}
{"書名":"Theoretical Computer Science for Quantum Computation","書籍網站":"https:\/\/www.kingstone.com.tw\/\/basic\/203c410764721?zone=english&lid=search&actid=WISE&kw=Computer-Science&pi=3","作者":"Hines, Peter","出版社":"Ingram      ","ISBN":"https:\/\/cdn.kingstone.com.tw\/english\/images\/product\/4027\/9781627054027.jpg","圖片網址":9781627054027.0,"書籍簡介":null}
{"書名":"2019 The International Conference on Science and Technology Proceeding","書籍網站":"https:\/\/www.kingstone.com.tw\/\/basic\/2013030015997?zone=book&lid=search&actid=WISE&kw=Computer-Science&pi=3","作者":"College of Computer Science an","出版社":"屏東大學  ","ISBN":"https:\/\/cdn.kingstone.com.tw\/book\/images\/product\/20130\/2013030015997\/2013030015997b.jpg","圖片網址":9789869837729.0,"書籍簡介":null}
{"書名":"Horizons in Computer Science Research","書籍網站":"https:\/\/www.kingstone.com.tw\/\/basic\/203c602679965?zone=english&lid=search&actid=WISE&kw=Computer-Science&pi=3","作者":"Clary, Thomas S. (EDT)","出版社":null,"ISBN":"https:\/\/cdn.kingstone.com.tw\/english\/images\/product\/4996\/9781634824996.jpg","圖片網址":9781634824996.0,"書籍簡介":null}
{"書名":"Invitation to Computer Science","書籍網站":"https:\/\/www.kingstone.com.tw\/\/basic\/203c501416254?zone=english&lid=search&actid=WISE&kw=Computer-Science&pi=3","作者":"Schneider, G. Michael","出版社":"Ingram      ","ISBN":"https:\/\/cdn.kingstone.com.tw\/english\/images\/product\/5771\/9781305075771.jpg","圖片網址":9781305075771.0,"書籍簡介":null}
{"書名":"Computer Science and Applications","書籍網站":"https:\/\/www.kingstone.com.tw\/\/basic\/203c504412239?zone=english&lid=search&actid=WISE&kw=Computer-Science&pi=3","作者":"Zhong, David (EDT)","出版社":"CRC Pr I Llc","ISBN":"https:\/\/cdn.kingstone.com.tw\/english\/images\/product\/7985\/9781138027985.jpg","圖片網址":9781138027985.0,"書籍簡介":null}
{"書名":"Computer Science Illuminated","書籍網站":"https:\/\/www.kingstone.com.tw\/\/basic\/203c412407701?zone=english&lid=search&actid=WISE&kw=Computer-Science&pi=3","作者":"Dale, Nell","出版社":"Jones &     ","ISBN":"https:\/\/cdn.kingstone.com.tw\/english\/images\/product\/5917\/9781284055917.jpg","圖片網址":9781284055917.0,"書籍簡介":null}
{"書名":"Graph Theory With Applications to Engineering and Computer Science","書籍網站":"https:\/\/www.kingstone.com.tw\/\/basic\/203c607795402?zone=english&lid=search&actid=WISE&kw=Computer-Science&pi=3","作者":"Deo, Narsingh","出版社":"Dover Pubns ","ISBN":"https:\/\/cdn.kingstone.com.tw\/english\/images\/product\/7935\/9780486807935.jpg","圖片網址":9780486807935.0,"書籍簡介":null}
{"書名":"Discrete Mathematics for Computer Science Preliminary Edition","書籍網站":"https:\/\/www.kingstone.com.tw\/\/basic\/203c611499131?zone=english&lid=search&actid=WISE&kw=Computer-Science&pi=3","作者":"Liben-nowell, David","出版社":"John Wiley  ","ISBN":"https:\/\/cdn.kingstone.com.tw\/english\/images\/product\/1096\/9781119171096.jpg","圖片網址":9781119171096.0,"書籍簡介":null}
{"書名":"Computer Science and Systems Engineering","書籍網站":"https:\/\/www.kingstone.com.tw\/\/basic\/203c502825090?zone=english&lid=search&actid=WISE&kw=Computer-Science&pi=3","作者":"Leung, A. (EDT)","出版社":"Ingram      ","ISBN":"https:\/\/cdn.kingstone.com.tw\/english\/images\/product\/0543\/9781784660543.jpg","圖片網址":9781784660543.0,"書籍簡介":null}
{"書名":"Advances in Computer Science and Technology","書籍網站":"https:\/\/www.kingstone.com.tw\/\/basic\/203c501816431?zone=english&lid=search&actid=WISE&kw=Computer-Science&pi=3","作者":"Wang, Mingus (EDT)","出版社":"Ingram      ","ISBN":"https:\/\/cdn.kingstone.com.tw\/english\/images\/product\/0314\/9781784660314.jpg","圖片網址":9781784660314.0,"書籍簡介":null}
{"書名":"Computer Science","書籍網站":"https:\/\/www.kingstone.com.tw\/\/basic\/203c401124523?zone=english&lid=search&actid=WISE&kw=Computer-Science&pi=3","作者":"Brookshear, J. Glenn","出版社":"Prentice H  ","ISBN":"https:\/\/cdn.kingstone.com.tw\/english\/images\/product\/0064\/9780133760064.jpg","圖片網址":9780133760064.0,"書籍簡介":null}
{"書名":"Horizons in Computer Science Research","書籍網站":"https:\/\/www.kingstone.com.tw\/\/basic\/203c507223913?zone=english&lid=search&actid=WISE&kw=Computer-Science&pi=3","作者":"Clary, Thomas S. (EDT)","出版社":"Ingram      ","ISBN":"https:\/\/cdn.kingstone.com.tw\/english\/images\/product\/5221\/9781633215221.jpg","圖片網址":9781633215221.0,"書籍簡介":null}
{"書名":"Introduction to Computer Science and Problem Solving With Java","書籍網站":"https:\/\/www.kingstone.com.tw\/\/basic\/203c412394882?zone=english&lid=search&actid=WISE&kw=Computer-Science&pi=3","作者":"Sarnath,","出版社":"John Wiley  ","ISBN":"https:\/\/cdn.kingstone.com.tw\/english\/images\/product\/4430\/9781118644430.jpg","圖片網址":9781118644430.0,"書籍簡介":null}
{"書名":"Sofsem 2016: Theory and Practice of Computer Science","書籍網站":"https:\/\/www.kingstone.com.tw\/\/basic\/203c109968987?zone=english&lid=search&actid=WISE&kw=Computer-Science&pi=3","作者":"Rūsiņs Mārtiņs,Freivalds","出版社":"Springer    ","ISBN":"https:\/\/cdn.kingstone.com.tw\/english\/images\/product\/1911\/9783662491911.jpg","圖片網址":9783662491911.0,"書籍簡介":null}
{"書名":"Computer Science","書籍網站":"https:\/\/www.kingstone.com.tw\/\/basic\/203c312271426?zone=english&lid=search&actid=WISE&kw=Computer-Science&pi=3","作者":"Retzlaff, Donald","出版社":"Ingram      ","ISBN":"https:\/\/cdn.kingstone.com.tw\/english\/images\/product\/5578\/9780757595578.jpg","圖片網址":9780757595578.0,"書籍簡介":null}
{"書名":"Be Prepared for the Ap Computer Science Exam in Java","書籍網站":"https:\/\/www.kingstone.com.tw\/\/basic\/203c410377011?zone=english&lid=search&actid=WISE&kw=Computer-Science&pi=3","作者":"Litvin, Maria","出版社":"Ingram      ","ISBN":"https:\/\/cdn.kingstone.com.tw\/english\/images\/product\/7533\/9780982477533.jpg","圖片網址":9780982477533.0,"書籍簡介":null}
{"書名":"Horizons in Computer Science Research","書籍網站":"https:\/\/www.kingstone.com.tw\/\/basic\/203c301755486?zone=english&lid=search&actid=WISE&kw=Computer-Science&pi=3","作者":"Clary, Thomas S. (EDT)","出版社":"Ingram      ","ISBN":"https:\/\/cdn.kingstone.com.tw\/english\/images\/product\/4131\/9781624174131.jpg","圖片網址":9781624174131.0,"書籍簡介":null}
{"書名":"Mathematical Foundation for Computer Science","書籍網站":"https:\/\/www.kingstone.com.tw\/\/basic\/203c308728646?zone=english&lid=search&actid=WISE&kw=Computer-Science&pi=3","作者":"Vasanthi, M.","出版社":"Ingram      ","ISBN":"https:\/\/cdn.kingstone.com.tw\/english\/images\/product\/7416\/9781842657416.jpg","圖片網址":9781842657416.0,"書籍簡介":null}
{"書名":"Bioinformatics for Computer Science","書籍網站":"https:\/\/www.kingstone.com.tw\/\/basic\/203c308756542?zone=english&lid=search&actid=WISE&kw=Computer-Science&pi=4","作者":"Revett, Kennett","出版社":"Ingram      ","ISBN":"https:\/\/cdn.kingstone.com.tw\/english\/images\/product\/8220\/9781907568220.jpg","圖片網址":9781907568220.0,"書籍簡介":null}
{"書名":"Bioinformatics for Computer Science","書籍網站":"https:\/\/www.kingstone.com.tw\/\/basic\/203c308756546?zone=english&lid=search&actid=WISE&kw=Computer-Science&pi=4","作者":"Revett, Kennett","出版社":"Ingram      ","ISBN":"https:\/\/cdn.kingstone.com.tw\/english\/images\/product\/8329\/9781907568329.jpg","圖片網址":9781907568329.0,"書籍簡介":null}
{"書名":"Computer Science Illuminated","書籍網站":"https:\/\/www.kingstone.com.tw\/\/basic\/203c110647467?zone=english&lid=search&actid=WISE&kw=Computer-Science&pi=4","作者":"Dale, Nell","出版社":"Jones &     ","ISBN":"https:\/\/cdn.kingstone.com.tw\/english\/images\/product\/5739\/9781449665739.jpg","圖片網址":9781449665739.0,"書籍簡介":null}
{"書名":"Computer Science Illuminated","書籍網站":"https:\/\/www.kingstone.com.tw\/\/basic\/203c308500875?zone=english&lid=search&actid=WISE&kw=Computer-Science&pi=4","作者":"Dale, Nell","出版社":"Jones &     ","ISBN":"https:\/\/cdn.kingstone.com.tw\/english\/images\/product\/2843\/9781449672843.jpg","圖片網址":9781449672843.0,"書籍簡介":null}
{"書名":"Advanced Research on Material Science, Environment Science and Computer Science III","書籍網站":"https:\/\/www.kingstone.com.tw\/\/basic\/203c502886168?zone=english&lid=search&actid=WISE&kw=Computer-Science&pi=4","作者":"Zhang, Helen (EDT)","出版社":"Ingram      ","ISBN":"https:\/\/cdn.kingstone.com.tw\/english\/images\/product\/0118\/9783038350118.jpg","圖片網址":9783038350118.0,"書籍簡介":null}
{"書名":"Horizons in Computer Science Research","書籍網站":"https:\/\/www.kingstone.com.tw\/\/basic\/203c312680024?zone=english&lid=search&actid=WISE&kw=Computer-Science&pi=4","作者":"Clary, Thomas S. (EDT)","出版社":"Ingram      ","ISBN":"https:\/\/cdn.kingstone.com.tw\/english\/images\/product\/7891\/9781613247891.jpg","圖片網址":9781613247891.0,"書籍簡介":null}
{"書名":"Horizons in Computer Science Research","書籍網站":"https:\/\/www.kingstone.com.tw\/\/basic\/203c109808340?zone=english&lid=search&actid=WISE&kw=Computer-Science&pi=4","作者":"Clary, Thomas S. (EDT)","出版社":"Ingram      ","ISBN":"https:\/\/cdn.kingstone.com.tw\/english\/images\/product\/4553\/9781614704553.jpg","圖片網址":9781614704553.0,"書籍簡介":null}
{"書名":"Invitation to Computer Science","書籍網站":"https:\/\/www.kingstone.com.tw\/\/basic\/203c308371265?zone=english&lid=search&actid=WISE&kw=Computer-Science&pi=4","作者":"Schneider, G. Michael","出版社":"Five Star   ","ISBN":"https:\/\/cdn.kingstone.com.tw\/english\/images\/product\/0820\/9781133190820.jpg","圖片網址":9781133190820.0,"書籍簡介":null}
{"書名":"Horizons in Computer Science Research","書籍網站":"https:\/\/www.kingstone.com.tw\/\/basic\/203c203749011?zone=english&lid=search&actid=WISE&kw=Computer-Science&pi=4","作者":"Clary, Thomas S. (EDT)","出版社":"Ingram      ","ISBN":"https:\/\/cdn.kingstone.com.tw\/english\/images\/product\/7747\/9781619427747.jpg","圖片網址":9781619427747.0,"書籍簡介":null}
{"書名":"Be Prepared for the AP Computer Science Exam in Java","書籍網站":"https:\/\/www.kingstone.com.tw\/\/basic\/203c308358267?zone=english&lid=search&actid=WISE&kw=Computer-Science&pi=4","作者":"Litvin, Maria","出版社":"Ingram      ","ISBN":"https:\/\/cdn.kingstone.com.tw\/english\/images\/product\/7526\/9780982477526.jpg","圖片網址":9780982477526.0,"書籍簡介":null}
{"書名":"Fundamentals of Discrete Math for Computer Science","書籍網站":"https:\/\/www.kingstone.com.tw\/\/basic\/203c308490290?zone=english&lid=search&actid=WISE&kw=Computer-Science&pi=4","作者":"Jenkyns, Tom","出版社":"Ingram      ","ISBN":"https:\/\/cdn.kingstone.com.tw\/english\/images\/product\/0689\/9781447140689.jpg","圖片網址":9781447140689.0,"書籍簡介":null}
{"書名":"Applied Computer Science","書籍網站":"https:\/\/www.kingstone.com.tw\/\/basic\/203c308550925?zone=english&lid=search&actid=WISE&kw=Computer-Science&pi=4","作者":"Torbert, Shane","出版社":"Ingram      ","ISBN":"https:\/\/cdn.kingstone.com.tw\/english\/images\/product\/8870\/9781461418870.jpg","圖片網址":9781461418870.0,"書籍簡介":null}
{"書名":"Horizons in Computer Science Research","書籍網站":"https:\/\/www.kingstone.com.tw\/\/basic\/203c109722574?zone=english&lid=search&actid=WISE&kw=Computer-Science&pi=4","作者":"Clary, Thomas S. (EDT)","出版社":"Ingram      ","ISBN":"https:\/\/cdn.kingstone.com.tw\/english\/images\/product\/8076\/9781611228076.jpg","圖片網址":9781611228076.0,"書籍簡介":null}
{"書名":"Computer Science","書籍網站":"https:\/\/www.kingstone.com.tw\/\/basic\/203c109405550?zone=english&lid=search&actid=WISE&kw=Computer-Science&pi=4","作者":"Forouzan, Behrouz A.","出版社":"Ingram      ","ISBN":"https:\/\/cdn.kingstone.com.tw\/english\/images\/product\/3385\/9780073523385.jpg","圖片網址":9780073523385.0,"書籍簡介":null}
{"書名":"Peeking into Computer Science","書籍網站":"https:\/\/www.kingstone.com.tw\/\/basic\/203c401241097?zone=english&lid=search&actid=WISE&kw=Computer-Science&pi=4","作者":"Kawash, Jalal","出版社":"Ingram      ","ISBN":"https:\/\/cdn.kingstone.com.tw\/english\/images\/product\/1325\/9780558761325.jpg","圖片網址":9780558761325.0,"書籍簡介":null}
{"書名":"Key Engineering Materials and Computer Science","書籍網站":"https:\/\/www.kingstone.com.tw\/\/basic\/203c203800655?zone=english&lid=search&actid=WISE&kw=Computer-Science&pi=4","作者":"Hu, Jun (EDT)","出版社":"Ingram      ","ISBN":"https:\/\/cdn.kingstone.com.tw\/english\/images\/product\/2118\/9783037852118.jpg","圖片網址":9783037852118.0,"書籍簡介":null}
{"書名":"Computer Science","書籍網站":"https:\/\/www.kingstone.com.tw\/\/basic\/203c312121711?zone=english&lid=search&actid=WISE&kw=Computer-Science&pi=4","作者":"Brookshear, J. Glenn","出版社":"Addison-We  ","ISBN":"https:\/\/cdn.kingstone.com.tw\/english\/images\/product\/9033\/9780132569033.jpg","圖片網址":9780132569033.0,"書籍簡介":null}
{"書名":"Advanced Materials and Computer Science","書籍網站":"https:\/\/www.kingstone.com.tw\/\/basic\/203c109815554?zone=english&lid=search&actid=WISE&kw=Computer-Science&pi=4","作者":"Zhu, Garry (EDT)","出版社":"Ingram      ","ISBN":"https:\/\/cdn.kingstone.com.tw\/english\/images\/product\/0978\/9783037850978.jpg","圖片網址":9783037850978.0,"書籍簡介":null}
{"書名":"Horizons in Computer Science Research","書籍網站":"https:\/\/www.kingstone.com.tw\/\/basic\/203c111610293?zone=english&lid=search&actid=WISE&kw=Computer-Science&pi=4","作者":"Clary, Thomas S.","出版社":"Ingram      ","ISBN":"https:\/\/cdn.kingstone.com.tw\/english\/images\/product\/4392\/9781617614392.jpg","圖片網址":9781617614392.0,"書籍簡介":null}
{"書名":"Computer Science Research and Technology","書籍網站":"https:\/\/www.kingstone.com.tw\/\/basic\/203c312686546?zone=english&lid=search&actid=WISE&kw=Computer-Science&pi=4","作者":"Verdinand, Karl C. (EDT)","出版社":"Ingram      ","ISBN":"https:\/\/cdn.kingstone.com.tw\/english\/images\/product\/6889\/9781617286889.jpg","圖片網址":9781617286889.0,"書籍簡介":null}
{"書名":"Computer Science Research and the Internet","書籍網站":"https:\/\/www.kingstone.com.tw\/\/basic\/203c109619285?zone=english&lid=search&actid=WISE&kw=Computer-Science&pi=4","作者":"Morris, Jaclyn E. (EDT)","出版社":"Ingram      ","ISBN":"https:\/\/cdn.kingstone.com.tw\/english\/images\/product\/7305\/9781617287305.jpg","圖片網址":9781617287305.0,"書籍簡介":null}
{"書名":"Horizons in Computer Science Research","書籍網站":"https:\/\/www.kingstone.com.tw\/\/basic\/203c312679931?zone=english&lid=search&actid=WISE&kw=Computer-Science&pi=4","作者":"Clary, Thomas S. (EDT)","出版社":"Ingram      ","ISBN":"https:\/\/cdn.kingstone.com.tw\/english\/images\/product\/2629\/9781613242629.jpg","圖片網址":9781613242629.0,"書籍簡介":null}
{"書名":"Garbage Collection (Computer Science)","書籍網站":"https:\/\/www.kingstone.com.tw\/\/basic\/203c109700730?zone=english&lid=search&actid=WISE&kw=Computer-Science&pi=4","作者":"Not Available (NA)","出版社":"李頂力    ","ISBN":"https:\/\/cdn.kingstone.com.tw\/english\/images\/product\/3955\/9781155553955.jpg","圖片網址":9781155553955.0,"書籍簡介":null}
{"書名":"Computer Science Research and Technology","書籍網站":"https:\/\/www.kingstone.com.tw\/\/basic\/203c109721949?zone=english&lid=search&actid=WISE&kw=Computer-Science&pi=4","作者":"Bauer, Janice P. (EDT)","出版社":"Ingram      ","ISBN":"https:\/\/cdn.kingstone.com.tw\/english\/images\/product\/0735\/9781611220735.jpg","圖片網址":9781611220735.0,"書籍簡介":null}
{"書名":"Computer Science Research and Technology","書籍網站":"https:\/\/www.kingstone.com.tw\/\/basic\/203c306692155?zone=english&lid=search&actid=WISE&kw=Computer-Science&pi=5","作者":"Bauer, Janice P. (EDT)","出版社":"Ingram      ","ISBN":"https:\/\/cdn.kingstone.com.tw\/english\/images\/product\/0742\/9781611220742.jpg","圖片網址":9781611220742.0,"書籍簡介":null}
{"書名":"Horizons in Computer Science Research","書籍網站":"https:\/\/www.kingstone.com.tw\/\/basic\/203c109497311?zone=english&lid=search&actid=WISE&kw=Computer-Science&pi=5","作者":"Clary, Thomas S. (EDT)","出版社":"Ingram      ","ISBN":"https:\/\/cdn.kingstone.com.tw\/english\/images\/product\/9728\/9781608769728.jpg","圖片網址":9781608769728.0,"書籍簡介":null}
{"書名":"Computer Science Illuminated","書籍網站":"https:\/\/www.kingstone.com.tw\/\/basic\/203c109454295?zone=english&lid=search&actid=WISE&kw=Computer-Science&pi=5","作者":"Dale, Nell B.","出版社":"Jones &     ","ISBN":"https:\/\/cdn.kingstone.com.tw\/english\/images\/product\/6466\/9780763776466.jpg","圖片網址":9780763776466.0,"書籍簡介":null}
{"書名":"Invitation to Computer Science","書籍網站":"https:\/\/www.kingstone.com.tw\/\/basic\/203c308176546?zone=english&lid=search&actid=WISE&kw=Computer-Science&pi=5","作者":"Lambert, Kenneth","出版社":"Ingram      ","ISBN":"https:\/\/cdn.kingstone.com.tw\/english\/images\/product\/8631\/9780324788631.jpg","圖片網址":9780324788631.0,"書籍簡介":null}
{"書名":"Invitation to Computer Science","書籍網站":"https:\/\/www.kingstone.com.tw\/\/basic\/203c109412754?zone=english&lid=search&actid=WISE&kw=Computer-Science&pi=5","作者":"Schneider, G. Michael","出版社":"Five Star   ","ISBN":"https:\/\/cdn.kingstone.com.tw\/english\/images\/product\/8594\/9780324788594.jpg","圖片網址":9780324788594.0,"書籍簡介":null}
{"書名":"Advanced Research on Material Science, Environmental Science and Computer Science","書籍網站":"https:\/\/www.kingstone.com.tw\/\/basic\/203c306772345?zone=english&lid=search&actid=WISE&kw=Computer-Science&pi=5","作者":"Zhang, Helen (EDT)","出版社":"Ingram      ","ISBN":"https:\/\/cdn.kingstone.com.tw\/english\/images\/product\/2231\/9783037852231.jpg","圖片網址":9783037852231.0,"書籍簡介":null}
{"書名":"3rd International Conference on Information Technology and Computer Science","書籍網站":"https:\/\/www.kingstone.com.tw\/\/basic\/203c308301580?zone=english&lid=search&actid=WISE&kw=Computer-Science&pi=5","作者":"American Society of Mechanical Engineers (COR)","出版社":"Ingram      ","ISBN":"https:\/\/cdn.kingstone.com.tw\/english\/images\/product\/9742\/9780791859742.jpg","圖片網址":9780791859742.0,"書籍簡介":null}
{"書名":"Be Prepared for the AP Computer Science Exam in Java","書籍網站":"https:\/\/www.kingstone.com.tw\/\/basic\/203c203358576?zone=english&lid=search&actid=WISE&kw=Computer-Science&pi=5","作者":"Litvin, Maria","出版社":"Ingram      ","ISBN":"https:\/\/cdn.kingstone.com.tw\/english\/images\/product\/7502\/9780982477502.jpg","圖片網址":9780982477502.0,"書籍簡介":null}
{"書名":"Schaum’s Outline of Principles of Computer Science","書籍網站":"https:\/\/www.kingstone.com.tw\/\/basic\/203c109190099?zone=english&lid=search&actid=WISE&kw=Computer-Science&pi=5","作者":"Reynolds, Carl","出版社":"McGraw-Hill ","ISBN":"https:\/\/cdn.kingstone.com.tw\/english\/images\/product\/0514\/9780071460514.jpg","圖片網址":9780071460514.0,"書籍簡介":null}
{"書名":"Introduccion a la Informatica \/ Introduction to Computer Science","書籍網站":"https:\/\/www.kingstone.com.tw\/\/basic\/203c109573531?zone=english&lid=search&actid=WISE&kw=Computer-Science&pi=5","作者":"Lopez, Zoe Plasencia","出版社":"Ingram      ","ISBN":"https:\/\/cdn.kingstone.com.tw\/english\/images\/product\/7065\/9788441527065.jpg","圖片網址":9788441527065.0,"書籍簡介":null}
{"書名":"Java Concepts For AP Computer Science","書籍網站":"https:\/\/www.kingstone.com.tw\/\/basic\/203c308217154?zone=english&lid=search&actid=WISE&kw=Computer-Science&pi=5","作者":"Trees, Frances P.","出版社":"John Wiley  ","ISBN":"https:\/\/cdn.kingstone.com.tw\/english\/images\/product\/1614\/9780470181614.jpg","圖片網址":9780470181614.0,"書籍簡介":null}
{"書名":"Computer Science Illuminated","書籍網站":"https:\/\/www.kingstone.com.tw\/\/basic\/203c607911420?zone=english&lid=search&actid=WISE&kw=Computer-Science&pi=5","作者":"Meyer, Mark","出版社":"Jones &     ","ISBN":"https:\/\/cdn.kingstone.com.tw\/english\/images\/product\/8365\/9780763738365.jpg","圖片網址":9780763738365.0,"書籍簡介":null}
{"書名":"Mathematical Structures for Computer Science","書籍網站":"https:\/\/www.kingstone.com.tw\/\/basic\/203c308253522?zone=english&lid=search&actid=WISE&kw=Computer-Science&pi=5","作者":"Gersting, Judith L.","出版社":"Ingram      ","ISBN":"https:\/\/cdn.kingstone.com.tw\/english\/images\/product\/8647\/9780716768647.jpg","圖片網址":9780716768647.0,"書籍簡介":null}
{"書名":"Computer Science Made Simple","書籍網站":"https:\/\/www.kingstone.com.tw\/\/basic\/203c110128732?zone=english&lid=search&actid=WISE&kw=Computer-Science&pi=5","作者":"Spraul, V. Anton","出版社":"Ingram      ","ISBN":"https:\/\/cdn.kingstone.com.tw\/english\/images\/product\/7070\/9780767917070.jpg","圖片網址":9780767917070.0,"書籍簡介":null}
{"書名":"AP* Computer Science Exam in Java","書籍網站":"https:\/\/www.kingstone.com.tw\/\/basic\/203c410177334?zone=english&lid=search&actid=WISE&kw=Computer-Science&pi=5","作者":"Horwitz, Susan","出版社":"Prentice Hal","ISBN":"https:\/\/cdn.kingstone.com.tw\/english\/images\/product\/5726\/9780321395726.jpg","圖片網址":9780321395726.0,"書籍簡介":null}
{"書名":"Discrete Mathematics For Computer Science","書籍網站":"https:\/\/www.kingstone.com.tw\/\/basic\/203c308232941?zone=english&lid=search&actid=WISE&kw=Computer-Science&pi=5","作者":"Haggard, Gary","出版社":"Ingram      ","ISBN":"https:\/\/cdn.kingstone.com.tw\/english\/images\/product\/5015\/9780534495015.jpg","圖片網址":9780534495015.0,"書籍簡介":null}
{"書名":"Pearson Education AP* Test Prep Series, Computer Science A and AB","書籍網站":"https:\/\/www.kingstone.com.tw\/\/basic\/203c109318792?zone=english&lid=search&actid=WISE&kw=Computer-Science&pi=5","作者":"Horwitz, Susan","出版社":"Ingram      ","ISBN":"https:\/\/cdn.kingstone.com.tw\/english\/images\/product\/8617\/9780136068617.jpg","圖片網址":9780136068617.0,"書籍簡介":null}
{"書名":"Writing for Computer Science","書籍網站":"https:\/\/www.kingstone.com.tw\/\/basic\/203c109138912?zone=english&lid=search&actid=WISE&kw=Computer-Science&pi=5","作者":"Zobel, Justin","出版社":"Ingram      ","ISBN":"https:\/\/cdn.kingstone.com.tw\/english\/images\/product\/8022\/9781852338022.jpg","圖片網址":9781852338022.0,"書籍簡介":null}
{"書名":"Mathematics And Computer Science Iii","書籍網站":"https:\/\/www.kingstone.com.tw\/\/basic\/203c110316790?zone=english&lid=search&actid=WISE&kw=Computer-Science&pi=5","作者":"International Colloquium of Mathematics","出版社":"Ingram      ","ISBN":"https:\/\/cdn.kingstone.com.tw\/english\/images\/product\/1280\/9780817671280.jpg","圖片網址":9780817671280.0,"書籍簡介":null}
{"書名":"GRE Computer Science (REA) 5th Ed. - the Best Test Prep for the GRE","書籍網站":"https:\/\/www.kingstone.com.tw\/\/basic\/2034550163036?zone=english&lid=search&actid=WISE&kw=Computer-Science&pi=5","作者":"Wells- Benja","出版社":"Research &  ","ISBN":"https:\/\/cdn.kingstone.com.tw\/english\/images\/product\/4340\/9780878914340.jpg","圖片網址":9780878914340.0,"書籍簡介":null}
{"書名":"Introductlon to Computer Science","書籍網站":"https:\/\/www.kingstone.com.tw\/\/basic\/2014712413650?zone=book&lid=search&actid=WISE&kw=Computer-Science&pi=5","作者":"Nenron","出版社":"博碩文化  ","ISBN":"https:\/\/cdn.kingstone.com.tw\/book\/images\/product\/20147\/2014712413650\/2014712413650b.jpg","圖片網址":9789575275112.0,"書籍簡介":null}
{"書名":"How to Prepare for the AP Computer Science Exam","書籍網站":"https:\/\/www.kingstone.com.tw\/\/basic\/2044550039279?zone=english&lid=search&actid=WISE&kw=Computer-Science&pi=5","作者":"Teukolsky- R","出版社":"Barrons     ","ISBN":"https:\/\/cdn.kingstone.com.tw\/english\/images\/product\/1944\/9780764121944.jpg","圖片網址":9780764121944.0,"書籍簡介":null}
{"書名":"Dictionary of Computer Science, Engineering, and Technology","書籍網站":"https:\/\/www.kingstone.com.tw\/\/basic\/203c151660542?zone=english&lid=search&actid=WISE&kw=Computer-Science&pi=5","作者":"Laplante, Phillip A. (EDT)","出版社":"Ingram      ","ISBN":"https:\/\/cdn.kingstone.com.tw\/english\/images\/product\/6912\/9780849326912.jpg","圖片網址":9780849326912.0,"書籍簡介":null}
{"書名":"Computer Science and PERL Programming","書籍網站":"https:\/\/www.kingstone.com.tw\/\/basic\/2034550031090?zone=english&lid=search&actid=WISE&kw=Computer-Science&pi=5","作者":"Orwant- Jon","出版社":"O'Reilly Me ","ISBN":"https:\/\/cdn.kingstone.com.tw\/english\/images\/product\/3104\/9780596003104.jpg","圖片網址":9780596003104.0,"書籍簡介":null}
{"書名":"Computer Science Logo Style","書籍網站":"https:\/\/www.kingstone.com.tw\/\/basic\/203c170428735?zone=english&lid=search&actid=WISE&kw=Computer-Science&pi=6","作者":"Harvey, Brian","出版社":"Mit Pr      ","ISBN":"https:\/\/cdn.kingstone.com.tw\/english\/images\/product\/1509\/9780262581509.jpg","圖片網址":9780262581509.0,"書籍簡介":null}
{"書名":"Computer Science Logo Style","書籍網站":"https:\/\/www.kingstone.com.tw\/\/basic\/203c701776052?zone=english&lid=search&actid=WISE&kw=Computer-Science&pi=6","作者":"Harvey, Brian","出版社":"Mit Pr      ","ISBN":"https:\/\/cdn.kingstone.com.tw\/english\/images\/product\/1493\/9780262581493.jpg","圖片網址":9780262581493.0,"書籍簡介":null}
{"書名":"Theoretical Foundations of Computer Science","書籍網站":"https:\/\/www.kingstone.com.tw\/\/basic\/203c510193874?zone=english&lid=search&actid=WISE&kw=Computer-Science&pi=6","作者":"Mandrioli, Dino","出版社":"Ingram      ","ISBN":"https:\/\/cdn.kingstone.com.tw\/english\/images\/product\/7987\/9780894647987.jpg","圖片網址":9780894647987.0,"書籍簡介":null}
{"書名":"COMPUTER SCIENCE","書籍網站":"https:\/\/www.kingstone.com.tw\/\/basic\/2034710108990?zone=english&lid=search&actid=WISE&kw=Computer-Science&pi=6","作者":"BISHOP","出版社":"中央圖書  ","ISBN":"https:\/\/cdn.kingstone.com.tw\/images\/noimg.png","圖片網址":null,"書籍簡介":null}
{"書名":"Introduction to Programming Using Python","書籍網站":"https:\/\/www.kingstone.com.tw\/\/basic\/203c308219010?zone=english&lid=search&actid=WISE&kw=Computer-Science&pi=6","作者":"Dierbach, Charles","出版社":"John Wiley  ","ISBN":"https:\/\/cdn.kingstone.com.tw\/english\/images\/product\/5156\/9780470555156.jpg","圖片網址":9780470555156.0,"書籍簡介":null}
{"書名":"A Century of Electrical Engineering and Computer Science at Mit, 1882-1982","書籍網站":"https:\/\/www.kingstone.com.tw\/\/basic\/203c701847389?zone=english&lid=search&actid=WISE&kw=Computer-Science&pi=6","作者":"Wildes, Karl","出版社":"Mit Pr      ","ISBN":"https:\/\/cdn.kingstone.com.tw\/english\/images\/product\/1190\/9780262231190.jpg","圖片網址":9780262231190.0,"書籍簡介":null}
