{"書名":"Python與LINE Bot機器人全面實戰特訓班：Flask最強應用（附210分鐘影音教學\/範例程式）","書籍網站":"https:\/\/www.kingstone.com.tw\/\/basic\/2014713611086?zone=book&lid=search&actid=WISE&kw=Flask&pi=0","作者":"鄧文淵 總監製、文淵閣工","出版社":"碁峰資訊  ","ISBN":9789865027292,"圖片網址":"https:\/\/cdn.kingstone.com.tw\/book\/images\/product\/20147\/2014713611086\/2014713611086b.jpg","書籍簡介":"\r\n\r\n\r\n\t制霸5大超強聊天機器人\r\n\t「智慧客服、即時查詢、發票對獎、多國語音翻譯、\r\n\t線上旅館訂房」的人工智慧實戰攻略\r\n\r\n\tLINE在全台擁有2,100萬個活躍用戶，使用者橫跨所有領域，深入每個年齡層，樹立不可撼動的地位。LINE Bot是近年來非常受到企業重視與愛用的服務，除了被動的客服答詢，還能主動推播行銷與活動資訊，為企業、社群或團體打造品牌形象，營造出使用者認同感與忠誠度。\r\n\r\n\t書中使用當前最受歡迎的Python程式語言與Flask應用程式框架作為所有內容的技術主軸，從認識LINE Bot運作原理開始，經由LINE 2.0帳號申請、熟悉開發工具，最後再導入五個不同面向的重要專案，用Python全面學會LINE Bot的AI智慧機器人開發。\r\n\r\n\t用最紅程式語言與應用框架打造最受歡迎聊天機器人\r\n\t從環境建置、帳號申請、開發實作到商業實戰應用\r\n\t緊扣每項技術的重要環節，由入門到精通！\r\n\r\n\t【LINE Bot開發設定與介面互動配置】\r\n\t■LINE開發者帳號申請與圖文選單設定\r\n\t■文字圖片與多媒體回應訊息、快速選單整合\r\n\t■按鈕、確認與轉盤回應樣板訊息\r\n\t■圖片地圖與日期時間選單應用\r\n\t■運用彈性配置設計靈活的訊息樣式\r\n\t■利用LIFF在LINE加入網頁應用程式\r\n\r\n\t【Python與Flask合體超強智慧機器人】\r\n\t■建置Python開發環境\r\n\t■啟動Jupyter Notebook及建立檔案\r\n\t■使用Flask打造Web API應用程式\r\n\t■Messaging API運用與實作\r\n\t■PostgreSQL資料庫建置與使用\r\n\t■LUIS為LINE Bot加上會思考的智慧大腦，快速理解詢問內容\r\n\t■QnAMaker利用機器學習訓練模型，快速建置問答資料庫\r\n\t■HeroKu免費高效的應用程式雲端平台部署\r\n\r\n\t✶「智慧客服機器人」實戰：\r\n\t善用機器學習建立語意分析資料庫，開發專屬智慧客服系統。\r\n\r\n\t✶「天氣匯率萬事通」實戰：\r\n\t即時查詢氣象與當天匯率，隨時回覆相關資訊。\r\n\r\n\t✶「發票對獎小幫手」實戰：\r\n\t結合網路爬蟲收集數據，大幅提升處理效率。\r\n\r\n\t✶「多國語音翻譯機器人」實戰：\r\n\t搭配雲端 API，開發多國語音翻譯機器人。\r\n\r\n\t✶「線上旅館訂房管家」實戰：\r\n\t結合電子商務應用，成為最佳虛擬助手。\r\n\r\n\t書附超值學習資源：210分鐘關鍵影音教學\/範例程式檔\r\n\r\n\t*本書是使用Flask打造Web API應用程式，若想使用Django，\r\n\t可參考另一本書《Python與LINE Bot機器人全面實戰特訓班》。\r\n\r\n"}
{"書名":"Building Rest Apis With Flask","書籍網站":"https:\/\/www.kingstone.com.tw\/\/basic\/203c191309460?zone=english&lid=search&actid=WISE&kw=Flask&pi=0","作者":"Kunal,Relan","出版社":"Apress      ","ISBN":9781484250211,"圖片網址":"https:\/\/cdn.kingstone.com.tw\/english\/images\/product\/0211\/9781484250211.jpg","書籍簡介":"\r\n\r\nDevelop RESTful web services using the Flask micro-framework and integrate them using MySQL. Use Flask to develop, deploy, and manage REST APIs with easy-to-read and understand Python code. Solve your problem from a choice of libraries. Learn to use MySQL as the web services database for your Flask API using SQLAlchemy ORM. Building REST APIs with Flask provides a primer on Flask, RESTful services, and working with pip to set up your virtual environment. The key differences between NoSQL and SQL are covered, and you are taught how to connect MySQL and Flask using SQLAlchemy. Author Kunal Relan presents best practices for creating REST APIs and guides you in structuring your app and testing REST endpoints. He teaches you how to set up authentication and render HTML using views. You learn how to write unit tests for your REST APIs, and understand mocks, assertions, and integration testing. You will know how to document your REST APIs, deploy your Flask application on all of the major cloud platforms, and debug and monitor your Flask application. What You'll LearnUse MySQL to create Flask REST APIs Test REST endpointsCreate CRUD endpoints with Flask and MySQLDeploy Flask on all of the major cloud platformsMonitor your Flask application Who This Book Is For Python developers interested in REST API development using Flask and web developers with basic programming knowledge who want to learn how Python and REST APIs work together. Readers should be familiar with Python (command line, or at least pip) and MySQL.\r\n\r\n"}
{"書名":"Flask 網頁開發 第二版","書籍網站":"https:\/\/www.kingstone.com.tw\/\/basic\/2014713558497?zone=book&lid=search&actid=WISE&kw=Flask&pi=0","作者":"Miguel Grinberg","出版社":"歐萊禮    ","ISBN":9789864768684,"圖片網址":"https:\/\/cdn.kingstone.com.tw\/book\/images\/product\/20147\/2014713558497\/2014713558497b.jpg","書籍簡介":"\r\n\r\n用Python開發Web應用程式 “本書第二版保留了Miguel部落格文章的傳統及第一版的內容，兩者的結合讓我充分學會Flask，包括資料庫整合與開發。” —Jason Myers 《Essential SQLAlchemy 第二版》(O'Reilly)作者 使用Python微框架Flask並充分運用創造力來建構Web應用程式！藉由作者Miguel Grinberg開發的完整app，你會從基礎開始學習Flask。全面修改後的第二版加入了過去三年來重要的技術沿革。 你可以從中學到這個框架的核心功能，並且運用進階的網路技術(例如資料庫遷移和應用程式開發介面)來擴充app。本書會在每一章的第一個部分做主題與背景的介紹，在第二個部分帶著你實際操作。 你只要用過Python，就可以充分運用Flask提供的自由創造力。本書包含三個部分： ■ 詳細介紹Flask：說明以Flask開發web app的基本知識，以及適合中、大型app的app架構 ■ 組建Flasky：逐步說明如何重複使用模板、為清單分頁、以及如何使用豐富文字來建立開放原始碼的部落格app ■ 完成最後一里路：深入探討Flask app的單元測試策略、效能分析技術，以及部署選項\r\n                    \r\n"}
{"書名":"Instant Flask Web Development","書籍網站":"https:\/\/www.kingstone.com.tw\/\/basic\/203c109254470?zone=english&lid=search&actid=WISE&kw=Flask&pi=0","作者":"Ron,Duplain","出版社":"Packt       ","ISBN":9781782169628,"圖片網址":"https:\/\/cdn.kingstone.com.tw\/english\/images\/product\/9628\/9781782169628.jpg","書籍簡介":"0"}
{"書名":"Flask Web Development","書籍網站":"https:\/\/www.kingstone.com.tw\/\/basic\/203c404495492?zone=english&lid=search&actid=WISE&kw=Flask&pi=0","作者":"Grinberg, Miguel","出版社":"Oreilly &   ","ISBN":9781449372620,"圖片網址":"https:\/\/cdn.kingstone.com.tw\/english\/images\/product\/2620\/9781449372620.jpg","書籍簡介":"0"}
