{"書名":"Sustainability in the Maritime Domain","書籍網站":"https:\/\/www.kingstone.com.tw\/\/basic\/203c106308034?zone=english&lid=search&actid=WISE&kw=Domain-DrivenDesign&pi=0","作者":"Angela,Carpenter","出版社":"Springer    ","ISBN":9783030693244,"圖片網址":"https:\/\/cdn.kingstone.com.tw\/english\/images\/product\/3244\/9783030693244.jpg","書籍簡介":"\r\n\r\nThis volume explores options for a sustainable maritime domain, including maritime transportation, such as, Maritime Spatial Planning (MSP), maritime education and training, maritime traffic and advisory systems, maritime security. Other activities in the maritime domain covered in the book include small-scale fisheries and sustainable fisheries, and greening the blue economy. The book aims to provide the building blocks needed for a framework for good ocean governance; a framework that will serve through the next decade and, and hopefully, well beyond the 2030 milepost of the UN Agenda for Sustainable Development. In short, this book brings together the problems of the current world and sustainable solutions that are in the development process and will eventually materialize in the not so distant future. Additionally, the book presents a trans-disciplinary analysis of integral sustainable maritime transportation solutions and crucial issues relevant to good ocean governance that have recently been discussed at different national, regional and international fora, highlighting ongoing work to develop and support governance systems that facilitate industry requirements, and meet the needs of coastal states and indigenous peoples, of researchers, of spatial planners, and of other sectors dependent on the oceans.The book will be of interest to researchers across many disciplines, especially those that are engaged in cross-sectoral research and developments in the maritime transport sector and across the wider maritime domain. To this end, the book covers areas including natural and social sciences, geographical studies, spatial planning, maritime security and gender studies, as they relate to transport and the wider maritime sector. In addition, the book explores frameworks for sustainable ocean governance being developed under the UN's Agenda for Sustainable Development to 2030. It will also look beyond the 2030 milepost under that Agenda, and will be of use to national and international policymakers and practitioners, government actors at the EU and other regional and national levels and to researchers of ocean governance, sustainability and management, and maritime transport.\r\n\r\n"}
{"書名":"Performance Study Of Security Mechanismsm For Mobile Agent Domain","書籍網站":"https:\/\/www.kingstone.com.tw\/\/basic\/203c106367656?zone=english&lid=search&actid=WISE&kw=Domain-DrivenDesign&pi=0","作者":"Srikanthreddy,Arimanda","出版社":"Ingram      ","ISBN":9783846558034,"圖片網址":"https:\/\/cdn.kingstone.com.tw\/english\/images\/product\/8034\/9783846558034.jpg","書籍簡介":"\r\n\r\nMobile agents are preponderating the internet technology that actually were part of \/ are software components that incorporate data which were able to migrate from one node to another in a network. These mobile agents are also used to exploit the security challenges in the inter-networking domain. But the successful employment of the mobile agents as part of the security mechanism is being effected by the diverse range of factors like performance, efficiency, ability to identify the intruders, and the models vulnerability to direct attacks and so-on which make the successful deployment of the mobile agents in the security domain challenging. These factors arise because of the wide area of focus and in merging the two very different ideas of technology the mobile agents and the security. Therefore it's often demanding to identify a security mechanism that entails the performance by making use of the mobile agents in the network security domain. Also on the contrary the mechanism need to be generic and should support all kinds of the environments in answering the challenges.\r\n                    \r\n"}
{"書名":"Complexity of Infinite-Domain Constraint Satisfaction","書籍網站":"https:\/\/www.kingstone.com.tw\/\/basic\/203c106179852?zone=english&lid=search&actid=WISE&kw=Domain-DrivenDesign&pi=0","作者":"Manuel,Bodirsky","出版社":"Ingram      ","ISBN":9781107042841,"圖片網址":"https:\/\/cdn.kingstone.com.tw\/english\/images\/product\/2841\/9781107042841.jpg","書籍簡介":"\r\n\r\nConstraint Satisfaction Problems (CSPs) are natural computational problems that appear in many areas of theoretical computer science. Exploring which CSPs are solvable in polynomial time and which are NP-hard reveals a surprising link with central questions in universal algebra. This monograph presents a self-contained introduction to the universal-algebraic approach to complexity classification, treating both finite and infinite-domain CSPs. It includes the required background from logic and combinatorics, particularly model theory and Ramsey theory, and explains the recently discovered link between Ramsey theory and topological dynamics and its implications for CSPs. The book will be of interest to graduate students and researchers in theoretical computer science and to mathematicians in logic, combinatorics, and dynamics who wish to learn about the applications of their work in complexity theory.\r\n                    \r\n"}
{"書名":"Computer Network (LAN & WAN) Design and Domain Controller Configurations","書籍網站":"https:\/\/www.kingstone.com.tw\/\/basic\/203c106194401?zone=english&lid=search&actid=WISE&kw=Domain-DrivenDesign&pi=0","作者":"Husni,Fazeel","出版社":"Ingram      ","ISBN":9781393635703,"圖片網址":"https:\/\/cdn.kingstone.com.tw\/english\/images\/product\/5703\/9781393635703.jpg","書籍簡介":"\r\n\r\nThis book consist of sample Computer Network (whole LAN & WAN) design and Primary Child Domain Controller Configurations completely. Domain Controller Configured with Windows server 2012 operating system.If you learn this book you can design a LAN & WAN computer network and also you can Configure Domain Controller through windows server operating system.This ebook suitable to Computer Networking students, beginners, lecturers and computer networking professionals.\r\n                    \r\n"}
{"書名":"Disorder in Domain Theory","書籍網站":"https:\/\/www.kingstone.com.tw\/\/basic\/203c103727360?zone=english&lid=search&actid=WISE&kw=Domain-DrivenDesign&pi=0","作者":"Keye,Martin","出版社":"Morgan & Claypool","ISBN":9781643272764,"圖片網址":"https:\/\/cdn.kingstone.com.tw\/english\/images\/product\/2764\/9781643272764.jpg","書籍簡介":"\r\n\r\nDomain theory is a subject that emerged as a response to natural concerns in the semantics of computation, and it involves the study of ordered sets that possess an unusual amount of mathematical structure. Disorder in Domain Theory explores the connection between domain theory and quantum information science and the concept that relates them: disorder.\r\n                    \r\n"}
{"書名":"Domain Adaptation and Representation Transfer, and Distributed and Collaborative Learning","書籍網站":"https:\/\/www.kingstone.com.tw\/\/basic\/203c102174687?zone=english&lid=search&actid=WISE&kw=Domain-DrivenDesign&pi=0","作者":"Shadi,Albarqouni","出版社":"Springer    ","ISBN":9783030605476,"圖片網址":"https:\/\/cdn.kingstone.com.tw\/english\/images\/product\/5476\/9783030605476.jpg","書籍簡介":"\r\n\r\nThis book constitutes the refereed proceedings of the Second MICCAI Workshop on Domain Adaptation and Representation Transfer, DART 2020, and the First MICCAI Workshop on Distributed and Collaborative Learning, DCL 2020, held in conjunction with MICCAI 2020 in October 2020. The conference was planned to take place in Lima, Peru, but changed to an online format due to the Coronavirus pandemic.  For DART 2020, 12 full papers were accepted from 18 submissions. They deal with methodological advancements and ideas that can improve the applicability of machine learning (ML)\/deep learning (DL) approaches to clinical settings by making them robust and consistent across different domains.For DCL 2020, the 8 papers included in this book were accepted from a total of 12 submissions. They focus on the comparison, evaluation and discussion of methodological advancement and practical ideas about machine learning applied to problems where data cannot be stored in centralized databases; where information privacy is a priority; where it is necessary to deliver strong guarantees on the amount and nature of private information that may be revealed by the model as a result of training; and where it's necessary to orchestrate, manage and direct clusters of nodes participating in the same learning task.\r\n                    \r\n"}
{"書名":"Advances in the Domain of Environmental Biotechnology","書籍網站":"https:\/\/www.kingstone.com.tw\/\/basic\/203c102183862?zone=english&lid=search&actid=WISE&kw=Domain-DrivenDesign&pi=0","作者":"Naga Raju,Maddela","出版社":"Springer    ","ISBN":9789811589980,"圖片網址":"https:\/\/cdn.kingstone.com.tw\/english\/images\/product\/9980\/9789811589980.jpg","書籍簡介":"\r\n\r\nThis book complies latest advancement in the field of environmental biotechnology. It focuses on topics that comprises industrial, environment and agricultural related issues to microbiological studies and exhibits correlation between biological world and dependence of humans on it. It is designed into three sections covering the role of environmental biotechnology in industry, environmental remediation, and agriculture. Ranging from micro-scale studies to macro, it covers up a huge domain of environmental biotechnology. Overall the book portrays the importance of modern biotechnology technologies in solving the problems in modern day life. The book is a ready reference for practicing students, researchers of biotechnology, environmental engineering, chemical engineering and other allied fields likewise.\r\n\r\n"}
{"書名":"Frequency-Domain Multiuser Detection for Cdma Systems","書籍網站":"https:\/\/www.kingstone.com.tw\/\/basic\/203c101344539?zone=english&lid=search&actid=WISE&kw=Domain-DrivenDesign&pi=0","作者":"Paulo,Silva","出版社":"River Publishers","ISBN":9788792329707,"圖片網址":"https:\/\/cdn.kingstone.com.tw\/english\/images\/product\/9707\/9788792329707.jpg","書籍簡介":"\r\n\r\nFuture broadband wireless communication systems are expected to offer new and powerful services enabling fast transmission rates of several tens of Mbit\/s. This is an ambitious challenge, especially for mobile communication systems, since these systems should be able to cope with several time dispersive channels associated with the signal multipath propagation. Moreover, these systems should have high spectral and power efficiencies as well as high capacity and flexibility. Spread spectrum techniques, particularly coded division multiple access (CDMA) techniques allow high capacity and flexibility, continuous transmission requiring low-peak power requirements for the amplifiers, and some robustness against fading and time-dispersion effects associated with the multipath propagation. When employed in prefix assisted (PA) block transmission schemes combined with frequency-domain receiver implementations, they become especially interesting for broadband wireless systems. In Frequency-Domain Multiuser Detection for CDMA Systems, the use of PA block transmission is considered in the context of both DS (Direct Sequence) and MC (Multicarrier) CDMA schemes. The main focus of this publication is the study of frequency-domain multiuser detection techniques with iterative signal detection\/decoding techniques, also in combination with estimation and cancelation of nonlinear distortion effects. The receiver structures are suitable to scenarios with high interference levels and strongly time-dispersive channels.\r\n                    \r\n"}
{"書名":"Analysis and Design of Nonlinear Systems in the Frequency Domain","書籍網站":"https:\/\/www.kingstone.com.tw\/\/basic\/203c103141918?zone=english&lid=search&actid=WISE&kw=Domain-DrivenDesign&pi=0","作者":"Yunpeng,Zhu","出版社":"Springer    ","ISBN":9783030708320,"圖片網址":"https:\/\/cdn.kingstone.com.tw\/english\/images\/product\/8320\/9783030708320.jpg","書籍簡介":"0"}
{"書名":"Domain Walls","書籍網站":"https:\/\/www.kingstone.com.tw\/\/basic\/203c004191386?zone=english&lid=search&actid=WISE&kw=Domain-DrivenDesign&pi=0","作者":"Dennis,Meier","出版社":"Oxford University Press, USA","ISBN":9780198862499,"圖片網址":"https:\/\/cdn.kingstone.com.tw\/english\/images\/product\/2499\/9780198862499.jpg","書籍簡介":"\r\n\r\nTechnological evolution and revolution are both driven by the discovery of new functionalities, new materials and the design of yet smaller, faster, and more energy-efficient components. Progress is being made at a breathtaking pace, stimulated by the rapidly growing demand for more powerful and readily available information technology. High-speed internet and data-streaming, home automation, tablets and smartphones are now \"necessities\" for our everyday lives. Consumer expectations for progressively more data storage and exchange appear to be insatiable. In this context, ferroic domain walls have attracted recent attention as a completely new type of oxide interface. In addition to their functional properties, such walls are spatially mobile and can be created, moved, and erased on demand. This unique degree of flexibility enables domain walls to take an active role in future devices and hold a great potential as multifunctional 2D systems for nanoelectronics. With domain walls as reconfigurable electronic 2D components, a new generation of adaptive nano-technology and flexible circuitry becomes possible, that can be altered and upgraded throughout the lifetime of the device. Thus, what started out as fundamental research, at the limit of accessibility, is finally maturing into a promising concept for next-generation technology.\r\n\r\n"}
{"書名":"Domain-Namen","書籍網站":"https:\/\/www.kingstone.com.tw\/\/basic\/203c011388865?zone=english&lid=search&actid=WISE&kw=Domain-DrivenDesign&pi=0","作者":"Stephanie,Salomon","出版社":"AV Akademikerverlag","ISBN":9783639442441,"圖片網址":"https:\/\/cdn.kingstone.com.tw\/english\/images\/product\/2441\/9783639442441.jpg","書籍簡介":"\r\n\r\nInhaltlich unver瓣nderte Neuauflage. Namen sind sprachliche Ph瓣nomene, die von gro?er Bedeutung sind. Viele Namengruppen sind nicht nur wichtig durch ihre referentielle Funktion, sondern auch aus rechtlicher und wirtschaftlicher Sicht. Dazu z瓣hlen unter anderem Produktnamen und Firmennamen, aber seit einigen Jahren auch in zunehmendem Ma?e die Domain-Namen, die im Internet gro?en Wert besitzen. Firmen und Privatpersonen nutzen die Domain-Namen, um im Inter-net pr瓣sent zu sein und dort gefunden zu werden. Oft ist der Name dabei auch ein Mittel, um das Interesse von Nutzern zu wecken und sie auf die entsprechende Website zu locken. Wie dieses Ziel durch den Domain-Namen umgesetzt wird und welche Bildungsweisen und Arten von Domain-Namen es gibt, wird in diesem Buch untersucht. Dabei werden auch rechtlich und wirtschaftlich relevante Aspekte nicht au?er Acht gelassen.\r\n                    \r\n"}
{"書名":"Protein Structural Domain Boundary Prediction","書籍網站":"https:\/\/www.kingstone.com.tw\/\/basic\/203c011381453?zone=english&lid=search&actid=WISE&kw=Domain-DrivenDesign&pi=0","作者":"Ian M,MacDonald","出版社":"AV Akademikerverlag","ISBN":9783639453447,"圖片網址":"https:\/\/cdn.kingstone.com.tw\/english\/images\/product\/3447\/9783639453447.jpg","書籍簡介":"\r\n\r\nRevision with unchanged content. The prediction of protein structural domains and their boundaries from amino acid sequence data is an open problem of interest to the bio-informatics community. Determining a protein's structural domains experi-mentally can be very difficult. The assignment of structural domains relies on the time-consuming process of determining the three-dimensional structure. There is a strong potential for computational methods to aid in this and other tasks in structural molecular biology. Efforts from other researchers, along with the results presented here indicate that boundaries can indeed be predicted from amino acid sequence alone. A new machine-learning based architecture is introduced to predict structural domain boundaries, the key feature of which is a Mixture of Experts (MoE) model. The MoE provides the ability to combine the predictions of individual classifiers, such as artificial neural networks, support vector machines, and na簿ve Bayes classifiers, so as to optimize prediction accuracy. This book is addressed to students and researchers in both computer science and bioinformatics.\r\n                    \r\n"}
{"書名":"Domain Ontology Learning from the Web","書籍網站":"https:\/\/www.kingstone.com.tw\/\/basic\/203c011351448?zone=english&lid=search&actid=WISE&kw=Domain-DrivenDesign&pi=0","作者":"David,S獺nchez","出版社":"AV Akademikerverlag","ISBN":9783639440577,"圖片網址":"https:\/\/cdn.kingstone.com.tw\/english\/images\/product\/0577\/9783639440577.jpg","書籍簡介":"\r\n\r\nRevision with unchanged content. In the last years, the Web has become an invaluable source of information for almost every domain of knowledge. This has motivated researchers to considering the Web as a valid repository for Information Retrieval and Knowledge Acquisition. In this sense, Ontology Learning from web resources is a particularly interesting topic as Ontologies are required to achieve interoperability and information understanding in knowledge intensive environments such as the Semantic Web. This book analyzes the ontology construction process from the automatic learning point of view. It presents a novel approach for Ontology Learning, introducing new methods for knowledge acquisition from the Web. The adaptation of several learning techniques to the web corpus and the exploitation of particular characteristics of the Web environment composing an automatic, un-supervised and domain independent approach distinguishes the present proposal from previous works. The discussion, methods and results presented in this work should help researchers interested in taking profit from the information available in the Web and to create a consistent base of ontologies required for the Semantic Web.\r\n                    \r\n"}
{"書名":"Knowledge Based Systems for Indian legal domain Transfer Property Act","書籍網站":"https:\/\/www.kingstone.com.tw\/\/basic\/203c011355764?zone=english&lid=search&actid=WISE&kw=Domain-DrivenDesign&pi=0","作者":"Nitin,Bilgi","出版社":"LAP Lambert Academic Publishing","ISBN":9786202015936,"圖片網址":"https:\/\/cdn.kingstone.com.tw\/english\/images\/product\/5936\/9786202015936.jpg","書籍簡介":"\r\n\r\nTo build knowledge-based systems \/ expert systems is an attempt to capture rare or important expertise and embody it in computer programs. It is done by talking to the people who have that expertise. In one sense building expert systems is a form of intellectual cloning. Expert system builders, the knowledge engineers, find out from experts what they know and how they use their knowledge to solve problems. Once this debriefing is done, the expert system builders incorporate the knowledge and expertise in computer programs, making the knowledge and expertise easily replicated, readily distributed, and essentially immortal. Knowledge-based system is a research sub-domain of Artificial Intelligence (AI). The author has taken Transfer of Property Act of Indian Legal domain for the development of the expert system. The Transfer of Property Act is the most used act in Indian Legal domain by all citizens. This work will help a common man in understanding the aspect of this act.\r\n                    \r\n"}
{"書名":"計算機概論(Exploring the Digital domain)","書籍網站":"https:\/\/www.kingstone.com.tw\/\/basic\/2014712723070?zone=book&lid=search&actid=WISE&kw=Domain-DrivenDesign&pi=0","作者":"J.Thomas All","出版社":"上奇科技  ","ISBN":9789867529787,"圖片網址":"https:\/\/cdn.kingstone.com.tw\/book\/images\/product\/20147\/2014712723070\/2014712723070b.jpg","書籍簡介":"\r\n\r\n擁有本書及搭配本書專屬網站，帶領您跨入電腦資訊的數位領域跟隨作者Ken Abernethy和Tom Allen引導您進入影像處理、數位音樂及網頁出版等多采多姿的數位領域。 最佳學習方式，每個章節皆有關聯性，並搭配線上輔助網站，提供最新、最充實資訊，讓您完整學習！讓您不只學會基本的電腦技巧，更讓您了解電腦資料來源、存取、操作與通信等不同方式。 熟讀本書，您將成為資訊流通者，並為您的資訊概念打好基礎，幫助您往後應付多變的資訊科技時代。 本書提供了中／英文的教學投影片及線上習題、補充教材，讓老師教學事半功倍！\r\n\r\n"}
{"書名":"Architecture Patterns with PythonEnabling Test-Driven Development, Domain-Driven Design, a","書籍網站":"https:\/\/www.kingstone.com.tw\/\/basic\/203c002127671?zone=english&lid=search&actid=WISE&kw=Domain-DrivenDesign&pi=0","作者":"Percival,Harry","出版社":"Ingram      ","ISBN":9781492052203,"圖片網址":"https:\/\/cdn.kingstone.com.tw\/english\/images\/product\/2203\/9781492052203.jpg","書籍簡介":"\r\n\r\nAs Python continues to grow in popularity, projects are becoming larger and more complex. Many Python developers are now taking an interest in high-level software design patterns such as hexagonal\/clean architecture, event-driven architecture, and the strategic patterns prescribed by domain-driven design (DDD). But translating those patterns into Python isn't always straightforward.With this hands-on guide, Harry Percival and Bob Gregory from MADE.com introduce proven architectural design patterns to help Python developers manage application complexity--and get the most value out of their test suites.Each pattern is illustrated with concrete examples in beautiful, idiomatic Python, avoiding some of the verbosity of Java and C# syntax. Patterns include: Dependency inversion and its links to ports and adapters (hexagonal\/clean architecture)Domain-driven design's distinction between entities, value objects, and aggregatesRepository and Unit of Work patterns for persistent storageEvents, commands, and the message busCommand-query responsibility segregation (CQRS)Event-driven architecture and reactive microservices\r\n                    \r\n"}
{"書名":"Laser-Based Measurements for Time and Frequency Domain Applications","書籍網站":"https:\/\/www.kingstone.com.tw\/\/basic\/203c007141949?zone=english&lid=search&actid=WISE&kw=Domain-DrivenDesign&pi=0","作者":"Maddaloni,Pasquale","出版社":"CRC Press","ISBN":9780367576479,"圖片網址":"https:\/\/cdn.kingstone.com.tw\/english\/images\/product\/6479\/9780367576479.jpg","書籍簡介":"\r\n\r\nForeword by Nobel laureate Professor Theodor W. H瓣nsch of Ludwig-Maximilians-Universit瓣t M羹nchenBased on the authors' experimental work over the last 25 years, Laser-Based Measurements for Time and Frequency Domain Applications: A Handbook presents basic concepts, state-of-the-art applications, and future trends in optical, atomic, and molecular physics. It provides all the background information on the main kinds of laser sources and techniques, offers a detailed account of the most recent results obtained for time- and frequency-domain applications of lasers, and develops the theoretical framework necessary for understanding the experimental applications. After a historical introduction, the book describes the basic concepts and mathematical tools required for studying the physics of oscillators. It then discusses microwave and optical resonators, crucial aspects of operation and fundamental properties of lasers, and precision spectroscopy and absolute frequency metrology. It also focuses on microwave and optical frequency standards and explores current and potential research directions.Accessible to scientists, postdoc researchers, and advanced undergraduate students, this self-contained book gives a wide-ranging, balanced overview of the areas--including frequency standards and clocks, ultra-high-precision spectroscopy, quantum information, and environmental metrology--revolutionized by the recent advent of optical frequency comb synthesizers (OFCSs) based on femtosecond mode-locked lasers. The book is also a useful guide to cutting-edge research for manufacturers of advanced laser systems and optical devices.\r\n                    \r\n"}
{"書名":"Green Web-II - Standards and Perspectives from the Iucn Program\/Policy Development in Environment Conservation Domain","書籍網站":"https:\/\/www.kingstone.com.tw\/\/basic\/203c004938142?zone=english&lid=search&actid=WISE&kw=Domain-DrivenDesign&pi=0","作者":"Medani P,Bhandari","出版社":"River Publishers","ISBN":9788770221924,"圖片網址":"https:\/\/cdn.kingstone.com.tw\/english\/images\/product\/1924\/9788770221924.jpg","書籍簡介":"\r\n\r\nThis second edition of the book Green Web-II - Standards and Perspectives from the IUCN Program \/ Policy Development in Environment Conservation Domain: with reference to India, Pakistan, Nepal, and Bangladesh investigates the IUCN's role in global biodiversity conservation policy as well as in national program development in India, Pakistan, Nepal and Bangladesh. It explores how nature protection priorities and approaches are promoted or addressed by IUCN, and how environment conservation policies are created and maintained in states of South Asia with different capacities. It also evaluates IUCN's competency in biodiversity, climate change, nature conservation and environmental policy formulation at the global, regional and country levels. This book adds to our knowledge firstly by contributing to a small but growing body of work on the sociology of international organizations. International Governmental Organizations (IGOs), have previously been mainly the subject of political science. Secondly, it critically explores one of the largest and most active nature conservation organizations in the world. Thirdly, it also explores how IUCN actually goes about building protectoral programs with individual member nations. Finally, the research also shows the historical development of global institutions and IUCN's activities with member nations in helping to define or redefine the concept of global governance. The outcomes of this research will also be beneficial for global collaboration, networking, and for the identification of common concerns among the many environmental and conservational organizations at the international and national level. In this broader sense, the research outcomes might be beneficial to constituencies of the global North as well as global South because of the nature and coverage of IUCN and its role in conservation policy formation. This effort may serve as a model for additional research on international organizations.  Technical topics discussed in the book include: The Motivation for Environmental Conservation- How personal efforts make a differenceThe Role of International Environment Conservation OrganizationsThe Political Economy of Organizations, Network theory, Institutional theory, Stakeholder theory, Governance theoryGovernance performance and Competitiveness Popularity indicesKnowledge creation and diffusionConservation commons\r\n                    \r\n"}
{"書名":"Opinion Mining Using Domain Relevance","書籍網站":"https:\/\/www.kingstone.com.tw\/\/basic\/203c007117658?zone=english&lid=search&actid=WISE&kw=Domain-DrivenDesign&pi=0","作者":"Sonali,Borase","出版社":"Ingram      ","ISBN":9786202511186,"圖片網址":"https:\/\/cdn.kingstone.com.tw\/english\/images\/product\/1186\/9786202511186.jpg","書籍簡介":"\r\n\r\nOpinion mining is determining people's opinions, about entities such as products, services and their attributes. Opinion feature identification from online reviews evaluated in two domain corpora, one is domain specific and other is domain independent corpus and this evaluation is based on number of occurrence of that feature. Domain relevance is used to measure distribution. By applying a set of syntactic rules identify candidate features in user reviews is primary task. Features extracted from this are specific to a domain. For each extracted candidate feature extrinsic domain relevance and intrinsic domain relevance value are calculated. Experimental result show that extracted opinion feature remains constant after specific threshold value. Precision value decreases according to the threshold value increases.\r\n                    \r\n"}
{"書名":"Domain-Specific Processors","書籍網站":"https:\/\/www.kingstone.com.tw\/\/basic\/203c108159195?zone=english&lid=search&actid=WISE&kw=Domain-DrivenDesign&pi=0","作者":"Shuvra S,Bhattacharyya","出版社":"Ingram      ","ISBN":9780824747114,"圖片網址":"https:\/\/cdn.kingstone.com.tw\/english\/images\/product\/7114\/9780824747114.jpg","書籍簡介":"\r\n\r\nRanging from low-level application and architecture optimizations to high-level modeling and exploration concerns, this authoritative reference compiles essential research on various levels of abstraction appearing in embedded systems and software design. It promotes platform-based design for improved system implementation and modeling and enhanced performance and cost analyses. Domain-Specific Processors relies upon notions of concurrency and parallelism to satisfy performance and cost constraints resulting from increasingly complex applications and architectures and addresses concepts in specification, simulation, and verification in embedded systems and software design.\r\n                    \r\n"}
{"書名":"Image and Video Processing in the Compressed Domain","書籍網站":"https:\/\/www.kingstone.com.tw\/\/basic\/203c108138780?zone=english&lid=search&actid=WISE&kw=Domain-DrivenDesign&pi=0","作者":"Jayanta,Mukhopadhyay","出版社":"Ingram      ","ISBN":9781138113787,"圖片網址":"https:\/\/cdn.kingstone.com.tw\/english\/images\/product\/3787\/9781138113787.jpg","書籍簡介":"\r\n\r\nAs more images and videos are becoming available in compressed formats, researchers have begun designing algorithms for different image operations directly in their domains of representation, leading to faster computation and lower buffer requirements. Image and Video Processing in the Compressed Domain presents the fundamentals, properties, and applications of a variety of image transforms used in image and video compression. It illustrates the development of algorithms for processing images and videos in the compressed domain.Developing concepts from first principles, the book introduces popular image and video compression algorithms, in particular JPEG, JPEG2000, MPEG-2, MPEG-4, and H.264 standards. It also explores compressed domain analysis and performance metrics for comparing algorithms. The author then elucidates the definitions and properties of the discrete Fourier transform (DFT), discrete cosine transform (DCT), integer cosine transform (ICT), and discrete wavelet transform (DWT). In the subsequent chapters, the author discusses core operations, such as image filtering, color enhancement, image resizing, and transcoding of images and videos, that are used in various image and video analysis approaches. He also focuses on other facets of compressed domain analysis, including video editing operations, video indexing, and image and video steganography and watermarking.With MATLAB(R) codes available as a download from the CRC Press website, this book takes you through the steps involved in processing and analyzing compressed videos and images. It covers the algorithms, standards, and techniques used for coding images and videos in compressed formats.\r\n                    \r\n"}
{"書名":"Mrtd (Multi Resolution Time Domain) Method in Electromagnetics","書籍網站":"https:\/\/www.kingstone.com.tw\/\/basic\/203c109183756?zone=english&lid=search&actid=WISE&kw=Domain-DrivenDesign&pi=1","作者":"Bushyager, Nathan A.","出版社":"Ingram      ","ISBN":9781598290141,"圖片網址":"https:\/\/cdn.kingstone.com.tw\/english\/images\/product\/0141\/9781598290141.jpg","書籍簡介":"0"}
{"書名":"Time-Domain Studies of the Andromeda Galaxy","書籍網站":"https:\/\/www.kingstone.com.tw\/\/basic\/203c103266342?zone=english&lid=search&actid=WISE&kw=Domain-DrivenDesign&pi=1","作者":"Chien-Hsiu,Lee","出版社":"Institute of Physics Publishing","ISBN":9780750319102,"圖片網址":"https:\/\/cdn.kingstone.com.tw\/english\/images\/product\/9102\/9780750319102.jpg","書籍簡介":"\r\n\r\nThe advent of charge-coupled devices and the subsequent implementation of ultrawide cameras for large imaging surveys has opened a new window for time-domain astronomy. In this book, our closest neighboring spiral galaxy - the Andromeda galaxy (M31) - is used as an example to walk readers through the ideas and techniques of time-domain analysis. This includes using image subtraction to obtain high quality time-series photometry, determining periods of variables using periodograms and classifying transients and variables based on the shapes of the light curves. It also highlights some science topics to showcase how we can use the time-domain data to shed light on the nature of the transient events and their progenitors.\r\n                    \r\n"}
{"書名":"Linear Differential Equations in the Complex Domain","書籍網站":"https:\/\/www.kingstone.com.tw\/\/basic\/203c011490856?zone=english&lid=search&actid=WISE&kw=Domain-DrivenDesign&pi=1","作者":"Yoshishige,Haraoka","出版社":"Springer    ","ISBN":9783030546625,"圖片網址":"https:\/\/cdn.kingstone.com.tw\/english\/images\/product\/6625\/9783030546625.jpg","書籍簡介":"\r\n\r\nThis book provides a detailed introduction to recent developments in the theory of linear differential systems and integrable total differential systems. Starting from the basic theory of linear ordinary differential equations and integrable systems, it proceeds to describe Katz theory and its applications, extending it to the case of several variables. In addition, connection problems, deformation theory, and the theory of integral representations are comprehensively covered. Complete proofs are given, offering the reader a precise account of the classical and modern theory of linear differential equations in the complex domain, including an exposition of Pfaffian systems and their monodromy problems. The prerequisites are a course in complex analysis and the basics of differential equations, topology and differential geometry. This book will be useful for graduate students, specialists in differential equations, and for non-specialists who want to use differential equations. \r\n\r\n"}
{"書名":"A Methodology for Domain-specific Conceptual Data Modeling","書籍網站":"https:\/\/www.kingstone.com.tw\/\/basic\/203c011452610?zone=english&lid=search&actid=WISE&kw=Domain-DrivenDesign&pi=1","作者":"Hao,Tian","出版社":"AV Akademikerverlag","ISBN":9783639439625,"圖片網址":"https:\/\/cdn.kingstone.com.tw\/english\/images\/product\/9625\/9783639439625.jpg","書籍簡介":"\r\n\r\nRevision with unchanged content. Supporting domain-specific functions and relieving users from the database details are two major challenges faced by many today's database applications, especially in life science research. The most commonly used workaround is the form-based query interface. However, it has severe limitations on expressive ability, extensibility, and flexibility. Unlike most of previous studies that adopted domain-specific query strategies, this book proposes a conceptual query methodology that can be generally applied in any domain. Meanwhile, it allows data-users to define their own domain-specific query functions. It is independent of database management systems and can be integrated into already-released systems as a complemental query function. This book will be of interest to biologists who are looking for a novel query methodology, to bio-database creators who are developing biological database applications, and to existing database system administrators who would like to provide a complemental query function for end-users.\r\n                    \r\n"}
{"書名":"Domain-Driven Laravel","書籍網站":"https:\/\/www.kingstone.com.tw\/\/basic\/203c200908695?zone=english&lid=search&actid=WISE&kw=Domain-DrivenDesign&pi=1","作者":"Jesse,Griffin","出版社":"Apress      ","ISBN":9781484260227,"圖片網址":"https:\/\/cdn.kingstone.com.tw\/english\/images\/product\/0227\/9781484260227.jpg","書籍簡介":"\r\n\r\nMap concepts and ideas in domain-driven design (DDD) and transpose them into clean, testable, and quality code that is effective alongside the Laravel framework. This book teaches you how to implement the concepts and patterns present in DDD in the real world as a complete web application. With these tactics and concepts in place, you'll engage in a variety of example applications, built from the ground up, and taken directly from real-world domains. Begin by reviewing foundational stepping stones (with small, manageable examples to show proof of concepts as well as illustrations to conceptualize the more complex topics) of both DDD and Laravel. Specifically, such topics as entities, value objects, developing an ubiquitous language, DTOs, and knowledge discovery. Next, you will dive into some more advanced topics of DDD and use these concepts as a guide to make customizations to the default Laravel installation, giving you an understanding of why these alterations are vital to the DDD and Laravel platform. Finally, you will cover the very powerful Eloquent ORM that comes stock with Laravel and understand how it can be utilized to represent entities, handle repositories, and support domain events. Although there is a basic coverage chapter and a setup tutorial for Laravel (along with a high level intro about the components used within it), Domain-Driven Laravel is best suited to readers who have been at least exposed to the framework and have had the opportunity to tinker around with it.What You'll Learn Utilize a blazing-fast rapid development pipeline built from DDD building blocks and facilitated with LaravelImplement value objects, repositories, entities, anti-corruption layers and others using Laravel as a web frameworkApply enhanced techniques for quick prototyping of complex requirements and quality results using an iterative and focused approach Create a base framework (Laravel) that can serve as a template to start off any projectGain insight on which details are important to a project's success and how to acquire the necessary knowledge Who This Book Is ForIdeal for for frontend\/backend web developers, devops engineers, Laravel framework lovers and PHP developers hoping to learn more about either Domain Driven Design or the possibilities with the Laravel framework. Those with a working knowledge of plain PHP can also gain value from reading this book.\r\n                    \r\n"}
{"書名":"Head First Domain-driven Design","書籍網站":"https:\/\/www.kingstone.com.tw\/\/basic\/203c803635123?zone=english&lid=search&actid=WISE&kw=Domain-DrivenDesign&pi=1","作者":"Lowe, Steven A.","出版社":"Oreilly &   ","ISBN":9781491972427,"圖片網址":"https:\/\/cdn.kingstone.com.tw\/english\/images\/product\/2427\/9781491972427.jpg","書籍簡介":"0"}
{"書名":"Interpolation and Approximation by Rational Functions in the Complex Domain","書籍網站":"https:\/\/www.kingstone.com.tw\/\/basic\/203c510749965?zone=english&lid=search&actid=WISE&kw=Domain-DrivenDesign&pi=1","作者":"Walsh, J. L.","出版社":"Ingram      ","ISBN":9780821810200,"圖片網址":"https:\/\/cdn.kingstone.com.tw\/english\/images\/product\/0200\/9780821810200.jpg","書籍簡介":"0"}
{"書名":"Variable Domain-Specific Software Languages with Djdsl","書籍網站":"https:\/\/www.kingstone.com.tw\/\/basic\/203c108631420?zone=english&lid=search&actid=WISE&kw=Domain-DrivenDesign&pi=1","作者":"Stefan,Sobernig","出版社":"Springer    ","ISBN":9783030421540,"圖片網址":"https:\/\/cdn.kingstone.com.tw\/english\/images\/product\/1540\/9783030421540.jpg","書籍簡介":"\r\n\r\nThis book details the conceptual foundations, design and implementation of the domain-specific language (DSL) development system DjDSL. DjDSL facilitates design-decision-making on and implementation of reusable DSL and DSL-product lines, and represents the state-of-the-art in language-based and composition-based DSL development. As such, it unites elements at the crossroads between software-language engineering, model-driven software engineering, and feature-oriented software engineering.  The book is divided into six chapters. Chapter 1 (\"DSL as Variable Software\") explains the notion of DSL as variable software in greater detail and introduces readers to the idea of software-product line engineering for DSL-based software systems. Chapter 2 (\"Variability Support in DSL Development\") sheds light on a number of interrelated dimensions of DSL variability: variable development processes, variable design-decisions, and variability-implementation techniques for DSL. The three subsequent chapters are devoted to the key conceptual and technical contributions of DjDSL: Chapter 3 (\"Variable Language Models\") explains how to design and implement the abstract syntax of a DSL in a variable manner. Chapter 4 (\"Variable Context Conditions\") then provides the means to refine an abstract syntax (language model) by using composable context conditions (invariants). Next, Chapter 5 (\"Variable Textual Syntaxes\") details solutions to implementing variable textual syntaxes for different types of DSL. In closing, Chapter 6 (\"A Story of a DSL Family\") shows how to develop a mixed DSL in a step-by-step manner, demonstrating how the previously introduced techniques can be employed in an advanced example of developing a DSL family. The book is intended for readers interested in language-oriented as well as model-driven software development, including software-engineering researchers and advanced software developers alike. An understanding of software-engineering basics (architecture, design, implementation, testing) and software patterns is essential. Readers should especially be familiar with the basics of object-oriented modelling (UML, MOF, Ecore) and programming (e.g., Java).\r\n                    \r\n"}
{"書名":"Software Development in an Object-oriented Domain","書籍網站":"https:\/\/www.kingstone.com.tw\/\/basic\/203c109213286?zone=english&lid=search&actid=WISE&kw=Domain-DrivenDesign&pi=1","作者":"Tremblay, Paul J.","出版社":"Prentice H  ","ISBN":9780131500563,"圖片網址":"https:\/\/cdn.kingstone.com.tw\/english\/images\/product\/0563\/9780131500563.jpg","書籍簡介":"0"}
{"書名":"Frequency Domain Wave Propagation in Multi-Conductor Power Transmission Lines and Cables","書籍網站":"https:\/\/www.kingstone.com.tw\/\/basic\/203c109290805?zone=english&lid=search&actid=WISE&kw=Domain-DrivenDesign&pi=1","作者":"Wedepohl, L.","出版社":"Ingram      ","ISBN":9780470167618,"圖片網址":"https:\/\/cdn.kingstone.com.tw\/english\/images\/product\/7618\/9780470167618.jpg","書籍簡介":"0"}
{"書名":"Domain-Specific Languages in Practice","書籍網站":"https:\/\/www.kingstone.com.tw\/\/basic\/203c108626992?zone=english&lid=search&actid=WISE&kw=Domain-DrivenDesign&pi=1","作者":"Antonio,Bucchiarone","出版社":"Springer    ","ISBN":9783030737573,"圖片網址":"https:\/\/cdn.kingstone.com.tw\/english\/images\/product\/7573\/9783030737573.jpg","書籍簡介":"\r\n\r\nThis book covers several topics related to domain-specific language (DSL) engineering in general and how they can be handled by means of the JetBrains Meta Programming System (MPS), an open source language workbench developed by JetBrains over the last 15 years. The book begins with an overview of the domain of language workbenches, which provides perspectives and motivations underpinning the creation of MPS. Moreover, technical details of the language underneath MPS together with the definition of the tool's main features are discussed. The remaining ten chapters are then organized in three parts, each dedicated to a specific aspect of the topic. Part I \"MPS in Industrial Applications\" deals with the challenges and inadequacies of general-purpose languages used in companies, as opposed to the reasons why DSLs are essential, together with their benefits and efficiency, and summarizes lessons learnt by using MPS. Part II about \"MPS in Research Projects\" covers the benefits of text-based languages, the design and development of gamification applications, and research fields with generally low expertise in language engineering. Eventually, Part III focuses on \"Teaching and Learning with MPS\" by discussing the organization of both commercial and academic courses on MPS. MPS is used to implement languages for real-world use. Its distinguishing feature is projectional editing, which supports practically unlimited language extension and composition possibilities as well as a flexible mix of a wide range of textual, tabular, mathematical and graphical notations. The number and diversity of the presented use-cases demonstrate the strength and malleability of the DSLs defined using MPS. The selected contributions represent the current state of the art and practice in using JetBrains MPS to implement languages for real-world applications.\r\n                    \r\n"}
{"書名":"Domain-Driven Design","書籍網站":"https:\/\/www.kingstone.com.tw\/\/basic\/203c109448503?zone=english&lid=search&actid=WISE&kw=Domain-DrivenDesign&pi=1","作者":"Haywood, Dan","出版社":"Pragmatic   ","ISBN":9781934356449,"圖片網址":"https:\/\/cdn.kingstone.com.tw\/english\/images\/product\/6449\/9781934356449.jpg","書籍簡介":"0"}
{"書名":"Fast Time Domain Integral Equation Solvers","書籍網站":"https:\/\/www.kingstone.com.tw\/\/basic\/203c109497518?zone=english&lid=search&actid=WISE&kw=Domain-DrivenDesign&pi=1","作者":"Michielssen, Eric","出版社":"Ingram      ","ISBN":9780470478776,"圖片網址":"https:\/\/cdn.kingstone.com.tw\/english\/images\/product\/8776\/9780470478776.jpg","書籍簡介":"0"}
{"書名":"Time-Domain Analog-to-Digital Converters Using Voltage-Controlled Oscillators","書籍網站":"https:\/\/www.kingstone.com.tw\/\/basic\/203c308550689?zone=english&lid=search&actid=WISE&kw=Domain-DrivenDesign&pi=1","作者":"Cho, Seonghwan","出版社":null,"ISBN":9781461402336,"圖片網址":"https:\/\/cdn.kingstone.com.tw\/english\/images\/product\/2336\/9781461402336.jpg","書籍簡介":"0"}
{"書名":"Domain Decomposition Methods In Optimal Control Of Partial Differential Equations","書籍網站":"https:\/\/www.kingstone.com.tw\/\/basic\/203c110346521?zone=english&lid=search&actid=WISE&kw=Domain-DrivenDesign&pi=1","作者":"Lagnese, John E.","出版社":"Ingram      ","ISBN":9780817621940,"圖片網址":"https:\/\/cdn.kingstone.com.tw\/english\/images\/product\/1940\/9780817621940.jpg","書籍簡介":"0"}
{"書名":"Active Directory Domain Services 2008 How-To","書籍網站":"https:\/\/www.kingstone.com.tw\/\/basic\/203c109831027?zone=english&lid=search&actid=WISE&kw=Domain-DrivenDesign&pi=1","作者":"Policelli, John","出版社":"Sams        ","ISBN":9780672330452,"圖片網址":"https:\/\/cdn.kingstone.com.tw\/english\/images\/product\/0452\/9780672330452.jpg","書籍簡介":"\r\n\r\nActive Directory Domain Services 2008 How-To  Real Solutions for Active Directory 2008 Administrators  John Policelli  Need fast, reliable, easy-to-implement solutions for Microsoft Active Directory 2008? This book delivers exactly what you're looking for. You'll find nearly 250 tested, step-by-step procedures for planning, installing, customizing, and managing Active Directory Domain Services (AD DS) in any production environment. Completely up-to-date, it fully reflects the brand new version of Active Directory introduced in Windows Server 2008, which contains the most significant changes since AD was first introduced. When time is of the essence, turn here first: get answers you can trust--and use--right now!   Fast, Accurate, and Easy-to-Use!   Prepare for Active Directory Domain Services installation Install and uninstall Active Directory Domain Services Manage trust relationships and functional levels Manage Operations Master Roles and Global Catalog Servers Efficiently administer sites and replication Manage the Active Domain Services schema Administer Active Directory DS data Make the most of Active Directory Group Policies Manage password replication policies Implement fine-grained password and account lockout policies Safely back up and recover Active Directory DS Use Active Directory's improved auditing capabilities to track changes more effectively   John Policelli has been honored by Microsoft as a Microsoft MVP for Directory Services. A solutions-focused IT consultant with over a decade of success in architecture, security, IT strategy, and disaster recovery, John has designed and implemented dozens of complex directory service, e-Messaging, web, networking, and security enterprise solutions. He has provided thought leadership for some of Canada's largest Active Directory installations. He has also served as an author, technical reviewer, and subject matter expert for more than 50 training, exam writing, press, and whitepaper projects related to Windows Server 2008 Identity and Access Management, networking, and collaboration. His technology certifications include MCTS, MCSA, ITSM, iNet+, Network+, and A+.  Category: Microsoft \/ Windows Server\r\n                    \r\n"}
{"書名":"S\/T Domain","書籍網站":"https:\/\/www.kingstone.com.tw\/\/basic\/203c109636151?zone=english&lid=search&actid=WISE&kw=Domain-DrivenDesign&pi=1","作者":"Not Available (NA)","出版社":"李頂力    ","ISBN":9781155265650,"圖片網址":"https:\/\/cdn.kingstone.com.tw\/english\/images\/product\/5650\/9781155265650.jpg","書籍簡介":"0"}
{"書名":"Implementing Domain Services for Windows","書籍網站":"https:\/\/www.kingstone.com.tw\/\/basic\/203c109835720?zone=english&lid=search&actid=WISE&kw=Domain-DrivenDesign&pi=1","作者":"Cuella, Samuel","出版社":"Ingram      ","ISBN":9789072389558,"圖片網址":"https:\/\/cdn.kingstone.com.tw\/english\/images\/product\/9558\/9789072389558.jpg","書籍簡介":"0"}
{"書名":"Human Factors in the Maritime Domain","書籍網站":"https:\/\/www.kingstone.com.tw\/\/basic\/203c111197653?zone=english&lid=search&actid=WISE&kw=Domain-DrivenDesign&pi=1","作者":"Grech, Michelle Rita","出版社":"CRC Pr I Llc","ISBN":9781420043419,"圖片網址":"https:\/\/cdn.kingstone.com.tw\/english\/images\/product\/3419\/9781420043419.jpg","書籍簡介":"\r\n\r\nThe piecemeal fashion in which human factors research has been conducted in the maritime domain makes information retrieval available only by scanning through numerous research journals and conference papers. Bringing together human factors information from this and other domains, Human Factors in the Maritime Domain integrates a common body of knowledge into one single volume. The book provides the vital background information necessary to acquire a core knowledge base and a much-needed overview of human factors within the maritime domain. It starts by putting the topic into an historical and theoretical context, moves onto more specific and detailed topics and contemporary thinking in human factors, then reviews new maritime technology. The authors take a holistic approach based on a model of the socio-technical system of work in the maritime domain. They synthesize available knowledge and research, then present in an easily acceptable framework with example, illustrations, and case studies whenever possible, making the text rigorous, useful, and enjoyable. The three authors draw on a range of diverse backgrounds including working as a maritime surveyor, transport consultant, human factors lecturer, and mechanical engineer. They have undertaken maritime research in Denmark, Australia, Malta, and the UK. They have published several other human factor books on related topics. This combination of human factors knowledge, maritime wisdom, and substantial publication experience results in a book that is effective and practical.\r\n                    \r\n"}
{"書名":"The Gis Guide to Public Domain Data","書籍網站":"https:\/\/www.kingstone.com.tw\/\/basic\/203c112678096?zone=english&lid=search&actid=WISE&kw=Domain-DrivenDesign&pi=1","作者":"Kerski, Joseph J.","出版社":"Esri Press","ISBN":9781589482449,"圖片網址":"https:\/\/cdn.kingstone.com.tw\/english\/images\/product\/2449\/9781589482449.jpg","書籍簡介":"\r\n\r\nThe GIS Guide to Public Domain Data gives users of geographic information systems (GIS) relevant information about the sources and quality of available public domain spatial data. Readers will understand how to find, evaluate, and analyze data to solve location-based problems. This guide covers practical issues such as copyrights, cloud computing, online data portals, volunteered geographic information, and international data. Supplementary exercises are available online to help put the concepts into practice. Students, researchers, and professionals will find The GIS Guide to Public Domain Data a useful desk companion to help them navigate the world of spatial data in the public domain.\r\n                    \r\n"}
{"書名":"Time-domain Numerical Methods for Modelling Antennas, Rf\/Microwave and Emc\/Emi Structures","書籍網站":"https:\/\/www.kingstone.com.tw\/\/basic\/203c111202703?zone=english&lid=search&actid=WISE&kw=Domain-DrivenDesign&pi=1","作者":"Chen, Zhizhang","出版社":"CRC Pr I Llc","ISBN":9781420046380,"圖片網址":"https:\/\/cdn.kingstone.com.tw\/english\/images\/product\/6380\/9781420046380.jpg","書籍簡介":"0"}
{"書名":"Sound in the Time Domain","書籍網站":"https:\/\/www.kingstone.com.tw\/\/basic\/203c108654978?zone=english&lid=search&actid=WISE&kw=Domain-DrivenDesign&pi=1","作者":"Mikio,Tohyama","出版社":"Springer    ","ISBN":9789811355158,"圖片網址":"https:\/\/cdn.kingstone.com.tw\/english\/images\/product\/5158\/9789811355158.jpg","書籍簡介":"\r\n\r\nThis book addresses the nature of sound, focusing on the characteristics of sound waves in the context of time structures. This time domain approach provides an informative and intuitively understandable description of various acoustic topics such as sound waves travelling in an acoustic tube or in other media where spectral or modal analysis can be intensively performed. Starting from the introductory topic of sinusoidal waves, it discusses the formal relationship between the time and frequency domains, summarizing the fundamental notions of Fourier or z-transformations and linear systems theory, along with interesting examples from acoustical research.  The books novel approach is of interest to research engineers and scientists In particular, the expressions concerning waveforms including the impulse responses are important for audio engineers who are familiar with digital signal analysis. Every chapter includes simple exercises designed to be solved without the need for a computer. Thus they help reconfirm the fundamental ideas and notions present in every chapter. The book is self-contained and concise, and requires only basic knowledge of acoustics and signal processing, making it valuable as a textbook for graduate and undergraduate university courses.\r\n                    \r\n"}
{"書名":"Scanning Probe Studies of Structural and Functional Properties of Ferroelectric Domains and Domain Walls","書籍網站":"https:\/\/www.kingstone.com.tw\/\/basic\/203c108700011?zone=english&lid=search&actid=WISE&kw=Domain-DrivenDesign&pi=1","作者":"Philippe,T羹ckmantel","出版社":"Springer    ","ISBN":9783030723880,"圖片網址":"https:\/\/cdn.kingstone.com.tw\/english\/images\/product\/3880\/9783030723880.jpg","書籍簡介":"0"}
{"書名":"Time-Domain Signature Barcodes for Chipless-Rfid and Sensing Applications","書籍網站":"https:\/\/www.kingstone.com.tw\/\/basic\/203c108702446?zone=english&lid=search&actid=WISE&kw=Domain-DrivenDesign&pi=2","作者":"Ferran,Mart穩n","出版社":"Springer    ","ISBN":9783030397289,"圖片網址":"https:\/\/cdn.kingstone.com.tw\/english\/images\/product\/7289\/9783030397289.jpg","書籍簡介":"\r\n\r\nThis book presents an unconventional approach for implementing chipless radiofrequency identification (RFID) systems and related sensors. Contrary to most state-of-the-art chipless-RFID systems, the proposed approach is based on time domain and the tags are read through near field. The book discusses different aspects of these chipless-RFID systems, including tag and reader design, strategies to enhance the data density and capacity, tag programming and erasing, tag implementation in plastic and paper substrates, and synchronous tag reading, among others. A tolerance analysis and validation of the different systems, as well as prospective applications, are also included. The book also offers a comprehensive overview of the state-of-the-art in chipless-RFID technology, including a comparative analysis, which is extended also to chip-based RFID systems. Readers are expected to be familiar with RF\/microwave engineering technology. Besides master's and postgraduate students, the book is intended for researchers in the field of radiofrequency identification (RFID) technology, and may be of interest for engineers working in the areas of wireless communications, automatic identification, security, authentication, microwave and wireless sensors, as well as those dealing with internet of things (IoT) and smart systems.  \r\n\r\n"}
{"書名":"Frequency-domain Characterization of Power Distribution Networks","書籍網站":"https:\/\/www.kingstone.com.tw\/\/basic\/2044050041260?zone=english&lid=search&actid=WISE&kw=Domain-DrivenDesign&pi=2","作者":"Novak- Istv","出版社":"Artech House","ISBN":9781596932005,"圖片網址":"https:\/\/cdn.kingstone.com.tw\/english\/images\/product\/2005\/9781596932005.jpg","書籍簡介":"0"}
{"書名":"Domain Architecture: Models and Architectures for UML Applications","書籍網站":"https:\/\/www.kingstone.com.tw\/\/basic\/2044550032515?zone=english&lid=search&actid=WISE&kw=Domain-DrivenDesign&pi=2","作者":"Duffy","出版社":"John Wiley  ","ISBN":9780470848333,"圖片網址":"https:\/\/cdn.kingstone.com.tw\/english\/images\/product\/8333\/9780470848333.jpg","書籍簡介":"0"}
{"書名":"Domain Decomposition Methods in Science and Engineering XXV","書籍網站":"https:\/\/www.kingstone.com.tw\/\/basic\/203c200322114?zone=english&lid=search&actid=WISE&kw=Domain-DrivenDesign&pi=2","作者":"Ronald,Haynes","出版社":"Springer    ","ISBN":9783030567491,"圖片網址":"https:\/\/cdn.kingstone.com.tw\/english\/images\/product\/7491\/9783030567491.jpg","書籍簡介":"\r\n\r\nThese are the proceedings of the 25th International Conference on Domain Decomposition Methods in Science and Engineering, which was held in St. John's, Newfoundland, Canada in July 2018.  Domain decomposition methods are iterative methods for solving the often very large systems of equations that arise when engineering problems are discretized, frequently using finite elements or other modern techniques. These methods are specifically designed to make effective use of massively parallel, high-performance computing systems. The book presents both theoretical and computational advances in this domain, reflecting the state of art in 2018.\r\n\r\n"}
{"書名":"Domain Ontologies for Reasoning Machines in Factory Automation","書籍網站":"https:\/\/www.kingstone.com.tw\/\/basic\/203c505617454?zone=english&lid=search&actid=WISE&kw=Domain-DrivenDesign&pi=2","作者":"Lastra, Jose L. Martinez","出版社":"Ingram      ","ISBN":9781936007011,"圖片網址":"https:\/\/cdn.kingstone.com.tw\/english\/images\/product\/7011\/9781936007011.jpg","書籍簡介":"0"}
{"書名":"Autoencoding in the Complex Domain","書籍網站":"https:\/\/www.kingstone.com.tw\/\/basic\/203c508273215?zone=english&lid=search&actid=WISE&kw=Domain-DrivenDesign&pi=2","作者":"Masters, Timothy","出版社":"Ingram      ","ISBN":9781514365991,"圖片網址":"https:\/\/cdn.kingstone.com.tw\/english\/images\/product\/5991\/9781514365991.jpg","書籍簡介":"0"}
{"書名":".NET Domain-Driven Design with C#","書籍網站":"https:\/\/www.kingstone.com.tw\/\/basic\/203c411223082?zone=english&lid=search&actid=WISE&kw=Domain-DrivenDesign&pi=2","作者":"McCarthy, Tim","出版社":"Wrox Pr Inc ","ISBN":9780470147566,"圖片網址":"https:\/\/cdn.kingstone.com.tw\/english\/images\/product\/7566\/9780470147566.jpg","書籍簡介":"0"}
{"書名":"Domain Decomposition Methods for Distributed Computing","書籍網站":"https:\/\/www.kingstone.com.tw\/\/basic\/203c611905736?zone=english&lid=search&actid=WISE&kw=Domain-DrivenDesign&pi=2","作者":"Kruis, J.","出版社":"Ingram      ","ISBN":9781874672234,"圖片網址":"https:\/\/cdn.kingstone.com.tw\/english\/images\/product\/2234\/9781874672234.jpg","書籍簡介":"0"}
{"書名":"Ordinary Differential Equations in the Complex Domain","書籍網站":"https:\/\/www.kingstone.com.tw\/\/basic\/203c510315490?zone=english&lid=search&actid=WISE&kw=Domain-DrivenDesign&pi=2","作者":"Hille, Einar","出版社":"Dover Pubns ","ISBN":9780486696201,"圖片網址":"https:\/\/cdn.kingstone.com.tw\/english\/images\/product\/6201\/9780486696201.jpg","書籍簡介":"0"}
{"書名":"Multi-domain Access Control and Trust","書籍網站":"https:\/\/www.kingstone.com.tw\/\/basic\/203c308717870?zone=english&lid=search&actid=WISE&kw=Domain-DrivenDesign&pi=2","作者":"Joshi, James","出版社":"Ingram      ","ISBN":9781627051477,"圖片網址":"https:\/\/cdn.kingstone.com.tw\/english\/images\/product\/1477\/9781627051477.jpg","書籍簡介":"0"}
{"書名":"Substructuring Techniques and Domain Decomposition Methods","書籍網站":"https:\/\/www.kingstone.com.tw\/\/basic\/203c301785996?zone=english&lid=search&actid=WISE&kw=Domain-DrivenDesign&pi=2","作者":"Magoulis, F. (EDT)","出版社":"Ingram      ","ISBN":9781874672333,"圖片網址":"https:\/\/cdn.kingstone.com.tw\/english\/images\/product\/2333\/9781874672333.jpg","書籍簡介":"0"}
{"書名":"Applying Domain-Driven Design And Patterns","書籍網站":"https:\/\/www.kingstone.com.tw\/\/basic\/203c306170783?zone=english&lid=search&actid=WISE&kw=Domain-DrivenDesign&pi=2","作者":"Nilsson, Jimmy","出版社":"Addison-Wesl","ISBN":9780321268204,"圖片網址":"https:\/\/cdn.kingstone.com.tw\/english\/images\/product\/8204\/9780321268204.jpg","書籍簡介":"0"}
{"書名":"Dynamic Rights Management in Cross-Domain Geoprocessing Workflows","書籍網站":"https:\/\/www.kingstone.com.tw\/\/basic\/203c202723601?zone=english&lid=search&actid=WISE&kw=Domain-DrivenDesign&pi=2","作者":"Schaffer, Bastian (EDT)","出版社":"Ingram      ","ISBN":9781607509615,"圖片網址":"https:\/\/cdn.kingstone.com.tw\/english\/images\/product\/9615\/9781607509615.jpg","書籍簡介":"0"}
{"書名":"Linear Differential Equations in the Complex Domain","書籍網站":"https:\/\/www.kingstone.com.tw\/\/basic\/203c203327846?zone=english&lid=search&actid=WISE&kw=Domain-DrivenDesign&pi=2","作者":"Sibuya, Yasutaka","出版社":"Ingram      ","ISBN":9780821846766,"圖片網址":"https:\/\/cdn.kingstone.com.tw\/english\/images\/product\/6766\/9780821846766.jpg","書籍簡介":"0"}
{"書名":"High-Performance Ad and Da Converters, IC Design in Scaled Technologies, and Time-Domain Signal Processing","書籍網站":"https:\/\/www.kingstone.com.tw\/\/basic\/203c109184646?zone=english&lid=search&actid=WISE&kw=Domain-DrivenDesign&pi=2","作者":"Pieter,Harpe","出版社":"Springer    ","ISBN":9783319355559,"圖片網址":"https:\/\/cdn.kingstone.com.tw\/english\/images\/product\/5559\/9783319355559.jpg","書籍簡介":"\r\n\r\nThis book is based on the 18 tutorials presented during the 23rd workshop on Advances in Analog Circuit Design. Expert designers present readers with information about a variety of topics at the frontier of analog circuit design, serving as a valuable reference to the state-of-the-art, for anyone involved in analog circuit research and development. \r\n\r\n"}
{"書名":"Practical Domain-Driven Design in Enterprise Java","書籍網站":"https:\/\/www.kingstone.com.tw\/\/basic\/203c911185912?zone=english&lid=search&actid=WISE&kw=Domain-DrivenDesign&pi=2","作者":"Vijay,Nair","出版社":"Apress      ","ISBN":9781484245422,"圖片網址":"https:\/\/cdn.kingstone.com.tw\/english\/images\/product\/5422\/9781484245422.jpg","書籍簡介":"\r\n\r\nSee how Domain-Driven Design (DDD) combines with Jakarta EE MicroProfile or Spring Boot to offer a complete suite for building enterprise-grade applications. In this book you will see how these all come together in one of the most efficient ways to develop complex software, with a particular focus on the DDD process. Practical Domain-Driven Design in Enterprise Java starts by building out the Cargo Tracker reference application as a monolithic application using the Jakarta EE platform. By doing so, you will map concepts of DDD (bounded contexts, language, and aggregates) to the corresponding available tools (CDI, JAX-RS, and JPA) within the Jakarta EE platform. Once you have completed the monolithic application, you will walk through the complete conversion of the monolith to a microservices-based architecture, again mapping the concepts of DDD and the corresponding available tools within the MicroProfile platform (config, discovery, and fault tolerance). To finish this section, you will examine the same microservices architecture on the Spring Boot platform. The final set of chapters looks at what the application would be like if you used the CQRS and event sourcing patterns. Here you'll use the Axon framework as the base framework. What You Will LearnDiscover the DDD architectural principles and use the DDD design patternsUse the new Eclipse Jakarta EE platform Work with the Spring Boot frameworkImplement microservices design patterns, including context mapping, logic design, entities, integration, testing, and securityCarry out event sourcingApply CQRS Who This Book Is ForJunior developers intending to start working on enterprise Java; senior developers transitioning from monolithic- to microservices-based architectures; and architects transitioning to a DDD philosophy of building applications.\r\n\r\n"}
{"書名":"Multiple Shooting and Time Domain Decomposition Methods","書籍網站":"https:\/\/www.kingstone.com.tw\/\/basic\/203c109195851?zone=english&lid=search&actid=WISE&kw=Domain-DrivenDesign&pi=2","作者":"Thomas,Carraro","出版社":"Springer    ","ISBN":9783319233208,"圖片網址":"https:\/\/cdn.kingstone.com.tw\/english\/images\/product\/3208\/9783319233208.jpg","書籍簡介":"\r\n\r\nThis book offers a comprehensive collection of the most advanced numerical techniques for the efficient and effective solution of simulation and optimization problems governed by systems of time-dependent differential equations. The contributions present various approaches to time domain decomposition, focusing on multiple shooting and parareal algorithms.The range of topics covers theoretical analysis of the methods, as well as their algorithmic formulation and guidelines for practical implementation. Selected examples show that the discussed approaches are mandatory for the solution of challenging practical problems. The practicability and efficiency of the presented methods is illustrated by several case studies from fluid dynamics, data compression, image processing and computational biology, giving rise to possible new research topics.This volume, resulting from the workshop Multiple Shooting and Time Domain Decomposition Methods, held in Heidelberg in May 2013, will be of great interest to applied mathematicians, computer scientists and all scientists using mathematical methods.\r\n\r\n"}
{"書名":"Domain Decomposition Methods in Science and Engineering XXII","書籍網站":"https:\/\/www.kingstone.com.tw\/\/basic\/203c109185487?zone=english&lid=search&actid=WISE&kw=Domain-DrivenDesign&pi=2","作者":"Thomas,Dickopf","出版社":"Springer    ","ISBN":9783319792606,"圖片網址":"https:\/\/cdn.kingstone.com.tw\/english\/images\/product\/2606\/9783319792606.jpg","書籍簡介":"\r\n\r\nThese are the proceedings of the 22nd International Conference on Domain Decomposition Methods, which was held in Lugano, Switzerland. With 172 participants from over 24 countries, this conference continued a long-standing tradition of internationally oriented meetings on Domain Decomposition Methods. The book features a well-balanced mix of established and new topics, such as the manifold theory of Schwarz Methods, Isogeometric Analysis, Discontinuous Galerkin Methods, exploitation of modern HPC architectures and industrial applications. As the conference program reflects, the growing capabilities in terms of theory and available hardware allow increasingly complex non-linear and multi-physics simulations, confirming the tremendous potential and flexibility of the domain decomposition concept.\r\n                    \r\n"}
{"書名":"Retarded Potentials and Time Domain Boundary Integral Equations","書籍網站":"https:\/\/www.kingstone.com.tw\/\/basic\/203c109962369?zone=english&lid=search&actid=WISE&kw=Domain-DrivenDesign&pi=2","作者":"Francisco-Javier,Sayas","出版社":"Springer    ","ISBN":9783319799865,"圖片網址":"https:\/\/cdn.kingstone.com.tw\/english\/images\/product\/9865\/9783319799865.jpg","書籍簡介":"0"}
{"書名":"Domain Adaptation in Computer Vision with Deep Learning","書籍網站":"https:\/\/www.kingstone.com.tw\/\/basic\/203c004924055?zone=english&lid=search&actid=WISE&kw=Domain-DrivenDesign&pi=2","作者":"Hemanth,Venkateswara","出版社":"Springer    ","ISBN":9783030455286,"圖片網址":"https:\/\/cdn.kingstone.com.tw\/english\/images\/product\/5286\/9783030455286.jpg","書籍簡介":"\r\n\r\nThis book provides a survey of deep learning approaches to domain adaptation in computer vision. It gives the reader an overview of the state-of-the-art research in deep learning based domain adaptation. This book also discusses the various approaches to deep learning based domain adaptation in recent years. It outlines the importance of domain adaptation for the advancement of computer vision, consolidates the research in the area and provides the reader with promising directions for future research in domain adaptation.Divided into four parts, the first part of this book begins with an introduction to domain adaptation, which outlines the problem statement, the role of domain adaptation and the motivation for research in this area. It includes a chapter outlining pre-deep learning era domain adaptation techniques. The second part of this book highlights feature alignment based approaches to domain adaptation. The third part of this book outlines image alignment procedures for domain adaptation. The final section of this book presents novel directions for research in domain adaptation. This book targets researchers working in artificial intelligence, machine learning, deep learning and computer vision. Industry professionals and entrepreneurs seeking to adopt deep learning into their applications will also be interested in this book.\r\n\r\n"}
