{"書名":"台灣原生植物全圖鑑第七卷：苦苣苔科：忍冬科","書籍網站":"https:\/\/www.kingstone.com.tw\/\/basic\/2013750012245?zone=book&lid=book_class3_egz&actid=book_class3_egz","作者":"鐘詩文","出版社":"貓頭鷹    ","ISBN":9789862623589.0,"圖片網址":"https:\/\/cdn.kingstone.com.tw\/book\/images\/product\/20137\/2013750012245\/2013750012245b.jpg","書籍簡介":"\r\n\r\n\r\n\t1896年台灣初次發表植物誌以來，120年首度以全中文寫作，全彩攝影紀錄，物種清單最新的完整植物誌！\r\n\r\n\t \r\n\r\n\t▓ 本套圖鑑以八大卷收錄台灣4,739種原生植物資料，共15,000張以上清晰照片、生態圖及詳細圖說，依照最新的APG IV植物分類系統設計分冊。\r\n\r\n\t▓《台灣原生植物全圖鑑第七卷：苦巨苔科──忍冬科》自唇形目的苦巨苔科至川續斷目的忍冬科為止，包含所有原生及歸化種，共收錄26科711種植物。\r\n\r\n\t \r\n\r\n\t對台灣植物分類的系統性研究，最早可以追溯到愛爾蘭植物學家韓爾禮（Augustine Henry）這位研究者。1892至1895年間，他以大清皇家海關稅務司醫官的身分，在當時仍是中國國土的台灣各地進行踏查和採集。馬關條約簽訂一年後（1896），他整理採集的成果與西方學者歷來的台灣植物標本，在東京發表了《福爾摩沙植物名錄》（A List of Plants from Formosa），收錄了1,347種植物，是為台灣有史以來的第一本植物誌。從這個時間點起，長達整整120年的時間，台灣經歷了數次歷史更迭，而各時代的植物學家們仍然一脈相承地追尋一套完整的植物紀錄。\r\n\r\n\t　\r\n\r\n\t在台灣，截至2016年為止，最權威的植物分類出版品為《台灣植物誌》（Flora of Taiwan），是自1960年代起，由政府與美國、日本、荷蘭、澳洲、新加坡與中國總共近百位學者合作完成。收錄物種一版4,220、二版4,339種；最普及的刊物則是行政院農委會發行的《台灣維管束植物簡誌》，共收錄約3,000種植物。其中《台灣植物誌》基本上全由英文寫成，圖片全為手繪；《台灣維管束植物簡誌》所收錄的物種略少，且內文與照片分開，參照時較為不便。因此，本書的作者群以20年的時間與無限的努力，踏遍台灣本土、外島所有自然環境，以詳實的照相記錄完整展示台灣植物誌中所有植物的樣貌。\r\n\r\n\t \r\n\r\n\t本套圖鑑也是全國首次採用2016年4月最新發表、導入分子生物學的APG IV分類法，物種與分冊以精準的物種演化順序為依據，而非傳統以植物形態為主的恩格勒分類法，重新界定了植物之間的系譜的親緣關係。並採用大量的高解析度照片，完整呈現4,739種植物的特徵與生態環境。\r\n\r\n"}
{"書名":"醉人植物博覽會","書籍網站":"https:\/\/www.kingstone.com.tw\/\/basic\/2013760006654?zone=book&lid=book_class3_egz&actid=book_class3_egz","作者":"艾米．史都華","出版社":"臺灣商務  ","ISBN":9789570529968.0,"圖片網址":"https:\/\/cdn.kingstone.com.tw\/book\/images\/product\/20137\/2013760006654\/2013760006654b.jpg","書籍簡介":"\r\n\r\n\r\n書寫花草果樹製酒的豐富知識及源流歷史\r\n 體驗絕品佳釀的醇酒風華\r\n 品酒人士的最佳百科 × 饋贈愛酒友人的首選禮物\r\n\r\n  \r\n\r\n 清酒是用米釀造而成的嗎？\r\n 龍舌蘭酒跟仙人掌有關係嗎？\r\n 波本威士忌跟蘇格蘭威士忌的差別是什麼？\r\n\r\n  \r\n\r\n 酒在人類的飲食文化裡占有極為重要的篇章，但每口佳釀得到完美演繹的機會卻微乎其微，關鍵在於大部分的人都輕忽了製酒的原料──植物。\r\n\r\n  \r\n\r\n 《紐約時報》暢銷作家艾米．史都華混合了生物、化學、歷史、語源學和調酒學，以淺顯易懂的文字及豐富插圖，幫助我們瞭解花、草、果、樹、蕈菇等各種製酒植物的產區及特性，讓你在調酒、品酒時精準掌握每種酒的獨特風味，成為真正懂酒的品醇客。\r\n\r\n  \r\n\r\n本書特色\r\n\r\n  \r\n\r\n ★《紐約時報》暢銷作家艾米．史都華繼《邪惡植物博覽會》後又一力作\r\n ★亞馬遜網路書店分類排行榜第一名、讀者四顆半星評價。\r\n ★2013年3月亞馬遜網路書店當月選書。\r\n ★2014年國際烹飪專業協會（IACP）評審選書。\r\n ★2014年北加州書籍獎。\r\n ★入圍2014年Annual Spirited Awards「最佳新雞尾酒 \/ 調酒書」最後決選名單。\r\n ★收錄超過50種調酒酒譜。\r\n ★附有上百幅植物插畫。\r\n\r\n"}
{"書名":"邪惡植物博覽會 （二版）","書籍網站":"https:\/\/www.kingstone.com.tw\/\/basic\/2013760005992?zone=book&lid=book_class3_egz&actid=book_class3_egz","作者":"艾米．史都華","出版社":"臺灣商務  ","ISBN":9789570528367.0,"圖片網址":"https:\/\/cdn.kingstone.com.tw\/book\/images\/product\/20137\/2013760005992\/2013760005992b.jpg","書籍簡介":"\r\n\r\n\r\n★ 《紐約時報》暢銷書\r\n ★ 獲2010年美國園藝協會圖書獎\r\n ★ 獲亞馬遜2009年百大好書「最佳園藝書」第一名\r\n ★ 入選《華盛頓郵報》及美國國家公共廣播電台2009年最佳園藝書\r\n\r\n 注意！本書將揭露邪惡植物的齷齪行徑\r\n 警告！隨處可見的植物會讓你命喪黃泉\r\n 植物界，有超乎你我想像的危機伺伏\r\n\r\n 樹木會落下毒匕首、亮晶晶的紅種子能停止心跳、灌木會造成無法忍受的痛楚、藤蔓帶著劇毒、葉子能引發戰爭。在植物界裡，有超乎想像的邪惡伺伏。\r\n\r\n 納薩尼爾．霍桑在他1844年發表的故事《拉帕其尼的女兒》中，敘述一名老醫生在圍起的神祕園子裡，栽培了有毒植物。在他的灌木、藤蔓面前，老人的舉止有如「在猛獸、致命的蛇或惡靈這類惡毒勢力之間走動的人；只要他放任它們片刻，它們便會帶來恐怖的死亡」。故事主角是年輕的喬凡尼，他從窗戶窺看，擔憂地「發現整理花園雖然是最簡單、無害的粗活，老人卻帶著這種不安的氣息」。\r\n\r\n 無害？這是喬凡尼窗下茂盛的植物在他眼中的印象，我們對自家花園和野外遇到的植物，也是這樣的印象；我們總抱著天真的信任。人行道上棄置的咖啡，我們不會撿來喝，但健行的時候，發現像為了滿足我們口腹之慾而出現的陌生漿果，我們卻會拿來吃。朋友給的樹皮和葉子雖然無法辨識，我們卻覺得自然的東西都無害，而拿來煮藥茶。抱嬰兒回家時，我們急忙在插座上加裝安全罩，卻無視於廚房裡的室內盆栽和前門的灌木—更無視於每年被插座電到的人只有三千九百個，卻有六萬八千八百四十七人植物中毒。\r\n\r\n 歐烏頭漂亮的藍色花朵帶有劇毒，能讓人窒息而死；洪堡鼠李的漿果會造成緩慢但致命的麻痺。本書裡有些植物，素負臭名。有種雜草害死了林肯總統的母親。有種灌木差點讓美國最著名的景觀設計師失明。有種花朵球根讓路易士與克拉克探險隊的成員生病。哥倫比亞和玻利維亞一種刺激性的小灌木「古柯」為全球的毒品戰爭推波助瀾。而古希臘人則將嚏根草用於世上最早期的化學戰。\r\n\r\n 你可以經年做園藝，不用為歐烏頭這類植物所苦；健行無數哩，不遇上洪堡鼠李的灌木。然而，你早晚會看到植物界的黑暗面。到時候，你最好有備無患。\r\n\r\n\r\n─前言〈嚴正警告〉\r\n\r\n"}
{"書名":"水草生活家","書籍網站":"https:\/\/www.kingstone.com.tw\/\/basic\/2013730007742?zone=book&lid=book_class3_egz&actid=book_class3_egz","作者":"徐志雄","出版社":"布克文化  ","ISBN":4717702079819.0,"圖片網址":"https:\/\/cdn.kingstone.com.tw\/book\/images\/product\/20137\/2013730007742\/2013730007742b.jpg","書籍簡介":"\r\n\r\n水草不再是水族箱裡的配角！不需要太多空間，不需要擔心照顧的問題，就像是最不麻煩的寵物。跟著本書，一起來做個有品味的水草生活家吧！水草讓你更有品味即使沒有「綠手指」，也可以和大自然做好朋友，即使沒有大空間，也可以擁有高品味的視覺與生活享受。水草生活家教你如何利用水草，找到改變心情的好點子。水草讓你好吃好喝蓮子、蓮藕，你一定吃過；還有四神湯裡的芡實，用的是芡的果實；至於插花常用的香蒲，只要撕開葉片，裡面的嫩筍可以用來料理；而尖瓣花的莖嚐起來就跟空心菜沒有兩樣。還有大葉田香，它的香氣跟八角很像，可以用來調味，水草生活家教你如何利用水草入菜，做出好吃好喝的水草味！水草讓你成為生活大師即便是新手上路，也能輕輕鬆鬆擁有滿室的綠意盎然。水草生活家精選33種最受歡迎、容易栽植照料的水草，詳列其特色、繁殖與照料方法，即使是初學者，也能在最短時間內掌握栽種技巧，成為水草生活大師。水草在觀賞價值與實用價值上不比香草遜色，但目前市場上尚未有人開發此領域，因此潛力無窮。\r\n                    \r\n"}
{"書名":"邪惡植物博覽會","書籍網站":"https:\/\/www.kingstone.com.tw\/\/basic\/2013760004360?zone=book&lid=book_class3_egz&actid=book_class3_egz","作者":"艾米．史都華","出版社":"臺灣商務  ","ISBN":9789570526028.0,"圖片網址":"https:\/\/cdn.kingstone.com.tw\/book\/images\/product\/20137\/2013760004360\/2013760004360b.jpg","書籍簡介":"\r\n\r\n注意！本書將揭露邪惡植物的齷齪行徑警告！隨處可見的植物會讓你命喪黃泉植物界，有超乎你我想像的危機伺伏你看過樹木會落下毒匕首嗎？你知道亮晶晶的紅種子能停止心跳、灌木會造成無法忍受的痛楚，還有常見的藤蔓其實帶著劇毒嗎？你有聽過葉子能引發戰爭嗎？暢銷書《花朵機密》（Flower Confidential）的作者艾米．史都華將詳實呈現大地之母最毛骨悚然的創造，介紹逾兩百多種會讓人喪命、傷殘、中毒或惹人嫌惡的植物。栩栩如生的植物插圖以及蝕刻畫為可能潛入你週遭的壞東西留下可怕的畫像。這本令人不寒而慄的植物書，不僅引用了歷史、醫藥、科學和傳說，同時兼具娛樂、教育與警示效果。提醒你，不要拿不熟悉的植物做實驗，也不要輕忽植物的力量。在花園做事要戴手套；在小徑上吞下漿果或把植物的根丟進鍋裡之前，請三思。如果家有幼兒，要教他們別把植物放進嘴裡。有寵物的話，請除去牠們環境中的有毒植物，千萬不要無視於廚房裡的盆栽和前門的灌木。你早晚會看到植物界的黑暗面。到時候，你最好有備無患。 得獎訊息《紐約時報》暢銷書獲2010年美國園藝協會圖書獎獲Amazon.com 2009年百大好書「最佳園藝書」第一名入選《華盛頓郵報》及美國國家公共廣播電台2009年最佳園藝書\r\n                    \r\n"}
{"書名":"植物的異色世界","書籍網站":"https:\/\/www.kingstone.com.tw\/\/basic\/2023700011556?zone=book&lid=book_class3_egz&actid=book_class3_egz","作者":"沃夫岡．史督匹","出版社":"大石國際  ","ISBN":9789868692701.0,"圖片網址":"https:\/\/cdn.kingstone.com.tw\/book\/images\/product\/20237\/2023700011556\/2023700011556b.jpg","書籍簡介":"\r\n\r\n窺探植物繁衍的情與色科學與藝術的完美結合 呈現植物最私密的綺麗生活一位藝術家與兩位科學家結合彼此專長，透過掃描式電子顯微鏡介紹植物生活中那些巧妙隱藏卻非常關鍵的部分，用一幅幅充滿美感與表現力的影像，邀請讀者更進一步接觸自然世界中尚未被看見的奇蹟。你知道我們可能在根本不明就裡的狀況下，就興味盎然地欣賞了植物最最私密的某些風流韻事嗎？原來植物也有多采多姿的性生活，也得精打細算、也會勾心鬥角！《植物的異色世界》是一部史無前例、突破尺度的作品。利用掃描式電子顯微鏡，加上藝術家的巧手，引領我們從超近距離窺探植物的繁殖行為、揭露自然世界最讓人意想不到的美麗與奇特構造。無論從科學、藝術或設計的角度，這本書都能讓讀者驚豔不已，讚嘆這場知識與視覺的雙重饗宴。本書所有圖像均攝於已有將近250年歷史的英國皇家邱植物園，這裡也是國際頂尖的植物學研究中心。作者史督匹、哈里是邱植物園的植物學家，與顯微攝影藝術家凱斯勒以絕妙的圖像及專業知識，和讀者們分享他們所熱愛的植物世界。本書特色特色一 顯微世界下的奇異視野，看見平凡中的不平凡！ 本書將植物的花粉、種子、果實這些生活中習以為常的植物部位，透過掃描式顯微鏡將細微末節放大，引領讀者進入另一個迷人的小宇宙。我們將讚嘆大自然的完美傑作，這些肉眼下不起眼的小東西其實是美感與功能性兼具的藝術品！特色二 藝術與科學跨界合作，呈現無與倫比的美麗！本書由同系列的三本書（花粉、種子、果實）集結而成，探索植物私密生活中的科學、自然史與藝術之美。書中一幅幅令人讚嘆的影像，就是藝術家的巧手在探索新科技提供的潛能，藉由改變單調的掃描式電子顯微鏡影像色彩，藝術家為這些科學影像注入鮮豔的色彩生命力，喚起撼人心弦的超現實感。特色三 窺視植物私密性生活賞心悅目的花朵其實是生殖器官？為味蕾帶來享受的果實其實充滿心機？到底植物的性生活是如何進行？本書鉅細靡遺敘述那些悄然發生在人類生活周遭、其實囂張進行的植物終身大事，它們費盡心機、巧妙設計只為將更好的下一代傳播出去！\r\n                    \r\n"}
{"書名":"養花要防癌、避毒","書籍網站":"https:\/\/www.kingstone.com.tw\/\/basic\/2013760003288?zone=book&lid=book_class3_egz&actid=book_class3_egz","作者":"張謨瑞","出版社":"元氣齋    ","ISBN":9789866664342.0,"圖片網址":"https:\/\/cdn.kingstone.com.tw\/book\/images\/product\/20137\/2013760003288\/2013760003288b.jpg","書籍簡介":"\r\n\r\n中國預防醫學科學院不久前發表一項最新的研究報告，認為我們經常作為盆栽花卉與觀賞用的五十二種植物可能促癌，其中二十多種則易提高致癌機率，有些雖然未達促癌程度，但具有毒性，仍必須特別小心。　　我們一向強調養生保健以增強免疫力、防癌抗癌，而蒔花養草為其中之一。現代人由於生活空間不足，或為了美化工作環境，多將盆栽的花草樹木放在室內，如今竟可能致癌，實在令人驚訝、擔心。　　本書列出所有已公布可能有害的種類，並提供兩全齊美之道。賞心悅目之前，您不能不知哪些植物花草有害健康。\r\n\r\n"}
{"書名":"四季野菜採集與料理","書籍網站":"https:\/\/www.kingstone.com.tw\/\/basic\/2013700010161?zone=book&lid=book_class3_egz&actid=book_class3_egz","作者":"畔上能力","出版社":"大坤書局  ","ISBN":9789575387105.0,"圖片網址":"https:\/\/cdn.kingstone.com.tw\/book\/images\/product\/20137\/2013700010161\/2013700010161b.jpg","書籍簡介":"\r\n\r\n受到場所和時期限制的野菜，可說是讓我們重新認識自古流傳之飲食文化的寶貴歷史資料。\r\n                    \r\n"}
{"書名":"蕈菇樂園","書籍網站":"https:\/\/www.kingstone.com.tw\/\/basic\/2014350130315?zone=book&lid=book_class3_egz&actid=book_class3_egz","作者":"吹春俊光","出版社":"瑞昇文化  ","ISBN":9789575266318.0,"圖片網址":"https:\/\/cdn.kingstone.com.tw\/book\/images\/product\/20143\/2014350130315\/2014350130315b.jpg","書籍簡介":"\r\n\r\n歡迎來到蕈菇樂園！現在，讓我們開始來享受探索之樂吧！ 哇！這是你所認識的蕈菇嗎？有五彩繽紛的蕈菇，有從果實中冒出的蕈菇，也有從動物排洩物或堆肥中生長的蕈菇，更多的是成群生長在樹林裡的蕈菇……這些大自然的禮物，若您夠細心，將可以在茂密的森林裡見到各種風貌、多樣姿態的蕈菇。 為了讓我們和蕈菇有美麗的第一印象，本書特別企劃了詳實記載來說明蕈菇種類，包括說明蕈菇的生長期、孕育蕈菇的地帶、毒性與否、外表特徵等，一旦瞭解蕈菇豐富的種類後，下次當我們拜訪森林時，會更加期待與蕈菇快樂的相遇而不再感到陌生，並且能夠大方和森林打聲招呼！這也就是為何我們稱此書為──「蕈菇樂園」。 根據古籍事典的記載，中國人是最早食用蕈菇的民族。蕈菇出現在地球上的年代大約自一至二億年前，以其有機分解的功能負責將落葉、枯木及屍骸等轉化為大地養分，擔任著類似「森林守護者」一般的職責。而因其身為食物鏈最底層工作人員的「菌類」世襲，讓我們甚至可以說蕈菇在全球「環境保育」的貢獻上，是遠勝過任何一種其他生物的。 蕈菇在經過上億年來的繁鉅演化之後，已自成一綱目體系，本書秉著認識、推廣及探索的角度，以詳盡的圖文資訊，介紹各式各樣奇形怪狀的蕈菇種類。有世界上最大，長超過一公尺，重達一百公斤以上，在日本被稱為「門神」的「巨大口蘑」，也有以「寄生」為生存方式，在蜻蜓、甲蟲和蠶蛹上分布及滋長的各式「冬蟲夏草」。在蕈菇於世界上呈現的多種面貌中，其美味、具有療效與有毒的區別，本書皆以一目瞭然的分類及圖片進行說明，讓讀者對蕈菇能有更全面而深入的理解與概念。 另外，由於蕈菇是食用價值非常高的食材，本書也提供了「蕈菇入菜」的美味義大利麵示範。蕈菇富含鐵、鉀及維生素Ｂ群，又含有特殊的濃郁香氣，在很多的菜餚中，都具有畫龍點睛的效果。 本書特色 一、感性的入門簡介：在各章節的起頭皆附錄一小段感性動人的簡介，以娓娓述說的文筆破題，讓讀者能迅速進入狀況，體會「蕈菇」世界的奇妙。 二、詳盡的資訊提供：每項品種的「蕈菇」皆有清晰的圖例及中英文學名對照，並以生動易懂的文字描繪其特性，可謂圖文並茂。 三、實體大小的圖片：除極少數具特殊規格的品種，全書圖片以實體尺寸呈現，讓讀者再也不會因為壓縮或放大的比例而有了錯誤的認識。 \r\n\r\n"}
{"書名":"台灣蔬果生活曆","書籍網站":"https:\/\/www.kingstone.com.tw\/\/basic\/2014810003777?zone=book&lid=book_class3_egz&actid=book_class3_egz","作者":"陳煥堂","出版社":"天下文化  ","ISBN":9789864176830.0,"圖片網址":"https:\/\/cdn.kingstone.com.tw\/book\/images\/product\/20148\/2014810003777\/2014810003777b.jpg","書籍簡介":"\r\n\r\n色彩鮮豔垂涎欲滴的蔬果，哪一種最當令、最好吃？ 台灣尋常又獨特的81種四季蔬果， 依春夏秋冬不同節令一一登場， 喚醒的是古早的、鄉土的、清晰的台灣味覺記憶， 還有怎麼吃最順天應人， 更有關健康、疼惜土地的倫理觀。 ．新聞局中小學優良課外讀物 ．兒童文學學會「好書大家讀」推薦好書 當令蔬果季節登場：內容依春夏秋冬不同節令，介紹台灣獨特、常見的81種蔬菜水果。開春之際，短期作物剛要播種，多年生的植物也才復甦，就食用果菜而言，春天是個青黃不接的時期。早春時節，就數農曆的正月蔥和二月韭，以及新收的蒜頭好吃；入夏之後，是各種瓜果和豆筴的成熟期。夏天缺葉菜，即使是全年可收的蕃薯葉、龍鬚菜、川七、空心菜、莧菜，Ａ菜等等，都因為暑氣太重而略帶苦味；金色的秋天裡，有麻竹筍和二次收成的箭竹筍可吃，南部的菱角、皇帝豆、蓮藕，和中部坡地的山藥、芋頭，拿來燉排骨，各有細緻的清香，吃起來餘韻悠長，那是秋的氣息。入冬之後，是愛吃青菜者的黃金時段，冬天吃各色蔬菜，特別感到身在寶島的幸福……。透過一年中輪番上陣的蔬果，味覺似乎回復到古早時候，對季節性作物引頸期待、全心品嚐。 編輯在校對本書文稿時，不時發出讚歎，說是每一篇都叫人齒頰生津、口水直吞嚥。這真是前所未有的經驗，平平常常的蔬果，在作者筆下，竟揮灑出古早的、鄉土的、清晰的味覺記憶。看著看著，形色出現了，味道上揚了，濃濃的台灣味與兒時記憶全來了。 藉由蔬菜水果，台灣四季的轉換，一入口便心知肚明；台灣人講究食蔬啖果，怎麼吃最順天應人，除了有關健康，還有關疼惜土地的倫理。這本書，讀來輕輕鬆鬆，很多歡笑，很多親切，很多知識，很實用，很台灣。\r\n                    \r\n"}
{"書名":"亞馬遜的殺人樹：世界植物未解謎","書籍網站":"https:\/\/www.kingstone.com.tw\/\/basic\/2013700009752?zone=book&lid=book_class3_egz&actid=book_class3_egz","作者":"王怡","出版社":"驛站      ","ISBN":9789867448736.0,"圖片網址":"https:\/\/cdn.kingstone.com.tw\/book\/images\/product\/20137\/2013700009752\/2013700009752b.jpg","書籍簡介":"\r\n\r\n地球的主人到底是誰？是人類、是動物，還是那些植物？幾億年前，最早的植物是怎樣出現的；它們又是怎樣佔據了整個陸地的；有哪些千奇百怪的植物；又有哪些千奇百怪的現象。在神奇的植物王國裡，還有太多太多的奧秘存在，因此，懷著對大自然無窮無盡的興趣去探索去發掘，人們一定會有更多的收穫。\r\n                    \r\n"}
{"書名":"台灣水生植物地圖","書籍網站":"https:\/\/www.kingstone.com.tw\/\/basic\/2013730007292?zone=book&lid=book_class3_egz&actid=book_class3_egz","作者":"李松柏","出版社":"晨星      ","ISBN":9789574558667.0,"圖片網址":"https:\/\/cdn.kingstone.com.tw\/book\/images\/product\/20137\/2013730007292\/2013730007292b.jpg","書籍簡介":"\r\n\r\nØ\t詳實解說水生植物生態詳述水生植物的定義、特性及成長環境。依特有種、歸化種、稀有種；食用、觀賞用、水族箱用等分類，介紹台灣最具特色的水生植物。Ø\t22精選臺灣水生植物觀賞景點介紹全台最適合觀察水生植物的22個地點，及該地區最具特色的水生植物。Ø\t205種臺灣水生植物圖鑑解說台灣205種水生植物的特徵及分布，圖解每一種植物的植株、花、果實等部位，輕鬆辨識索引。\r\n\r\n"}
{"書名":"綠野芳蹤《野綠的實用札記》","書籍網站":"https:\/\/www.kingstone.com.tw\/\/basic\/2013700009042?zone=book&lid=book_class3_egz&actid=book_class3_egz","作者":"林仲剛","出版社":"文興出版  ","ISBN":9789868074392.0,"圖片網址":"https:\/\/cdn.kingstone.com.tw\/book\/images\/product\/20137\/2013700009042\/2013700009042b.jpg","書籍簡介":"\r\n\r\n這是一頁頁生活點滴的記事，是我對周遭綠意的小小收穫與心得，有趣味的，有感性的，有實用的，還有一份期許的心意.....\r\n                    \r\n"}
{"書名":"台灣一葉蘭","書籍網站":"https:\/\/www.kingstone.com.tw\/\/basic\/2014350102398?zone=book&lid=book_class3_egz&actid=book_class3_egz","作者":"鄭美麗","出版社":"晨星      ","ISBN":9789575837778.0,"圖片網址":"https:\/\/cdn.kingstone.com.tw\/book\/images\/product\/20143\/2014350102398\/2014350102398b.jpg","書籍簡介":"\r\n\r\n圖文並茂    具欣賞及教育功能\r\n    《台灣一葉蘭》是台灣特有植物，由於花姿幽雅，1920年首度英國皇家園藝會獲獎，至1975年共獲得六次，但受此盛名之累也因廣獲歐美愛爾蘭人士喜愛，於是國人大量採集帶花苞假球莖外銷，使得原本在野外悠游的她，頻遭覬覦濫採，種下瀕臨滅絕的命運。\r\n\r\n    為解開叱吒台灣特有蘭科植物的神秘面紗及為保護此珍貴植物資源，於是在阿里山成立台灣一葉蘭自然保留區。\r\n\r\n    作者細膩觀察阿里山地區台灣一葉蘭的形態、生長週期、生育地需求、族群消長，透過本書鉅細靡遺的介紹，藉由相機記錄其族群生長點滴，使國人遺忘的驕傲再度綻放光芒，相信讀者對阿里山的認知不只局限在神木、鐵道、日出、雲海…，尚有懸居在峭壁上的台灣一葉蘭。\r\n作者簡介\r\n鄭美麗\r\n\r\n　1970年生於屏東，中興大學森林碩士畢業。現任職於嘉義林管處。自小即喜愛大自然，以觀察植物為樂，擅長植物分類及其解說，熱衷推動本土自然環境保育，在阿里山地區從事動植物資源調查與保育近七年，並藉由辦理自然生態解說活動散播自然保育種子，喚醒社會大眾關懷自然、愛護自然之情操。且長期觀察、研究阿里山的台灣一葉蘭族群之生態變化。\r\n                    \r\n"}
{"書名":"大地有情：台灣植物的四季","書籍網站":"https:\/\/www.kingstone.com.tw\/\/basic\/2013750001546?zone=book&lid=book_class3_egz&actid=book_class3_egz","作者":"陳月霞(文、攝影)","出版社":"玉山社    ","ISBN":9789579361170.0,"圖片網址":"https:\/\/cdn.kingstone.com.tw\/book\/images\/product\/20137\/2013750001546\/2013750001546b.jpg","書籍簡介":"\r\n\r\n本書不同於一般以植物的分類作敘述的書，而是從植物的生態與生命現象著手。\r\n \r\n  本書裡的植物，有許許多多是台灣的原住民，\r\n我們叫「台灣原生植物」或「台灣固有植物」；\r\n有些更是全世界只有台灣才有的，我們叫「台灣特有植物」。\r\n\r\n  也有不少是外來移民，但現在已經歸化台灣，我們叫「馴化植物」；\r\n無論特有、原生或馴化，我們都叫「本地植物」；\r\n至於少部分從台灣以外的地區來，但截至目前為止，並沒有歸化的植物，\r\n則叫「外來植物」。\r\n \r\n  本書作者以300多張精彩攝影呈現自然的唯美與藝術美學，\r\n再以深情的文字引領您進入土地倫理的呼喚，以及用科學的紀錄方式\r\n展現和讀者互動的植物情報。\r\n\r\n\r\n\r\n  本書名為《台灣植物的四季》，主要是以台灣本地植物與本地氣候之間，\r\n環扣相牽的依存關係為要，\r\n事實上位於亞熱帶地區的台灣，基本上並沒有明顯的四季。\r\n \r\n  如果你對台灣氣候與植物之間的認知，還停留在中國黃河流域的二十四節氣，\r\n或是地球其他中、高緯度地區的典型四季，那麼你就落伍了。\r\n \r\n  台灣的季節其實是「很台灣」的。\r\n \r\n  翻閱這本書，你可能發現，台灣並沒有很明顯的四季味道，\r\n但這樣的「四季」就是很寫實的「台灣植物的四季」。\r\n\r\n  如果你對書中提到的植物有興趣，\r\n那麼書末列出有關植物個別生活敘述，對你將有些許幫助。\r\n\r\n  你可以依據每一種植物海拔分布與季節像貌，在台灣的適當角落和它相遇，\r\n你會發現，其實許多植物就在後院無人在意的角落，\r\n或安全島上，或任何荒地、路邊，\r\n和你一樣在呼吸骯髒的空氣。\r\n\r\n  至於人與土地、植物之間情誼的建立，則需要大夥兒更多的細心與關心。\r\n                    \r\n"}
{"書名":"改變世界的植物(2015版)","書籍網站":"https:\/\/www.kingstone.com.tw\/\/basic\/2013760006234?zone=book&lid=book_class3_egz&actid=book_class3_egz","作者":"托比．馬斯格雷夫","出版社":"華滋文化  ","ISBN":9789865767235.0,"圖片網址":"https:\/\/cdn.kingstone.com.tw\/book\/images\/product\/20137\/2013760006234\/2013760006234b.jpg","書籍簡介":"\r\n\r\n茶、煙草、甘蔗、罌粟、棉花、金雞納樹和橡膠樹這七種植物，經過貿易車輪的潤滑，至今依然是許多國家交換財富的綠色寶石。從美洲到中國，從印度到巴西，多少間諜與探險者紛紛粉墨登場，演繹著這些植物的不平凡歷史，其驚險的故事跌宕起伏、令人驚心動魄。三百多年來，植物一直處於歐洲貿易和權力的核心。本書講述關於茶、煙草、甘蔗、罌粟、金雞納樹、棉花與橡膠樹，這七種植物的故事。它們的開發和栽培，改變了美國、中國、印度、巴西等國家的命運。本書探討了錯綜複雜的海外貿易歷史，殖民擴張的啟動和趨勢，在那個諜影閃動、逼人為奴、驚心動魄的黑暗歷史裡，蘊藏著多麼燦爛輝煌的財富與掠奪的故事。無論是在美洲搶占殖民地、控制印度資源，還是從中國走私茶葉，進行非法的鴉片貿易，追逐財富的故事，個個引人入勝、意義深長。植物的故事本來就五彩繽紛，多采多姿，神花異草的國內外神話傳說也自是形形色色，從高瞻遠矚的種植主、受盡壓迫的奴工，到甘冒海盜、海難風險的商人，人們為利而行、為利獻身，使植物的故事添加了更多神秘的色彩。各章所講述的探險者，確有其人，珍貴的歷史圖片更生動地重現當年的場景，令讀者如身臨其境。這些曾在英國和其他國家歷史上發生過的驚心動魄的故事，為今日人們觀看世界，提供了一個獨特的視角。\r\n                    \r\n"}
{"書名":"改變世界的探險家：植物獵人","書籍網站":"https:\/\/www.kingstone.com.tw\/\/basic\/2013700013957?zone=book&lid=book_class3_egz&actid=book_class3_egz","作者":"托比．馬斯格雷夫","出版社":"華滋文化  ","ISBN":9789865767334.0,"圖片網址":"https:\/\/cdn.kingstone.com.tw\/book\/images\/product\/20137\/2013700013957\/2013700013957b.jpg","書籍簡介":"\r\n\r\n\r\n航海時代的另類秘寶，探險家賭上國家和名譽的資源競爭──\r\n快進入世界鮮為人知的蠻荒秘境，發掘未被知曉的植物吧！\r\n\r\n 南美、西藏、巴布亞紐幾內亞……世界上只要有人煙罕見的叢林，與世隔絕的山谷，就會有「植物獵人」冒險犯難的足跡。這些植物獵人不只需要植物的專業知識，擁有過人的求生技巧，還得衷心祈求自己能夠無比幸運：\r\n\r\n 一位引進眾多針葉樹的探險家，掉入陷阱，慘死在公牛角下；\r\n 一位發現300多種杜鵑花科的探險家，在一次反叛暴動中遭遇襲擊，成為僅有的兩名倖存者之一！\r\n 更有因為喜馬拉雅山脈杜鵑花科灌木的發現，導致一個古老王國，不幸被大英帝國無情的吞併。\r\n\r\n 他們出自不同的原因，奉獻自己畢生的精力，蒐集成千上萬的新植物品種，貢獻於200年來人類的園藝、科學和經濟。孤挺花、紫露草、巨冷杉、鬱金香，當我們觀賞著名的花園和苗圃，不斷發出讚嘆聲時，似乎也應該好好記得，為什麼這些成長環境相異的植物會群聚在這裡？\r\n\r\n 本書講述18-20世紀九位著名的植物獵人的英雄壯舉，看到他們如何以艱苦卓絕的冒險精神，以及必須完成使命的堅強決心，徹底地改變了現在世界的景觀與園林。\r\n\r\n本書特色\r\n\r\n ★九位探險家深入各地叢林的冒險傳奇\r\n ★介紹探險家們改變世界園林景觀與植物經濟的偉大發現\r\n ★以植物為例，瞭解航海殖民活動對物種交流、社會、經濟的重大影響\r\n\r\n"}
{"書名":"邪惡植物博覽會 (二版)","書籍網站":"https:\/\/www.kingstone.com.tw\/\/basic\/2018700235712?zone=book&lid=book_class3_egz&actid=book_class3_egz","作者":"艾米．史都華","出版社":"臺灣商務  ","ISBN":null,"圖片網址":"https:\/\/cdn.kingstone.com.tw\/book\/images\/product\/20187\/2018700235712\/2018700235712b.jpg","書籍簡介":"0"}
{"書名":"曉。花草：草叢微觀美學。春卷","書籍網站":"https:\/\/www.kingstone.com.tw\/\/basic\/2013770001472?zone=book&lid=book_class3_egz&actid=book_class3_egz","作者":"華曉玫","出版社":"四塊玉    ","ISBN":9789866334832.0,"圖片網址":"https:\/\/cdn.kingstone.com.tw\/book\/images\/product\/20137\/2013770001472\/2013770001472b.jpg","書籍簡介":"\r\n\r\n今年的春雷響早了，春天的腳步似乎也跟著踟躕起來。一年四季，當屬春天的草叢最是能量盎然，入目盡是新翠潤亮、飽滿肥美。遊賞其間，少了夏日的炙日煎烤，毋須秋時的明察細訪，冬季的蕭瑟蒼涼也不再了…，只消行經，草叢之美便舖天蓋地而來，讓人應接不暇。春天的草叢是大自然送給人們最豐厚的禮物，草叢裡，充斥著各種超現實主義的狂想曲！茯苓菜的小小頭花，像一顆顆綠眼球。唇形科的各種小花草也都適時綻放，忙著以各種姿勢向繞著打轉兒的蜂蝶送出飛吻…。只消一眼，大自然送出的美麗就是你的，錯過，草叢裡花謝花開，依然自在。這個春天，是分享野花的繽紛時刻。曉花草最終篇----春卷掇拾出26篇文章，51種小花草圖像。但願一如春雷驚蟄，為一再錯過草叢驚喜的人打開通往神秘花園的那扇心扉。\r\n                    \r\n"}
{"書名":"改變世界的植物(2013)","書籍網站":"https:\/\/www.kingstone.com.tw\/\/basic\/2013760005282?zone=book&lid=book_class3_egz&actid=book_class3_egz","作者":"托比．馬斯格雷夫","出版社":"華滋文化  ","ISBN":9789866620768.0,"圖片網址":"https:\/\/cdn.kingstone.com.tw\/book\/images\/product\/20137\/2013760005282\/2013760005282b.jpg","書籍簡介":"\r\n\r\n茶、煙草、甘蔗、罌粟、棉花、金雞納樹和橡膠樹這七種植物，經過貿易車輪的潤滑，至今依然是許多國家交換財富的綠色寶石。從美洲到中國，從印度到巴西，多少間諜與探險者紛紛粉墨登場，演繹著這些植物的不平凡歷史，其驚險的故事跌宕起伏、令人驚心動魄。三百多年來，植物一直處於歐洲貿易和權力的核心。本書講述關於茶、煙草、甘蔗、罌粟、金雞納樹、棉花與橡膠樹，這七種植物的故事。它們的開發和栽培，改變了美國、中國、印度、巴西等國家的命運。本書探討了錯綜複雜的海外貿易歷史，殖民擴張的啟動和趨勢，在那個諜影閃動、逼人為奴、驚心動魄的黑暗歷史裡，蘊藏著多麼燦爛輝煌的財富與掠奪的故事。無論是在美洲搶占殖民地、控制印度資源，還是從中國走私茶葉，進行非法的鴉片貿易，追逐財富的故事，個個引人入勝、意義深長。植物的故事本來就五彩繽紛，多采多姿，神花異草的國內外神話傳說也自是形形色色，從高瞻遠矚的種植主、受盡壓迫的奴工，到甘冒海盜、海難風險的商人，人們為利而行、為利獻身，使植物的故事添加了更多神秘的色彩。本書各章所講述的探險者，確有其人，珍貴的歷史圖片更生動地重現當年的場景，令讀者如身臨其境。這些曾在英國和其他國家歷史上發生過的驚心動魄的故事，為今日人們觀看世界，提供了一個獨特的視角。\r\n                    \r\n"}
{"書名":"曉。花草－草叢微觀美學。冬卷","書籍網站":"https:\/\/www.kingstone.com.tw\/\/basic\/2013770001342?zone=book&lid=book_class3_egz&actid=book_class3_egz","作者":"華曉玫","出版社":"四塊玉    ","ISBN":9789866334726.0,"圖片網址":"https:\/\/cdn.kingstone.com.tw\/book\/images\/product\/20137\/2013770001342\/2013770001342b.jpg","書籍簡介":"\r\n\r\n冬日的野地並不寂寥其中有清芬味美的十字花科野菜到處茂長小太陽似的各色野菊伏地微笑 還有諸多在晚秋發芽的冬型植物因為喜歡冷涼，紛紛從泥土裡甦醒過來拔地竄高，迎風招搖！為冬日漫遊刻畫無數美麗的記憶篇章。本書共收錄23篇賞花文章，介紹49種冬季小花草圖像喜歡草叢漫遊的業餘野花觀察作家華曉玫繼曉花草夏卷及秋卷之後的最新力作介紹冬日裡的美麗野花草感謝這些不畏冬寒的野地常勝軍，讓寒冷的冬天少了凋零殘敗，盡是欣欣向榮。\r\n                    \r\n"}
{"書名":"食用花卉及瓜果圖鑑","書籍網站":"https:\/\/www.kingstone.com.tw\/\/basic\/2013760004810?zone=book&lid=book_class3_egz&actid=book_class3_egz","作者":"徐曄春、孫光聞","出版社":"晨星      ","ISBN":9789861775197.0,"圖片網址":"https:\/\/cdn.kingstone.com.tw\/book\/images\/product\/20137\/2013760004810\/2013760004810b.jpg","書籍簡介":"\r\n\r\n286種常見食用花卉及瓜果550張生態特寫圖片讓您認識植物的食用部位及營養價值您知道美麗的花卉除了可萃取提煉成芳香精油外，其實它們含有多種營養，相當適合料理為可口佳餚嗎？你知道常被作為行道樹的烏欖，它的果肉在醃製後能入菜食用嗎？透過本書的介紹，讓您了解這些漂亮的花卉及果實不僅可供欣賞，甚至還有食用價值喔！◎收錄台灣常見286種常見花卉及瓜果本書收錄286種常見食用花卉及瓜果，除了介紹它們的形態特徵外，並說明其地理分布、生長習性、應用方式。◎翔實解說各種植物的食用部位及方法據說吃了神祕果之後，味覺會被暫時改變，縱使吃了再酸的東西，依然會覺得甘甜。流蘇樹的嫩葉可代茶葉，因此又有「茶葉樹」之稱。透過本書的介紹，除了讓您了解植物的哪些部位可供食用外，相信也會讓您對這些常見花卉及瓜果有更深層的認識喔！◎550張植株生態照、花果葉局部特寫照，讓您輕鬆掌握辨認特徵。◎辨識摺頁隨身帶著走，方便您在戶外對照使用。本書特色台灣第一本最完整的食用花卉與瓜果圖鑑，讓讀者深入了解可食用的植物，與自身的生活連結。\r\n                    \r\n"}
{"書名":"曉。花草－草叢微觀美學。秋卷","書籍網站":"https:\/\/www.kingstone.com.tw\/\/basic\/2013770001212?zone=book&lid=book_class3_egz&actid=book_class3_egz","作者":"華曉玫","出版社":"四塊玉    ","ISBN":9789866334610.0,"圖片網址":"https:\/\/cdn.kingstone.com.tw\/book\/images\/product\/20137\/2013770001212\/2013770001212b.jpg","書籍簡介":"\r\n\r\n小野花，正在腳下編織秋色！秋天的草叢裡隱藏了各色絕美，卻不像大樹會渲染出數大的斑斕，鬧著你不注意也難！它們總是含蓄而緘默地，在人們腳下編織秋色，看到了，便有一場視覺饗宴，得以享受！錯過了，可惜！而小花草依然自在。秋卷共收錄了25篇文章、37種小花草，不冷不熱，秋高氣爽的快活日子，正是出門賞花的絕佳時機！\r\n                    \r\n"}
{"書名":"曉。花草：草叢微觀美學。夏卷","書籍網站":"https:\/\/www.kingstone.com.tw\/\/basic\/2013770001182?zone=book&lid=book_class3_egz&actid=book_class3_egz","作者":"華曉玟","出版社":"四塊玉    ","ISBN":9789866334580.0,"圖片網址":"https:\/\/cdn.kingstone.com.tw\/book\/images\/product\/20137\/2013770001182\/2013770001182b.jpg","書籍簡介":"\r\n\r\n賞花無須求遠，因為足下就有一片綺麗！透過鏡頭的微距視窗，作者意外闖入一個全然陌生的野花世界。在那個世界裡，驚喜與奇觀處處存在，沒想到草叢裡會有細微如蟻的小花，更沒想到，它們的絕色與丰姿美到令人辭窮！從此賞花無須求遠，因為足下就有一片綺麗！本書收錄26篇草叢賞花文章，介紹35種夏日常見的野花超過300張精彩野花圖片請和野花交個朋友吧！熱門的城市輕旅行──草叢漫遊「漫遊草叢的樂趣為我打開另一扇窗，教我學會觀看！」「曉。花草」一書的作者華曉玫說，過去野生植物對她而言，只有一個名字，叫做雜草。因為下意識地認定它們並無可觀，也就無視於它們的存在。真正展開與植物的交搏，是從養成散步的習慣開始；因為不習慣形單影隻的漫遊，下意識抓了相機作陪，透過微距視窗，意外闖入了一個全然陌生的野花世界。華曉玫在序文中提到：「散步的習慣引領我重新認識身旁的雜草，並且從頭架構出看待它們的視野與態度。活了近半個世紀，由衷感謝這個遲來的機緣，讓我及時學習到，如何欣賞這個地球上跟我同時存在的另一個生物族群。」在那個世界裡，驚喜與奇觀處處存在，沒想到那裡面會有細微如蟻的小花！更沒想到，它們的絕色與丰姿竟是美到令人辭窮！只要眼睛學會微觀，就能品味草叢裡自成風格的野花美學。華曉玫將她的漫遊草叢經驗，形容為一段又一段追尋驚喜的旅程。幾乎每一種相識的野花，她都依稀記得第一次巧遇的情景，是陽光刺眼，抑是剛下過雨，有些就連當時周遭的氣味，都還隱約縈繞在鼻腔…。因為無法預知野花的動向，她說：「每一次的相遇，都是一場serendipity──偶然的發現，戲劇效果十足！」「曉花草──草叢微觀美學。夏卷」是她的第一本野花著作，書中收錄了26篇草叢賞花文章，介紹了36種野花。透過這35種在盛夏熱情綻放的野花，作者推薦與分享了她的草叢行旅經驗，同時想藉這本書告訴大家：「賞花無須求遠，即使花博結束了，住家附近也沒有花園，但只要願意彎腰、低頭，足下就有一片綺麗！」草叢裡的細小野花，正等待人們靜下心來，聆聽它們的秘密，探尋它們超凡脫俗的美。這是城市正在流行的綠色輕旅行！賞花無須求遠，因為足下就有一片綺麗！透過鏡頭的微距視窗，作者意外闖入一個全然陌生的野花世界。在那個世界裡，驚喜與奇觀處處存在，沒想到草叢裡會有細微如蟻的小花，更沒想到，它們的絕色與丰姿美到令人辭窮！從此賞花無須求遠，因為足下就有一片綺麗！本書收錄26篇草叢賞花文章，介紹35種夏日常見的野花超過300張精彩野花圖片請和野花交個朋友吧！\r\n                    \r\n"}
{"書名":"沉香譜-神秘的物質與能量(精裝)","書籍網站":"https:\/\/www.kingstone.com.tw\/\/basic\/2023770000863?zone=book&lid=book_class3_egz&actid=book_class3_egz","作者":"蕭元丁","出版社":"躍昇文化  ","ISBN":9789576307447.0,"圖片網址":"https:\/\/cdn.kingstone.com.tw\/book\/images\/product\/20237\/2023770000863\/2023770000863b.jpg","書籍簡介":"\r\n\r\n本書對於「沉香」如何形成，產地那裡、多少種類、怎樣採取、有啥功效、品質鑑定、保存方法、是否靈性、真能避邪、焚香用意、玄奇光暈以及稀世珍寶之「奇南香」，均以審慎態度，分章探索論述。惟其內容亦僅止於大自然知識中已知的片面，至於其所蘊藏的隱秘物質與能量，尚有無限的未知境界等待著聖賢去發掘。『陽剛不屈雖本性，陰柔變易此一時。有言不信維心亨，致命遂志渡明夷。晉象顯現雷雨作，否泰挪移水臨澤。群龍相應行天理，潛見奔躍復騰飛。』過去是己知，未來誰知曉，現在才是真，真的是所有可能的永恆境地，感謝大自然的恩賜。\r\n                    \r\n"}
{"書名":"水生植物","書籍網站":"https:\/\/www.kingstone.com.tw\/\/basic\/2013730007582?zone=book&lid=book_class3_egz&actid=book_class3_egz","作者":"林春吉","出版社":"親親文化  ","ISBN":9789866801495.0,"圖片網址":"https:\/\/cdn.kingstone.com.tw\/book\/images\/product\/20137\/2013730007582\/2013730007582b.jpg","書籍簡介":"\r\n\r\n池塘、湖泊、水田，小溪、河流、河口，這裡住著很多水生植物，有的在水上漂啊漂、有的整株在水裡、水生植物有不同的形態。本書的宗旨，便是提供初學者良好的學習方向。除了介紹水生植物的定義和特色，也針對常見的50種水生植物做詳細的介紹，讓我們一起去拜訪它們吧！\r\n                    \r\n"}
{"書名":"綠意盎然的水中園藝水草養殖百科","書籍網站":"https:\/\/www.kingstone.com.tw\/\/basic\/2014350138021?zone=book&lid=book_class3_egz&actid=book_class3_egz","作者":"快樂熱帶魚","出版社":"楓書坊文化","ISBN":9789866485206.0,"圖片網址":"https:\/\/cdn.kingstone.com.tw\/book\/images\/product\/20143\/2014350138021\/2014350138021b.jpg","書籍簡介":"\r\n\r\n本書特色：本書的內容包羅萬象，如何種植水草的基本知識和應用方法都有很詳盡的說明。只要讀完本書，不論是任何人，都可以輕而易舉地打造一個水草水族箱。永久保存版只要這一本，就讓你徹底認識水草！每個人都可以上手的水中園藝！\r\n                    \r\n"}
{"書名":"植物帝國：七大經濟綠寶石的世界權力史","書籍網站":"https:\/\/www.kingstone.com.tw\/\/basic\/2013740007770?zone=book&lid=book_class3_egz&actid=book_class3_egz","作者":"達托比馬斯","出版社":"序曲文化  ","ISBN":9789866620195.0,"圖片網址":"https:\/\/cdn.kingstone.com.tw\/book\/images\/product\/20137\/2013740007770\/2013740007770b.jpg","書籍簡介":"\r\n\r\n七大經濟綠寶石與世界權力史‧為什麼農民會甘心放棄可填飽肚皮的作物改種經濟作物？‧生產者、暴利者與強權國家之間有著何種微妙的關係？‧難道植物在被引進他鄉時，幕後指使者已有龐大的企圖？曾被列為毒品的菸草、可救人亦可荼毒靈魂的罌栗、被喻為樹上羊毛的棉花、在亞洲具有神效的仙草茶葉、能退燒的樹皮奎寧，及熱帶氣候區第三世界國家少不得的甘蔗與橡膠……，這七大經濟作物，堪稱左右世界權力史的綠寶石。而這些財富種子，皆曾在上個世紀帶來暴利，暴利則引來各種權力傾軋──買賣黑奴、壓榨農民、入侵落後地區以取得殖民地，到了今日，東亞、中美洲仍有不少國家高度依賴這些作物所帶來的收益，唯一不變的是，獲得暴利者仍舊是資本主義社會中的強權國家。專精經濟作物、植物歷史與社會學的作者達‧托比‧馬斯格雷夫與威爾‧馬斯格雷夫合著的本書，細膩地剖析了七種植物對世界經濟的重大影響。從它們的用途、發源地、散播過程講起，直到社會經濟、歷史與這些植物間的關係。全然不同的西方觀點將刺激閱讀者思考其詭祕之處，而全書多幀風格強烈、用色瑰麗的圖鑑式插圖，更是教人驚豔不已。\r\n                    \r\n"}
{"書名":"爬野樹的人","書籍網站":"https:\/\/www.kingstone.com.tw\/\/basic\/2013770000710?zone=book&lid=book_class3_egz&actid=book_class3_egz","作者":"理查．普雷斯頓","出版社":"遠流      ","ISBN":9789573263326.0,"圖片網址":"https:\/\/cdn.kingstone.com.tw\/book\/images\/product\/20137\/2013770000710\/2013770000710b.jpg","書籍簡介":"\r\n\r\n在美國西北部，隱藏在多霧的溫帶雨林裡，有許多全世界最巨大、最高聳的生物--那是神秘的千年紅杉森林。地球上已有百分之九十六的紅杉遭到砍伐，但在深遠不為人知的加州森林裡，依然保存了少數未曾有人發現的巨樹，最高可達一百多公尺，相當於三十五層樓高，樹幹更達九公尺寬，整棵樹宛如一座巨大的尖塔般教堂，伸入山中雲深不知處。　　長久以來，人們認為紅杉實在太高了，根本不可能爬到一百多公尺高的樹冠層，因此樹上的生態系是一片前所未知的處女地，有人認為那是「生物荒漠」，完全沒有任何生物；有人則認為那是極其驚人的寶庫，生物種類高達大自然所有物種的一半。終於，結合了植物學家、自然愛好者、攀岩好手、矢志尋找世上最高樹的怪胎等一群人的傻勁與力量，勇敢闖入美麗而危險的紅杉森林，攀上前人未曾攀爬的「野樹」，也逐漸揭開高聳樹冠層的神秘面紗。　　作者普雷斯頓是多本《紐約時報》暢銷書的作者，原本只是為《紐約客》雜誌撰寫攀樹專文，過程中一邊尋找資料、一邊學習攀樹，意外與這群奇特的「攀樹人」相遇。他親自深入這片為人所遺忘的神秘紅杉森林，隨著植物學家攀爬全世界最高聳的巨樹，寫出這本令人難忘的冒險故事。\r\n\r\n"}
{"書名":"藥用植物的故事50則","書籍網站":"https:\/\/www.kingstone.com.tw\/\/basic\/2013760002076?zone=book&lid=book_class3_egz&actid=book_class3_egz","作者":"陳增智","出版社":"旗林文化  ","ISBN":9789866655029.0,"圖片網址":"https:\/\/cdn.kingstone.com.tw\/book\/images\/product\/20137\/2013760002076\/2013760002076b.jpg","書籍簡介":"\r\n\r\n一位中醫師，在小學校園設立一個小而美的藥用植物區，每週三朝會的說中草藥故事時間，每每讓大夥兒聽得入神，連社區民眾也風聞而至…。　　　　　你知道有些路邊小草，是有藥效的中草藥嗎？李時珍的「本草綱目」就記載了一千八百九十二種中草藥。藥用植物是我們祖先經驗的累積，你認識幾種呢？　　　　　就從這一本書開始吧！中醫草藥專業人員、愛聽故事的中小學生，都會愛上的。\r\n                    \r\n"}
{"書名":"台灣野花365天秋冬篇","書籍網站":"https:\/\/www.kingstone.com.tw\/\/basic\/2013760001864?zone=book&lid=book_class3_egz&actid=book_class3_egz","作者":"張蕙芬、張碧員","出版社":"天下文化  ","ISBN":9789864178025.0,"圖片網址":"https:\/\/cdn.kingstone.com.tw\/book\/images\/product\/20137\/2013760001864\/2013760001864b.jpg","書籍簡介":"\r\n\r\n本書榮獲聯合報讀書人年度最佳書獎 1997 年非文學類最佳書獎 一天認識一種野花。 春，是水零零的繽紛季節， 柔柔的陽光，小小嬌嫩的草花， 草間探出頭來的，是蒲公英、黃鵪菜的金色小太陽。 淺山林邊，堇菜類的紫花，矮矮的一叢叢， 野生的杜鵑花海從山坡開始蔓延．．． 一天認識一種野花。 夏，是海邊和高山野花的舞台， 深深的，淺淺的蜜，美麗的花色是熱情的記號， 鮮明地指引夏季的蟲蝶； 懂得化粧術的玉葉金花和大甲草，也把花朵變得又大又美。 一天認識一種野花。 秋，是風兒悠閒花兒忙碌的季節。 成片的芒花在山坡翻搖， 王爺葵散落在平野人家的屋後， 最後一季的高山野花，也要趕在寒冬來前結下種子， 忙碌生長，為了生命的即將結束，即將開始。 一天認識一種野花。 冬，休耕田的野花歡慶新年。 有美麗的紫雲英、泥胡菜和藿香薊， 就不怕收割後的稻田失色， 即使是像小葉灰藋這樣不出色的野草，也弄了滿身花粉。 農人短暫的休息，野花短暫的舞台，每一年都有生命的傳承。 從海邊到高山，從都市叢林到荒野， 一年三百六十五天，看著不同的野花開落， 也許四季不夠分明， 但台灣的野花足以在心中烙下 春夏秋冬的腳步。\r\n                    \r\n"}
{"書名":"台灣新野菜主義","書籍網站":"https:\/\/www.kingstone.com.tw\/\/basic\/2013750005254?zone=book&lid=book_class3_egz&actid=book_class3_egz","作者":"吳雪月","出版社":"天下文化  ","ISBN":9789864177639.0,"圖片網址":"https:\/\/cdn.kingstone.com.tw\/book\/images\/product\/20137\/2013750005254\/2013750005254b.jpg","書籍簡介":"\r\n\r\n取自「吃草民族」——阿美族的野菜文化精髓，『台灣新野菜主義』提供你最自然、野趣的原始味覺。　　　　本書從認識植物、採摘野菜、簡單烹飪出發，進一步引導體驗置身原野、親耕播種的充實愉悅。在現代人親近自然的同時，若能習得老祖先的生存智慧，必定更能珍惜，更能瞭解人與土地共存共榮的自然法則。　　　　『台灣新野菜主義』源自於阿美族的野菜文化與生活智慧，期待以實際可用的方式，將野菜帶入生活，是一本兼具功能、文化與趣味的植物書。認識野菜實際採食　　　　本書介紹的63種野生植物，都有完整的辨認特徵與植物特性解說。傳統阿美族人的運用方式、食用情況及現代阿美族人的調理方法，也一一在書中展現。對一般讀者而言，這是一本認識身邊野菜的植物書；也是可實際操作的採集嚐鮮手冊。文化懷舊的鄉間紀事　　　　作者成長於50年代的鄉間部落，老祖母的話依稀在耳邊，周遭的自然環境是個大型玩具屋，充滿野趣、野味；幾十年來，記憶中的童玩、野食、部落的一草一木，至今仍清晰可見。文中處處是阿美族人的生活智慧；充滿對植物、對族人熱情而體貼的民族采風。健康原味的飲食主張　　　　傳統的阿美族社會對野生植物的依存度相當高，山蔬野果是日常的裹腹食物，也是醫療治病的良方。他們注重原味，健康的飲食哲學正是現代人迫切需要的。書中也正面引導如何入山林採摘野菜，如何在自家庭院、陽台親耕播種，建立現代人親近自然的飲食生活觀。榮獲：新聞局金鼎獎2001 年優良圖書獎 兒童文學學會「好書大家讀」2000年度好書獎 兒童文學學會「好書大家讀」 中國時報開卷周報「一周好書榜」 聯合報讀書人「每周新書金榜」 新聞局「中小學優良課外讀物」\r\n\r\n"}
{"書名":"植物獵人","書籍網站":"https:\/\/www.kingstone.com.tw\/\/basic\/2013740006568?zone=book&lid=book_class3_egz&actid=book_class3_egz","作者":"達托比","出版社":"高談文化  ","ISBN":9789867101129.0,"圖片網址":"https:\/\/cdn.kingstone.com.tw\/book\/images\/product\/20137\/2013740006568\/2013740006568b.jpg","書籍簡介":"\r\n\r\n世界上有無數的人，熱愛園藝、喜歡觀賞著名的花園和苗圃。當我們佇立，對周遭五彩繽紛的植物讚不絕口，或驚呼著翹首眺望參天大樹時，卻很少有人會去追問它們的來源，更鮮少有人會去思考：這些植物當初是如何來到這裡的？ 曾經有位發現300多種杜鵑花科灌木的探險家，在一次反叛暴動中遭遇襲擊，成為僅有的兩名倖存者之一！ 還有一位將多種松柏目植物，引入大英帝國的植物獵人，慘死在公牛的牛牴之下。 更有因為喜馬拉雅山脈杜鵑花科灌木的發現，導致一個古老王國，不幸被大英帝國無情的吞併。 當我們觀賞著這些美麗的植物，不斷發出讚嘆聲時，關於這些植物離鄉背景的旅行經歷，知道多少呢？ 本書講述九位優秀的植物獵人，他們冒險進入未知的蠻荒領域，發現並引進大量的新異域植物，他們的英雄壯舉，左右了200年來園藝的發展，其影響力不容小覷。 我們將從本書當中，看到植物獵人們艱苦卓絕的冒險犯難精神，以及他們所發現的珍貴植物，是如何永久地改變了全球各地的園林景觀。\r\n                    \r\n"}
{"書名":"改變世界的植物","書籍網站":"https:\/\/www.kingstone.com.tw\/\/basic\/2013740006438?zone=book&lid=book_class3_egz&actid=book_class3_egz","作者":"達托比","出版社":"高談文化  ","ISBN":9789867101099.0,"圖片網址":"https:\/\/cdn.kingstone.com.tw\/book\/images\/product\/20137\/2013740006438\/2013740006438b.jpg","書籍簡介":"\r\n\r\n三百多年來，植物一直處於歐洲貿易和權力的核心。本書講述關於茶、煙草、甘蔗、罌粟、金雞納樹、棉花與橡膠樹，這七種植物的故事。它們的開發和栽培，改變了美國、中國、印度、巴西等國家的命運。本書探討了錯綜複雜的海外貿易歷史，殖民擴張的啟動和趨勢，在那個諜影閃動、逼人為奴、驚心動魄的黑暗歷史裡，蘊藏著多麼燦爛輝煌的財富與掠奪的故事。無論是在美洲搶占殖民地、控制印度資源，還是從中國走私茶葉，進行非法的鴉片貿易，追逐財富的故事，個個引人入勝、意義深長。植物的故事本來就五彩繽紛，多采多姿，神花異草的國內外神話傳說也自是形形色色，從高瞻遠矚的種植主、受盡壓迫的奴工，到甘冒海盜、海難風險的商人，人們為利而行、為利獻身，使植物的故事添加了更多神秘的色彩。本書各章所講述的探險者，確有其人，珍貴的歷史圖片更生動地重現當年的場景，令讀者如身臨其境。這些曾在英國和其他國家歷史上發生過的驚心動魄的故事，為今日人們觀看世界，提供了一個獨特的視角。\r\n                    \r\n"}
{"書名":"台灣特有植物發現史","書籍網站":"https:\/\/www.kingstone.com.tw\/\/basic\/2023720000103?zone=book&lid=book_class3_egz&actid=book_class3_egz","作者":"吳永華","出版社":"晨星      ","ISBN":9789861770000.0,"圖片網址":"https:\/\/cdn.kingstone.com.tw\/book\/images\/product\/20237\/2023720000103\/2023720000103b.jpg","書籍簡介":"\r\n\r\n本書蒐集台灣自十九世紀清治以降（1854－2003），百年來台灣特有的高等維管束植物研究史料。內容涵蓋了蕨類植物、裸子植物、雙子葉植物與單子葉植物。本書以年表的形式，將採集記事與研究出版相互對照，並附錄近年來在宜蘭發現的新種植物，以及相關人名、地名等分類索引。資料豐富、圖文並茂，是研究台灣特有植物發展史上，不可或缺的重要參考工具書。\r\n                    \r\n"}
{"書名":"和大自然做朋友系列四：和紅樹林生物做朋友","書籍網站":"https:\/\/www.kingstone.com.tw\/\/basic\/2013730006950?zone=book&lid=book_class3_egz&actid=book_class3_egz","作者":"人人      ","出版社":"停售","ISBN":9789867916624.0,"圖片網址":"https:\/\/cdn.kingstone.com.tw\/book\/images\/product\/20137\/2013730006950\/2013730006950b.jpg","書籍簡介":"\r\n\r\n台灣，曾經是數百年前葡萄牙人稱讚的「福爾摩沙」──青翠之島；曾經，台灣島上滿布原始森林，梅花鹿隨處可見；在台灣的西部海岸也曾有大片紅樹林分布，孕育了許多魚類，讓人類有永續捕撈的魚獲。　　然而，數百年來的開發，卻造成台灣自然環境無可挽回的破壞。生態的枯竭，造成生活的日益艱困，讓人們重新省思自己的行為舉措是否適當。紅樹林也不例外，早期，它被視為充滿惡臭、一文不值的瘴癘之地，最好是砍除填平以提供一些有用的價值；但它也在台灣的保育史上立下劃時代的新頁︰民國68年，淡水竹圍紅樹林曾有砍伐改為住宅區之議，經保育界人士大力奔走呼籲，幾番波折才得以保存。這是台灣光復後，第一次以保育的力量，成功地阻擋了開發、破壞的腳步。以往，對紅樹林生態系的研究相當稀少，即使如螃蟹等物種的鑑定也極為缺乏，但自此開始，國內生態學者將心力投注於以往被忽略的領域，終於獲致豐富的研究成果。　　筆者撰寫本書的目的，是希望藉由圖片與文字，讓廣大的讀者群眾認識紅樹林內豐富而有趣的生命百態，感受台灣能存在如此多樣的生物相，進而產生由衷地感謝及保護觀念。更重要的是，希望讀者都能以平常心認識紅樹林的真面目，不必加諸太多人為的隆寵與偏頗的價值觀，因為過與不及都是對自然的傷害。\r\n\r\n"}
{"書名":"百變水仙造型","書籍網站":"https:\/\/www.kingstone.com.tw\/\/basic\/2019710028622?zone=book&lid=book_class3_egz&actid=book_class3_egz","作者":"朱振民編著","出版社":"萬里機構  ","ISBN":9789621427311.0,"圖片網址":"https:\/\/cdn.kingstone.com.tw\/book\/images\/product\/20197\/2019710028622\/2019710028622b.jpg","書籍簡介":"\r\n\r\n水仙花幽香清雅，是春節最受歡迎的年花之一。很多人都會自己浸水仙，但你知道水仙球只要花點心思雕刻養殖，就可以塑造成千姿百態、獨一無異的盆景嗎？本書系統地教你選擇水仙球、構思造型、雕刻、浸球、養護、以至配盆、命名等。這個春節就來 DIY 一盆屬於你個人風格的水仙盆景吧！\r\n                    \r\n"}
{"書名":"花與授粉的觀察事典","書籍網站":"https:\/\/www.kingstone.com.tw\/\/basic\/2013730006820?zone=book&lid=book_class3_egz&actid=book_class3_egz","作者":"沈競辰","出版社":"晨星      ","ISBN":9789574555413.0,"圖片網址":"https:\/\/cdn.kingstone.com.tw\/book\/images\/product\/20137\/2013730006820\/2013730006820b.jpg","書籍簡介":"\r\n\r\n花朵是植物的魅力所在，是生命的起源，也是一整個世界。 但花朵為何會有不同的形狀與顏色，其中究竟有什麼自然界不為人知的秘密？ \r\n本書以十八個篇章詳述了花在植物界扮演的角色，從開花與植物的關係、花的傳粉方式、花如何吸引授粉者，到媒介授粉的各種動物與昆蟲，翔實又有趣的介紹花與授粉的奧妙世界；並藉由豐富而清晰圖片，呈現了多采多姿的生物世界。 \r\n花朵的生活秘密與有趣的植物授粉世界 \r\n\r\n"}
{"書名":"花賞","書籍網站":"https:\/\/www.kingstone.com.tw\/\/basic\/2014350118337?zone=book&lid=book_class3_egz&actid=book_class3_egz","作者":"王國忠","出版社":"商鼎      ","ISBN":9789574114030.0,"圖片網址":"https:\/\/cdn.kingstone.com.tw\/book\/images\/product\/20143\/2014350118337\/2014350118337b.jpg","書籍簡介":"0"}
{"書名":"台灣野果觀賞情報","書籍網站":"https:\/\/www.kingstone.com.tw\/\/basic\/2013710001234?zone=book&lid=book_class3_egz&actid=book_class3_egz","作者":"賴麗娟","出版社":"晨星      ","ISBN":9789574552764.0,"圖片網址":"https:\/\/cdn.kingstone.com.tw\/book\/images\/product\/20137\/2013710001234\/2013710001234b.jpg","書籍簡介":"\r\n\r\n最生活化的野果觀察入門書 \r\n深度介紹最常見的100種樹木果實 \r\n親近野果的入門知識清晰剖析形形色色的果實世界，並介紹觀察、採集、品嚐、收藏果實的妙方。100種野果的觀賞以有趣的、生活化的方式介紹：可食野果、藥用果實、飛翔果實、童玩果實、有毒果實、實用果實、觀賞果實、誘鳥果實、海漂果實；同時認識各種樹木的生態特色。果實藝術區介紹種子貼畫、果子動物園、童玩飾品，帶您進入果實飾品DIY的有趣、美麗世界。 \r\n\r\n"}
{"書名":"台灣植被誌（第四卷）：檜木霧林帶","書籍網站":"https:\/\/www.kingstone.com.tw\/\/basic\/2023750003723?zone=book&lid=book_class3_egz&actid=book_class3_egz","作者":"陳玉峰","出版社":"前衛      ","ISBN":9789578013346.0,"圖片網址":"https:\/\/cdn.kingstone.com.tw\/book\/images\/product\/20237\/2023750003723\/2023750003723b.jpg","書籍簡介":"0"}
{"書名":"台灣校園植物（下）","書籍網站":"https:\/\/www.kingstone.com.tw\/\/basic\/2013750003540?zone=book&lid=book_class3_egz&actid=book_class3_egz","作者":"李幸祥","出版社":"稻田      ","ISBN":9789572052570.0,"圖片網址":"https:\/\/cdn.kingstone.com.tw\/book\/images\/product\/20137\/2013750003540\/2013750003540b.jpg","書籍簡介":"\r\n\r\n\r\n\t木本植物－木質部發達，莖幹的形成層會不斷地分裂，使其每年不斷地成長、變粗。\r\n\r\n\t \r\n\r\n\t紫檀的樹皮受傷時會流出鮮紅如血的液體；將麵包樹的果實切塊，放在炭火上烤，就像剛出爐的麵包一樣－香氣撲鼻；九重葛的心形葉，很適合當壓花材料；曾為台灣賺取大量外匯的樟樹，其飽滿多汁的漿果是鳥族們的最愛；將竹柏的葉子揉碎，是不是有一股熟悉的「番石榴」味道？\r\n\r\n\t \r\n\r\n\t木棉花開，滿樹的花熱鬧非凡，展現初春的熱情；九芎在秋冬時節葉子落盡時，枝頭掛著裂開的果實，展現另一種蕭瑟的美。\r\n\r\n\t \r\n\r\n\t菩提樹的心形葉，可做成葉脈書籤，寫下自己的心情！\r\n\r\n\t \r\n\r\n\t台灣校園植物－最易親近的大自然，充滿人文氣息的自然教室；只要張大你的眼，走一趟校園，隨風搖曳的枝葉，都會讓你有意想不到的驚奇！\r\n\r\n"}
{"書名":"台灣校園植物（上）","書籍網站":"https:\/\/www.kingstone.com.tw\/\/basic\/2013750003670?zone=book&lid=book_class3_egz&actid=book_class3_egz","作者":"李幸祥","出版社":"稻田      ","ISBN":9789572052563.0,"圖片網址":"https:\/\/cdn.kingstone.com.tw\/book\/images\/product\/20137\/2013750003670\/2013750003670b.jpg","書籍簡介":"\r\n\r\n\r\n\t草本植物－木質部不發達，莖幹柔弱多汁、植株較小，在生長季節終了時多枯死。\r\n\r\n\t \r\n\r\n\t蓮荷的芙蓉之美、君子之節，一直是詩人詠頌的偏愛；旅人蕉巨大的扇子形狀，不禁讓人想到西遊記裡能煽熄火燄山的芭蕉扇；在月光襯托下的曇花，一身潔白，光豔照人，不愧是「月下美人」！\r\n\r\n\t \r\n\r\n\t新娘替親朋好友插頭花時的用花，可將千日紅、雞冠花和扁柏編結在一起使用；番茄引進不到一世紀，已由觀賞植物，堂堂步入台灣蔬菜類的大宗；蟛蜞菊這鮮豔的 小黃花像極了縮小的菊花，是很好的壓花材料；縮砂蔤的葉子煮後放入水中冷卻並加以晾乾，就是包粽子的好材料，一股清香可與竹葉媲美！\r\n\r\n\t \r\n\r\n\t台灣校園植物－最易親近的大自然、充滿人文氣息的自然教室；只要張大你的眼，走一趟校園，隨風搖曳的枝葉，都會讓你有意想不到的驚奇！\r\n\r\n"}
{"書名":"蕈類的100個秘密","書籍網站":"https:\/\/www.kingstone.com.tw\/\/basic\/2013790000776?zone=book&lid=book_class3_egz&actid=book_class3_egz","作者":"日本林業技","出版社":"稻田      ","ISBN":9789572052532.0,"圖片網址":"https:\/\/cdn.kingstone.com.tw\/book\/images\/product\/20137\/2013790000776\/2013790000776b.jpg","書籍簡介":"\r\n\r\n\r\n\t香菇、磨菇、金針菇……都只是蕈類的一小部份。你看過會發光的月夜茸嗎？你聽過蕈蟲的鳴叫聲嗎？電玩中常見的磨菇，其實是有毒的蛤蟆菌你知道嗎？本書以蕈類的一百個話題，帶您一窺生物集團的精緻結構，及蕈類與人類社會的緊密關係。\r\n\r\n"}
{"書名":"台灣植被誌：第一卷：總論及植被帶概論","書籍網站":"https:\/\/www.kingstone.com.tw\/\/basic\/2023750003143?zone=book&lid=book_class3_egz&actid=book_class3_egz","作者":"陳玉峰","出版社":"前衛      ","ISBN":9789578013117.0,"圖片網址":"https:\/\/cdn.kingstone.com.tw\/book\/images\/product\/20237\/2023750003143\/2023750003143b.jpg","書籍簡介":"0"}
{"書名":"蛻變：大安森林公園的誕生","書籍網站":"https:\/\/www.kingstone.com.tw\/\/basic\/2014350108840?zone=book&lid=book_class3_egz&actid=book_class3_egz","作者":"黃大洲","出版社":"正中書局  ","ISBN":9789570913781.0,"圖片網址":"https:\/\/cdn.kingstone.com.tw\/book\/images\/product\/20143\/2014350108840\/2014350108840b.jpg","書籍簡介":"0"}
{"書名":"山林蕨響","書籍網站":"https:\/\/www.kingstone.com.tw\/\/basic\/2013780000298?zone=book&lid=book_class3_egz&actid=book_class3_egz","作者":"陳應欽","出版社":"人人      ","ISBN":9789573088585.0,"圖片網址":"https:\/\/cdn.kingstone.com.tw\/book\/images\/product\/20137\/2013780000298\/2013780000298b.jpg","書籍簡介":"\r\n\r\n本書以欣賞蕨類植物為始，呈現蕨類多樣風貌：有根莖、葉脈、孢子等各式姿態之美。再進而閱讀47種特別的蕨類植物，深入地認識蕨類生態。末章並將蕨類在台灣的分佈、觀賞、藥用與美食做介紹。作者對蕨類的豐富情感在全書盡覽無遺，蕨類的美妙等您來發現。\r\n                    \r\n"}
{"書名":"向小草問好1-3全集","書籍網站":"https:\/\/www.kingstone.com.tw\/\/basic\/2023760001047?zone=book&lid=book_class3_egz&actid=book_class3_egz","作者":"李偲華．林","出版社":"企鵝圖書  ","ISBN":9789570417753.0,"圖片網址":"https:\/\/cdn.kingstone.com.tw\/book\/images\/product\/20237\/2023760001047\/2023760001047b.jpg","書籍簡介":"\r\n\r\n《向小草問好》是花蓮實小兩位老師穿梭校園所收集的實地資料，經過整埋彙編而成。內容全面，從小草的命名、辨異、生長、特性至其實用性、應用性皆做翔實介紹。春天─小草躲貓貓夏季─草兒來接龍秋冬─加油吧！小草　　春天─愛玩的小小草兒，全都悄悄冒出頭來；夏季─的草兒們，歡欣鼓舞，迎接熱情仲夏；秋冬─萬物漸漸蕭條，什麼草兒還不畏寒涼，為大地點綴珍貴的綠意。 \r\n\r\n"}
{"書名":"鬱金香熱","書籍網站":"https:\/\/www.kingstone.com.tw\/\/basic\/2014350103630?zone=book&lid=book_class3_egz&actid=book_class3_egz","作者":"麥可．載許","出版社":"時報文化  ","ISBN":9789571331492.0,"圖片網址":"https:\/\/cdn.kingstone.com.tw\/book\/images\/product\/20143\/2014350103630\/2014350103630b.jpg","書籍簡介":"\r\n\r\n鬱金香的黃金時代\r\n　歐洲歷史上有一段狂熱而離奇的插曲。1636 年秋，荷蘭王國的黃金時代，舉國上下，各行各業，不論皇宮貴胄，販夫走卒，率皆沉醉在歇斯底里的短線進出與買賣交易狂潮中。他們汲汲於追逐、投機與炒作的標的物不是股票、不是外匯、不是土地、黃金或珠寶，而是一朵朵從東方進口到歐洲，纖美欲滴，異國風情醉人的鬱金香。當時的荷蘭人拜倒在鬱金香的花瓣下，從庭園到宮殿，從花插到繪畫，鬱金香成為美的象徵，定義了當代，花價更節節高升，稀奇珍貴的球莖轉手之間，讓阿姆斯特丹街頭平白多出許多百萬富翁，鬱金香貿易最高潮之際，一朵鬱金香甚?\r\n\r\n    麥可．戴許鮮活地重現了這段人類史上第一樁集體貪婪公案，回溯鬱金香從遙遠的天山山脈旅行到歐洲的芳蹤，將所有被這股鬱金香狂潮席捲而不能自已的人，從鄂圖曼帝國蘇丹到荷蘭的羅漢腳，編織在一段活色生香的精采故事中，叫人拍案稱奇，除了是最快意過癮的閱讀享受之外，對映 20 世紀的網路發燒，更值得再三玩味。\r\n作者簡介\r\n麥可．戴許（Mike Dash）\r\n\r\n　於英國劍橋大學修習歷史，並於倫敦大學獲得博士學位，目前係專職作家並出版雜誌，除了《鬱金香熱》之外，還著有另外兩本非文學作品《極限》（Limit, 1995 年）與《邊域》（Borderland, 1997 年）。\r\n譯者簡介\r\n李芬芳\r\n\r\n　1968年生，台大外文系畢業，曾任職中時晚報國際編譯組，現任職媒體編譯，譯有《時間皺紋》（時報）、《暴力失樂園》（時報）、《戰之罪》（智庫）。\r\n                    \r\n"}
{"書名":"重慶森林4","書籍網站":"https:\/\/www.kingstone.com.tw\/\/basic\/2019990039653?zone=book&lid=book_class3_egz&actid=book_class3_egz","作者":"編輯部","出版社":"新形象出版","ISBN":9789579679787.0,"圖片網址":"https:\/\/cdn.kingstone.com.tw\/book\/images\/product\/20199\/2019990039653\/2019990039653b.jpg","書籍簡介":"\r\n\r\n有趣的飾品\r\n　隨著社會的進步，你是否覺得居家環境中，所使用的傢俱、飾品、玩具，盡是一些沒有生命力的人造塑膠製品，反而放著上天賜予我們最直接、最自然的天然材質不去善加利用，其實只要我們花心思去觀察，便會發現原木、竹子的紋理、質感和它特殊的氣味，都是其他材質無法代替的。\r\n\r\n　麻布、麻繩的粗曠特質，更是化學布料所不及的。樹枝的造型、材質的機理，拉菲草的美感‧‧‧‧‧‧等材料，等著你去發現他們其中的趣味、特質喔！\r\n\r\n　發揮你的想像力，將手邊的材料隨意的拼湊，有趣的飾品便完成了，一切就是著麼突然，這麼的奇妙。\r\n                    \r\n"}
{"書名":"台北市常見的有毒植物","書籍網站":"https:\/\/www.kingstone.com.tw\/\/basic\/2023740004747?zone=book&lid=book_class3_egz&actid=book_class3_egz","作者":"台北市政府","出版社":"巿政府觀光","ISBN":9789570248555.0,"圖片網址":"https:\/\/cdn.kingstone.com.tw\/book\/images\/product\/20237\/2023740004747\/2023740004747b.jpg","書籍簡介":"\r\n\r\n也許你聽過莢竹桃、大花曼陀羅、姑婆竽等植物具有毒性，但是你可能不知道我們常吃的甜瓜、枇杷、梅子居然也有毒！不過，別緊張，讓《台北市常見的有毒植物》為你解毒。 本書由台北市政府新聞處發行，邀請台灣省立博物館植物學組組長鄭元春老師以田野調查的方式，遍及台北市的公園、學校、山區，以及日常生活中經常可見到有毒植物的地方，蒐集了多達一百六十餘種有毒植物，介紹每種有毒植物的觀察重點及有毒部位，同時每種植物皆搭配精彩的圖片，讓大家充分認識各種有毒植物。以避免人畜誤食、誤觸。本書並為各書局、書展之常年暢銷書。\r\n                    \r\n"}
{"書名":"台灣植被誌第三卷(上)","書籍網站":"https:\/\/www.kingstone.com.tw\/\/basic\/2023750002221?zone=book&lid=book_class3_egz&actid=book_class3_egz","作者":"陳玉峰","出版社":"前衛      ","ISBN":9789578011816.0,"圖片網址":"https:\/\/cdn.kingstone.com.tw\/book\/images\/product\/20237\/2023750002221\/2023750002221b.jpg","書籍簡介":"0"}
{"書名":"台灣植被誌第三卷(下)","書籍網站":"https:\/\/www.kingstone.com.tw\/\/basic\/2023750002351?zone=book&lid=book_class3_egz&actid=book_class3_egz","作者":"陳玉峰","出版社":"前衛      ","ISBN":9789578011823.0,"圖片網址":"https:\/\/cdn.kingstone.com.tw\/book\/images\/product\/20237\/2023750002351\/2023750002351b.jpg","書籍簡介":"0"}
{"書名":"我要認識日常的蔬果","書籍網站":"https:\/\/www.kingstone.com.tw\/\/basic\/2023000016558?zone=book&lid=book_class3_egz&actid=book_class3_egz","作者":"鄭元春","出版社":"渡假出版社","ISBN":9789576231490.0,"圖片網址":"https:\/\/cdn.kingstone.com.tw\/book\/images\/product\/20230\/2023000016558\/2023000016558b.jpg","書籍簡介":"\r\n\r\n辣椒\r\n    又名「番仔薑」、「番椒」等，原產於中南美，是一年至多年生草本或亞冠木，品種很多，果形及果實大小均變化多端。\r\n\r\n    有些專供調味食物用，有些則專供觀賞，上帝對這種食物可真是下過一番功夫的。\r\n\r\n    多吃辣椒可發汗趨寒、興奮刺激等，但患有關節炎或胃病以及對新辣敏感的人不可多吃。辣椒嫩葉含有大量的維他命A、C，可當蔬菜炒食。繁殖用播種法，栽培容易。\r\n作者簡介\r\n    鄭元春，台大植物研究所畢業，現在任職省立博物館植物學組組長。工作之餘，經常於各大報刊、雜誌撰寫植物專欄。曾任中視「兒童天地」......等節目之指導老師。\r\n\r\n    著有：台灣的常見野花、台灣的海濱植物、野菜、特用植物、有毒植物......等書。\r\n                    \r\n"}
{"書名":"圖解造園施工手冊","書籍網站":"https:\/\/www.kingstone.com.tw\/\/basic\/2014350025987?zone=book&lid=book_class3_egz&actid=book_class3_egz","作者":"王銘琪","出版社":"合歡      ","ISBN":null,"圖片網址":"https:\/\/cdn.kingstone.com.tw\/book\/images\/product\/20143\/2014350025987\/2014350025987b.jpg","書籍簡介":"0"}
{"書名":"草坪學及應用技術","書籍網站":"https:\/\/www.kingstone.com.tw\/\/basic\/2014350079980?zone=book&lid=book_class3_egz&actid=book_class3_egz","作者":"胡叔良","出版社":"地景      ","ISBN":null,"圖片網址":"https:\/\/cdn.kingstone.com.tw\/book\/images\/product\/20143\/2014350079980\/2014350079980b.jpg","書籍簡介":"0"}
