{"書名":"語言本能：探索人類語言進化的奧秘（最新中文修訂版）","書籍網站":"https:\/\/www.kingstone.com.tw\/\/basic\/2018000029233?zone=book&lid=book_class3_ezz&actid=book_class3_ezz","作者":"史迪芬．平克","出版社":"商周出版  ","ISBN":9789862729373.0,"圖片網址":"https:\/\/cdn.kingstone.com.tw\/book\/images\/product\/20180\/2018000029233\/2018000029233b.jpg","書籍簡介":"\r\n\r\n\r\n探索人類語言進化的奧秘\r\n人類會說話，就像蜘蛛結網一樣，是與生俱來的本能？\r\n這是認識語言科學必讀的經典著作，也是所有使用語言的人都應該看的書。\r\n\r\n\r\n\t史迪芬．平克是舉世聞名的認知科學家暨心理語言學家。\r\n\r\n\t本書強調：語言是大腦先天存在的配備，如同蜘蛛天生就會結網；語言學習是語言本能的結果，而不是原因。透過日常生活中的有趣例子，平克探究了語言的所有問題：包括語言的運作、計算、改變、演化、嬰兒如何牙牙學語、普遍語法的存在證據、洋涇濱語言的演變，以及語言藍圖的主宰性……。\r\n\r\n\t或許有一天，生物技術真的能夠找到存於腦海裡的文法基因、語言基因。\r\n\r\n\t—世界語言學與心智科學的領導人物，重量級暢銷科普作者！\r\n\t—大膽立論並具備正確的科學知識，豐富精采的敘事風格持續暢銷二十年！\r\n—曾志朗、王士元教授專文推薦。\r\n\r\n得獎紀錄\r\n\r\n\t美國心理協會 基礎科學獎（William James Book Prize）、美國語言學學會 書卷獎（Linguistics, Language and the Public Award）\r\n\r\n\t《新科學人》二十世紀百大科學好書、《紐約時報書評》年度好書、《倫敦泰晤士報》、《波士頓環球報》等八家報紙年度十大好書\r\n\r\n名人推薦\r\n\r\n\t非常有價值的書，資料非常豐富，也寫得非常好。──喬姆斯基（Noam Chomsky），語言學大師\r\n\r\n\t由真正的專家所寫關於語言的書，可讀性非常高。平克非常技巧地把每個人都想知道的語言問題提出來討論，不但從語言學、心理學的專業知識著手，他還有深厚的生物學知識。最主要的是，他知道一般人對於語言學的問題在哪裡，以四兩撥千金的輕鬆方式，撥開雲霧見青天，把人們帶出牛角尖。這本書在科學普及方面立下了不朽的功勞，無疑地會使讀者開始尊敬這個令人驚奇的自然現象——語言。──《自然》（Nature）科學期刊\r\n\r\n\t極重要、極有力的書。論點根據演化生物學的基本精神：表達得非常優雅，沒有故意貶低對手的看法。《語言本能》會引起爭議，但是平克處理得非常漂亮，他很聰明地建構出他的論點，強有力地提出所有證據，並以流暢的文筆加以表達。讀者可以反對平克的論點，但是無法不感受到那個走過平克心靈經驗的喜悅。──《新科學人》（New Scientist）雜誌\r\n\r\n\t史迪芬‧平克的書是給大腦最好的禮物，每個專門領域的天才專家，都希望自己的文章能寫得像平克一樣——一般大眾都能看懂但又不失其專業性和獨創性；即使是外行人也會深深地被他流暢的文筆所吸引。正統的社會學家和社會生物學家會發現：平克挑戰了他們神聖不可侵犯的教條。像我這種學究（或是其他把gender當做sex的人）會乖乖地領教、洗心革面。就算你不同意平克的論點，還是會為他的聰慧所著迷，無法放下這本書。——道金斯（R. Dawkins），《自私的基因》作者\r\n\r\n\t令人讚賞、充滿風趣，無懈可擊的書。最重要的是，他從來沒有看不起讀者，這本書有個精神：就是基本的人道精神。——《紐約時報書評》\r\n\r\n\t令人放不下手的好書，充滿了實驗的結果、科學的觀察、卓越的洞悉力，以及強有力的說服力。讀者同時也會感受到平克教授的幽默；史迪芬‧平克與密西西比河上的生活作者（馬可吐溫）同屬大師級的人物！──《科學人》（Scientific American）\r\n\r\n\t平克使用語言的能力就是本書最強而有力的賣點，帶給讀者很多新知，但卻絲毫不會沉悶；就像大衛．艾登堡（David Attenborough）介紹動物生態，在不用術語的情況下，把困難的科學概念講得一清二楚，字如行雲流水般流過你的心頭。本書開創了嶄新的領域，所談的幾乎都是正確的概念，而且非常有趣，你應該買一本來看。──倫敦《週日泰晤士報》\r\n\r\n\t跑！不要用走的！趕快到最近的書店去買這本《語言本能》。在這本令人暈眩又有趣的知識性書中，平克帶領讀者進入奇妙的語言世界。他省略了一般語言學者的老八股，直接把你帶到語言學的核心。語言是個本能，在發現語言是個本能的過程上，平克讓你發現了心靈的奧秘。了不起的好書！——葛張尼加（M. Gazzaniga），加大神經科學研究中心主任\r\n\r\n\t平克是目前世界上語言學界最頂尖的學者，他非常技巧地捍衛語言的生物機制這個頗有爭議性的議題；在這個過程上，他提供讀者關於語言本質各個問題的最權威答案。《語言本能》是本了不起，不能沒有的書。——迦納（Howard Gardner），哈佛大學教授\r\n\r\n\t平克過去對認知科學很有貢獻，《語言本能》更是劃時代巨作。假如你以為這是喬姆斯基暢銷書的姊妹作，那你就錯了。這本書最特別的地方就是他引用了非常多的發展心理學、認知神經科學，以及演化心理學上的證據來支持他的論點。這是一本極有深度、精彩的書，成功地告訴我們最近人類在習得和應用語言上的新發現，這個人類特殊的能力和科學上的發現一樣令人興奮，一樣卓越。──倫敦《心靈與語言》（Mind and Language）\r\n\r\n"}
{"書名":"近代西方識華生物史","書籍網站":"https:\/\/www.kingstone.com.tw\/\/basic\/2013600027368?zone=book&lid=book_class3_ezz&actid=book_class3_ezz","作者":"羅桂環","出版社":"秀威出版  ","ISBN":9789863265962.0,"圖片網址":"https:\/\/cdn.kingstone.com.tw\/book\/images\/product\/20136\/2013600027368\/2013600027368b.jpg","書籍簡介":"\r\n\r\n歷史上的歐洲人是怎麼認識中國生物的呢？他們又是如何將各種原本生長於西方的動植物引至中國，進而讓它們變成了今天世人所熟悉、但對當時中國人卻可能聞所未聞的模樣？本書根據作者長期研究的資料，介紹了從明代晚期葡萄牙人由海上進入中國到中華人民共和國成立的這段期間，西方各國對中國生物學的考察、收集和研究的情況。本書首先闡述了西方研究對生物學發展的影響，同時也記述了這段時期西方各國將各類動植物引種中國的有關史實，展示了西方對中國作為一個生物多樣性異常豐富的中心，以及他們稱之為「園林之母」和「重要栽培植物起源中心」的認識歷程。本書在敘述生物學與相關歷史的同時，亦展現了中外交流史的重要面向。\r\n                    \r\n"}
{"書名":"沉醉新悅音！ 理想的音響設備","書籍網站":"https:\/\/www.kingstone.com.tw\/\/basic\/2019100150216?zone=book&lid=book_class3_ezz&actid=book_class3_ezz","作者":"林正儀","出版社":"台灣東販  ","ISBN":9789864750788.0,"圖片網址":"https:\/\/cdn.kingstone.com.tw\/book\/images\/product\/20191\/2019100150216\/2019100150216b.jpg","書籍簡介":"\r\n\r\n\r\n悠揚的旋律、華麗的演奏與醉人的嗓音，\r\n時而慷慨激昂、時而溫柔多情，\r\n空氣裡迴盪著令人細細品味的餘韻。\r\n\r\n\r\n無論是古典音樂還是歌劇戲曲，亦或是經典流行歌曲，\r\n聆聽一首樂曲若有適當的音響設備來配合，\r\n就能充分感受創作者的用心、演奏者與演唱者的完美詮釋，\r\n品味樂曲中細膩的情感，並體會它帶來的震撼力。\r\n\r\n\t那麼，什麼樣的器材才能打造出最理想、最適當的音響設備呢？\r\n\r\n\t本書將從音源、基本組合的挑選與裝設、黑膠唱盤的設置與升級，以及近年引爆話題的古董音響解析，讓讀者可以一次了解關於音響的基本資訊，進而組裝出最適合自己的理想音響設備。\r\n\r\n\t★高解析的數值愈大，數位音源就愈接近原音\r\n\t什麼是高解析音源？高解析音源的檔案格式為何？了解各種檔案格式的優、缺點，將有助於播放器的選擇與運用。\r\n\r\n\t★慎選揚聲器、擴大機、播放器，用最簡單的組合享受最棒的聽覺饗宴\r\n\t本書除了簡明扼要地說明挑選揚聲器、擴大機與播放器的注意要點外，亦提出如何運用既有的器材以附加組件的方式調整改造，以及各個組件的設置場所與方法，藉以打造出最理想的播放環境。\r\n\r\n\t★讓黑膠唱片帶領你重溫舊時光的感動\r\n\t有別於高解析數位音源接近原音的高音質，從黑膠唱盤流洩而出的獨特音質與韻味，總讓人特別懷念與感動。本書清楚解說類比唱盤的結構與設置，即使是初次接觸黑膠唱盤的人，也能輕鬆完成自己的黑膠唱盤音響。\r\n\r\n\t★經得起歷史考驗的古董名機\r\n\t雖然本書將1950～1980年代音響都統稱為古董音響，但在各個年代與各類產品中，還是有其讓人眼睛為之一亮的名機。本書除了特別精選介紹各款頂級名機外，亦針對購買古董音響時必須注意的重點加以說明，讓人在選購時可以快速掌握要訣。\r\n\r\n本書特色\r\n\r\n\t★組裝音響所需知識一應俱全！各式器材介紹最詳盡！\r\n\t★特別收錄音響專業用語辭典，專業、實用、資訊兼具！\r\n\r\n"}
{"書名":"到遊樂園玩科學2：讓人屏息的旋轉與翻轉","書籍網站":"https:\/\/www.kingstone.com.tw\/\/basic\/2013000108353?zone=book&lid=book_class3_ezz&actid=book_class3_ezz","作者":"奈森．利波拉","出版社":"稻田      ","ISBN":9789865949648.0,"圖片網址":"https:\/\/cdn.kingstone.com.tw\/book\/images\/product\/20130\/2013000108353\/2013000108353b.jpg","書籍簡介":"\r\n\r\n\r\n 這是一套以遊樂園為科學教室的物理學輔助讀物。\r\n  \r\n\r\n 本系列書籍一共四冊，分別以雲霄飛車、旋轉木馬、摩天輪等為樣本，解說了重力、離心力和向心力、速度等物理原理，以及機械的作用，有豐富的圖片和文字說明。\r\n  \r\n\r\n 台灣的遊樂場如劍湖山、六福村等，都設有類似的遊樂機器，老師可以帶領學生現場體驗，再參考本書內容，向學生們說明物理科學的原理與應用。\r\n\r\n  \r\n\r\n本書特色\r\n  \r\n\r\n ★ 以小朋友最喜歡的遊樂設施為主題介紹科學如何被應用。\r\n ★ 列舉世界上超人氣的遊樂設施搭配說明。\r\n ★ 可為中學物理的輔助教材\r\n\r\n"}
{"書名":"到遊樂園玩科學3：讓人心跳加快的爬升與下墜","書籍網站":"https:\/\/www.kingstone.com.tw\/\/basic\/2013000108513?zone=book&lid=book_class3_ezz&actid=book_class3_ezz","作者":"奈森．利波拉","出版社":"稻田      ","ISBN":9789865949662.0,"圖片網址":"https:\/\/cdn.kingstone.com.tw\/book\/images\/product\/20130\/2013000108513\/2013000108513b.jpg","書籍簡介":"\r\n\r\n\r\n 這是一套以遊樂園為科學教室的物理學輔助讀物。\r\n  \r\n\r\n 本系列書籍一共四冊，分別以雲霄飛車、旋轉木馬、摩天輪等為樣本，解說了重力、離心力和向心力、速度等物理原理，以及機械的作用，有豐富的圖片和文字說明。\r\n  \r\n\r\n 台灣的遊樂場如劍湖山、六福村等，都設有類似的遊樂機器，老師可以帶領學生現場體驗，再參考本書內容，向學生們說明物理科學的原理與應用。\r\n\r\n  \r\n\r\n本書特色\r\n  \r\n\r\n ★ 以小朋友最喜歡的遊樂設施為主題介紹科學如何被應用。\r\n ★ 列舉世界上超人氣的遊樂設施搭配說明。\r\n ★ 可為中學物理的輔助教材\r\n\r\n"}
{"書名":"到遊樂園玩科學4：讓人讚嘆的機械運轉","書籍網站":"https:\/\/www.kingstone.com.tw\/\/basic\/2013000108643?zone=book&lid=book_class3_ezz&actid=book_class3_ezz","作者":"奈森．利波拉","出版社":"稻田      ","ISBN":9789865949679.0,"圖片網址":"https:\/\/cdn.kingstone.com.tw\/book\/images\/product\/20130\/2013000108643\/2013000108643b.jpg","書籍簡介":"\r\n\r\n\r\n 這是一套以遊樂園為科學教室的物理學輔助讀物。\r\n  \r\n\r\n 本系列書籍一共四冊，分別以雲霄飛車、旋轉木馬、摩天輪等為樣本，解說了重力、離心力和向心力、速度等物理原理，以及機械的作用，有豐富的圖片和文字說明。\r\n  \r\n\r\n 台灣的遊樂場如劍湖山、六福村等，都設有類似的遊樂機器，老師可以帶領學生現場體驗，再參考本書內容，向學生們說明物理科學的原理與應用。\r\n\r\n  \r\n\r\n本書特色\r\n  \r\n\r\n ★ 以小朋友最喜歡的遊樂設施為主題介紹科學如何被應用。\r\n ★ 列舉世界上超人氣的遊樂設施搭配說明。\r\n ★ 可為中學物理的輔助教材\r\n\r\n"}
{"書名":"ANTARCTICA．南極地圖與簡介","書籍網站":"https:\/\/www.kingstone.com.tw\/\/basic\/2019920366545?zone=book&lid=book_class3_ezz&actid=book_class3_ezz","作者":"企鵝先生","出版社":"前衛      ","ISBN":9789578017429.0,"圖片網址":"https:\/\/cdn.kingstone.com.tw\/book\/images\/product\/20199\/2019920366545\/2019920366545b.jpg","書籍簡介":"\r\n\r\n\r\n第一張中文全彩南極地圖。\r\n\r\n\r\n\t完整而詳盡地標示南極大陸位置，以及各種地形、人文歷史地點、重要營地與最新研究站分佈點，另收錄南極探險路徑及南極大陸瓜分示意圖。\r\n\r\n\t初步及快速認識神祕的南極、從事南極旅遊活動、配合《南極世界公園．從南極看台灣》一書研讀的必備讀物。\r\n\r\n\t◎《南極世界公園．從南極看台灣》同步發行\r\n\r\n"}
{"書名":"回饋訊息於科技教學的功能與效應","書籍網站":"https:\/\/www.kingstone.com.tw\/\/basic\/2014010001801?zone=book&lid=book_class3_ezz&actid=book_class3_ezz","作者":"李宜珍","出版社":"秀威資訊  ","ISBN":9789862210710.0,"圖片網址":"https:\/\/cdn.kingstone.com.tw\/book\/images\/product\/20140\/2014010001801\/2014010001801b.jpg","書籍簡介":"\r\n\r\n回饋訊息指的是具有確認、訂正或是解析效果的資訊。它可以用以通知學生的學習或考試結果，亦可用來解釋、分析學生的學習困境。本書詳介回饋訊息的定義、類型、理論依據及其使用於科技教學與學習環境裡的實證效應。本書涉及眾多議題，包括電腦軟、硬體、多媒體、掌上型電腦及網際網路。本書研探回饋訊息如何源自行為主義、認知主義及建構主義的眾多研究、理論及其實證結果與發現。本書並申論學習者如何吸收、了解與傳遞回饋訊息的諸多假設與論述。最後，本書提供建議以利思索如何有效地於科技教學與學習環境裡提供回饋訊息並強調設置高效應回饋訊息的重要性。本書內容除少數各章要點為中文外，多以英文撰寫而成。\r\n                    \r\n"}
{"書名":"西風的話：一個農業尖兵的沉思筆記","書籍網站":"https:\/\/www.kingstone.com.tw\/\/basic\/2014300006325?zone=book&lid=book_class3_ezz&actid=book_class3_ezz","作者":"林錦洪","出版社":"印刻      ","ISBN":9789866873096.0,"圖片網址":"https:\/\/cdn.kingstone.com.tw\/book\/images\/product\/20143\/2014300006325\/2014300006325b.jpg","書籍簡介":"\r\n\r\n看完了《西風的話》，閉起雙眼想起了紛亂的社會，以及今日底層小老百姓的窘境，為了過期繳納的地價稅，三顧出納櫃前表示領了薪會儘快來繳的情形，我心不由得痛楚了起來，西風帶來的話淺顯而深遠，關於農民，關於農會農業，更關於民生國家，愛鄉土是行動而不是口號。西風吹起，有點涼，但卻讓人頭腦清醒、精神抖擻，路因此走起來更有定見。──大溪鎮農會崎頂辦事處主任 廖春暖本書作者林錦洪博士乃農會界耆老，身歷農業轉型、見證農會半世紀興衰，處事看似舉重若輕，實則思緒縝密圓融，是一位睿智與風範兼具的農會傑出領導者。《西風的話》是作者人生歷練的智慧結晶，沒有高調的口號，只有切身的體悟與關懷，在輕鬆筆觸中，自然流露出長者的智慧與珠璣，平實而深入淺出的文字帶讀者了解複雜的農業問題，撥開聳動的新聞迷障，用深入淺出的方式帶讀者了解複雜的農業問題，從盛產滯銷與歉收的輪迴、農會選舉的爭議、楊儒門事件背後的農村環境、兩岸農業交流到糧食援外機制等，沒有情緒性的對立悲情，而是一步一腳印親身走出來的寶貴經驗，和一句句針對事理的說明。《西風的話》讓我們跳脫一般人對農會陳腐的印象，看見農業人求新求變的努力，懇切的分析與叮嚀背後，是對台灣農業及這片土地的深情與期待。\r\n                    \r\n"}
{"書名":"應用土壤環境科學","書籍網站":"https:\/\/www.kingstone.com.tw\/\/basic\/2014320007883?zone=book&lid=book_class3_ezz&actid=book_class3_ezz","作者":"陳信雄","出版社":"中國土木  ","ISBN":9789576554032.0,"圖片網址":"https:\/\/cdn.kingstone.com.tw\/book\/images\/product\/20143\/2014320007883\/2014320007883b.jpg","書籍簡介":"\r\n\r\n土壤是萬物生存的泉源，地球的表面積約5億平方公里中，陸地約佔30%的1.5億平方公里。在地球上能免於對農業生產有重大限制的旱災，鹽分過多以及永久凍結的土地，約佔世界陸地面積的11%的14.5億公頃，恰好相當於現在耕地面積的14.1億公頃。但這些條件良好的土地多位於河口附近或平原之上，且為易於發展工商業的最適立地條件，因此近年來相繼被建築物或道路所佔據而變貌，如台灣及日本在1962年開始的經濟高度成長，短期內農地的7%到13%轉換為建地或道路。故農地因都市化而消失，而推估都市每增加一千人，等於消失320公頃的農地。本書為了喚醒大家對生於斯，用於斯，無可取代的土壤，能永續的經營與利用，特別對土壤的物理特性，尤其與我們生活息息相關的不飽和帶土壤水的特性，在崩塌地的調查，有關土壤物理特性的瞭解上，諸如摩爾應力圓的應用，土壤有效應力的認知以及土壤沖蝕的原理，進行系列的分析與基礎上的解說，以通俗的事例，深入淺出，期望以本書拋磚引玉，能喚起大家對土壤的認知與愛惜。\r\n                    \r\n"}
{"書名":"垃圾郵件諸王紀","書籍網站":"https:\/\/www.kingstone.com.tw\/\/basic\/2013120074323?zone=book&lid=book_class3_ezz&actid=book_class3_ezz","作者":"Brian McWill","出版社":"歐萊禮    ","ISBN":9789867794512.0,"圖片網址":"https:\/\/cdn.kingstone.com.tw\/book\/images\/product\/20131\/2013120074323\/2013120074323b.jpg","書籍簡介":"\r\n\r\n有一種人，他們手上擁有某種工具，可以同時大量發送郵件，可以突破網路服務供商的封鎖線，把各種千奇百怪的廣告寄到我們的電子郵件信箱中。他們匿名行事，躲在重重網路背後；他們是網際網路商機的一部分，也是網際網路黑暗面的成員之一。不管有多少名稱：spammer、junk mailer、bulk mailer……他們就是垃圾郵件客。相對地，也有一種人，他們手上願意調查垃圾郵件行經的路徑，抓出真正的源頭。他們建立許多機構信賴的垃圾郵件防堵名單，他們緊抓住垃圾郵件客不慎留下的小辮子，盡其所能長年與垃圾郵件客纏鬥。所以他們被稱為反垃圾郵件客。這本書是垃圾郵件大戰中的敵對雙方，在網路異境與現實生活中你來我往的真實故事。我們一邊沿著戴維斯．霍克怎麼從新納粹搖身變為垃圾郵件王的過程，粗探垃圾郵件背後的世界；一邊透過網路菜鳥蘇珊‧甘恩成長為反垃圾郵件女神席克莎莎的經過，觀察路上出現的各種垃圾郵件客。你會發現，這場大戰經常出現模糊地帶，雙方有時敵對、有時反間、有時合作。而擁有電子郵件信箱的你我，其實，早已身在戰爭中。\r\n\r\n"}
{"書名":"模糊的未來：從社會、科學到晶片中的天堂","書籍網站":"https:\/\/www.kingstone.com.tw\/\/basic\/2013190019187?zone=book&lid=book_class3_ezz&actid=book_class3_ezz","作者":"巴特．柯斯可","出版社":"究竟      ","ISBN":9789861370033.0,"圖片網址":"https:\/\/cdn.kingstone.com.tw\/book\/images\/product\/20131\/2013190019187\/2013190019187b.jpg","書籍簡介":"\r\n\r\n從家電產品上的Fuzzy系統，到戰斧巡弋飛彈的目標判別，與人工智能的發展息息相關的模糊理論（Fuzzy Theory）早已被應用在世界的各個角落。\r\n　　模糊理論打破習以為常的「非黑即白」、「有或沒有」的二元邏輯，允許事物存在著灰階光譜式的屬性定義，也使事物產生新的觀察角度與思考方向。\r\n　　本書旨在介紹模糊理論的概念與運用領域，並說明除科技發明與軍事功能之外，政治、經濟、藝術等領域中無處不模糊的人類社會，在迎接科技未來時勢必會面臨到的問題。 \r\n\r\n"}
{"書名":"李奇家族","書籍網站":"https:\/\/www.kingstone.com.tw\/\/basic\/2013000020020?zone=book&lid=book_class3_ezz&actid=book_class3_ezz","作者":"呂志傑","出版社":"幼獅文化  ","ISBN":9789575740504.0,"圖片網址":"https:\/\/cdn.kingstone.com.tw\/book\/images\/product\/20130\/2013000020020\/2013000020020b.jpg","書籍簡介":"\r\n\r\n李奇家族\r\n　１９５０年，在非洲的維多利亞湖北岸，在那裡，查理˙李奇發現了他的第一個重要化石，那一年，他才是個六歲的孩子。\r\n\r\n　那天，李奇的父母正在挖掘一些剛發現的化石，因此工作人員不准李奇去打擾他們倆人﹔查理也不能到附近的灌木叢中去玩，因為那裡經常有獅子和毒蛇出沒。沒一會時間，查理就開始感覺到非常不耐煩而無聊，再加上那裡根本沒有地方抵擋非洲驕陽，蒼蠅也不斷的飛舞在他四周˙˙˙於是查理發起牢騷，抱怨著：「我口渴要喝水！我好熱喔！˙˙˙我可以做點什麼嗎？」於是他父親說：「去找屬於你自己的化石吧？」於是，他開始了自己的挖掘行動，在離父母三十呎的地方開始挖掘一塊不知名的小小骸骨˙˙˙\r\n\r\n　沒想到，史上初次被人類發現的巨豬化石，就這樣從查理的手中慢慢出現了˙˙˙本書介紹了許許多多李奇家族的發現，並詳述這個世界考古、人類學第一世家為人津津樂道的事蹟。\r\n作者簡介\r\n　達塔˙威利斯\r\n\r\n　因寫作《原始人類：探尋人類起源的內幕》一書，而深獲好評。她的文章及攝影作品，刊登在許多雜誌及書籍中，目前居於紐約市。\r\n                    \r\n"}
{"書名":"語言本能：探索人類語言進化的奧秘","書籍網站":"https:\/\/www.kingstone.com.tw\/\/basic\/2018000003417?zone=book&lid=book_class3_ezz&actid=book_class3_ezz","作者":"史迪芬平克","出版社":"商周出版  ","ISBN":9789576671203.0,"圖片網址":"https:\/\/cdn.kingstone.com.tw\/book\/images\/product\/20180\/2018000003417\/2018000003417b.jpg","書籍簡介":"\r\n\r\n這本《紐約時報書評》評為「令人讚賞、充滿風趣，及無懈可擊的書」，是所有使用語言的人該看的書。　　史迪芬．平克是舉世聞名的心理語言學家。在本書裡他強調：語言是大腦先天存在的一個配備，就像蜘蛛天生就會結網一樣；語言學習是語言本能的結果，而不是原因。透過日常生活中的有趣例子，平克探究了有關語言的所有問題：包括語言的運作、計算、改變、演化；嬰兒是如何牙牙學語的；普遍語法的存在證據；洋涇演語言的演變；語言藍圖的主宰性.......。　　或許有一天，生物技術真能找到存於腦海裡的文法基因、語言基因。\r\n\r\n"}
{"書名":"顛覆侏羅紀公園","書籍網站":"https:\/\/www.kingstone.com.tw\/\/basic\/2013630003660?zone=book&lid=book_class3_ezz&actid=book_class3_ezz","作者":"鍾雲琴","出版社":"寰宇      ","ISBN":9789578457317.0,"圖片網址":"https:\/\/cdn.kingstone.com.tw\/book\/images\/product\/20136\/2013630003660\/2013630003660b.jpg","書籍簡介":"0"}
{"書名":"西雅圖酋長的預言","書籍網站":"https:\/\/www.kingstone.com.tw\/\/basic\/2013070010259?zone=book&lid=book_class3_ezz&actid=book_class3_ezz","作者":"程悅君","出版社":"小兵      ","ISBN":9789578624108.0,"圖片網址":"https:\/\/cdn.kingstone.com.tw\/book\/images\/product\/20130\/2013070010259\/2013070010259b.jpg","書籍簡介":"\r\n\r\n自然環境\r\n　當前科學教育，在整個社會文化的脈絡裡，似乎被冷落在一旁。有人認為是因為教育未能周全的看到人性全面的發展，再加上學科學困難重重，而且科學家又常常只顧個人的知識，忽略了人與自然環境的關係而被疏離。\r\n\r\n　但是我們又不可否認科學是生活的一部分，同也是促進人類文化發展的主要動力，於是在學術界出現了許多的策略，如加強通識課程等，希望能提升國民的科學素養，同時也強調科學教育的生活化。\r\n\r\n　作者經常在書報雜誌上為小朋友撰寫這淺顯易懂的科學小品，以利我們的小朋友得到正確的科學概念和生活的科學知能。她所投入的心血，在這本書中可以看得出來。細讀之後，感受到點點滴滴都是她自己生活經歷所凝集，套一句廣告詞，是用「歲月」所寫出來的精華呢！\r\n作者簡介\r\n　程悅君\r\n\r\n　73年師範大學生物系畢業，目前任職於台北市石牌國小，80年指導學生參加全國科學展覽數學類初小組第一名，81年指導學生參加全國科學展覽數學類初小組佳作，82年指導學生參加台北市科學展覽數學類高小組研究精神獎。\r\n                    \r\n"}
{"書名":"空中飛人的秘訣","書籍網站":"https:\/\/www.kingstone.com.tw\/\/basic\/2013070010129?zone=book&lid=book_class3_ezz&actid=book_class3_ezz","作者":"程悅君","出版社":"小兵      ","ISBN":9789578624092.0,"圖片網址":"https:\/\/cdn.kingstone.com.tw\/book\/images\/product\/20130\/2013070010129\/2013070010129b.jpg","書籍簡介":"0"}
{"書名":"趣味的珍奇發明","書籍網站":"https:\/\/www.kingstone.com.tw\/\/basic\/2014040001185?zone=book&lid=book_class3_ezz&actid=book_class3_ezz","作者":"柯素娥","出版社":"大展      ","ISBN":9789575574505.0,"圖片網址":"https:\/\/cdn.kingstone.com.tw\/book\/images\/product\/20140\/2014040001185\/2014040001185b.jpg","書籍簡介":"0"}
{"書名":"潛水艇","書籍網站":"https:\/\/www.kingstone.com.tw\/\/basic\/2023070009733?zone=book&lid=book_class3_ezz&actid=book_class3_ezz","作者":"麥可．波羅","出版社":"台英      ","ISBN":9789576322433.0,"圖片網址":"https:\/\/cdn.kingstone.com.tw\/book\/images\/product\/20230\/2023070009733\/2023070009733b.jpg","書籍簡介":"0"}
{"書名":"坐標變換","書籍網站":"https:\/\/www.kingstone.com.tw\/\/basic\/2015210474983?zone=book&lid=book_class3_ezz&actid=book_class3_ezz","作者":"百成      ","出版社":"停售","ISBN":null,"圖片網址":"https:\/\/cdn.kingstone.com.tw\/book\/images\/product\/20152\/2015210474983\/2015210474983b.jpg","書籍簡介":"0"}
{"書名":"精研生物實驗","書籍網站":"https:\/\/www.kingstone.com.tw\/\/basic\/2015210583609?zone=book&lid=book_class3_ezz&actid=book_class3_ezz","作者":"姜孟希","出版社":"作者      ","ISBN":null,"圖片網址":"https:\/\/cdn.kingstone.com.tw\/book\/images\/product\/20152\/2015210583609\/2015210583609b.jpg","書籍簡介":"0"}
{"書名":"高一單元實例","書籍網站":"https:\/\/www.kingstone.com.tw\/\/basic\/2015210688380?zone=book&lid=book_class3_ezz&actid=book_class3_ezz","作者":"百成      ","出版社":"停售","ISBN":null,"圖片網址":"https:\/\/cdn.kingstone.com.tw\/book\/images\/product\/20152\/2015210688380\/2015210688380b.jpg","書籍簡介":"0"}
{"書名":"知音基礎理化","書籍網站":"https:\/\/www.kingstone.com.tw\/\/basic\/2015210733776?zone=book&lid=book_class3_ezz&actid=book_class3_ezz","作者":"楊鍾◆  ","出版社":"知音      ","ISBN":null,"圖片網址":"https:\/\/cdn.kingstone.com.tw\/book\/images\/product\/20152\/2015210733776\/2015210733776b.jpg","書籍簡介":"0"}
{"書名":"有趣科學","書籍網站":"https:\/\/www.kingstone.com.tw\/\/basic\/2013070001134?zone=book&lid=book_class3_ezz&actid=book_class3_ezz","作者":"大夏      ","出版社":"停售","ISBN":null,"圖片網址":"https:\/\/cdn.kingstone.com.tw\/book\/images\/product\/20130\/2013070001134\/2013070001134b.jpg","書籍簡介":"0"}
{"書名":"被遺忘的世界","書籍網站":"https:\/\/www.kingstone.com.tw\/\/basic\/2013070001554?zone=book&lid=book_class3_ezz&actid=book_class3_ezz","作者":"大成      ","出版社":"停售","ISBN":null,"圖片網址":"https:\/\/cdn.kingstone.com.tw\/book\/images\/product\/20130\/2013070001554\/2013070001554b.jpg","書籍簡介":"0"}
{"書名":"地下時間庫的秘密","書籍網站":"https:\/\/www.kingstone.com.tw\/\/basic\/2013070002766?zone=book&lid=book_class3_ezz&actid=book_class3_ezz","作者":"自然科學  ","出版社":"停售","ISBN":null,"圖片網址":"https:\/\/cdn.kingstone.com.tw\/book\/images\/product\/20130\/2013070002766\/2013070002766b.jpg","書籍簡介":"0"}
{"書名":"殞落中的行星","書籍網站":"https:\/\/www.kingstone.com.tw\/\/basic\/2013070003008?zone=book&lid=book_class3_ezz&actid=book_class3_ezz","作者":"自然科學  ","出版社":"停售","ISBN":null,"圖片網址":"https:\/\/cdn.kingstone.com.tw\/book\/images\/product\/20130\/2013070003008\/2013070003008b.jpg","書籍簡介":"0"}
{"書名":"自然界九九個謎","書籍網站":"https:\/\/www.kingstone.com.tw\/\/basic\/2013070004050?zone=book&lid=book_class3_ezz&actid=book_class3_ezz","作者":"大眾      ","出版社":"停售","ISBN":null,"圖片網址":"https:\/\/cdn.kingstone.com.tw\/book\/images\/product\/20130\/2013070004050\/2013070004050b.jpg","書籍簡介":"0"}
{"書名":"知識的世界口袋小叢書","書籍網站":"https:\/\/www.kingstone.com.tw\/\/basic\/2013070004180?zone=book&lid=book_class3_ezz&actid=book_class3_ezz","作者":"大眾      ","出版社":"停售","ISBN":null,"圖片網址":"https:\/\/cdn.kingstone.com.tw\/book\/images\/product\/20130\/2013070004180\/2013070004180b.jpg","書籍簡介":"0"}
{"書名":"自然趣談","書籍網站":"https:\/\/www.kingstone.com.tw\/\/basic\/2013070005712?zone=book&lid=book_class3_ezz&actid=book_class3_ezz","作者":"中央文物  ","出版社":"停售","ISBN":null,"圖片網址":"https:\/\/cdn.kingstone.com.tw\/book\/images\/product\/20130\/2013070005712\/2013070005712b.jpg","書籍簡介":"0"}
{"書名":"夜間飛行","書籍網站":"https:\/\/www.kingstone.com.tw\/\/basic\/2013070006054?zone=book&lid=book_class3_ezz&actid=book_class3_ezz","作者":"水牛      ","出版社":"停售","ISBN":null,"圖片網址":"https:\/\/cdn.kingstone.com.tw\/book\/images\/product\/20130\/2013070006054\/2013070006054b.jpg","書籍簡介":"0"}
{"書名":"日常科學的趣味","書籍網站":"https:\/\/www.kingstone.com.tw\/\/basic\/2013000000206?zone=book&lid=book_class3_ezz&actid=book_class3_ezz","作者":"世界文物  ","出版社":"停售","ISBN":null,"圖片網址":"https:\/\/cdn.kingstone.com.tw\/book\/images\/product\/20130\/2013000000206\/2013000000206b.jpg","書籍簡介":"0"}
{"書名":"世界奇觀","書籍網站":"https:\/\/www.kingstone.com.tw\/\/basic\/2013000001098?zone=book&lid=book_class3_ezz&actid=book_class3_ezz","作者":"凡人","出版社":"西北國際  ","ISBN":null,"圖片網址":"https:\/\/cdn.kingstone.com.tw\/book\/images\/product\/20130\/2013000001098\/2013000001098b.jpg","書籍簡介":"0"}
{"書名":"奇異的世界","書籍網站":"https:\/\/www.kingstone.com.tw\/\/basic\/2013000001128?zone=book&lid=book_class3_ezz&actid=book_class3_ezz","作者":"凡人","出版社":"西北國際  ","ISBN":null,"圖片網址":"https:\/\/cdn.kingstone.com.tw\/book\/images\/product\/20130\/2013000001128\/2013000001128b.jpg","書籍簡介":"0"}
{"書名":"近代科學思潮拾遺","書籍網站":"https:\/\/www.kingstone.com.tw\/\/basic\/2013000001708?zone=book&lid=book_class3_ezz&actid=book_class3_ezz","作者":"鄭子政","出版社":"文化大學  ","ISBN":null,"圖片網址":"https:\/\/cdn.kingstone.com.tw\/book\/images\/product\/20130\/2013000001708\/2013000001708b.jpg","書籍簡介":"0"}
{"書名":"神秘歷程","書籍網站":"https:\/\/www.kingstone.com.tw\/\/basic\/2013000003252?zone=book&lid=book_class3_ezz&actid=book_class3_ezz","作者":"陳舜華","出版社":"自然科學  ","ISBN":null,"圖片網址":"https:\/\/cdn.kingstone.com.tw\/book\/images\/product\/20130\/2013000003252\/2013000003252b.jpg","書籍簡介":"0"}
{"書名":"自然界的９９個謎","書籍網站":"https:\/\/www.kingstone.com.tw\/\/basic\/2013000004174?zone=book&lid=book_class3_ezz&actid=book_class3_ezz","作者":"邱素臻","出版社":"文皇      ","ISBN":null,"圖片網址":"https:\/\/cdn.kingstone.com.tw\/book\/images\/product\/20130\/2013000004174\/2013000004174b.jpg","書籍簡介":"0"}
{"書名":"四次元世界的９９個謎","書籍網站":"https:\/\/www.kingstone.com.tw\/\/basic\/2013000004204?zone=book&lid=book_class3_ezz&actid=book_class3_ezz","作者":"邱素臻","出版社":"文皇      ","ISBN":null,"圖片網址":"https:\/\/cdn.kingstone.com.tw\/book\/images\/product\/20130\/2013000004204\/2013000004204b.jpg","書籍簡介":"0"}
{"書名":"改變人類","書籍網站":"https:\/\/www.kingstone.com.tw\/\/basic\/2013000004594?zone=book&lid=book_class3_ezz&actid=book_class3_ezz","作者":"允晨文化  ","出版社":"停售","ISBN":null,"圖片網址":"https:\/\/cdn.kingstone.com.tw\/book\/images\/product\/20130\/2013000004594\/2013000004594b.jpg","書籍簡介":"0"}
{"書名":"改變人類的尖端科技","書籍網站":"https:\/\/www.kingstone.com.tw\/\/basic\/2013000006598?zone=book&lid=book_class3_ezz&actid=book_class3_ezz","作者":"尾崎正直","出版社":"允晨文化  ","ISBN":null,"圖片網址":"https:\/\/cdn.kingstone.com.tw\/book\/images\/product\/20130\/2013000006598\/2013000006598b.jpg","書籍簡介":"0"}
{"書名":"尖端科技趣譚","書籍網站":"https:\/\/www.kingstone.com.tw\/\/basic\/2013000006758?zone=book&lid=book_class3_ezz&actid=book_class3_ezz","作者":"渡邊茂","出版社":"志文      ","ISBN":null,"圖片網址":"https:\/\/cdn.kingstone.com.tw\/book\/images\/product\/20130\/2013000006758\/2013000006758b.jpg","書籍簡介":"0"}
{"書名":"牛頓特集","書籍網站":"https:\/\/www.kingstone.com.tw\/\/basic\/2023000005569?zone=book&lid=book_class3_ezz&actid=book_class3_ezz","作者":"牛頓      ","出版社":"停售","ISBN":null,"圖片網址":"https:\/\/cdn.kingstone.com.tw\/book\/images\/product\/20230\/2023000005569\/2023000005569b.jpg","書籍簡介":"0"}
{"書名":"自然博物館","書籍網站":"https:\/\/www.kingstone.com.tw\/\/basic\/2023000009147?zone=book&lid=book_class3_ezz&actid=book_class3_ezz","作者":"人類文化  ","出版社":"停售","ISBN":null,"圖片網址":"https:\/\/cdn.kingstone.com.tw\/book\/images\/product\/20230\/2023000009147\/2023000009147b.jpg","書籍簡介":"0"}
{"書名":"近代科學思潮拾遺","書籍網站":"https:\/\/www.kingstone.com.tw\/\/basic\/2023070000365?zone=book&lid=book_class3_ezz&actid=book_class3_ezz","作者":"鄭子政","出版社":"文化大學  ","ISBN":null,"圖片網址":"https:\/\/cdn.kingstone.com.tw\/book\/images\/product\/20230\/2023070000365\/2023070000365b.jpg","書籍簡介":"0"}
{"書名":"自動控制講義","書籍網站":"https:\/\/www.kingstone.com.tw\/\/basic\/2015211087830?zone=book&lid=book_class3_ezz&actid=book_class3_ezz","作者":"張碩編著","出版社":"大碩      ","ISBN":null,"圖片網址":"https:\/\/cdn.kingstone.com.tw\/book\/images\/product\/20152\/2015211087830\/2015211087830b.jpg","書籍簡介":"0"}
{"書名":"奇妙的自然世界","書籍網站":"https:\/\/www.kingstone.com.tw\/\/basic\/2013000013749?zone=book&lid=book_class3_ezz&actid=book_class3_ezz","作者":"正中書局  ","出版社":"停售","ISBN":null,"圖片網址":"https:\/\/cdn.kingstone.com.tw\/book\/images\/product\/20130\/2013000013749\/2013000013749b.jpg","書籍簡介":"0"}
{"書名":"設計方法一人類前途的","書籍網站":"https:\/\/www.kingstone.com.tw\/\/basic\/2014010000859?zone=book&lid=book_class3_ezz&actid=book_class3_ezz","作者":"徐氏文教  ","出版社":"停售","ISBN":null,"圖片網址":"https:\/\/cdn.kingstone.com.tw\/book\/images\/product\/20140\/2014010000859\/2014010000859b.jpg","書籍簡介":"0"}
{"書名":"生產自動化名詞","書籍網站":"https:\/\/www.kingstone.com.tw\/\/basic\/2010570002401?zone=book&lid=book_class3_ezz&actid=book_class3_ezz","作者":"國立編譯館","出版社":"東華      ","ISBN":null,"圖片網址":"https:\/\/cdn.kingstone.com.tw\/book\/images\/product\/20105\/2010570002401\/2010570002401b.jpg","書籍簡介":"0"}
{"書名":"旺文尖端科技事典","書籍網站":"https:\/\/www.kingstone.com.tw\/\/basic\/2020560017353?zone=book&lid=book_class3_ezz&actid=book_class3_ezz","作者":"旺文社    ","出版社":"停售","ISBN":null,"圖片網址":"https:\/\/cdn.kingstone.com.tw\/book\/images\/product\/20205\/2020560017353\/2020560017353b.jpg","書籍簡介":"0"}
{"書名":"自然博物館","書籍網站":"https:\/\/www.kingstone.com.tw\/\/basic\/2013000009124?zone=book&lid=book_class3_ezz&actid=book_class3_ezz","作者":"人類文化  ","出版社":"停售","ISBN":null,"圖片網址":"https:\/\/cdn.kingstone.com.tw\/book\/images\/product\/20130\/2013000009124\/2013000009124b.jpg","書籍簡介":"0"}
{"書名":"形的奧秘","書籍網站":"https:\/\/www.kingstone.com.tw\/\/basic\/2013000010663?zone=book&lid=book_class3_ezz&actid=book_class3_ezz","作者":"牛頓      ","出版社":"停售","ISBN":null,"圖片網址":"https:\/\/cdn.kingstone.com.tw\/book\/images\/product\/20130\/2013000010663\/2013000010663b.jpg","書籍簡介":"0"}
