{"書名":"少年Galileo觀念數學套書1：對數\/三角函數\/虛數\/微分與積分（共4冊）","書籍網站":"https:\/\/www.kingstone.com.tw\/\/basic\/2013100118054?zone=book&lid=book_class3_ebd&actid=book_class3_ebd","作者":"日本Newton Press","出版社":"人人      ","ISBN":4710761668680.0,"圖片網址":"https:\/\/cdn.kingstone.com.tw\/book\/images\/product\/20131\/2013100118054\/2013100118054b.jpg","書籍簡介":"\r\n\r\n\r\n★日本牛頓獨家授權，2021年全新系列！\r\n\t★彩色印刷，圖解豐富，只有80頁，內容輕量化，價格門檻低。\r\n\t★內容只談重點，方便讀者快速掌握，為國高中數學打下札實基礎。\r\n\r\n\t少年伽利略觀念數學套書1\r\n\t對數、三角函數、虛數、微分與積分\r\n\r\n\t碰到棘手的數學難題，若不能先把答案解出來，就無法挑戰更進階的題目，在學習上更是如此。「少年伽利略」就是用一貫的精美圖解，以淺顯概念摘要出重點，不論是複習或預習，都適合國高中生建立清晰的觀念，等基礎打好了，就能繼續往下一步前進，再加上輕薄的內容，讓學習減少負擔。\r\n\r\n《對數：不知不覺中，我們都用到了對數》\r\n\t數學的發展，都是因應實際需求的結果，指數與對數也不例外。在航海、商業、天文等計算，往往涉及龐大的數字，如果像440000000000000000000000000這樣的數字，光是用看的就已經眼花撩亂，更別說要計算了。但若運用指數的概念，寫成 4.4×10^26就方便多了。而我們生活周遭熟悉的分貝和酸鹼值，其實也運用了對數的概念。\r\n\r\n\t指數與對數的應用十分廣泛，但是概念本身有些抽象難懂的地方，只要多以實際例子輔佐學習，就能釐清概念，更容易吸收。\r\n\r\n《三角函數：三角函數的基礎入門書》\r\n\t三角函數是數學的基礎領域，而且應用很廣，從測量土地、建置無障礙坡道到「波」的概念，都跟三角函數有關。正是由於三角函數可以在生活中驗證應用，所以對於數學學習特別重要。透過《三角函數：三角函數的基礎入門書》的豐富圖解，讓讀者可以掌握脈絡，有效學習。本書符合一○八課綱強調的學習素養，藉由生活中的範例，讓數學走入生活，也整理了餘弦定理、正弦定理等重要公式，方便複習。\r\n\r\n《虛數：從零開始徹底搞懂虛數》\r\n\t虛數不存在於生活周遭，數學家花了一段時間，才接受其為「平方為負數的數」，這樣看似「詭異」的觀念，圖像化後才取得「合理存在」的地位，使數線更加完整。虛數看似在生活中用不到，但對現代科學卻是大有助益，量子力學中知名的薛丁格方程式，就用到虛數；在天文學的領域中，虛數也成為探究宇宙初始的重要觀念。\r\n\r\n《微分與積分：讀過就能輕鬆上手》\r\n\t微積分是許多理工、商學院學生都要修讀的基礎課程，應用非常廣泛，從土地面積到哈雷彗星軌道的預測、拋物線的計算，都要用到微積分。微積分學得好，整個學習的歷程會更順利、更愉快。這也是《微分與積分：讀過就能輕鬆上手！》出版的用意：從微積分的誕生開始，探求23歲的牛頓構想微積分的思考脈絡，從微分跟積分的角度講解重要公式，循序漸進，加上大量精美的圖解，最後再整理重要公式，讓讀者更容易掌握微積分的概念。\r\n\r\n系列特色\r\n\r\n\t1. 日本牛頓出版社獨家授權。\r\n\t2. 釐清脈絡，建立學習觀念。\r\n\t3. 一書一主題，範圍明確，知識更有系統，學習也更有效率。\r\n\r\n"}
{"書名":"專門用來打好幾何基礎的數學課本3","書籍網站":"https:\/\/www.kingstone.com.tw\/\/basic\/2015240242040?zone=book&lid=book_class3_ebd&actid=book_class3_ebd","作者":"財團法人博幼社會福利基金會","出版社":"五南      ","ISBN":9789577634894.0,"圖片網址":"https:\/\/cdn.kingstone.com.tw\/book\/images\/product\/20152\/2015240242040\/2015240242040b.jpg","書籍簡介":"\r\n\r\n\r\n\t博幼的幾何教材乃是藉由邏輯上的思考，來幫助學生從無到有建立起幾何學的概念，依照點 線 面 體的順序編輯而成，教材中的所有定理，都是由基本定義經過證明而得來，且每個定理都是建立在前一個定理之上，各章節之間相互連結，其內容環環相扣，一氣呵成。\r\n\r\n\t本書共分10章，教材中明列了國中範圍的111個定義、8個公理以及證明了157個定理，搭配約有80種題型、728個例題、564個習題以及歷年112個基測試題。凡是中學生所需要學習的幾何知識，在這套教材中全都找的到，而且都有詳細嚴謹的證明過程。\r\n\r\n"}
{"書名":"專門用來打好幾何基礎的數學課本4","書籍網站":"https:\/\/www.kingstone.com.tw\/\/basic\/2015240242170?zone=book&lid=book_class3_ebd&actid=book_class3_ebd","作者":"財團法人博幼社會福利基金會","出版社":"五南      ","ISBN":9789577634900.0,"圖片網址":"https:\/\/cdn.kingstone.com.tw\/book\/images\/product\/20152\/2015240242170\/2015240242170b.jpg","書籍簡介":"\r\n\r\n\r\n\t博幼的幾何教材乃是藉由邏輯上的思考，來幫助學生從無到有建立起幾何學的概念，依照點 線 面 體的順序編輯而成，教材中的所有定理，都是由基本定義經過證明而得來，且每個定理都是建立在前一個定理之上，各章節之間相互連結，其內容環環相扣，一氣呵成。\r\n\r\n\t本書共分10章，教材中明列了國中範圍的111個定義、8個公理以及證明了157個定理，搭配約有80種題型、728個例題、564個習題以及歷年112個基測試題。凡是中學生所需要學習的幾何知識，在這套教材中全都找的到，而且都有詳細嚴謹的證明過程。\r\n\r\n"}
{"書名":"國中幾何證明大全（新版）","書籍網站":"https:\/\/www.kingstone.com.tw\/\/basic\/2015240241128?zone=book&lid=book_class3_ebd&actid=book_class3_ebd","作者":"簡廷豐","出版社":"白象      ","ISBN":9789863588344.0,"圖片網址":"https:\/\/cdn.kingstone.com.tw\/book\/images\/product\/20152\/2015240241128\/2015240241128b.jpg","書籍簡介":"\r\n\r\n◎ 收錄100個國中幾何重要命題，提供查閱、複習使用。◎ 將性質、定理編號，愈學愈艱難時不怕性質、定理找不到。◎ 嚴謹證明加上直觀解說，從更高層次的幾何觀點來反思國中古典幾何。如何使用本書？如果你是國中生，可以做為學習幾何證明時查閱用的書籍。如果你是高中生，可以做為學習三角、坐標、向量幾何前複習用的書籍。如果您是數學老師，可以選為多元選修特色課程開課教材。如果您是數學愛好者，可以盡情享受在證明脈絡中的樂趣。更多精彩內容請見 http:\/\/www.pressstore.com.tw\/freereading\/9789863588344.pdf\r\n                    \r\n"}
{"書名":"黃金比例：1.61803...的祕密（經典再現版）","書籍網站":"https:\/\/www.kingstone.com.tw\/\/basic\/2013160010015?zone=book&lid=book_class3_ebd&actid=book_class3_ebd","作者":"李維歐","出版社":"遠流      ","ISBN":9789573285557.0,"圖片網址":"https:\/\/cdn.kingstone.com.tw\/book\/images\/product\/20131\/2013160010015\/2013160010015b.jpg","書籍簡介":"\r\n\r\n\r\n無論建築、繪畫或人體身形，\r\n這是讓人類瘋狂迷戀的數字......\r\n\r\n\t哪些符合黃金比例？\r\n\t●兔子繁殖\r\n\t●玫瑰花瓣\r\n\t●鸚鵡螺的外殼\r\n\t●鳳梨的外皮鱗片\r\n\t●巨大星系\r\n\t●金字塔\r\n\t●達文西名畫\r\n\t●股市指數波動\r\n\r\n\t答案為以上皆是。雖然各個選項看似不相關，其實它們之間的共同點就是「1.6180339887...」這個數字。\r\n\r\n\t黃金比例的趣味跳脫了最原始的幾何意義，從生活周遭俯拾可見的建築、繪畫，甚至俊男美女的完美臉龐或身形，相較於琅琅上口的3.1416，黃金比例與我們的生活更加息息相關。\r\n\r\n\t本書不僅是黃金比例的深度考古之旅，更為讀者揭開神祕面紗，直抵黃金比例的核心真相。\r\n\r\n"}
{"書名":"數學也可以這樣學2：跟大自然學幾何","書籍網站":"https:\/\/www.kingstone.com.tw\/\/basic\/2013160009996?zone=book&lid=book_class3_ebd&actid=book_class3_ebd","作者":"約翰．布雷克伍德","出版社":"商周出版  ","ISBN":9789864774944.0,"圖片網址":"https:\/\/cdn.kingstone.com.tw\/book\/images\/product\/20131\/2013160009996\/2013160009996b.jpg","書籍簡介":"\r\n\r\n\r\n這是一本最美麗的數學書！\r\n\r\n換個方式認識幾何，你會讚嘆大自然的智慧與設計\r\n\r\n石榴石晶體是美麗的菱形十二面體，\r\n\r\n松果與蘇鐵的錐體上帶有神祕雙螺旋，\r\n\r\n葉子、蘭花、蝴蝶及人類身上都找得到兩側對稱性，\r\n\r\n在大自然的一草一物中發現幾何，探索各種不同的形式\r\n\r\n華德福式自然學習法，超過500幅彩色照片與圖表\r\n\r\n\t \r\n\r\n本書以「射影幾何學」作為「看見」自然中的數學之工具，是同一類型數學普及書籍中的罕見之作。――台灣師範大學數學系退休教授洪萬生\r\n\r\n\t科學是概念世界與現象世界的交織，這正是本書採取的認知模型，出發點則是幾何學。\r\n\r\n\t 作者約翰．布雷克伍德曾任教於華德福教育體系，藉由細膩的觀察和巧妙的作圖，橫跨礦物界、植物界、動物界到人類世界，向讀者展示了大自然中繽紛絢爛的樣貌，探究這些多樣性是否正確反映出基本的幾何形式。\r\n\r\n\t \r\n\r\n\t 書中主要運用射影幾何學（projective geometry），不同於歐幾里得幾何學，它不依賴測量；測量和形式會從射影幾何的簡單變換中出現。 \r\n\r\n\t \r\n\r\n\t主題包括︰笛沙格定理、幾何元素、對稱性、賦向、螺線、四面體、路徑曲線、三維射影幾何等。\r\n\r\n\t 對教師和家長而言，讓孩子從生活環境中學習更勝於填鴨教學。\r\n\r\n\t 對學生而言，幾何可以不只是數學難題，而是探索與理解自然的方式。\r\n\r\n"}
{"書名":"數學解題Know How（幾何）","書籍網站":"https:\/\/www.kingstone.com.tw\/\/basic\/2013100107775?zone=book&lid=book_class3_ebd&actid=book_class3_ebd","作者":"孫唯洺","出版社":"鴻漸文化  ","ISBN":9789869627399.0,"圖片網址":"https:\/\/cdn.kingstone.com.tw\/book\/images\/product\/20131\/2013100107775\/2013100107775b.jpg","書籍簡介":"\r\n\r\n\r\n翻天覆地想不到，輕鬆解題找Know How！\r\n\r\n  \r\n\r\n大考都出哪些關鍵題型？\r\n 如何光速複習完高中三年的數學？\r\n 誰來給我一個高效率的準備方向！！！\r\n Don't worry～你沒想到的，Know How都幫你想到了！\r\n\r\n  \r\n\r\n《解題Know How》系列特色：\r\n ◎考前超重點歸納：將課本的文字觀念轉為條列式，用精簡的時間掌握最關鍵的重點。\r\n ◎必考試題大破解：挖掘試題中的核心概念，深入剖析各種題型的解題思路與步驟。\r\n ◎實力進化大擂台：提供讀者對各單元的自我檢測，訓練考場作答實力。\r\n ◎滿分A計畫特輯：依不同主題編排，協助考生融會貫通，輕鬆掌握解題要點。\r\n ◎雙色視圖不眼花：避免遇到複雜幾何圖形時，眼花撩亂的常見問題，輕鬆閱讀無障礙。\r\n ◎殷殷叮嚀最受用：隨處出沒小叮嚀，提供學習撇步或破題方法。\r\n  \r\n\r\n數學解題Know How幾何介紹：\r\n 本書涵蓋高一到高三幾何相關內容，學生準備學測、指考總複習或者自修時皆可使用。孫唯洺老師打破過往複習講義。從親身教學經驗所累積的題型中，選出大考最常出現的關鍵題型，而非「鬍子眉毛一把抓」的填鴨式選題。能讓不分類組的學生了解數學的命題方向，掌握數學科的解題竅門。\r\n\r\n"}
{"書名":"趣味幾何學：別萊利曼趣味科學系列","書籍網站":"https:\/\/www.kingstone.com.tw\/\/basic\/2013160009866?zone=book&lid=book_class3_ebd&actid=book_class3_ebd","作者":"雅科夫．伊西達洛維","出版社":"五南      ","ISBN":9789571194905.0,"圖片網址":"https:\/\/cdn.kingstone.com.tw\/book\/images\/product\/20131\/2013160009866\/2013160009866b.jpg","書籍簡介":"\r\n\r\n\r\n\t●全世界青少年最喜愛的趣味科普讀物\r\n\t●暢銷20多國，全世界銷量超過2000萬冊\r\n\t●世界經典科普名著，科普大師別萊利曼代表作\r\n\r\n\t居然有可以馬上算出體積的萬能公式？\r\n\t為什麼雲會漂浮在空中？\r\n\t用筆記本和鉛筆竟能測量物體高度？\r\n\t釘子要做成什麼形狀最牢固？\r\n\t哪些圖形無法一筆畫出來？\r\n\r\n\t《趣味幾何學》是俄羅斯著名科普作家別萊利曼百餘作品之一，書中以幽默有趣的奇妙故事及經典難題，將幾何學知識和生活中的實際問題互相結合，使幾何學不再抽象遙遠，幫助讀者鞏固既有知識，培養對於幾何學的興趣，並啟發讀者深入探索學習。\r\n\r\n"}
{"書名":"數學摺紙計畫：30個課程活動探索","書籍網站":"https:\/\/www.kingstone.com.tw\/\/basic\/2013100107225?zone=book&lid=book_class3_ebd&actid=book_class3_ebd","作者":"湯瑪斯．赫爾","出版社":"世茂      ","ISBN":9789578799219.0,"圖片網址":"https:\/\/cdn.kingstone.com.tw\/book\/images\/product\/20131\/2013100107225\/2013100107225b.jpg","書籍簡介":"\r\n\r\n\r\n數學權威湯瑪斯‧赫爾經典著作\r\n探索摺紙的奧妙\r\n品味數學之美\r\n\t \r\n\r\n\t美國最受歡迎的新罕布夏學院數學夏令營，\r\n\t每年精英備出，也是申請美國頂尖大學的強力籌碼。\r\n\t \r\n\t新罕布夏學院數學夏令營名師，\r\n\t西新英格蘭大學數學教授湯瑪斯‧赫爾的不藏私教案分享，\r\n\t讓您擠不進去，一樣能成精英！\r\n\t \r\n\t用一張正方形紙，怎樣才能摺出最大的三角形？\r\n\t如何透過摺紙，活用Lill法解三次方程式？\r\n\t令人無法自拔的名片折紙，老師和學生都會樂此不疲！\r\n\t \r\n\tPHiZZ單位、平頂點摺疊、芳賀和夫定理、前川定理…\r\n\t30種活動教案，涵蓋各種數學範圍\r\n\t明確的數學主題與講義，適合各種活動教案、科展、報告！\r\n\r\n"}
{"書名":"專門用來打好幾何基礎的數學課本2（2版）","書籍網站":"https:\/\/www.kingstone.com.tw\/\/basic\/2015240220802?zone=book&lid=book_class3_ebd&actid=book_class3_ebd","作者":"財團法人博幼社會福利基金會","出版社":"五南      ","ISBN":9789571195667.0,"圖片網址":"https:\/\/cdn.kingstone.com.tw\/book\/images\/product\/20152\/2015240220802\/2015240220802b.jpg","書籍簡介":"\r\n\r\n\r\n\t本書中的每一章節都是根據以下三個步驟來進行：\r\n\t第一、基礎的基本定義介紹。\r\n\t第二、利用基本定義來證明定理。\r\n\t第三、將定理應用在幾何例題上。\r\n\r\n\t為了建立學生學習的信心，本書每章節例題的編排方式都是由淺入深，學生在了解每個定理的由來之後，可以這些定理為基礎，先練習前面的幾個基本題型，之後才進入綜合的題型，並在學習完一個單元之後，熟記此單元的重點整理歸納，來作歷屆基測考題的練習。最後，可搭配博幼網站上的檢測卷，做為此單元學習成果的測試。\r\n\r\n\t博幼的幾何教材乃是藉由邏輯上的思考，來幫助學生從無到有建立起幾何學的概念，依照點 線 面 體的順序編輯而成，教材中的所有定理，都是由基本定義經過證明而得來，且每個定理都是建立在前一個定理之上，各章節之間相互連結，其內容環環相扣，一氣呵成。\r\n\r\n\t本書共分10章，教材中明列了國中範圍的111個定義、8個公理以及證明了157個定理，搭配約有80種題型、728個例題、564個習題以及歷年112個基測試題。凡是中學生所需要學習的幾何知識，在這套教材中全都找的到，而且都有詳細嚴謹的證明過程。\r\n\r\n"}
{"書名":"圖解向量與解析幾何","書籍網站":"https:\/\/www.kingstone.com.tw\/\/basic\/2013130024776?zone=book&lid=book_class3_ebd&actid=book_class3_ebd","作者":"吳作樂、吳秉翰","出版社":"五南      ","ISBN":9789571194189.0,"圖片網址":"https:\/\/cdn.kingstone.com.tw\/book\/images\/product\/20131\/2013130024776\/2013130024776b.jpg","書籍簡介":"\r\n\r\n\r\n\t★解決向量在老師與學生內心的疙瘩。\r\n\t★難道一定要用物理概念才能學會數學向量嗎？\r\n\t★內積、外積在數學與物理各自是什麼意思？\r\n\r\n\t本書是為了解決一段人對向量的大量疑惑。因為從物理的功、力矩定義導入向量內積、外積概念，令人誤會沒有這兩個觀念就不能將解析幾何，由二度推到三度空間。及為什麼能用物理概念推論數學？本書詳細說明數學及物理的向量歷史，認知到解析幾何根本不需要「向量」概念，就能夠推廣，只是相當繁瑣。並理解是數學支撐物理，而不是物理來說明數學。\r\n\r\n\t作者之一多年來在求學與教學深受上述問題困擾，因為用物理說明數學會導致學生不理解、造成教學困難。兩位作者都認為死背定義的數學學習，或說不清楚的數學，根本不配稱為好的數學教育。因為數學是一門可以被說清楚的演繹邏輯，不能說清楚的部分越少越好。想要保持數學直覺性與創意性，適當的途徑是研究這門學科的歷史和現狀。因此本書盡可能釐清內積、外積在數學與物理的混亂。希望學生不再有困惑，心理不再存在疙瘩，並了解在自然科學中，數學具有不可理喻的有效性。\r\n\r\n"}
{"書名":"宇宙的數學圖形：啟發靈感、訓練邏輯，用色彩填滿抽象幾何的遊戲","書籍網站":"https:\/\/www.kingstone.com.tw\/\/basic\/2019478173398?zone=book&lid=book_class3_ebd&actid=book_class3_ebd","作者":"艾利克斯．貝洛斯","出版社":"時報文化  ","ISBN":9789571366487.0,"圖片網址":"https:\/\/cdn.kingstone.com.tw\/book\/images\/product\/20194\/2019478173398\/2019478173398b.jpg","書籍簡介":"\r\n\r\n\r\n挑戰你對數學又愛又怕的想像，玩到崩潰又忍不住直呼過癮！\r\n\r\n市面上第一本用數學圖形認識宇宙奧祕的書，\r\n踏上三千年知識探索的捷徑！\r\n\r\n如果你覺得數學還不夠有趣、不夠有挑戰，那你一定要征服本書！\r\n\r\n\t \r\n\r\n\t \r\n\r\n✔每天十分鐘，增進數學能力\r\n\r\n\t《數字奇航》作者貝洛斯透過幾何著色與數學解謎，與你一起「玩」數學。打開本書，每天只花十分鐘，增加你對數學的樂趣與實力！\r\n\r\n\t \r\n\r\n✔在靜心的過程中隔絕外界的資訊干涉\r\n\r\n\t你有多久沒有感到「數學很好玩」？透過著色，離開了手機電腦與電視，靜入安靜的數學世界，體驗手繪與數學解密的迷人之處！\r\n\r\n\t \r\n\r\n✔用數學追尋宇宙中最美的圖形\r\n\r\n\t黃金比例、微積分、費波納契數列、密鋪，這些難到想哭的數學，都隱藏在日常的風景裡。透過翻閱一頁頁精美的幾何圖形，鑽入宇宙中最美與最純粹的圖形！\r\n\r\n\t \r\n\r\n✔平衡你的邏輯左腦與情緒右腦\r\n\r\n\t透過為幾何上色，撫平右腦，獲得情緒與心靈上的紓解！嘗試繪出各種不同的立體幾何圖形，訓練左腦，創造出更多的可能！\r\n\r\n\t \r\n\r\n✔增進立體視覺，在設計過程中增進數學邏輯\r\n\r\n\t二度空間、三度空間與四度空間的幾何看起來有何不同？怎麼透過上色，替它們展現出不同的立體風貌？用超越《星際效應》的想像力，一起來挑戰幾何世界吧！\r\n\r\n\t \r\n\r\n✔打破填塞的單調，透過解謎，找到數學的樂趣\r\n\r\n\t只有著色太無趣？我們為你準備了更高難度的挑戰，用π（Pi）的規則走路、用隨機著色來找出數學規律、用曲線填滿平面空間，這些平常我們想像不到的方式，透過解題，一起激發數學潛能與樂趣！\r\n\r\n\t \r\n\r\n\t \r\n\r\n\t \r\n\r\n\t花椰菜、松果、龍捲風、銀河系，有何共通之處？雪花、貝殼與星星，又埋藏了什麼數學祕密？有多久，我們沒有感受到解開數學之謎的快樂？\r\n\r\n\t古希臘與文藝復興時期的藝術學與哲學家，透過印度曼陀羅還有伊斯蘭花紋，沉浸在數學的樂趣中。現在，暢銷作家《數字奇航》作者貝洛斯，將他的數學冒險化為《宇宙的數學圖形》，用格紋、海浪和螺旋，與他的數學家好友艾德蒙‧哈里斯，一同畫出一個又一個神奇美妙的數學世界，納宇宙奧祕於紙上，以幾何展現前所未見的視覺體驗，激發我們走入既平靜又豐富多彩的數學旅程。一起舒展我們的藝術才華吧，擁抱數學的美麗和細膩！\r\n\r\n\t \r\n\r\n\t \r\n\r\n本書特色\r\n\r\n\t★最具多樣性！不同於一般著色書只有一種圖形，透過三度空間與四度空間的幾何概念，找出千變萬化的上色法！\r\n\t★知識性最高！數學家親身解說每一個圖形背後的奧祕，讓你輕鬆入門數學課！\r\n\r\n\t  ★怎麼玩都不無聊！可以簡單上色、也可以挑戰無窮多種的立體幾何世界，隨心情變化難度！\r\n\r\n\t  ★圖像蒐羅最齊全！各種幾何圖形盡皆收錄書中，近百幅數學等你來挑戰！\r\n\t★上色過程最自由！進口美術紙你讓用各式畫筆都能揮灑出專屬自己的數學風采！\r\n\t★跨年齡親子共玩最開心！無論是幼兒、莘莘學子，還是亟需生活樂趣的成人，都能在幾何中找到自己的位置！親子一起玩，更能激發彼此的想像，增進情感！\r\n\r\n"}
{"書名":"摺紙玩數學 （日本摺紙大師的幾何學教育）","書籍網站":"https:\/\/www.kingstone.com.tw\/\/basic\/2013100097847?zone=book&lid=book_class3_ebd&actid=book_class3_ebd","作者":"芳賀和夫","出版社":"世茂      ","ISBN":9789869283700.0,"圖片網址":"https:\/\/cdn.kingstone.com.tw\/book\/images\/product\/20131\/2013100097847\/2013100097847b.jpg","書籍簡介":"\r\n\r\n\r\n遊戲探索幾何\r\n\r\n建構數學的三維世界\r\n\r\n享譽全球的摺紙數學\r\n\r\n在台第一本專書\r\n\r\n\t \r\n\r\n\t※附贈價值200元的專用摺線色紙冊！※\r\n\r\n\t \r\n\r\n\t遊樂、藝術、科學的交點\r\n\r\n\t新概念數學遊戲書\r\n\r\n\t   \r\n\r\n\t日本名師芳賀和夫開創的摺紙數學，\r\n\r\n\t以趣味摺紙探索各種數理現象，\r\n\r\n\t被譽為「芳賀定理」，\r\n\r\n\t受到各國學者竭力推廣，\r\n\r\n\t曾於台灣國立歷史博物館展出作品。\r\n\r\n這些地方竟然隱藏著幾何圖形？\r\n\r\n\t \r\n\r\n\t將正方形的色紙對摺，就會變成等腰三角形耶！\r\n\r\n\t你知道如何摺出正三角形嗎？\r\n\r\n\t只要跟著本書摺紙步驟，再複雜的圖形都可以摺得出來！\r\n\r\n\t讓本書帶領你進入用色紙玩數理的摺紙世界吧！\r\n\r\n"}
{"書名":"30秒搞懂數學：函數.幾何.微積分沒你想的那麼難","書籍網站":"https:\/\/www.kingstone.com.tw\/\/basic\/2014250348346?zone=book&lid=book_class3_ebd&actid=book_class3_ebd","作者":"理查‧布朗","出版社":"旗林文化  ","ISBN":9789865893712.0,"圖片網址":"https:\/\/cdn.kingstone.com.tw\/book\/images\/product\/20142\/2014250348346\/2014250348346b.jpg","書籍簡介":"\r\n\r\n\r\n50個最能啟發心智的數學理論，每一個在30秒內就讓你了解\r\n\r\n\r\n 你會玩魔術方塊，但是你聽過歐拉磚塊嗎？\r\n\r\n 你知道π不是一個少年，而是一個無理數，\r\n 但是你說得出什麼是自然數和非自然數、有理數和無理數、實數和虛數嗎？\r\n\r\n 你可能還記得平面幾何，\r\n 那你聽過碎形、摺紙幾何、柏拉圖立體嗎？\r\n\r\n 除了很簡單的畢氏定理到很複雜的費馬最後定理，\r\n 這本書還告訴你貝氏定里、賽局理論、拓樸學……\r\n\r\n 讓老師和同學對你豎起大拇指，讓同事和朋友對你刮目相看。\r\n\r\n 《30秒搞懂數學，函數、幾何、微積分沒你想的那麼複雜》以每則2頁的篇幅、數百字的說明和一幅插圖，將一個個複雜的數字問題和數學理論，說清楚講明白。一提到數學就覺得頭大的人，不論你是想要知道指數和對數的不同，或是理解無限大之間為什麼存在程度差異，這本書都可以告訴你，讓你一點就亮。此外，每個單元還有數學家小傳記，幫你認識數學史上最厲害的人物。你可以慢慢讀，高興怎麼看就怎麼看，你會發現數學真的很奇妙，不再覺得它真令人頭大。\r\n\r\n"}
{"書名":"3小時讀通幾何","書籍網站":"https:\/\/www.kingstone.com.tw\/\/basic\/2013160009286?zone=book&lid=book_class3_ebd&actid=book_class3_ebd","作者":"岡部恒治","出版社":"世茂      ","ISBN":9789866097928.0,"圖片網址":"https:\/\/cdn.kingstone.com.tw\/book\/images\/product\/20131\/2013160009286\/2013160009286b.jpg","書籍簡介":"\r\n\r\n\r\n 日本數學協會副會長，教你從簡單的圖形入門，將幾何帶入數列、濃度的運算，挑戰圓與π的不可思議，認識畢達哥拉斯定理與三角函數的智慧，進而敲開微積分大門！\r\n\r\n 「只要會畫圖，就會幾何！」\r\n 「證明題不再是難題！」\r\n 「體驗幾何解題樂趣！」\r\n\r\n 透過「用畫圖來表示」的方式，將複雜的內容具體化，學會看穿「問題本質」的能力。\r\n\r\n 從理論到實際應用，甚至艱深的「三角函數」與「微積分」也變得有趣了！\r\n\r\n"}
{"書名":"深入淺出平面幾何","書籍網站":"https:\/\/www.kingstone.com.tw\/\/basic\/2014713304902?zone=book&lid=book_class3_ebd&actid=book_class3_ebd","作者":"Lindsey Fallow- Dawn Griffiths","出版社":"歐萊禮    ","ISBN":9789862763421.0,"圖片網址":"https:\/\/cdn.kingstone.com.tw\/book\/images\/product\/20147\/2014713304902\/2014713304902b.jpg","書籍簡介":"\r\n\r\n你將從本書學到什麼？ 你覺得幾何很難搞定嗎？一看到π、畢式定理或是角度計算，你的頭就發暈嗎？放輕鬆點，不用那麼緊張啦。現在有了《深入淺出平面幾何》，不管你遇到三角形、四邊形，甚至是多邊形，都不用再害怕了。你會從全等和相似的觀念中，學習到很多節省時間的秘密，而且不只是快而已，過程不但一點都不痛苦，而且還很好玩呢！ 這本書為何如此與眾不同？ 我們認為你的時間寶貴，不應該浪費在與新概念周旋不下的窘境之中。運用認知科學與學習理論的最新研究成果，我們精心建構出一段引發多重感知的學習體驗。《深入淺出平面幾何》針對大腦運作而設計，採用了豐富的視覺化風格，至於那些令你昏昏欲睡的冗贅敘述？那就免了吧。\r\n                    \r\n"}
{"書名":"沒有王者之路：幾何原本（經典3.0）","書籍網站":"https:\/\/www.kingstone.com.tw\/\/basic\/2013160008814?zone=book&lid=book_class3_ebd&actid=book_class3_ebd","作者":"翁秉仁","出版社":"網路與書  ","ISBN":9789862132258.0,"圖片網址":"https:\/\/cdn.kingstone.com.tw\/book\/images\/product\/20131\/2013160008814\/2013160008814b.jpg","書籍簡介":"\r\n\r\n《原本》成書於西元前三百年左右，距離今天兩千三百年，《原本》的作者是亞歷山卓的歐基里得（Euclid of Alexandria），他的生卒年根據推測大概是公元前330~260年，正是馬其頓英主亞歷山大開始發展勢力，開創希臘化文化的初期。《原本》是一本數學著作，章節安排有著嚴謹的結構，全書由定義、公設、設準、命題（定理）、證明，以及符號和圖像所構成，全書共十三卷。　　《原本》其實是歐基里得將古希臘數學集大成的著作，包括了希臘科學數學家：泰利斯、畢達哥拉斯、希波克拉提斯等人的成果。導讀者翁秉仁教授認為《原本》之所以是經典，是因為歐基里得採用了非常特殊的編纂法，就是推理的方法或邏輯。歐基里得的原創性不是表現四百多個命題的敘述，因為許多命題在當時是已知的知識。歐基里得的天才表現在他有精準深刻的眼光，選擇恰當的公設，又有驚人的推理能力，可以一步步將這許多命題整合成一個體系。引用笛卡兒的譬喻，歐基里得不是只找出一條鐵鍊，而是將許多條推理的長練，編織成一張鐵鍊網，將所有的《原本》命題都固定在五個牢靠的首環上──亦即五個公設上，包括著名的「平行公設」。　　歐基里得運用希臘文明的資源，將過去零散的經驗知識，整理成不容置疑的真理。他展示的這種發展人類知識的新方法，日後稱為「公設演繹法」，讓人類得以在這個變化、偶然、不可知的世界上，平地一聲雷，突然有了一個典範，可以協助人類分析、判定並取得確定的真理，這在人類的思想史上，是一個了不起的天才成就。本書重點　　●多軸心的二十一世紀閱讀，打開傳說中的書  打開夢想與未來　　●香港、上海、北京、台北，四地書展合辦巡迴演講　　●華文世界十位名家導讀　　●結合文字、攝影、漫畫、插圖、圖表的新型態出版　　●歐陽應霽、林怡芬、張妙如、豬樂桃等圖文創作者參與　　●台師大、香港理工大學共同參與繪圖\r\n\r\n"}
{"書名":"球面三角術","書籍網站":"https:\/\/www.kingstone.com.tw\/\/basic\/2013170001478?zone=book&lid=book_class3_ebd&actid=book_class3_ebd","作者":"李光蔭","出版社":"臺灣商務  ","ISBN":9789570514858.0,"圖片網址":"https:\/\/cdn.kingstone.com.tw\/book\/images\/product\/20131\/2013170001478\/2013170001478b.jpg","書籍簡介":"0"}
{"書名":"圓周率中的級數與數列之均衡與最佳","書籍網站":"https:\/\/www.kingstone.com.tw\/\/basic\/2013160010305?zone=book&lid=book_class3_ebd&actid=book_class3_ebd","作者":"林士傑","出版社":"白象      ","ISBN":9789863589389.0,"圖片網址":"https:\/\/cdn.kingstone.com.tw\/book\/images\/product\/20131\/2013160010305\/2013160010305b.jpg","書籍簡介":"\r\n\r\n\r\nπ是甚麼？你也看得懂的數學秘密！\r\n\r\n\t◎以既有理論和創意思維所建立的公式，為圓周率的發展帶來新氣象。\r\n\t◎只須具備高中數學的知識，便能輕鬆融入、理解其中。\r\n\r\n\t本書為作者重新編寫自己的碩士論文，以前人的成果為基礎，融入自我的理念於其中，去蕪存菁，讓讀者看到最精采的論證，以及新事物所帶來的圓周率現象。\r\n\r\n\t先講解理論，再拿來應用，進而證實這些方法足以（有效且有效率的）表達圓周率。\r\n\r\n\t前兩章強調關於公式的幾何推演，第三章闡述對於公式的適切應用，最後則解析尺規的理念作圖等實務面向；章章精闢且多有創新和建樹；讀者在這多元而豐富的內容中，不難獲取喜歡的部分，甚至還能依此基礎示範，進一步塑造某些有潛力的發展！\r\n\r\n"}
{"書名":"國中幾何證明大全","書籍網站":"https:\/\/www.kingstone.com.tw\/\/basic\/2015240213651?zone=book&lid=book_class3_ebd&actid=book_class3_ebd","作者":"簡廷豐","出版社":"白象      ","ISBN":9789863585381.0,"圖片網址":"https:\/\/cdn.kingstone.com.tw\/book\/images\/product\/20152\/2015240213651\/2015240213651b.jpg","書籍簡介":"\r\n\r\n\r\n100個國中幾何重要命題，用嚴謹的證明、清楚的脈絡，將國中幾何的定理層層堆疊！\r\n\r\n【本書簡介】\r\n\r\n\t◎ 收錄100個國中幾何重要命題，提供查閱、複習使用。\r\n\r\n\t◎ 將性質、定理編號，愈學愈艱難時不怕性質、定理找不到。\r\n\r\n\t◎ 嚴謹證明加上直觀解說，從更高層次的幾何觀點來反思國中古典幾何。\r\n\r\n\t \r\n\r\n如何使用本書？\r\n\r\n\t \r\n\r\n\t如果你是國中生，可以做為學習幾何證明時查閱用的書籍。\r\n\r\n\t如果你是高中生，可以做為學習三角、坐標、向量幾何前複習用的書籍。\r\n\r\n\t如果您是數學老師，可以選為多元選修特色課程開課教材。\r\n\r\n\t如果您是數學愛好者，可以盡情享受在證明脈絡中的樂趣。\r\n\r\n\t \r\n\r\n\t更多精彩內容請見http:\/\/www.pressstore.com.tw\/freereading\/9789863585381.pdf\r\n\r\n"}
{"書名":"數學也可以這樣學","書籍網站":"https:\/\/www.kingstone.com.tw\/\/basic\/2013100096765?zone=book&lid=book_class3_ebd&actid=book_class3_ebd","作者":"約翰．布雷克伍德","出版社":"商周出版  ","ISBN":9789862729519.0,"圖片網址":"https:\/\/cdn.kingstone.com.tw\/book\/images\/product\/20131\/2013100096765\/2013100096765b.jpg","書籍簡介":"\r\n\r\n\r\n一沙一世界，一花一天堂\r\n飄落的雪花是幾何；太陽月亮是週期；葉子的節點是數列\r\n換個方式學數學，你將發現自然的美麗及宇宙的秩序\r\n\r\n\r\n華德福式自然學習法，超過200幅彩色圖表\r\n\r\n\t本書是一位任教於華德福教育體系的教師，針對七、八年級學生所發展的教程，廣獲推介引用。藉由大量圖片與作品，引導學生認識大自然、空間以及時間裡的數學。主題包括：幾何學、畢達哥拉斯及數目、柏拉圖多面體、節奏與循環。\r\n\r\n\t華德福的教育方式強調學習與經驗的連結。對教師和家長而言，點燃孩子的學習熱情更勝於填鴨教學。對學生而言，概念與觀察的結合會帶來驚喜與啟蒙。數學不只是計算與公式，更是探索、興趣與應用，也是一項重要生活技能。\r\n\r\n"}
{"書名":"專門用來打好幾何基礎的數學課本4","書籍網站":"https:\/\/www.kingstone.com.tw\/\/basic\/2015240115894?zone=book&lid=book_class3_ebd&actid=book_class3_ebd","作者":"博幼福利基金會","出版社":"書泉      ","ISBN":9789861219684.0,"圖片網址":"https:\/\/cdn.kingstone.com.tw\/book\/images\/product\/20152\/2015240115894\/2015240115894b.jpg","書籍簡介":"\r\n\r\n\r\n\t本書中的每一章節都是根據以下三個步驟來進行：\r\n\t第一、基礎的基本定義介紹。\r\n\t第二、利用基本定義來證明定理。\r\n\t第三、將定理應用在幾何例題上。\r\n\r\n\t為了建立學生學習的信心，本書每章節例題的編排方式都是由淺入深，學生在了解每個定理的由來之後，可以這些定理為基礎，先練習前面的幾個基本題型，之 後才進入綜合的題型，並在學習完一個單元之後，熟記此單元的重點整理歸納，來作歷屆基測考題的練習。最後，可搭配博幼網站上的檢測卷，做為此單元學習成果 的測試。\r\n\r\n\t博幼的幾何教材乃是藉由邏輯上的思考，來幫助學生從無到有建立起幾何學的概念，依照點 線 面 體的順序編輯而成，教材中的所有定理，都是由基本定義經過證明而得來，且每個定理都是建立在前一個定理之上，各章節之間相互連結，其內容環環相扣，一氣呵成。\r\n\r\n\t本書共分10章，教材中明列了國中範圍的111個定義、8個公理以及證明了157個定理，搭配約有80種題型、728個例題、564個習題以及歷年112個基測試題。凡是中學生所需要學習的幾何知識，在這套教材中全都找的到，而且都有詳細嚴謹的證明過程。\r\n\r\n"}
{"書名":"專門用來打好幾何基礎的數學課本3","書籍網站":"https:\/\/www.kingstone.com.tw\/\/basic\/2015240115184?zone=book&lid=book_class3_ebd&actid=book_class3_ebd","作者":"博幼社會福利基金會","出版社":"書泉      ","ISBN":9789861219516.0,"圖片網址":"https:\/\/cdn.kingstone.com.tw\/book\/images\/product\/20152\/2015240115184\/2015240115184b.jpg","書籍簡介":"\r\n\r\n博幼的幾何教材乃是藉由邏輯上的思考，來幫助學生從無到有建立起幾何學的概念，依照點 線 面 體的順序編輯而成，教材中的所有定理，都是由基本定義經過證明而得來，且每個定理都是建立在前一個定理之上，各章節之間相互連結，其內容環環相扣，一氣呵成。本書共分10章，教材中明列了國中範圍的111個定義、8個公理以及證明了157個定理，搭配約有80種題型、728個例題、564個習題以及歷年112個基測試題。凡是中學生所需要學習的幾何知識，在這套教材中全都找的到，而且都有詳細嚴謹的證明過程。\r\n                    \r\n"}
{"書名":"專門用來打好幾何基礎數學課本 2","書籍網站":"https:\/\/www.kingstone.com.tw\/\/basic\/2015240113760?zone=book&lid=book_class3_ebd&actid=book_class3_ebd","作者":"博幼基金會","出版社":"書泉      ","ISBN":9789861219325.0,"圖片網址":"https:\/\/cdn.kingstone.com.tw\/book\/images\/product\/20152\/2015240113760\/2015240113760b.jpg","書籍簡介":"\r\n\r\n\r\n\t博幼的幾何教材乃是藉由邏輯上的思考，來幫助學生從無到有建立起幾何學的概念，依照點 線 面 體的順序編輯而成，教材中的所有定理，都是由基本定義經過證明而得來，且每個定理都是建立在前一個定理之上，各章節之間相互連結，其內容環環相扣，一氣呵成。\r\n\r\n\t本書共分10章，教材中明列了國中範圍的111個定義、8個公理以及證明了157個定理，搭配約有80種題型、728個例題、564個習題以及歷年112個基測試題。凡是中學生所需要學習的幾何知識，在這套教材中全都找的到，而且都有詳細嚴謹的證明過程。\r\n\r\n"}
{"書名":"專門用來打好幾何基礎的數學課本1","書籍網站":"https:\/\/www.kingstone.com.tw\/\/basic\/2015240113050?zone=book&lid=book_class3_ebd&actid=book_class3_ebd","作者":"博幼社會福利基金會","出版社":"書泉      ","ISBN":9789861219240.0,"圖片網址":"https:\/\/cdn.kingstone.com.tw\/book\/images\/product\/20152\/2015240113050\/2015240113050b.jpg","書籍簡介":"\r\n\r\n\r\n本書中的每一章節都是根據以下三個步驟來進行：\r\n\r\n 第一、基礎的基本定義介紹。\r\n 第二、利用基本定義來證明定理。\r\n 第三、將定理應用在幾何例題上。\r\n\r\n 為了建立學生學習的信心，本書每章節例題的編排方式都是由淺入深，學生在了解每個定理的由來之後，可以這些定理為基礎，先練習前面的幾個基本題型，之 後才進入綜合的題型，並在學習完一個單元之後，熟記此單元的重點整理歸納，來作歷屆基測考題的練習。最後，可搭配博幼網站上的檢測卷，做為此單元學習成果 的測試。\r\n\r\n 博幼的幾何教材乃是藉由邏輯上的思考，來幫助學生從無到有建立起幾何學的概念，依照點 線 面 體的順序編輯而成，教材中的所有定理，都是由基本定義經過證明而得來，且每個定理都是建立在前一個定理之上，各章節之間相互連結，其內容環環相扣，一氣呵成。\r\n\r\n 本書共分10章，教材中明列了國中範圍的111個定義、8個公理以及證明了157個定理，搭配約有80種題型、728個例題、564個習題以及歷年112個基測試題。凡是中學生所需要學習的幾何知識，在這套教材中全都找的到，而且都有詳細嚴謹的證明過程。\r\n\r\n"}
{"書名":"初級中學數學自學教材：幾何","書籍網站":"https:\/\/www.kingstone.com.tw\/\/basic\/2015240112428?zone=book&lid=book_class3_ebd&actid=book_class3_ebd","作者":"孫文先","出版社":"九章      ","ISBN":9789576033223.0,"圖片網址":"https:\/\/cdn.kingstone.com.tw\/book\/images\/product\/20152\/2015240112428\/2015240112428b.jpg","書籍簡介":"\r\n\r\n\r\n\t唱歌謠。唸韻文。讀劇本。\r\n\r\n\t歌謠韻文一直是語言學習初階者最佳的學習模式！\r\n\r\n\t1. 透過歌謠韻文的方式，加強學生的音韻覺識，並可搭配 TPR 活動。\r\n\r\n\t2. 可愛活潑的故事，色彩豐富的繪本，提升孩子閱讀的動機與趣味。\r\n\r\n\t3. 精心撰寫的讀者劇場腳本，可用來進行讀者劇場排練與表演。\r\n\r\n\t4. 影音光碟內含精彩動畫及外籍老師示範發音語調，幫助練習唸讀。\r\n\r\n\t本 書由楊耀琦老師精心編寫而成，透過居家環境的不同房間，輕鬆地帶入英語學習。第一部分是歌謠韻文，繪本式的內容呈現，搭配節奏輕快的唱讀，馬上就能琅琅上 口。第二部分是讀者劇場劇本，可以運用讀者劇場的方式，培養閱讀流利度。第三部分是課後練習，活潑且富有創意的題型，加強對單字的認識，加深閱讀理解能 力，達到全面性的學習效果。\r\n\r\n"}
{"書名":"黃金比例：1.618...世界上最美的數字(新版)","書籍網站":"https:\/\/www.kingstone.com.tw\/\/basic\/2013160009446?zone=book&lid=book_class3_ebd&actid=book_class3_ebd","作者":"李維歐","出版社":"遠流      ","ISBN":9789573274087.0,"圖片網址":"https:\/\/cdn.kingstone.com.tw\/book\/images\/product\/20131\/2013160009446\/2013160009446b.jpg","書籍簡介":"\r\n\r\n\r\n這是一個關於植物、藝術、建築、繪畫、詩歌……\r\n 讓你驚嘆造物主神奇的數字！\r\n\r\n\r\n 黃金比例是什麼？\r\n ‧兔子的生育？\r\n ‧玫瑰花瓣？\r\n ‧鸚鵡螺的外殼？\r\n ‧鳳梨的外皮鱗片？\r\n ‧巨大星系？\r\n ‧達文西名畫《蒙娜麗莎的微笑》？\r\n ‧名模身材？\r\n ‧股市指數的波動？\r\n ‧以上皆是\r\n\r\n 以上選項看起來毫不相關，但其實它們都擁有一個共同點，那就是──黃金比例，也就是1.6180339887...。\r\n\r\n 黃金比例的發現究竟源起於何時？幾乎已不可考。不過，有一點倒是可以確定的，歐幾里德這位幾何學大師用一條簡單的幾何定理「中未比」就為黃金比例下了完美的定義，即把一條直線（或線段）一分為二，則長線段與短線段之比恰等於完整直線與長線段之比。\r\n\r\n 黃金比例的趣味或許在於它跳脫了最原始的幾何意義，從數學延伸至繪畫、建築、音樂乃至發展成為對完美人體身形比例的終極追求，搖身一變成定奪感官之美 或和諧之美的最高裁判官，相較於多數人可以朗朗上口的π值3.1416，黃金比例顯然與我們日常生活的關係更為密切。也因此，我們容易「眼見為憑」，將許 多充滿視覺驚嘆之美的結構，誤判為是依據黃金比例而設計，譬如神祕的古埃及金字塔與雅典充滿簡約風格的帕特農神廟等等，許多黃金數字的狂熱崇拜者全都將之 記在黃金比例的豐功偉績裡，但果真如此嗎？\r\n\r\n 本書作者李維歐不僅是一位稱職的嚮導，用平實的語言引領讀者展開這趟黃金比例的深度考古之旅，追本溯源，沿途也發揮科學家的偵探精神，抽絲剝繭，為讀者撥開層層迷霧，直達真相。\r\n\r\n"}
{"書名":"動手做幾何","書籍網站":"https:\/\/www.kingstone.com.tw\/\/basic\/2015232403404?zone=book&lid=book_class3_ebd&actid=book_class3_ebd","作者":"黃敏晃","出版社":"天下文化  ","ISBN":9789863204725.0,"圖片網址":"https:\/\/cdn.kingstone.com.tw\/book\/images\/product\/20152\/2015232403404\/2015232403404b.jpg","書籍簡介":"\r\n\r\n\r\n黃敏晃教授「數學素養系列3」\r\n\r\n\r\n\t你覺得自己的幾何與空間能力好不好？可能有超過半數的人回答「不好」。歸根究柢，無論是一般成年人或是在學的學生，在學「幾何」的時候，90%以上恐怕都用背的，不求理解。這可不是學習幾何最好的方法。\r\n\r\n\t要學幾何，就要動手操作。《動手做幾何》這本書，是黃敏晃老師為基礎幾何教學的最佳示範，你會看到如何透過遊戲式的、能夠具體操作的活動，以及思考探索，來學到有用的幾何與空間能力。\r\n\r\n\t學生能力的成長，最要緊的其實不是教材，而是老師跟他所採用的教學法。－－黃敏晃\r\n\r\n"}
{"書名":"毛起來說三角","書籍網站":"https:\/\/www.kingstone.com.tw\/\/basic\/2013110000738?zone=book&lid=book_class3_ebd&actid=book_class3_ebd","作者":"毛爾","出版社":"天下文化  ","ISBN":9789863204015.0,"圖片網址":"https:\/\/cdn.kingstone.com.tw\/book\/images\/product\/20131\/2013110000738\/2013110000738b.jpg","書籍簡介":"\r\n\r\n\r\n 聽到三角，絕大多數人的腦海可能馬上就閃過一大堆θ、φ、sin、tan、csc、半角公式、倍角公式、和化積、積化和、……，管它實不實用，「卯」起來背就對了，還可以「說」些什麼呢？如果你真的這麼認為，以為三角學只是一個又一個函數與公式，那可大錯特錯了！\r\n\r\n 學校裡，從沒有人告訴你三角的歷史和生命，也沒有人告訴你三角和人類文明如何緊緊相扣；從古埃及的金字塔、砲彈的射程、精確地圖的誕生，到天文測量，全都離不開三角。其實，三角學與現實世界是密不可分的。\r\n\r\n 為了傳達這個觀念，本書作者毛爾教授捨棄教科書式的枯燥寫法，「毛」起來說了許多關於三角的小故事；透過這本書，你將目睹三角學如何從埃及金字塔裡萌芽、從古希臘乃至中世紀天文學家的手中茁壯，你也將認識許許多多偉大的數學家，跟隨他們的腳步，踏進有趣的三角殿堂，一探平面三角學背後的無窮樂趣。\r\n\r\n"}
{"書名":"超速吸收國中數學攻略","書籍網站":"https:\/\/www.kingstone.com.tw\/\/basic\/2015240106359?zone=book&lid=book_class3_ebd&actid=book_class3_ebd","作者":"劉靜","出版社":"書泉      ","ISBN":9789861218427.0,"圖片網址":"https:\/\/cdn.kingstone.com.tw\/book\/images\/product\/20152\/2015240106359\/2015240106359b.jpg","書籍簡介":"\r\n\r\n媒體爭相採訪的明星老師 獨創時尚國中數學幫您建立國中數學最重要的觀念本書特色史上絕無僅有的數學秘笈完全露出幫你打下完美數學基礎 本書以極具親和力的方式依照國中數學各冊順序編排除了快速好吸收又能全面提及重點 並配合劉靜老師親切的對話框 搭配超強速解與公式歌希望同學們能更親近數學。當數學開始變的不那麼地艱澀難懂 當你願意親近願意接觸 拋開淺意識的抗拒 真心的接受之後一定能夠逐漸看見自己的成長 … …。\r\n                    \r\n"}
{"書名":"愛上幾何：義大利爺爺的生活實用數學課","書籍網站":"https:\/\/www.kingstone.com.tw\/\/basic\/2013160008784?zone=book&lid=book_class3_ebd&actid=book_class3_ebd","作者":"安娜．伽拉佐利","出版社":"如何      ","ISBN":9789861361963.0,"圖片網址":"https:\/\/cdn.kingstone.com.tw\/book\/images\/product\/20131\/2013160008784\/2013160008784b.jpg","書籍簡介":"\r\n\r\n◎第一志願高中、數學名師集體推薦團購！義大利都靈大學指定推薦圖書系列作。◎暢銷書《愛上數學》的義大利爺爺再度開課！9歲到99歲都看得懂，最能引發學習興趣的數學入門書。生活中，俯拾之間都是幾何學！為什麼買格局方正的房子比較划算？為什麼史奴比可以安穩的躺在屋頂上？為什麼蜜蜂要把蜂巢蓋成六角形？泥作師父為什麼正方形的磁磚都貼不好？不要說你沒必要學幾何，有時候你還真需要它。「幾何」這個字源自埃及法老王時代，字義為「測量土地」，你就知道這是門多麼實用的學問！我們處在三度空間，所以2D、3D各種的形狀充斥在我們的環境中，這些形狀間的數學關係，就是幾何學。懂了它，爸爸可以知道買什麼樣的房子面積最大，媽媽可以知道什麼樣的容器可以最節省空間、裝最多的東西，小朋友可以知道蓋什麼樣的狗屋最堅固……再次讓可愛的菲洛和義大利爺爺，引領我們進入有趣的幾何世界！\r\n\r\n"}
{"書名":"幾何圖解‧一題多解範本","書籍網站":"https:\/\/www.kingstone.com.tw\/\/basic\/2013160008654?zone=book&lid=book_class3_ebd&actid=book_class3_ebd","作者":"王景雲","出版社":"王景雲    ","ISBN":9789574146215.0,"圖片網址":"https:\/\/cdn.kingstone.com.tw\/book\/images\/product\/20131\/2013160008654\/2013160008654b.jpg","書籍簡介":"\r\n\r\n以圖解思考革除猜測死背觀念，讓同學們快樂學習幾何推哩，活學活用，觸類旁通。\r\n                    \r\n"}
{"書名":"神奇的π(改版)","書籍網站":"https:\/\/www.kingstone.com.tw\/\/basic\/2013160008524?zone=book&lid=book_class3_ebd&actid=book_class3_ebd","作者":"大衛．布拉特納","出版社":"商周出版  ","ISBN":9789861249179.0,"圖片網址":"https:\/\/cdn.kingstone.com.tw\/book\/images\/product\/20131\/2013160008524\/2013160008524b.jpg","書籍簡介":"\r\n\r\n2×π×大象腳掌的直徑=大象的高度（肩高），有人把圓周率π=3.141592……算到510億位，當數學家遇上π，會衝撞出什麼樣的狂熱火花？100則Π的奇聞趣事，帶你欣賞貌不驚人，卻無所不在的Π！在所有數值中，最吸引人、最讓人想入非非的數值，就是圓周除以直徑的比率。圓周率Π是個無窮無盡的數；你看過《神奇的π》後，還會發現它也是個奧妙無比的數。本書作者布拉特納以他深厚的歷史素養和幽默的筆觸，帶大家從各個角度欣賞圓周率。此外，書中也介紹了人類鑽研圓周率的歷史──從古埃及人到阿基米德、達文西和現代的楚氏兄弟；這對兄弟曾以自行拼裝的電腦，計算出有八十億個小數位的圓周率。本書內容包羅萬象，文筆風趣。其中包括了圓周率的歷史，和一些沉迷此道者的趣事。在近百則的「Π的小百科」中，蒐錄了各種和圓周率相關的事物（其中還包括O. J. 辛普森審判的片段），也記錄了數世紀以來圓周率造成的巨大影響。書中也收錄了教你背誦有數百個小數位的圓周率的記憶詩。如果你還意猶未盡，它也提供了其他相關資料，還有和圓周率相關的漫畫、詩、打油詩，和「化圓為方」笑話。如果你是個「數字迷」，本書也為你準備了有一百萬個小數位的圓周率。《神奇的π》就像是圓周率的大觀園。看完本書後，你將會發現，這個貌不驚人的符號原來這麼奧妙有趣。\r\n                    \r\n"}
{"書名":"動手玩碎形","書籍網站":"https:\/\/www.kingstone.com.tw\/\/basic\/2013160008104?zone=book&lid=book_class3_ebd&actid=book_class3_ebd","作者":"廖思善","出版社":"天下文化  ","ISBN":9789864178155.0,"圖片網址":"https:\/\/cdn.kingstone.com.tw\/book\/images\/product\/20131\/2013160008104\/2013160008104b.jpg","書籍簡介":"\r\n\r\n大自然裡的雲朵、樹枝、海岸線，能用我們在學校裡學到的直線、圓、球狀、圓錐形來形容嗎？這些規則的幾何形狀，其實都是「不自然」的！為了解釋真實世界，數學家發明了新的幾何結構，叫做「碎形」。 碎形與混沌，是科學界近幾十年相當重視的觀念，碎形的幾何可描述系統的結構，混沌的行為則代表系統的變化，碎形與混沌兩者息息相關。 了解碎形，既能讓我們用全新的角度看大自然，也有助於了解混沌。這本書深入淺出，告訴你碎形是什麼，怎麼製造碎形，並且附上簡單的電腦程式，你可以一邊讀，一邊在電腦上「動手玩碎形」。 \r\n\r\n"}
{"書名":"睡夢中，學三角","書籍網站":"https:\/\/www.kingstone.com.tw\/\/basic\/2013170001348?zone=book&lid=book_class3_ebd&actid=book_class3_ebd","作者":"木棉","出版社":"天下文化  ","ISBN":9789864176342.0,"圖片網址":"https:\/\/cdn.kingstone.com.tw\/book\/images\/product\/20131\/2013170001348\/2013170001348b.jpg","書籍簡介":"\r\n\r\n「三角習題，不再難解！」 面對數學課本與講義裡的三角函數，你會不會覺得自己像被一群公式定理追著跑，卻不知道為什麼要跑？ 如果你有這種感覺，如果你希望自己從看到公式就頭大的苦命學生，蛻變成一流的數學高手，那麼《睡夢中，學三角》就是為你而寫的三角函數學習書。 面對數學課本與講義裡的三角函數，你會不會覺得自己像被一群公式定理追著跑，卻不知道為什麼要跑？如果你有這種感覺，那麼《睡夢中，學三角》就是為你而寫的三角函數學習書。 這本書中有兩位主角：一位是愛打瞌睡的小平，他的數學老師叫做「老罩」（老是罩不住）；另一位是大M，是小平在睡夢中遇見的「數學守護神」。透過小平與大M在睡夢中的對話，這本書會帶著你熟悉三角函數背後的運作邏輯，用靈活的方法及觀點來思考三角問題，幫助你擺脫「囫圇吞棗，拚命死背」的命運。 你希望自己從看到公式就頭大的苦命學生，蛻變成一流的數學高手嗎？閱讀這本書，這個改變也會發生在你的身上。\r\n                    \r\n"}
{"書名":"黃金比例：1.61803......的祕密","書籍網站":"https:\/\/www.kingstone.com.tw\/\/basic\/2013160007442?zone=book&lid=book_class3_ebd&actid=book_class3_ebd","作者":"李奧維","出版社":"遠流      ","ISBN":9789573252702.0,"圖片網址":"https:\/\/cdn.kingstone.com.tw\/book\/images\/product\/20131\/2013160007442\/2013160007442b.jpg","書籍簡介":"\r\n\r\n黃金比例的發現究竟源起於何時？幾乎已不可考。不過，有一點倒是可以確定的，歐幾里德(325-265 B.C.)這位幾何學大師用一條簡單的幾何定理「中未比」就為黃金比例下了完美的定義，即把一條直線(或線段)一分為二，則長線段與短線段之比恰等於完整直線與長線段之比。黃金比例的趣味或許在於它跳脫了最原始的幾何意義，從數學延伸至繪畫、建築、音樂乃至發展成為對完美人體身形比例的終極追求，搖身一變成定奪感官之美或和諧之美的最高裁判官，相較於多數人可以朗朗上口的π 值3.1416，黃金比例顯然與我們日常生活的關係更為密切。 也因此，我們容易「眼見為憑」，將許多充滿視覺驚嘆之美的結構，誤判為是依據黃金比例而設計，譬如神祕的古埃及金字塔與雅典充滿簡約風格的帕特農神廟等等，許多黃金數字的狂熱崇拜者全都將之記在黃金比例的豐功偉績裡，但果真如此嗎？ 本書作者李維歐不僅是一位稱職的嚮導，用平實的語言引領讀者展開這趟黃金比例的深度考古之旅，追本溯源，沿途也發揮科學家的偵探精神，抽絲剝繭，為讀者撥開層層迷霧，直達真相。 \r\n\r\n"}
{"書名":"一筆畫和郵遞路線問題","書籍網站":"https:\/\/www.kingstone.com.tw\/\/basic\/2013160006520?zone=book&lid=book_class3_ebd&actid=book_class3_ebd","作者":"姜伯駒","出版社":"智能教育  ","ISBN":9789628830077.0,"圖片網址":"https:\/\/cdn.kingstone.com.tw\/book\/images\/product\/20131\/2013160006520\/2013160006520b.jpg","書籍簡介":"\r\n\r\n一筆畫是一個有趣的幾何問題。在世界歷史上，從文藝復興時代起，人們就開始注意到一些超出歐幾里得幾何學範圍的幾何現象和問題，一筆畫就是其中之一。它是現今稱為“網絡論”的幾何學科的始祖。幾世紀來，人們一直把它看作是數學遊戲，然而在中國， 20 世紀 50 年代，郵遞路線問題已得到了實際的應用。這本小冊子的講法、論斷力求明確，推理力求嚴密，希望能幫助讀者熟悉一些數學上常見的思路，學習分析和論證的方法。附少量習題，提供練習的機會。\r\n                    \r\n"}
{"書名":"非歐幾里德幾何的世界","書籍網站":"https:\/\/www.kingstone.com.tw\/\/basic\/2019200014449?zone=book&lid=book_class3_ebd&actid=book_class3_ebd","作者":"寺阪英孝","出版社":"益智工房  ","ISBN":9789574527229.0,"圖片網址":"https:\/\/cdn.kingstone.com.tw\/book\/images\/product\/20192\/2019200014449\/2019200014449b.jpg","書籍簡介":"\r\n\r\n平行線是指在同一個平面上不相交的兩條直線。\r\n　　然而，平行線看起來是什麼樣子呢？例如，朝東西延伸的路線──兩條平行的直線看起來會在地\r\n　　平線上的一點會合。不管往東或往西看都是如此……\r\n　　那麼，平行線是否即為在兩個無限遠的點交會的直線呢？\r\n　　跟隨本書探索這些問題時，漸漸的就會領悟到幾何學到底是什麼樣的學問，並且赫然發現自己已經踏入非歐幾里德幾何的世界。 \r\n\r\n"}
{"書名":"國中幾何圖解範本（修定版）","書籍網站":"https:\/\/www.kingstone.com.tw\/\/basic\/2013160005738?zone=book&lid=book_class3_ebd&actid=book_class3_ebd","作者":"王景雲","出版社":"王景雲    ","ISBN":9789574107780.0,"圖片網址":"https:\/\/cdn.kingstone.com.tw\/book\/images\/product\/20131\/2013160005738\/2013160005738b.jpg","書籍簡介":"0"}
{"書名":"趣味幾何再闖關","書籍網站":"https:\/\/www.kingstone.com.tw\/\/basic\/2013160005318?zone=book&lid=book_class3_ebd&actid=book_class3_ebd","作者":"蔣聲","出版社":"智能教育  ","ISBN":9789628792139.0,"圖片網址":"https:\/\/cdn.kingstone.com.tw\/book\/images\/product\/20131\/2013160005318\/2013160005318b.jpg","書籍簡介":"\r\n\r\n本書以大量的趣題、趣事、趣話，引領你翱翔幾何的天空。在一個個的小驚喜中，你會發現那些平時讓你頭痛不已的幾何難題，此時都變得如此的巧妙以及充滿趣味……趕快翻一翻吧，相信你不會失望。\r\n                    \r\n"}
{"書名":"趣味幾何考腦筋","書籍網站":"https:\/\/www.kingstone.com.tw\/\/basic\/2013160005448?zone=book&lid=book_class3_ebd&actid=book_class3_ebd","作者":"蔣聲","出版社":"智能教育  ","ISBN":9789628792122.0,"圖片網址":"https:\/\/cdn.kingstone.com.tw\/book\/images\/product\/20131\/2013160005448\/2013160005448b.jpg","書籍簡介":"\r\n\r\n本書以大量的趣題、趣事、趣話，引領你翱翔幾何的天空。在一個個的小驚喜中，你會發現那些平時讓你頭痛不已的幾何難題，此時都變得如此的巧妙以及充滿趣味……趕快翻一翻吧，相信你不會失望。\r\n                    \r\n"}
{"書名":"幾何的寶藏","書籍網站":"https:\/\/www.kingstone.com.tw\/\/basic\/2013160005158?zone=book&lid=book_class3_ebd&actid=book_class3_ebd","作者":"李毓佩","出版社":"益智工房  ","ISBN":9789574521630.0,"圖片網址":"https:\/\/cdn.kingstone.com.tw\/book\/images\/product\/20131\/2013160005158\/2013160005158b.jpg","書籍簡介":"0"}
{"書名":"計算機怎樣解幾何題","書籍網站":"https:\/\/www.kingstone.com.tw\/\/basic\/2013160004946?zone=book&lid=book_class3_ebd&actid=book_class3_ebd","作者":"張景中","出版社":"牛頓      ","ISBN":9789576275883.0,"圖片網址":"https:\/\/cdn.kingstone.com.tw\/book\/images\/product\/20131\/2013160004946\/2013160004946b.jpg","書籍簡介":"\r\n\r\n關於本套書系，係由中國具有我國「中研院」地位的「中國科學院」及「中國工程院」176名「國家院士」共同分科，分門分別就當代科學發展，知識經濟發展與社會發展有關的問題，著重科學性、知識性、實用性與趣味性的要求來編寫出175本書，期望能達到科技知識、科學方法的普及。牛頓出版則自其中挑選出25本於近期中出版，請大家拭目以待。以下為本書之個別介紹。您是否聽說過計算機可以解幾何題，可以證明幾何定理並發現新的定理？計算機是人造出來，是人想出了用計算機解題的辦法並設計出一套套的程序。計算機只不過是人的工具。本書所講的實際上是人怎樣用計算機解幾何題。有興趣的讀者，不妨跟著書，自己動手在計算機上解幾個題目玩玩，藉此了解一些機器證明，人工智能的知識。\r\n                    \r\n"}
{"書名":"國中幾何圖解範本","書籍網站":"https:\/\/www.kingstone.com.tw\/\/basic\/2013160005028?zone=book&lid=book_class3_ebd&actid=book_class3_ebd","作者":"王景雲","出版社":"王景雲    ","ISBN":9789577441232.0,"圖片網址":"https:\/\/cdn.kingstone.com.tw\/book\/images\/product\/20131\/2013160005028\/2013160005028b.jpg","書籍簡介":"0"}
{"書名":"用漫畫來學幾何","書籍網站":"https:\/\/www.kingstone.com.tw\/\/basic\/2013160004656?zone=book&lid=book_class3_ebd&actid=book_class3_ebd","作者":"岡部恆治","出版社":"益智工房  ","ISBN":9789577546388.0,"圖片網址":"https:\/\/cdn.kingstone.com.tw\/book\/images\/product\/20131\/2013160004656\/2013160004656b.jpg","書籍簡介":"\r\n\r\n有趣！有趣，最適合培養創造性。\r\n從輕鬆閱讀中學會思考力與靈感！\r\n本書跳脫傳統之「幾何=論證」的包袱，培養讀者豐富的想像力，以及柔軟、創造的思考力。\r\n                    \r\n"}
{"書名":"坐標幾何","書籍網站":"https:\/\/www.kingstone.com.tw\/\/basic\/2015211459217?zone=book&lid=book_class3_ebd&actid=book_class3_ebd","作者":"陳榮煜","出版社":"大華傳真  ","ISBN":9789578344525.0,"圖片網址":"https:\/\/cdn.kingstone.com.tw\/book\/images\/product\/20152\/2015211459217\/2015211459217b.jpg","書籍簡介":"0"}
{"書名":"神奇的兀","書籍網站":"https:\/\/www.kingstone.com.tw\/\/basic\/2013160004366?zone=book&lid=book_class3_ebd&actid=book_class3_ebd","作者":"大衛．布拉特納","出版社":"商周出版  ","ISBN":9789576673139.0,"圖片網址":"https:\/\/cdn.kingstone.com.tw\/book\/images\/product\/20131\/2013160004366\/2013160004366b.jpg","書籍簡介":"0"}
{"書名":"宇宙的詩篇：解讀天地間的幾何法則","書籍網站":"https:\/\/www.kingstone.com.tw\/\/basic\/2013100032725?zone=book&lid=book_class3_ebd&actid=book_class3_ebd","作者":"ROBERT OSSER","出版社":"天下文化  ","ISBN":9789576213632.0,"圖片網址":"https:\/\/cdn.kingstone.com.tw\/book\/images\/product\/20131\/2013100032725\/2013100032725b.jpg","書籍簡介":"\r\n\r\n今夜星空非常的「幾何」\r\n　一九九二年四月二十四日，全世界的報紙都報導了一則新聞，推崇它是「本世紀最重要的發現之一」──宇宙學（cosmology）中所謂的「失落環節」與「聖杯」。這個發現以圖片的形式呈現世人眼前，本質上是一張宇宙的「快照」，拍的是宇宙演化中一個極特殊的時刻︰空間開始出現的那一瞬間。\r\n\r\n　在此一時刻之前，宇宙間只有一大團基本粒子（elementaryparticle），處於不斷產生與毀滅的狀態。在此之後，電子（electron）與質子（proton）便結合成原子；原子之間首度出現空間，讓光與其他形式的輻射得以自由來去。這個「快照」的內容，就是在空間中旅行了長久時間（從那一刻到現在）、如今達到地球的射線所具有的規律，這些射線即所謂的「宇宙微波背景輻射」（cosmicmicrowavebackgroundradiation，簡稱「背景輻射」）。這張圖片會令研究背景輻射的科學家驚喜萬分，正是因為其中的確有規律。\r\n\r\n根據大霹靂（bigbang）理論的預測，宇宙創生之初是一團絕對均勻的「太初渾湯」。但在其後的歲月，宇宙演化成高度分化的結構，也就是我們今日所見的星體與星系（galaxy）。均勻的背景輻射看來是個毫無特色的宇宙之洋，科學家花了數十年歲月，試圖偵測其中的變化，卻連一絲漣漪也未曾發現。如今，他們終於成功地找到了︰從均勻背景到結構分化之間可能的聯繫。\r\n\r\n可是當記者試圖解釋這張圖片的確切本質時，至少面臨了一項無法克服的障礙。不論是記者自己，或是讀者，都難以接受圖片中令人困惑的特質︰它雖是由地球向四面八方望出去的畫面，卻也從各個方向指向大霹靂這個原點。\r\n\r\n一九九二年這個大發現，不禁使人想到五百年前的「發現美洲」，這個聯想既明顯又微妙。如果我們再往前回溯，在公元一千年的時候，歐洲人普遍認為地表是平坦的；其後數個世紀，人們絞盡腦汁盡力想像，才接受並了解了球形地表蘊涵的意義，且明白了對面的人雖然倒立在地球上，卻為何不會墬落或頭痛不已。\r\n\r\n　轉捩點就在於哥倫布（ChristopherColumbus,1451-1506）與後繼者所做的航行，為已經逐漸建立的球形地表理論，提供了真實且堅實的證據。\r\n\r\n今天，我們即將邁入公元二千年，僅剩極少數人還相信地表是平坦的。然而世上大多數的人，仍繼續將宇宙視為平直的結構。正如日常經驗讓我們覺得地表是平的而不是彎的，我們對周遭世界的感知，使我們將空間視為平直或「歐氏的」（Euclidean）。\r\n\r\n　在二十世紀，想要理解彎曲空間的概念，仍需運用很大的想像力；正像一千年前的人需要絞盡腦汁，才能理解大地是個巨大的球體，以某種方式懸垂或自由飄浮在更大的空間中。縰然如此，我們卻有不容置疑的證據，證實空間的確是彎曲的，而只有在這個前提下，我們才能完全了解一九九二年這張宇宙微波照片。\r\n\r\n宇宙的形狀究竟如何，所謂空間的曲率（curvature）到底是什麼意思？本書的目的之一，就是要將這些問題連同答案的意義解釋得一清二楚。讀者幾乎不需任何數學背景；本書將從測量世界大小這類易懂的數學方法出發，一直討論到陌生而遠離日常經驗的各種觀念。在敘述的過程中，我將試圖告訴各位，形成現代宇宙學核心的數學創意，具有怎樣的威力與令人驚喜之處。這些創意的歷史與演進，常與創意本身同樣迷人。在本書中，我將創意背後的故事根據時間順序依次鋪陳，偶爾還會介紹一下故事中主要人物的生平與個性。\r\n                    \r\n"}
{"書名":"高等幾何學五講","書籍網站":"https:\/\/www.kingstone.com.tw\/\/basic\/2013160004076?zone=book&lid=book_class3_ebd&actid=book_class3_ebd","作者":"蘇步青","出版社":"洪葉大城北","ISBN":9789578677319.0,"圖片網址":"https:\/\/cdn.kingstone.com.tw\/book\/images\/product\/20131\/2013160004076\/2013160004076b.jpg","書籍簡介":"0"}
{"書名":"實用平面幾何(上)","書籍網站":"https:\/\/www.kingstone.com.tw\/\/basic\/2015210339084?zone=book&lid=book_class3_ebd&actid=book_class3_ebd","作者":"陳昭輝","出版社":"益群書店  ","ISBN":null,"圖片網址":"https:\/\/cdn.kingstone.com.tw\/book\/images\/product\/20152\/2015210339084\/2015210339084b.jpg","書籍簡介":"0"}
{"書名":"實用平面幾何(下)","書籍網站":"https:\/\/www.kingstone.com.tw\/\/basic\/2015210339114?zone=book&lid=book_class3_ebd&actid=book_class3_ebd","作者":"陳昭輝","出版社":"益群書店  ","ISBN":null,"圖片網址":"https:\/\/cdn.kingstone.com.tw\/book\/images\/product\/20152\/2015210339114\/2015210339114b.jpg","書籍簡介":"0"}
{"書名":"直線與平面","書籍網站":"https:\/\/www.kingstone.com.tw\/\/basic\/2015210526743?zone=book&lid=book_class3_ebd&actid=book_class3_ebd","作者":"詹敏昌","出版社":"建宏      ","ISBN":null,"圖片網址":"https:\/\/cdn.kingstone.com.tw\/book\/images\/product\/20152\/2015210526743\/2015210526743b.jpg","書籍簡介":"0"}
{"書名":"空間向量","書籍網站":"https:\/\/www.kingstone.com.tw\/\/basic\/2015210733356?zone=book&lid=book_class3_ebd&actid=book_class3_ebd","作者":"陸思明","出版社":"百成      ","ISBN":null,"圖片網址":"https:\/\/cdn.kingstone.com.tw\/book\/images\/product\/20152\/2015210733356\/2015210733356b.jpg","書籍簡介":"0"}
{"書名":"投影幾何","書籍網站":"https:\/\/www.kingstone.com.tw\/\/basic\/2014400037052?zone=book&lid=book_class3_ebd&actid=book_class3_ebd","作者":"張清亮","出版社":"全華      ","ISBN":null,"圖片網址":"https:\/\/cdn.kingstone.com.tw\/book\/images\/product\/20144\/2014400037052\/2014400037052b.jpg","書籍簡介":"0"}
{"書名":"七位對數及三角函數","書籍網站":"https:\/\/www.kingstone.com.tw\/\/basic\/2013140007516?zone=book&lid=book_class3_ebd&actid=book_class3_ebd","作者":"楊惠春","出版社":"東亞      ","ISBN":null,"圖片網址":"https:\/\/cdn.kingstone.com.tw\/book\/images\/product\/20131\/2013140007516\/2013140007516b.jpg","書籍簡介":"0"}
{"書名":"基本拓撲學","書籍網站":"https:\/\/www.kingstone.com.tw\/\/basic\/2013150000170?zone=book&lid=book_class3_ebd&actid=book_class3_ebd","作者":"復漢      ","出版社":"停售","ISBN":null,"圖片網址":"https:\/\/cdn.kingstone.com.tw\/book\/images\/product\/20131\/2013150000170\/2013150000170b.jpg","書籍簡介":"0"}
{"書名":"幾何圖形的認識","書籍網站":"https:\/\/www.kingstone.com.tw\/\/basic\/2013160000238?zone=book&lid=book_class3_ebd&actid=book_class3_ebd","作者":"幼獅文化  ","出版社":"停售","ISBN":null,"圖片網址":"https:\/\/cdn.kingstone.com.tw\/book\/images\/product\/20131\/2013160000238\/2013160000238b.jpg","書籍簡介":"0"}
{"書名":"幾何尺寸與公差","書籍網站":"https:\/\/www.kingstone.com.tw\/\/basic\/2013160000368?zone=book&lid=book_class3_ebd&actid=book_class3_ebd","作者":"詹安仁","出版社":"中央圖書  ","ISBN":null,"圖片網址":"https:\/\/cdn.kingstone.com.tw\/book\/images\/product\/20131\/2013160000368\/2013160000368b.jpg","書籍簡介":"0"}
{"書名":"幾何學的源起與發展","書籍網站":"https:\/\/www.kingstone.com.tw\/\/basic\/2013160000498?zone=book&lid=book_class3_ebd&actid=book_class3_ebd","作者":"九鼎      ","出版社":"停售","ISBN":null,"圖片網址":"https:\/\/cdn.kingstone.com.tw\/book\/images\/product\/20131\/2013160000498\/2013160000498b.jpg","書籍簡介":"0"}
{"書名":"複數與幾何","書籍網站":"https:\/\/www.kingstone.com.tw\/\/basic\/2013160001150?zone=book&lid=book_class3_ebd&actid=book_class3_ebd","作者":"人間      ","出版社":"停售","ISBN":null,"圖片網址":"https:\/\/cdn.kingstone.com.tw\/book\/images\/product\/20131\/2013160001150\/2013160001150b.jpg","書籍簡介":"0"}
{"書名":"丌和e","書籍網站":"https:\/\/www.kingstone.com.tw\/\/basic\/2013160001310?zone=book&lid=book_class3_ebd&actid=book_class3_ebd","作者":"人間      ","出版社":"停售","ISBN":null,"圖片網址":"https:\/\/cdn.kingstone.com.tw\/book\/images\/product\/20131\/2013160001310\/2013160001310b.jpg","書籍簡介":"0"}
{"書名":"格點和面積","書籍網站":"https:\/\/www.kingstone.com.tw\/\/basic\/2013160001440?zone=book&lid=book_class3_ebd&actid=book_class3_ebd","作者":"人間      ","出版社":"停售","ISBN":null,"圖片網址":"https:\/\/cdn.kingstone.com.tw\/book\/images\/product\/20131\/2013160001440\/2013160001440b.jpg","書籍簡介":"0"}
{"書名":"力學在幾何中的運用","書籍網站":"https:\/\/www.kingstone.com.tw\/\/basic\/2013160001570?zone=book&lid=book_class3_ebd&actid=book_class3_ebd","作者":"人間      ","出版社":"停售","ISBN":null,"圖片網址":"https:\/\/cdn.kingstone.com.tw\/book\/images\/product\/20131\/2013160001570\/2013160001570b.jpg","書籍簡介":"0"}
{"書名":"多面形與閉曲面的問題","書籍網站":"https:\/\/www.kingstone.com.tw\/\/basic\/2013160001600?zone=book&lid=book_class3_ebd&actid=book_class3_ebd","作者":"人間      ","出版社":"停售","ISBN":null,"圖片網址":"https:\/\/cdn.kingstone.com.tw\/book\/images\/product\/20131\/2013160001600\/2013160001600b.jpg","書籍簡介":"0"}
{"書名":"對稱","書籍網站":"https:\/\/www.kingstone.com.tw\/\/basic\/2013160001730?zone=book&lid=book_class3_ebd&actid=book_class3_ebd","作者":"人間      ","出版社":"停售","ISBN":null,"圖片網址":"https:\/\/cdn.kingstone.com.tw\/book\/images\/product\/20131\/2013160001730\/2013160001730b.jpg","書籍簡介":"0"}
{"書名":"祖沖之與圓周率","書籍網站":"https:\/\/www.kingstone.com.tw\/\/basic\/2013160001860?zone=book&lid=book_class3_ebd&actid=book_class3_ebd","作者":"人間      ","出版社":"停售","ISBN":null,"圖片網址":"https:\/\/cdn.kingstone.com.tw\/book\/images\/product\/20131\/2013160001860\/2013160001860b.jpg","書籍簡介":"0"}
{"書名":"換個角度","書籍網站":"https:\/\/www.kingstone.com.tw\/\/basic\/2013160002362?zone=book&lid=book_class3_ebd&actid=book_class3_ebd","作者":"正中書局  ","出版社":"停售","ISBN":null,"圖片網址":"https:\/\/cdn.kingstone.com.tw\/book\/images\/product\/20131\/2013160002362\/2013160002362b.jpg","書籍簡介":"0"}
{"書名":"幾何研究","書籍網站":"https:\/\/www.kingstone.com.tw\/\/basic\/2013160002492?zone=book&lid=book_class3_ebd&actid=book_class3_ebd","作者":"徐氏文教  ","出版社":"停售","ISBN":null,"圖片網址":"https:\/\/cdn.kingstone.com.tw\/book\/images\/product\/20131\/2013160002492\/2013160002492b.jpg","書籍簡介":"0"}
{"書名":"向量解析幾何","書籍網站":"https:\/\/www.kingstone.com.tw\/\/basic\/2013160002522?zone=book&lid=book_class3_ebd&actid=book_class3_ebd","作者":"繆龍驥","出版社":"徐氏文教  ","ISBN":null,"圖片網址":"https:\/\/cdn.kingstone.com.tw\/book\/images\/product\/20131\/2013160002522\/2013160002522b.jpg","書籍簡介":"0"}
{"書名":"新三角板金展開圖法","書籍網站":"https:\/\/www.kingstone.com.tw\/\/basic\/2013170000396?zone=book&lid=book_class3_ebd&actid=book_class3_ebd","作者":"東正敏","出版社":"大眾      ","ISBN":null,"圖片網址":"https:\/\/cdn.kingstone.com.tw\/book\/images\/product\/20131\/2013170000396\/2013170000396b.jpg","書籍簡介":"0"}
{"書名":"曲線設置法","書籍網站":"https:\/\/www.kingstone.com.tw\/\/basic\/2013180000294?zone=book&lid=book_class3_ebd&actid=book_class3_ebd","作者":"末松榮","出版社":"王家      ","ISBN":null,"圖片網址":"https:\/\/cdn.kingstone.com.tw\/book\/images\/product\/20131\/2013180000294\/2013180000294b.jpg","書籍簡介":"0"}
{"書名":"幾何學的基本觀念","書籍網站":"https:\/\/www.kingstone.com.tw\/\/basic\/2013180000324?zone=book&lid=book_class3_ebd&actid=book_class3_ebd","作者":"楓城      ","出版社":"停售","ISBN":null,"圖片網址":"https:\/\/cdn.kingstone.com.tw\/book\/images\/product\/20131\/2013180000324\/2013180000324b.jpg","書籍簡介":"0"}
{"書名":"線性系統分析","書籍網站":"https:\/\/www.kingstone.com.tw\/\/basic\/2013180000904?zone=book&lid=book_class3_ebd&actid=book_class3_ebd","作者":"潘純新","出版社":"全華      ","ISBN":null,"圖片網址":"https:\/\/cdn.kingstone.com.tw\/book\/images\/product\/20131\/2013180000904\/2013180000904b.jpg","書籍簡介":"0"}
{"書名":"形與數的世界","書籍網站":"https:\/\/www.kingstone.com.tw\/\/basic\/2013100003466?zone=book&lid=book_class3_ebd&actid=book_class3_ebd","作者":"周東川","出版社":"自然科學  ","ISBN":null,"圖片網址":"https:\/\/cdn.kingstone.com.tw\/book\/images\/product\/20131\/2013100003466\/2013100003466b.jpg","書籍簡介":"0"}
{"書名":"平面圖形的變換","書籍網站":"https:\/\/www.kingstone.com.tw\/\/basic\/2013110000158?zone=book&lid=book_class3_ebd&actid=book_class3_ebd","作者":"幼獅文化  ","出版社":"停售","ISBN":null,"圖片網址":"https:\/\/cdn.kingstone.com.tw\/book\/images\/product\/20131\/2013110000158\/2013110000158b.jpg","書籍簡介":"0"}
{"書名":"七位對數及三角函數","書籍網站":"https:\/\/www.kingstone.com.tw\/\/basic\/2023140007539?zone=book&lid=book_class3_ebd&actid=book_class3_ebd","作者":"楊惠春","出版社":"東亞      ","ISBN":null,"圖片網址":"https:\/\/cdn.kingstone.com.tw\/book\/images\/product\/20231\/2023140007539\/2023140007539b.jpg","書籍簡介":"0"}
{"書名":"基本拓撲學","書籍網站":"https:\/\/www.kingstone.com.tw\/\/basic\/2023150000193?zone=book&lid=book_class3_ebd&actid=book_class3_ebd","作者":"復漢      ","出版社":"停售","ISBN":null,"圖片網址":"https:\/\/cdn.kingstone.com.tw\/book\/images\/product\/20231\/2023150000193\/2023150000193b.jpg","書籍簡介":"0"}
{"書名":"非歐幾里德幾何學","書籍網站":"https:\/\/www.kingstone.com.tw\/\/basic\/2013180000164?zone=book&lid=book_class3_ebd&actid=book_class3_ebd","作者":"STEFAN KNLCU","出版社":"水牛      ","ISBN":9789575992644.0,"圖片網址":"https:\/\/cdn.kingstone.com.tw\/book\/images\/product\/20131\/2013180000164\/2013180000164b.jpg","書籍簡介":"0"}
{"書名":"堆壘素數論","書籍網站":"https:\/\/www.kingstone.com.tw\/\/basic\/2013170001058?zone=book&lid=book_class3_ebd&actid=book_class3_ebd","作者":"華繳庚","出版社":"亞東書局  ","ISBN":null,"圖片網址":"https:\/\/cdn.kingstone.com.tw\/book\/images\/product\/20131\/2013170001058\/2013170001058b.jpg","書籍簡介":"0"}
{"書名":"三角函數","書籍網站":"https:\/\/www.kingstone.com.tw\/\/basic\/2013170000976?zone=book&lid=book_class3_ebd&actid=book_class3_ebd","作者":"牛頓      ","出版社":"停售","ISBN":null,"圖片網址":"https:\/\/cdn.kingstone.com.tw\/book\/images\/product\/20131\/2013170000976\/2013170000976b.jpg","書籍簡介":"0"}
{"書名":"圓．球面及圓錐曲線","書籍網站":"https:\/\/www.kingstone.com.tw\/\/basic\/2015211037675?zone=book&lid=book_class3_ebd&actid=book_class3_ebd","作者":"牛頓      ","出版社":"停售","ISBN":null,"圖片網址":"https:\/\/cdn.kingstone.com.tw\/book\/images\/product\/20152\/2015211037675\/2015211037675b.jpg","書籍簡介":"0"}
{"書名":"三角學","書籍網站":"https:\/\/www.kingstone.com.tw\/\/basic\/2013170000846?zone=book&lid=book_class3_ebd&actid=book_class3_ebd","作者":"翁文祥","出版社":"綠天出版社","ISBN":null,"圖片網址":"https:\/\/cdn.kingstone.com.tw\/book\/images\/product\/20131\/2013170000846\/2013170000846b.jpg","書籍簡介":"0"}
{"書名":"投影幾何導讀","書籍網站":"https:\/\/www.kingstone.com.tw\/\/basic\/2013180002168?zone=book&lid=book_class3_ebd&actid=book_class3_ebd","作者":"李清安","出版社":"松根      ","ISBN":null,"圖片網址":"https:\/\/cdn.kingstone.com.tw\/book\/images\/product\/20131\/2013180002168\/2013180002168b.jpg","書籍簡介":"0"}
{"書名":"解析幾何學","書籍網站":"https:\/\/www.kingstone.com.tw\/\/basic\/2013180001826?zone=book&lid=book_class3_ebd&actid=book_class3_ebd","作者":"徐氏文教  ","出版社":"停售","ISBN":null,"圖片網址":"https:\/\/cdn.kingstone.com.tw\/book\/images\/product\/20131\/2013180001826\/2013180001826b.jpg","書籍簡介":"0"}
{"書名":"解析幾何學","書籍網站":"https:\/\/www.kingstone.com.tw\/\/basic\/2013180001956?zone=book&lid=book_class3_ebd&actid=book_class3_ebd","作者":"徐氏文教  ","出版社":"停售","ISBN":null,"圖片網址":"https:\/\/cdn.kingstone.com.tw\/book\/images\/product\/20131\/2013180001956\/2013180001956b.jpg","書籍簡介":"0"}
{"書名":"投影幾何導讀","書籍網站":"https:\/\/www.kingstone.com.tw\/\/basic\/2013180001796?zone=book&lid=book_class3_ebd&actid=book_class3_ebd","作者":"李清安","出版社":"松根      ","ISBN":null,"圖片網址":"https:\/\/cdn.kingstone.com.tw\/book\/images\/product\/20131\/2013180001796\/2013180001796b.jpg","書籍簡介":"0"}
{"書名":"小黑點的奇遇","書籍網站":"https:\/\/www.kingstone.com.tw\/\/basic\/2023160002965?zone=book&lid=book_class3_ebd&actid=book_class3_ebd","作者":"牛頓      ","出版社":"停售","ISBN":null,"圖片網址":"https:\/\/cdn.kingstone.com.tw\/book\/images\/product\/20231\/2023160002965\/2023160002965b.jpg","書籍簡介":"0"}
{"書名":"三角學複習手冊","書籍網站":"https:\/\/www.kingstone.com.tw\/\/basic\/2013170000716?zone=book&lid=book_class3_ebd&actid=book_class3_ebd","作者":"徐氏文教  ","出版社":"停售","ISBN":null,"圖片網址":"https:\/\/cdn.kingstone.com.tw\/book\/images\/product\/20131\/2013170000716\/2013170000716b.jpg","書籍簡介":"0"}
