{"書名":"世界第一簡單流體力學","書籍網站":"https:\/\/www.kingstone.com.tw\/\/basic\/2013320020038?zone=book&lid=book_class3_eib&actid=book_class3_eib","作者":"武居昌宏","出版社":"世茂      ","ISBN":9789866097607.0,"圖片網址":"https:\/\/cdn.kingstone.com.tw\/book\/images\/product\/20133\/2013320020038\/2013320020038b.jpg","書籍簡介":"\r\n\r\n為什麼船不會沉？為什麼飛機會飛？為什麼扭開水龍頭就有水？為什麼用壓力鍋煮東西可以縮短時間？其實這些全都與流體力學有關在大專院校中屬於物理學系必修課程的流體力學為什麼總是讓人敬而遠之？這門無法用肉眼直接看清流動狀態的氣體或液體的學問，難道真是這麼困難嗎？在這些我們習以為常的事物、現象中，流體力學到底扮演著什麼樣的角色？要想解開這些謎題，就讓我們一起來學習流體力學吧！本書以漫畫形式，深入淺出的講解流體力學的基本定理讓曾經為流體力學傷透腦筋的學生，或是初次接觸這門學問的人都能輕輕鬆鬆，充分理解流體力學的本質！這本書是物理初學者的入門書，也是通往專業領域的橋樑！看漫畫，學流體力學讓你在輕鬆的閱讀中，完全掌握流體力學的大觀！主要是以漫畫的形式來解說流體力學這門學問，內容包含了流體的性質與靜力學、流體的基本公式、層流與紊流、阻力與升力、等基本學說與定理。講解方式深入淺出，簡單易懂。\r\n                    \r\n"}
{"書名":"世界第一簡單熱力學","書籍網站":"https:\/\/www.kingstone.com.tw\/\/basic\/2013350009836?zone=book&lid=book_class3_eib&actid=book_class3_eib","作者":"原田知","出版社":"世茂      ","ISBN":9789866097096.0,"圖片網址":"https:\/\/cdn.kingstone.com.tw\/book\/images\/product\/20133\/2013350009836\/2013350009836b.jpg","書籍簡介":"\r\n\r\n世界第一本漫畫熱力學！？黑洞很難懂！？但是在本書當中用熱力學的角度來看，就能輕鬆明白！世界上所有肉眼可見的現象，一定都遵從熱力學原則！！從我們的日常生活，到浩瀚無垠的宇宙，熱力學都無所不在！全在這本書當中！◎「熱力學」基礎以生活為例用漫畫的方式呈現解說！！◎「量子力學」和「微分方程式」也一起解說！！◎熱力學以視覺式漫畫呈現更容易理解！！◎是初學熱力學最適合的一本書！！力學是物理的基礎，但實際上，就算力學不拿手，也可以輕鬆吸收熱力學。因為熱力學完全沒有力學之中的慣性法則、運動方程式之類。而且本書經過精心設計，就算沒有什麼力學知識的人也能輕鬆閱讀。一開始只要輕鬆翻閱漫畫部分即可。而且書中的熱力學法則都寫成文字，而不是數學式。第1章溫度與狀態方程式──熱平衡狀態、熱力學第零定律、流體靜壓力、波以耳定律、理想氣體、絕對溫度、查理定律、理想氣體狀態方程式、mol、偏微分、全微分。第2章熱力學第一定律──絕熱壁、熱力學第一定律、內部能量、熱、焦耳實驗、準靜過程、流體靜壓力做功、比熱、熱容量、莫耳比熱、給呂薩克．焦耳實驗。第3章熱力學第二定律──可逆過程、不可逆過程、克勞休原理、熱力學第二定律、卡諾循環、反卡諾循環、開爾文原理、第二類永動機、準靜過程與可逆過程。第4章熵──熱力學溫度、循環效率、卡諾循環效率、克勞休不等式、熵、一致性增長律、熵與第一定律、外延量與內含量、統計力學、黑洞與熱力學。但是越熟習物理學的人，越能感受熱力學的重要。其中一個理由，就是熱力學的成立範圍比較廣。大多數力學與物理學的法則，僅存在於理想狀態之下。但是熱力學法則不太一樣。世界上所有肉眼可見的現象，一定都遵從熱力學原則。◎推薦給．學習物理與機械工學的職業高中生和大學生．在理工科系修熱力學學分的學生．機械製造產業相關的銷售與業務，需要具備熱力學知識者本書就是要帶領各位學習物理學中的熱力學。力學是物理的基礎，但實際上，就算力學不拿手，也可以輕鬆吸收熱力學。因為熱力學完全沒有力學之中的慣性法則、運動方程式之類。而且本書經過精心設計，就算沒有什麼力學知識的人也能輕鬆閱讀。一開始只要輕鬆翻閱漫畫部份即可；而且書中的熱力學法則都寫成文字，而不是數學式，所以對一看到算式就感到恐懼的人也不必煩惱。熱力學算是相當樸素的一門學問。但是越熟習物理學的人，就越能感受熱力學的重要。其中一個理由，就是熱力學的成立範圍比較廣。大多數力學與物理學的法則，僅存在於理想狀態之下。但是熱力學法則不太一樣。世界上所有肉眼可見的現象，可以說一定都遵從熱力學原則，其實黑洞裡面也有熱力學喔！\r\n                    \r\n"}
{"書名":"重力簡史：牛頓的蘋果如何啟發重力法則、相對論、量子論等重大物理學觀念","書籍網站":"https:\/\/www.kingstone.com.tw\/\/basic\/2013320022322?zone=book&lid=book_class3_eib&actid=book_class3_eib","作者":"馬可士．鍾","出版社":"商周出版  ","ISBN":9789864774227.0,"圖片網址":"https:\/\/cdn.kingstone.com.tw\/book\/images\/product\/20133\/2013320022322\/2013320022322b.jpg","書籍簡介":"\r\n\r\n\r\n\t《週日泰晤士報》2017年度科學選書\r\n\t暢銷科普作家　馬特．瑞德利盛讚：當代最好的宇宙學作家！\r\n\r\n\t國立清華大學天文研究所專任教授 江國興 審訂導讀\r\n\t國立自然科學博物館館長、國立臺灣大學物理系暨天文物理研究所教授 孫維新\r\n\t台北市天文協會常務理事 劉志安 聯合推薦\r\n\t讓我們的雙腳得以立於地面的力量，為什麼是了解時間及宇宙起源的關鍵？\r\n\t在日常世界裡，重力是最微弱的力量，但在宇宙中，它卻是最強大的力量。它是最先知道並描繪出的力量，但卻是最不被了解的力量。它是個讓你的雙腳牢牢釘在地上的「力量」，然而這樣的力量實際上並不存在。\r\n\t借用邱吉爾的話，重力是「包在謎團裡的謎中之謎」。穿透謎團就能解答科學之中的大哉問：空間是什麼？時間是什麼？宇宙是什麼？宇宙又從何而來？\r\n\t獲獎無數的作家馬可士．鍾將帶領你經歷難忘的旅程，從一六六六年發現「重力」起，到二〇一五年發現重力波（gravitational waves）為止。在我們的世界觀瀕臨巨大變革之際，他帶領我們了解物理學所面臨的最大挑戰：宏觀物體理論與微觀物體理論的統一整合；也就是愛因斯坦的重力論與量子論的統一整合。\r\n\r\n"}
{"書名":"衛星通訊（附部分內容光碟）","書籍網站":"https:\/\/www.kingstone.com.tw\/\/basic\/2013320021790?zone=book&lid=book_class3_eib&actid=book_class3_eib","作者":"董光天","出版社":"全華      ","ISBN":9789864633241.0,"圖片網址":"https:\/\/cdn.kingstone.com.tw\/book\/images\/product\/20133\/2013320021790\/2013320021790b.jpg","書籍簡介":"\r\n\r\n\r\n本書特色\r\n\r\n\t1.以問答方式結合理論與實務，一一解答。\r\n\t2.逐次深入應用到各種衛星通訊實例說明。\r\n\t3.在不涉艱深電子電磁理論與複雜學理公式推導基礎上，有效快速瞭解衛星通訊工作領域所需學習的專業知識。\r\n\t4.可應用於衛星通訊相關實務工作，作為工具書使用。\r\n\t5.光碟收錄英文內容，有助讀者日後研閱在此工作領域中英文專業名詞對照之用。\r\n\r\n"}
{"書名":"齒輪間的宇宙：解開世界上第一台計算機之謎","書籍網站":"https:\/\/www.kingstone.com.tw\/\/basic\/2014090003689?zone=book&lid=book_class3_eib&actid=book_class3_eib","作者":"喬．墨黔／Jo Marchant","出版社":"五南      ","ISBN":9789571184500.0,"圖片網址":"https:\/\/cdn.kingstone.com.tw\/book\/images\/product\/20140\/2014090003689\/2014090003689b.jpg","書籍簡介":"\r\n\r\n\r\n◎2009英國皇家學院科學圖書獎入圍\r\n◎十大最神秘的史前古物之一\r\n\r\n\t安提基瑟拉儀(Antikythera Mechanism)是目前發現最古老的計算機，具兩千年以上歷史，科學家研究發現它可以進行加、減、乘、除運算，也可以說明天體運行，尤其是對於月球以及行星移動的定位說明，因有一個刻度盤裝置，能夠預測何時可能發生日蝕或月蝕。\r\n\r\n\t作者用說故事的方式解開關於安提基瑟拉儀之謎，猶如進行一場歷史探險，藉由探索古希臘天文星月儀，融合考古、探險、歷史、古工藝技術、科學、天文學及現代科技等領域，引領讀者對歷史文明的重新思考。\r\n\r\n\t如果不是地中海發生過那兩場相隔了2000年的暴風雨，歷史上最重要的科技傑作可能永遠無法重見天日……\r\n\r\n\t一九○○年，潛水伕在希臘的安提基瑟拉島位於愛琴海與地中海交會的克里特島以北二十九公里處，發現一艘兩千多年前的超大貨船殘骸，並在其中找到一個貌似大齒輪的裝置。研究顯示，這個輪軸其實是一個精密儀器的一部份，其複雜性堪稱千年之最，同時它也是全世界已知的第一個類比式計算機，科學家現在還在試圖破解其秘密。\r\n\r\n\t本書主要介紹安提基瑟拉儀(Antikythera Mechanism)被發現的過程，及百年來考古學家及科學家們對它的研究成果。安提基瑟拉儀是一種由無數複雜的齒輪系統所構成的神祕計時裝置，它是於100多年前在一艘希臘沉船的殘骸上被發現的。安提基瑟拉儀神祕之處就在於當時希臘人是如何製造出如此精密儀器，而且關於這種儀器的歷史記錄似乎也都神祕消失了。種種神祕大大地引起了人們對它的興趣。作者還介紹了在過去一個世紀中科學家和工程師們是如何致力於安提基瑟拉儀的研究。這是一個引人入勝的科學之謎解密故事，其中充滿了競爭與計謀。\r\n\r\n"}
{"書名":"實用流體力學","書籍網站":"https:\/\/www.kingstone.com.tw\/\/basic\/2013320021370?zone=book&lid=book_class3_eib&actid=book_class3_eib","作者":"顏清連","出版社":"五南      ","ISBN":9789571179643.0,"圖片網址":"https:\/\/cdn.kingstone.com.tw\/book\/images\/product\/20133\/2013320021370\/2013320021370b.jpg","書籍簡介":"\r\n\r\n\r\n\t在流體力學在應用上，面對複雜的課題時，常採物理模型試驗觀測或數值模式模擬分析，以了解並掌握流況，再藉由物理觀念嚴謹檢視其結果之合理性與可靠性。因此，如何運用物理觀念去詮釋理論推演及試驗觀測的結果至為重要。\r\n\r\n\t \r\n\r\n\t本書首先簡要敍明流體運動之基本物理觀念，並介紹流體基本物性；緊接著討論流場中壓差、重力及黏剪力等作用力如何影響流體運動行為，並闡明流場變化與作用力之間的關係；其次剖析在控制體範圍內，動量及能量通量變化與總作用力及總作功率之關係；進而利用各種基本原理探討管道流、明渠流及流力機械等相關流體運動現象，並解析應用課題；最後討論流體可壓縮性對於流場壓力變化的影響。全書之主要思維在於協助讀者建立清晰的物理觀念，以提升對流體運動現象的分析能力。\r\n\r\n\t \r\n\r\n\t讀者如有任何疑問或指正，可以電郵clyen@ntu.edu.tw聯繫，作者將樂於回應。\r\n\r\n"}
{"書名":"漫畫結構力學入門","書籍網站":"https:\/\/www.kingstone.com.tw\/\/basic\/2013320019339?zone=book&lid=book_class3_eib&actid=book_class3_eib","作者":"原口秀昭","出版社":"積木文化  ","ISBN":9789866595134.0,"圖片網址":"https:\/\/cdn.kingstone.com.tw\/book\/images\/product\/20133\/2013320019339\/2013320019339b.jpg","書籍簡介":"\r\n\r\n結構力學是力學的一個分支，主要研究對向是由桿件組成的結構。它是由土木工程專業和機械類專業學生必修的學科，應用於建築、工業等領域。結構力學的研究內容包括結構的組成規則、結構在各種載重、材質變化等因素的作用力下的內力（剪力、彎矩、應力）計算、位移計算，以及穩定度計算。本書涵蓋「結構學」和「力學」兩大知識體系，應用於材料力學、土木工程、建築結構學、機械力學等專業學科，包括應力、剪力、向量、支承結構、平衡、力矩、載重等觀念的釐清和公式計算。以平易近人、生動幽默的漫畫介面鋪陳情節，運用日常生活中常發生的狀況，和習以為常的物件操作，解說一般大眾很少深刻思考的力學原理。特別針對力學有刻板印象及恐懼感的學生族群，用循序漸進的教學策略，輕鬆有效地在無形中建立起學生對這門學科的自信。\r\n\r\n"}
{"書名":"基礎流体力學","書籍網站":"https:\/\/www.kingstone.com.tw\/\/basic\/2013320017755?zone=book&lid=book_class3_eib&actid=book_class3_eib","作者":"ROBERT L.SER","出版社":"五南      ","ISBN":9789571120232.0,"圖片網址":"https:\/\/cdn.kingstone.com.tw\/book\/images\/product\/20133\/2013320017755\/2013320017755b.jpg","書籍簡介":"0"}
{"書名":"工程力學III","書籍網站":"https:\/\/www.kingstone.com.tw\/\/basic\/2014400084131?zone=book&lid=book_class3_eib&actid=book_class3_eib","作者":"范欽珊","出版社":"五南      ","ISBN":9789571119861.0,"圖片網址":"https:\/\/cdn.kingstone.com.tw\/book\/images\/product\/20144\/2014400084131\/2014400084131b.jpg","書籍簡介":"0"}
{"書名":"工程力學（I）","書籍網站":"https:\/\/www.kingstone.com.tw\/\/basic\/2014400083899?zone=book&lid=book_class3_eib&actid=book_class3_eib","作者":"范欽珊","出版社":"五南      ","ISBN":9789571119458.0,"圖片網址":"https:\/\/cdn.kingstone.com.tw\/book\/images\/product\/20144\/2014400083899\/2014400083899b.jpg","書籍簡介":"0"}
{"書名":"工程力學（II）","書籍網站":"https:\/\/www.kingstone.com.tw\/\/basic\/2014400083929?zone=book&lid=book_class3_eib&actid=book_class3_eib","作者":"范欽珊","出版社":"五南      ","ISBN":9789571119564.0,"圖片網址":"https:\/\/cdn.kingstone.com.tw\/book\/images\/product\/20144\/2014400083929\/2014400083929b.jpg","書籍簡介":"0"}
{"書名":"流體力學","書籍網站":"https:\/\/www.kingstone.com.tw\/\/basic\/2013320016833?zone=book&lid=book_class3_eib&actid=book_class3_eib","作者":"方富民","出版社":"大中國    ","ISBN":9789575211936.0,"圖片網址":"https:\/\/cdn.kingstone.com.tw\/book\/images\/product\/20133\/2013320016833\/2013320016833b.jpg","書籍簡介":"\r\n\r\n作者簡介\r\n　方富民\r\n\r\n　1984年獲頒土木工程碩士學位後，繼於1989年獲得流體力學博士學位。此外，在1989年至1990年期間，另於美國聖安東尼水力實驗室擔任副研究員一職，目前任教於國立中興大學土木工程學系。\r\n\r\n　作者除具風洞設計之實務經驗外，在計算及實驗流體力學方面均涉獵，近年來則專注於高層建築受風互制效應方面之研究。\r\n與日常事物息息相關的流體力學\r\n　流體力學是一門探討靜止或運動流體之學科。\r\n\r\n　其涉及問題之尺度可由人體內之血液流動到大如美國阿拉斯加長800哩直徑4呎油管內原油之流動。\r\n\r\n　藉由流體力學之原理，我們可以解釋為什麼飛機要採用平滑且流動型的表面以增進其飛行效率，而高爾夫球卻要用粗糙的球面達到同樣的目的。\r\n\r\n　諸如此類的問題不勝枚舉，不僅在高科技及一般工程中，甚至在日常的周遭事物上，都與我們息息相關。\r\n                    \r\n"}
{"書名":"動力學","書籍網站":"https:\/\/www.kingstone.com.tw\/\/basic\/2013320019599?zone=book&lid=book_class3_eib&actid=book_class3_eib","作者":"程功","出版社":"偉文      ","ISBN":9789866512155.0,"圖片網址":"https:\/\/cdn.kingstone.com.tw\/book\/images\/product\/20133\/2013320019599\/2013320019599b.jpg","書籍簡介":"\r\n\r\n本書內容包含：運動分析篇第一章　運動通論第二章　剛體運動學第三章　質點運動學力動分析篇第一章　牛頓運動定律第二章　功與能第三章　衡量與動量第四章　質點系力動分析第五章　平面剛體力動分析第六章　振動分析第七章　虛功原理第八章　三維剛體力動分析\r\n                    \r\n"}
{"書名":"熱力學練功寶典：熱的簡史","書籍網站":"https:\/\/www.kingstone.com.tw\/\/basic\/2013350009706?zone=book&lid=book_class3_eib&actid=book_class3_eib","作者":"姜．范恩","出版社":"天下文化  ","ISBN":9789862162712.0,"圖片網址":"https:\/\/cdn.kingstone.com.tw\/book\/images\/product\/20133\/2013350009706\/2013350009706b.jpg","書籍簡介":"\r\n\r\n誰說科學教材全都寫得「非人性」、又冷又硬？諾貝爾化學獎得主John Fenn的這本《熱力學練功寶典》，完全打破了傳統寫法。全書回歸到人與歷史的角度，作者精心塑造出來的「查理洞人」，會一路陪伴讀者，透過許多日常經驗中可見的例子，及生動的科學家故事，很有系統的認識一切與「熱」有關的觀念、歷史和應用。\r\n\r\n"}
{"書名":"彈.塑性力學基礎","書籍網站":"https:\/\/www.kingstone.com.tw\/\/basic\/2010330000227?zone=book&lid=book_class3_eib&actid=book_class3_eib","作者":"劉松柏譯","出版社":"五南      ","ISBN":9789571150543.0,"圖片網址":"https:\/\/cdn.kingstone.com.tw\/book\/images\/product\/20103\/2010330000227\/2010330000227b.jpg","書籍簡介":"\r\n\r\n本書把「材料力學」、「彈性力學」及「塑性力學」做了關連性的解說，重視基礎的考量方法與概念的理解，關於重要的部分則不省略的詳述，並列舉例題，讓讀者更加理解。構造強度設計、材料加工、材料的開發與利用等，這些在工學上被視為重要的分野的例題，將列舉於各章或是章末習題。　　本書由第一部彈性力學(共七章)，及第二部塑性力學(共七章)所組成，即使不學完整本書，配合學習目的與所需程度，亦有各種學習計畫可供選擇，書內有「本書的學習方法」供讀者參考。\r\n\r\n"}
{"書名":"靜力學（第二版）","書籍網站":"https:\/\/www.kingstone.com.tw\/\/basic\/2013080230623?zone=book&lid=book_class3_eib&actid=book_class3_eib","作者":"黎文龍","出版社":"東華      ","ISBN":9789574830350.0,"圖片網址":"https:\/\/cdn.kingstone.com.tw\/book\/images\/product\/20130\/2013080230623\/2013080230623b.jpg","書籍簡介":"0"}
{"書名":"運動中的分子：熱力學與反應動力學","書籍網站":"https:\/\/www.kingstone.com.tw\/\/basic\/2013480011235?zone=book&lid=book_class3_eib&actid=book_class3_eib","作者":"章宗穰","出版社":"世潮      ","ISBN":9789577765635.0,"圖片網址":"https:\/\/cdn.kingstone.com.tw\/book\/images\/product\/20134\/2013480011235\/2013480011235b.jpg","書籍簡介":"\r\n\r\n　　熱力學、動力學和電化學是一門令人頭疼的課程，常讓初學者迷失在繁瑣的數學演算式子當中，也讓教學者覺得要避免學習障礙是一件困難的工作。本書正可以幫助修習者跳脫數學的迷宮，認識熱力學和動力學基本理論的真正意義；也把物理化學中最重要及精采的部分作了融會貫通式的闡釋，讓人讀完後有豁然開朗的感覺。\r\n\r\n"}
{"書名":"動力學3ed","書籍網站":"https:\/\/www.kingstone.com.tw\/\/basic\/2013320018547?zone=book&lid=book_class3_eib&actid=book_class3_eib","作者":"黎文龍","出版社":"東華      ","ISBN":9789574832071.0,"圖片網址":"https:\/\/cdn.kingstone.com.tw\/book\/images\/product\/20133\/2013320018547\/2013320018547b.jpg","書籍簡介":"0"}
{"書名":"應用力學：靜力學(第五版)(公制版)","書籍網站":"https:\/\/www.kingstone.com.tw\/\/basic\/2013000056913?zone=book&lid=book_class3_eib&actid=book_class3_eib","作者":"張合．羅大","出版社":"全華      ","ISBN":9789572137567.0,"圖片網址":"https:\/\/cdn.kingstone.com.tw\/book\/images\/product\/20130\/2013000056913\/2013000056913b.jpg","書籍簡介":"0"}
{"書名":"流體力學(第五版)","書籍網站":"https:\/\/www.kingstone.com.tw\/\/basic\/2013000065588?zone=book&lid=book_class3_eib&actid=book_class3_eib","作者":"張世鄉．陳","出版社":"全華      ","ISBN":9789572132951.0,"圖片網址":"https:\/\/cdn.kingstone.com.tw\/book\/images\/product\/20130\/2013000065588\/2013000065588b.jpg","書籍簡介":"0"}
{"書名":"環境流體力學","書籍網站":"https:\/\/www.kingstone.com.tw\/\/basic\/2014400089761?zone=book&lid=book_class3_eib&actid=book_class3_eib","作者":"朱佳仁","出版社":"科技圖書  ","ISBN":9789576553639.0,"圖片網址":"https:\/\/cdn.kingstone.com.tw\/book\/images\/product\/20144\/2014400089761\/2014400089761b.jpg","書籍簡介":"0"}
{"書名":"化工熱力學導論6ed","書籍網站":"https:\/\/www.kingstone.com.tw\/\/basic\/2013350009126?zone=book&lid=book_class3_eib&actid=book_class3_eib","作者":"陳延平","出版社":"東華      ","ISBN":9789574936663.0,"圖片網址":"https:\/\/cdn.kingstone.com.tw\/book\/images\/product\/20133\/2013350009126\/2013350009126b.jpg","書籍簡介":"0"}
{"書名":"工程流體力學：應用練習與解說","書籍網站":"https:\/\/www.kingstone.com.tw\/\/basic\/2014400086715?zone=book&lid=book_class3_eib&actid=book_class3_eib","作者":"朱佳仁","出版社":"科技圖書  ","ISBN":9789576553417.0,"圖片網址":"https:\/\/cdn.kingstone.com.tw\/book\/images\/product\/20144\/2014400086715\/2014400086715b.jpg","書籍簡介":"0"}
{"書名":"工程力學II","書籍網站":"https:\/\/www.kingstone.com.tw\/\/basic\/2014400089181?zone=book&lid=book_class3_eib&actid=book_class3_eib","作者":"陳光雄","出版社":"正文書局  ","ISBN":9789574002610.0,"圖片網址":"https:\/\/cdn.kingstone.com.tw\/book\/images\/product\/20144\/2014400089181\/2014400089181b.jpg","書籍簡介":"0"}
{"書名":"工程流體力學","書籍網站":"https:\/\/www.kingstone.com.tw\/\/basic\/2014400085893?zone=book&lid=book_class3_eib&actid=book_class3_eib","作者":"朱佳仁","出版社":"科技圖書  ","ISBN":9789576553035.0,"圖片網址":"https:\/\/cdn.kingstone.com.tw\/book\/images\/product\/20144\/2014400085893\/2014400085893b.jpg","書籍簡介":"0"}
{"書名":"工程力學I","書籍網站":"https:\/\/www.kingstone.com.tw\/\/basic\/2014400089051?zone=book&lid=book_class3_eib&actid=book_class3_eib","作者":"陳光雄","出版社":"正文書局  ","ISBN":9789574002603.0,"圖片網址":"https:\/\/cdn.kingstone.com.tw\/book\/images\/product\/20144\/2014400089051\/2014400089051b.jpg","書籍簡介":"0"}
{"書名":"電化學動力學","書籍網站":"https:\/\/www.kingstone.com.tw\/\/basic\/2013480010313?zone=book&lid=book_class3_eib&actid=book_class3_eib","作者":"吳浩青","出版社":"科技圖書  ","ISBN":9789576553097.0,"圖片網址":"https:\/\/cdn.kingstone.com.tw\/book\/images\/product\/20134\/2013480010313\/2013480010313b.jpg","書籍簡介":"0"}
{"書名":"簡明流體力學","書籍網站":"https:\/\/www.kingstone.com.tw\/\/basic\/2014400085053?zone=book&lid=book_class3_eib&actid=book_class3_eib","作者":"方中","出版社":"五南      ","ISBN":9789571121598.0,"圖片網址":"https:\/\/cdn.kingstone.com.tw\/book\/images\/product\/20144\/2014400085053\/2014400085053b.jpg","書籍簡介":"\r\n\r\n本書之特色：◎ 淺顯易懂的文字，並配合大量圖表與生動的生活例子說明物理觀念。◎ 清潔簡單、有條理之章節安排，幫助讀者一步步建立基礎觀念。 ◎ 國內外先進研究資料收集廣泛，取材精實。 ◎ 完整的實際工程問題分析，帶讀者一步步應用學習到的知情。◎ 包含實務工程常用之單位換算圖書表，方便隨時查閱。◎ 附有大量之習題及解答，能加強學習效果。\r\n                    \r\n"}
{"書名":"應用熱力學","書籍網站":"https:\/\/www.kingstone.com.tw\/\/basic\/2013350008754?zone=book&lid=book_class3_eib&actid=book_class3_eib","作者":"萬迪棣","出版社":"五南      ","ISBN":9789571120867.0,"圖片網址":"https:\/\/cdn.kingstone.com.tw\/book\/images\/product\/20133\/2013350008754\/2013350008754b.jpg","書籍簡介":"\r\n\r\n應用熱力學\r\n　本書從熱力學基本概念導入，循序漸近的將與熱力學有關的課題，如能量、純物質、比熱、質能守恆、熱力學第二定律、熵、熱傳導等，分章講述，並將其應用一一介紹，如內燃機、空氣壓縮機、蒸汽動力、冷凍循環、氣輪機、噴嘴等。\r\n\r\n　各章論述清析，難易適中，各章並附有SI單位及英制單位習題，是大專院校機械、輪機、汽修等相關科系不可或缺的一本好書。\r\n                    \r\n"}
{"書名":"應用力學：靜力學篇","書籍網站":"https:\/\/www.kingstone.com.tw\/\/basic\/2013320017465?zone=book&lid=book_class3_eib&actid=book_class3_eib","作者":"王寶璽","出版社":"五南      ","ISBN":9789571118024.0,"圖片網址":"https:\/\/cdn.kingstone.com.tw\/book\/images\/product\/20133\/2013320017465\/2013320017465b.jpg","書籍簡介":"0"}
{"書名":"流體力學研析","書籍網站":"https:\/\/www.kingstone.com.tw\/\/basic\/2013320017205?zone=book&lid=book_class3_eib&actid=book_class3_eib","作者":"鄭伊平","出版社":"科技圖書  ","ISBN":9789576550508.0,"圖片網址":"https:\/\/cdn.kingstone.com.tw\/book\/images\/product\/20133\/2013320017205\/2013320017205b.jpg","書籍簡介":"0"}
{"書名":"流體力學(第四版)","書籍網站":"https:\/\/www.kingstone.com.tw\/\/basic\/2013320017045?zone=book&lid=book_class3_eib&actid=book_class3_eib","作者":"陳維方","出版社":"全華      ","ISBN":9789572110577.0,"圖片網址":"https:\/\/cdn.kingstone.com.tw\/book\/images\/product\/20133\/2013320017045\/2013320017045b.jpg","書籍簡介":"0"}
{"書名":"熱力學","書籍網站":"https:\/\/www.kingstone.com.tw\/\/basic\/2013350008464?zone=book&lid=book_class3_eib&actid=book_class3_eib","作者":"楊勝安","出版社":"全華      ","ISBN":9789572114650.0,"圖片網址":"https:\/\/cdn.kingstone.com.tw\/book\/images\/product\/20133\/2013350008464\/2013350008464b.jpg","書籍簡介":"0"}
{"書名":"材料力學","書籍網站":"https:\/\/www.kingstone.com.tw\/\/basic\/2013320016703?zone=book&lid=book_class3_eib&actid=book_class3_eib","作者":"孫訓方","出版社":"科技圖書  ","ISBN":9789576552502.0,"圖片網址":"https:\/\/cdn.kingstone.com.tw\/book\/images\/product\/20133\/2013320016703\/2013320016703b.jpg","書籍簡介":"0"}
{"書名":"應用流體力學","書籍網站":"https:\/\/www.kingstone.com.tw\/\/basic\/2013320016673?zone=book&lid=book_class3_eib&actid=book_class3_eib","作者":"郝中堂","出版社":"科技圖書  ","ISBN":9789576552335.0,"圖片網址":"https:\/\/cdn.kingstone.com.tw\/book\/images\/product\/20133\/2013320016673\/2013320016673b.jpg","書籍簡介":"0"}
{"書名":"熱力學（第四版）","書籍網站":"https:\/\/www.kingstone.com.tw\/\/basic\/2013350008334?zone=book&lid=book_class3_eib&actid=book_class3_eib","作者":"GORDON J.VAN","出版社":"全華      ","ISBN":9789572107676.0,"圖片網址":"https:\/\/cdn.kingstone.com.tw\/book\/images\/product\/20133\/2013350008334\/2013350008334b.jpg","書籍簡介":"0"}
{"書名":"應用力學：靜力學","書籍網站":"https:\/\/www.kingstone.com.tw\/\/basic\/2014400079564?zone=book&lid=book_class3_eib&actid=book_class3_eib","作者":"張合","出版社":"全華      ","ISBN":9789572107287.0,"圖片網址":"https:\/\/cdn.kingstone.com.tw\/book\/images\/product\/20144\/2014400079564\/2014400079564b.jpg","書籍簡介":"0"}
{"書名":"應用力學：動力學","書籍網站":"https:\/\/www.kingstone.com.tw\/\/basic\/2014400080003?zone=book&lid=book_class3_eib&actid=book_class3_eib","作者":"J.L.MERIAM","出版社":"全華      ","ISBN":9789572107294.0,"圖片網址":"https:\/\/cdn.kingstone.com.tw\/book\/images\/product\/20144\/2014400080003\/2014400080003b.jpg","書籍簡介":"0"}
{"書名":"材料力學分類題庫","書籍網站":"https:\/\/www.kingstone.com.tw\/\/basic\/2013320016123?zone=book&lid=book_class3_eib&actid=book_class3_eib","作者":"曾豪編著","出版社":"大碩      ","ISBN":null,"圖片網址":"https:\/\/cdn.kingstone.com.tw\/book\/images\/product\/20133\/2013320016123\/2013320016123b.jpg","書籍簡介":"0"}
{"書名":"應力與應變之公式","書籍網站":"https:\/\/www.kingstone.com.tw\/\/basic\/2014400000827?zone=book&lid=book_class3_eib&actid=book_class3_eib","作者":"大孚      ","出版社":"停售","ISBN":null,"圖片網址":"https:\/\/cdn.kingstone.com.tw\/book\/images\/product\/20144\/2014400000827\/2014400000827b.jpg","書籍簡介":"0"}
{"書名":"應用力學","書籍網站":"https:\/\/www.kingstone.com.tw\/\/basic\/2014400004795?zone=book&lid=book_class3_eib&actid=book_class3_eib","作者":"科技圖書  ","出版社":"貨到通知我","ISBN":null,"圖片網址":"https:\/\/cdn.kingstone.com.tw\/book\/images\/product\/20144\/2014400004795\/2014400004795b.jpg","書籍簡介":"0"}
{"書名":"應用力學題解","書籍網站":"https:\/\/www.kingstone.com.tw\/\/basic\/2014400004955?zone=book&lid=book_class3_eib&actid=book_class3_eib","作者":"科技圖書  ","出版社":"停售","ISBN":null,"圖片網址":"https:\/\/cdn.kingstone.com.tw\/book\/images\/product\/20144\/2014400004955\/2014400004955b.jpg","書籍簡介":"0"}
{"書名":"應用力學導論","書籍網站":"https:\/\/www.kingstone.com.tw\/\/basic\/2014400006829?zone=book&lid=book_class3_eib&actid=book_class3_eib","作者":"正文書局  ","出版社":"停售","ISBN":null,"圖片網址":"https:\/\/cdn.kingstone.com.tw\/book\/images\/product\/20144\/2014400006829\/2014400006829b.jpg","書籍簡介":"0"}
{"書名":"動力學","書籍網站":"https:\/\/www.kingstone.com.tw\/\/basic\/2014400006959?zone=book&lid=book_class3_eib&actid=book_class3_eib","作者":"正文書局  ","出版社":"停售","ISBN":null,"圖片網址":"https:\/\/cdn.kingstone.com.tw\/book\/images\/product\/20144\/2014400006959\/2014400006959b.jpg","書籍簡介":"0"}
{"書名":"應用力學","書籍網站":"https:\/\/www.kingstone.com.tw\/\/basic\/2014400007451?zone=book&lid=book_class3_eib&actid=book_class3_eib","作者":"正文書局  ","出版社":"停售","ISBN":null,"圖片網址":"https:\/\/cdn.kingstone.com.tw\/book\/images\/product\/20144\/2014400007451\/2014400007451b.jpg","書籍簡介":"0"}
{"書名":"應用力學","書籍網站":"https:\/\/www.kingstone.com.tw\/\/basic\/2014400007901?zone=book&lid=book_class3_eib&actid=book_class3_eib","作者":"袁步浚","出版社":"大行      ","ISBN":null,"圖片網址":"https:\/\/cdn.kingstone.com.tw\/book\/images\/product\/20144\/2014400007901\/2014400007901b.jpg","書籍簡介":"0"}
{"書名":"應用力學","書籍網站":"https:\/\/www.kingstone.com.tw\/\/basic\/2014400008403?zone=book&lid=book_class3_eib&actid=book_class3_eib","作者":"大行      ","出版社":"停售","ISBN":null,"圖片網址":"https:\/\/cdn.kingstone.com.tw\/book\/images\/product\/20144\/2014400008403\/2014400008403b.jpg","書籍簡介":"0"}
{"書名":"應用力學精粹","書籍網站":"https:\/\/www.kingstone.com.tw\/\/basic\/2014400009325?zone=book&lid=book_class3_eib&actid=book_class3_eib","作者":"王治平","出版社":"大行      ","ISBN":null,"圖片網址":"https:\/\/cdn.kingstone.com.tw\/book\/images\/product\/20144\/2014400009325\/2014400009325b.jpg","書籍簡介":"0"}
{"書名":"李氏應用力學問題詳解","書籍網站":"https:\/\/www.kingstone.com.tw\/\/basic\/2014400009585?zone=book&lid=book_class3_eib&actid=book_class3_eib","作者":"大行      ","出版社":"停售","ISBN":null,"圖片網址":"https:\/\/cdn.kingstone.com.tw\/book\/images\/product\/20144\/2014400009585\/2014400009585b.jpg","書籍簡介":"0"}
{"書名":"應用力學","書籍網站":"https:\/\/www.kingstone.com.tw\/\/basic\/2014400009615?zone=book&lid=book_class3_eib&actid=book_class3_eib","作者":"楊惠春","出版社":"王家      ","ISBN":null,"圖片網址":"https:\/\/cdn.kingstone.com.tw\/book\/images\/product\/20144\/2014400009615\/2014400009615b.jpg","書籍簡介":"0"}
{"書名":"應用力學","書籍網站":"https:\/\/www.kingstone.com.tw\/\/basic\/2014400009905?zone=book&lid=book_class3_eib&actid=book_class3_eib","作者":"劉立明","出版社":"大中國    ","ISBN":null,"圖片網址":"https:\/\/cdn.kingstone.com.tw\/book\/images\/product\/20144\/2014400009905\/2014400009905b.jpg","書籍簡介":"0"}
{"書名":"應用力學","書籍網站":"https:\/\/www.kingstone.com.tw\/\/basic\/2014400010024?zone=book&lid=book_class3_eib&actid=book_class3_eib","作者":"劉立明","出版社":"大中國    ","ISBN":null,"圖片網址":"https:\/\/cdn.kingstone.com.tw\/book\/images\/product\/20144\/2014400010024\/2014400010024b.jpg","書籍簡介":"0"}
{"書名":"應用力學","書籍網站":"https:\/\/www.kingstone.com.tw\/\/basic\/2014400010154?zone=book&lid=book_class3_eib&actid=book_class3_eib","作者":"蔡富美","出版社":"大中國    ","ISBN":null,"圖片網址":"https:\/\/cdn.kingstone.com.tw\/book\/images\/product\/20144\/2014400010154\/2014400010154b.jpg","書籍簡介":"0"}
{"書名":"應用力學","書籍網站":"https:\/\/www.kingstone.com.tw\/\/basic\/2014400011106?zone=book&lid=book_class3_eib&actid=book_class3_eib","作者":"楊廉","出版社":"大中國    ","ISBN":null,"圖片網址":"https:\/\/cdn.kingstone.com.tw\/book\/images\/product\/20144\/2014400011106\/2014400011106b.jpg","書籍簡介":"0"}
{"書名":"應用力學","書籍網站":"https:\/\/www.kingstone.com.tw\/\/basic\/2014400011786?zone=book&lid=book_class3_eib&actid=book_class3_eib","作者":"FRED B.SEE","出版社":"新陸書局  ","ISBN":null,"圖片網址":"https:\/\/cdn.kingstone.com.tw\/book\/images\/product\/20144\/2014400011786\/2014400011786b.jpg","書籍簡介":"0"}
{"書名":"工程力學","書籍網站":"https:\/\/www.kingstone.com.tw\/\/basic\/2014400012028?zone=book&lid=book_class3_eib&actid=book_class3_eib","作者":"林楚儒","出版社":"文笙書局  ","ISBN":null,"圖片網址":"https:\/\/cdn.kingstone.com.tw\/book\/images\/product\/20144\/2014400012028\/2014400012028b.jpg","書籍簡介":"0"}
{"書名":"流體力學","書籍網站":"https:\/\/www.kingstone.com.tw\/\/basic\/2014400013520?zone=book&lid=book_class3_eib&actid=book_class3_eib","作者":"文源      ","出版社":"停售","ISBN":null,"圖片網址":"https:\/\/cdn.kingstone.com.tw\/book\/images\/product\/20144\/2014400013520\/2014400013520b.jpg","書籍簡介":"0"}
{"書名":"應用力學","書籍網站":"https:\/\/www.kingstone.com.tw\/\/basic\/2014400013650?zone=book&lid=book_class3_eib&actid=book_class3_eib","作者":"文源      ","出版社":"停售","ISBN":null,"圖片網址":"https:\/\/cdn.kingstone.com.tw\/book\/images\/product\/20144\/2014400013650\/2014400013650b.jpg","書籍簡介":"0"}
{"書名":"工程力學題解–靜力學","書籍網站":"https:\/\/www.kingstone.com.tw\/\/basic\/2014400013780?zone=book&lid=book_class3_eib&actid=book_class3_eib","作者":"許南雄","出版社":"文源      ","ISBN":null,"圖片網址":"https:\/\/cdn.kingstone.com.tw\/book\/images\/product\/20144\/2014400013780\/2014400013780b.jpg","書籍簡介":"0"}
{"書名":"工程力學題解–動力學","書籍網站":"https:\/\/www.kingstone.com.tw\/\/basic\/2014400013810?zone=book&lid=book_class3_eib&actid=book_class3_eib","作者":"許南雄","出版社":"文源      ","ISBN":null,"圖片網址":"https:\/\/cdn.kingstone.com.tw\/book\/images\/product\/20144\/2014400013810\/2014400013810b.jpg","書籍簡介":"0"}
{"書名":"工程力學–靜力學","書籍網站":"https:\/\/www.kingstone.com.tw\/\/basic\/2014400014732?zone=book&lid=book_class3_eib&actid=book_class3_eib","作者":"徐氏文教  ","出版社":"停售","ISBN":null,"圖片網址":"https:\/\/cdn.kingstone.com.tw\/book\/images\/product\/20144\/2014400014732\/2014400014732b.jpg","書籍簡介":"0"}
{"書名":"工程力學–動力學","書籍網站":"https:\/\/www.kingstone.com.tw\/\/basic\/2014400014862?zone=book&lid=book_class3_eib&actid=book_class3_eib","作者":"徐氏文教  ","出版社":"停售","ISBN":null,"圖片網址":"https:\/\/cdn.kingstone.com.tw\/book\/images\/product\/20144\/2014400014862\/2014400014862b.jpg","書籍簡介":"0"}
{"書名":"流體力學","書籍網站":"https:\/\/www.kingstone.com.tw\/\/basic\/2014400015234?zone=book&lid=book_class3_eib&actid=book_class3_eib","作者":"徐氏文教  ","出版社":"停售","ISBN":null,"圖片網址":"https:\/\/cdn.kingstone.com.tw\/book\/images\/product\/20144\/2014400015234\/2014400015234b.jpg","書籍簡介":"0"}
{"書名":"應用力學概論","書籍網站":"https:\/\/www.kingstone.com.tw\/\/basic\/2014400016446?zone=book&lid=book_class3_eib&actid=book_class3_eib","作者":"徐氏文教  ","出版社":"停售","ISBN":null,"圖片網址":"https:\/\/cdn.kingstone.com.tw\/book\/images\/product\/20144\/2014400016446\/2014400016446b.jpg","書籍簡介":"0"}
{"書名":"應用力學講義","書籍網站":"https:\/\/www.kingstone.com.tw\/\/basic\/2014400019362?zone=book&lid=book_class3_eib&actid=book_class3_eib","作者":"王國華","出版社":"正言      ","ISBN":null,"圖片網址":"https:\/\/cdn.kingstone.com.tw\/book\/images\/product\/20144\/2014400019362\/2014400019362b.jpg","書籍簡介":"0"}
{"書名":"應用力學精義","書籍網站":"https:\/\/www.kingstone.com.tw\/\/basic\/2014400025431?zone=book&lid=book_class3_eib&actid=book_class3_eib","作者":"科技圖書  ","出版社":"貨到通知我","ISBN":null,"圖片網址":"https:\/\/cdn.kingstone.com.tw\/book\/images\/product\/20144\/2014400025431\/2014400025431b.jpg","書籍簡介":"0"}
{"書名":"工程力學（原理及應用","書籍網站":"https:\/\/www.kingstone.com.tw\/\/basic\/2014400035508?zone=book&lid=book_class3_eib&actid=book_class3_eib","作者":"徐氏文教  ","出版社":"停售","ISBN":null,"圖片網址":"https:\/\/cdn.kingstone.com.tw\/book\/images\/product\/20144\/2014400035508\/2014400035508b.jpg","書籍簡介":"0"}
{"書名":"工程力學（原理及應用","書籍網站":"https:\/\/www.kingstone.com.tw\/\/basic\/2014400035768?zone=book&lid=book_class3_eib&actid=book_class3_eib","作者":"徐氏文教  ","出版社":"停售","ISBN":null,"圖片網址":"https:\/\/cdn.kingstone.com.tw\/book\/images\/product\/20144\/2014400035768\/2014400035768b.jpg","書籍簡介":"0"}
{"書名":"工程力學（靜）","書籍網站":"https:\/\/www.kingstone.com.tw\/\/basic\/2014400039186?zone=book&lid=book_class3_eib&actid=book_class3_eib","作者":"BEER&JOHNS","出版社":"銀禾文化  ","ISBN":null,"圖片網址":"https:\/\/cdn.kingstone.com.tw\/book\/images\/product\/20144\/2014400039186\/2014400039186b.jpg","書籍簡介":"0"}
{"書名":"工程力學","書籍網站":"https:\/\/www.kingstone.com.tw\/\/basic\/2014400039926?zone=book&lid=book_class3_eib&actid=book_class3_eib","作者":"龔肇鑄","出版社":"東華      ","ISBN":null,"圖片網址":"https:\/\/cdn.kingstone.com.tw\/book\/images\/product\/20144\/2014400039926\/2014400039926b.jpg","書籍簡介":"0"}
{"書名":"工程力學動力","書籍網站":"https:\/\/www.kingstone.com.tw\/\/basic\/2014400047709?zone=book&lid=book_class3_eib&actid=book_class3_eib","作者":"銀禾文化  ","出版社":"停售","ISBN":null,"圖片網址":"https:\/\/cdn.kingstone.com.tw\/book\/images\/product\/20144\/2014400047709\/2014400047709b.jpg","書籍簡介":"0"}
{"書名":"工程力學習題詳解","書籍網站":"https:\/\/www.kingstone.com.tw\/\/basic\/2014400049703?zone=book&lid=book_class3_eib&actid=book_class3_eib","作者":"銀禾文化  ","出版社":"停售","ISBN":null,"圖片網址":"https:\/\/cdn.kingstone.com.tw\/book\/images\/product\/20144\/2014400049703\/2014400049703b.jpg","書籍簡介":"0"}
{"書名":"工程力學習題詳解－靜","書籍網站":"https:\/\/www.kingstone.com.tw\/\/basic\/2014400057296?zone=book&lid=book_class3_eib&actid=book_class3_eib","作者":"銀禾文化  ","出版社":"停售","ISBN":null,"圖片網址":"https:\/\/cdn.kingstone.com.tw\/book\/images\/product\/20144\/2014400057296\/2014400057296b.jpg","書籍簡介":"0"}
{"書名":"工程力學（靜力學）","書籍網站":"https:\/\/www.kingstone.com.tw\/\/basic\/2014400057586?zone=book&lid=book_class3_eib&actid=book_class3_eib","作者":"大行      ","出版社":"停售","ISBN":null,"圖片網址":"https:\/\/cdn.kingstone.com.tw\/book\/images\/product\/20144\/2014400057586\/2014400057586b.jpg","書籍簡介":"0"}
{"書名":"工程力學（動力學）","書籍網站":"https:\/\/www.kingstone.com.tw\/\/basic\/2014400057616?zone=book&lid=book_class3_eib&actid=book_class3_eib","作者":"大行      ","出版社":"停售","ISBN":null,"圖片網址":"https:\/\/cdn.kingstone.com.tw\/book\/images\/product\/20144\/2014400057616\/2014400057616b.jpg","書籍簡介":"0"}
{"書名":"工程力學習題詳解（動","書籍網站":"https:\/\/www.kingstone.com.tw\/\/basic\/2014400057746?zone=book&lid=book_class3_eib&actid=book_class3_eib","作者":"銀禾文化  ","出版社":"停售","ISBN":null,"圖片網址":"https:\/\/cdn.kingstone.com.tw\/book\/images\/product\/20144\/2014400057746\/2014400057746b.jpg","書籍簡介":"0"}
{"書名":"工程力學","書籍網站":"https:\/\/www.kingstone.com.tw\/\/basic\/2014400058248?zone=book&lid=book_class3_eib&actid=book_class3_eib","作者":"復漢      ","出版社":"停售","ISBN":null,"圖片網址":"https:\/\/cdn.kingstone.com.tw\/book\/images\/product\/20144\/2014400058248\/2014400058248b.jpg","書籍簡介":"0"}
{"書名":"工程力學–靜力學","書籍網站":"https:\/\/www.kingstone.com.tw\/\/basic\/2014410018058?zone=book&lid=book_class3_eib&actid=book_class3_eib","作者":"自然科學  ","出版社":"停售","ISBN":null,"圖片網址":"https:\/\/cdn.kingstone.com.tw\/book\/images\/product\/20144\/2014410018058\/2014410018058b.jpg","書籍簡介":"0"}
{"書名":"工程力學–動力學","書籍網站":"https:\/\/www.kingstone.com.tw\/\/basic\/2014410018188?zone=book&lid=book_class3_eib&actid=book_class3_eib","作者":"自然科學  ","出版社":"停售","ISBN":null,"圖片網址":"https:\/\/cdn.kingstone.com.tw\/book\/images\/product\/20144\/2014410018188\/2014410018188b.jpg","書籍簡介":"0"}
{"書名":"工程力學總複習","書籍網站":"https:\/\/www.kingstone.com.tw\/\/basic\/2014410022673?zone=book&lid=book_class3_eib&actid=book_class3_eib","作者":"陳宏州","出版社":"全華      ","ISBN":null,"圖片網址":"https:\/\/cdn.kingstone.com.tw\/book\/images\/product\/20144\/2014410022673\/2014410022673b.jpg","書籍簡介":"0"}
{"書名":"工程力學總複習","書籍網站":"https:\/\/www.kingstone.com.tw\/\/basic\/2014410022703?zone=book&lid=book_class3_eib&actid=book_class3_eib","作者":"陳宏州","出版社":"全華      ","ISBN":null,"圖片網址":"https:\/\/cdn.kingstone.com.tw\/book\/images\/product\/20144\/2014410022703\/2014410022703b.jpg","書籍簡介":"0"}
{"書名":"工程力學題解綱要靜力","書籍網站":"https:\/\/www.kingstone.com.tw\/\/basic\/2014410022963?zone=book&lid=book_class3_eib&actid=book_class3_eib","作者":"科技圖書  ","出版社":"停售","ISBN":null,"圖片網址":"https:\/\/cdn.kingstone.com.tw\/book\/images\/product\/20144\/2014410022963\/2014410022963b.jpg","書籍簡介":"0"}
{"書名":"工程力學（動力學篇）","書籍網站":"https:\/\/www.kingstone.com.tw\/\/basic\/2014410023175?zone=book&lid=book_class3_eib&actid=book_class3_eib","作者":"IRVING H.","出版社":"科技圖書  ","ISBN":null,"圖片網址":"https:\/\/cdn.kingstone.com.tw\/book\/images\/product\/20144\/2014410023175\/2014410023175b.jpg","書籍簡介":"0"}
{"書名":"工程力學解題綱要（動","書籍網站":"https:\/\/www.kingstone.com.tw\/\/basic\/2014410023205?zone=book&lid=book_class3_eib&actid=book_class3_eib","作者":"I.H.SHAMES","出版社":"科技圖書  ","ISBN":null,"圖片網址":"https:\/\/cdn.kingstone.com.tw\/book\/images\/product\/20144\/2014410023205\/2014410023205b.jpg","書籍簡介":"0"}
{"書名":"結構與工程力學的電腦","書籍網站":"https:\/\/www.kingstone.com.tw\/\/basic\/2014410037660?zone=book&lid=book_class3_eib&actid=book_class3_eib","作者":"鄭益銘","出版社":"波前電腦  ","ISBN":null,"圖片網址":"https:\/\/cdn.kingstone.com.tw\/book\/images\/product\/20144\/2014410037660\/2014410037660b.jpg","書籍簡介":"0"}
{"書名":"流體力學","書籍網站":"https:\/\/www.kingstone.com.tw\/\/basic\/2013320000184?zone=book&lid=book_class3_eib&actid=book_class3_eib","作者":"曾炎仁","出版社":"大林      ","ISBN":null,"圖片網址":"https:\/\/cdn.kingstone.com.tw\/book\/images\/product\/20133\/2013320000184\/2013320000184b.jpg","書籍簡介":"0"}
{"書名":"古典動力學","書籍網站":"https:\/\/www.kingstone.com.tw\/\/basic\/2013320000344?zone=book&lid=book_class3_eib&actid=book_class3_eib","作者":"吳大猷","出版社":"聯經      ","ISBN":9789570803853.0,"圖片網址":"https:\/\/cdn.kingstone.com.tw\/book\/images\/product\/20133\/2013320000344\/2013320000344b.jpg","書籍簡介":"0"}
{"書名":"流體力學","書籍網站":"https:\/\/www.kingstone.com.tw\/\/basic\/2013320000634?zone=book&lid=book_class3_eib&actid=book_class3_eib","作者":"文化      ","出版社":"停售","ISBN":null,"圖片網址":"https:\/\/cdn.kingstone.com.tw\/book\/images\/product\/20133\/2013320000634\/2013320000634b.jpg","書籍簡介":"0"}
{"書名":"流體力學","書籍網站":"https:\/\/www.kingstone.com.tw\/\/basic\/2013320000924?zone=book&lid=book_class3_eib&actid=book_class3_eib","作者":"楊惠春","出版社":"王家      ","ISBN":null,"圖片網址":"https:\/\/cdn.kingstone.com.tw\/book\/images\/product\/20133\/2013320000924\/2013320000924b.jpg","書籍簡介":"0"}
{"書名":"流體力學","書籍網站":"https:\/\/www.kingstone.com.tw\/\/basic\/2013320001006?zone=book&lid=book_class3_eib&actid=book_class3_eib","作者":"梁文傑","出版社":"大中國    ","ISBN":null,"圖片網址":"https:\/\/cdn.kingstone.com.tw\/book\/images\/product\/20133\/2013320001006\/2013320001006b.jpg","書籍簡介":"0"}
{"書名":"流體力學題解","書籍網站":"https:\/\/www.kingstone.com.tw\/\/basic\/2013320001136?zone=book&lid=book_class3_eib&actid=book_class3_eib","作者":"梁文傑","出版社":"大中國    ","ISBN":null,"圖片網址":"https:\/\/cdn.kingstone.com.tw\/book\/images\/product\/20133\/2013320001136\/2013320001136b.jpg","書籍簡介":"0"}
{"書名":"流體力學","書籍網站":"https:\/\/www.kingstone.com.tw\/\/basic\/2013320001426?zone=book&lid=book_class3_eib&actid=book_class3_eib","作者":"復漢      ","出版社":"停售","ISBN":null,"圖片網址":"https:\/\/cdn.kingstone.com.tw\/book\/images\/product\/20133\/2013320001426\/2013320001426b.jpg","書籍簡介":"0"}
{"書名":"薄殼應力分析學","書籍網站":"https:\/\/www.kingstone.com.tw\/\/basic\/2013320001686?zone=book&lid=book_class3_eib&actid=book_class3_eib","作者":"復漢      ","出版社":"停售","ISBN":null,"圖片網址":"https:\/\/cdn.kingstone.com.tw\/book\/images\/product\/20133\/2013320001686\/2013320001686b.jpg","書籍簡介":"0"}
{"書名":"材料力學","書籍網站":"https:\/\/www.kingstone.com.tw\/\/basic\/2013320002478?zone=book&lid=book_class3_eib&actid=book_class3_eib","作者":"章致一","出版社":"五洲      ","ISBN":null,"圖片網址":"https:\/\/cdn.kingstone.com.tw\/book\/images\/product\/20133\/2013320002478\/2013320002478b.jpg","書籍簡介":"0"}
{"書名":"應用力學","書籍網站":"https:\/\/www.kingstone.com.tw\/\/basic\/2013320002508?zone=book&lid=book_class3_eib&actid=book_class3_eib","作者":"五洲      ","出版社":"停售","ISBN":null,"圖片網址":"https:\/\/cdn.kingstone.com.tw\/book\/images\/product\/20133\/2013320002508\/2013320002508b.jpg","書籍簡介":"0"}
{"書名":"基本流體力學","書籍網站":"https:\/\/www.kingstone.com.tw\/\/basic\/2013320002768?zone=book&lid=book_class3_eib&actid=book_class3_eib","作者":"科技圖書  ","出版社":"停售","ISBN":null,"圖片網址":"https:\/\/cdn.kingstone.com.tw\/book\/images\/product\/20133\/2013320002768\/2013320002768b.jpg","書籍簡介":"0"}
{"書名":"基本流體力學題解","書籍網站":"https:\/\/www.kingstone.com.tw\/\/basic\/2013320002898?zone=book&lid=book_class3_eib&actid=book_class3_eib","作者":"科技圖書  ","出版社":"貨到通知我","ISBN":null,"圖片網址":"https:\/\/cdn.kingstone.com.tw\/book\/images\/product\/20133\/2013320002898\/2013320002898b.jpg","書籍簡介":"0"}
{"書名":"流體力學","書籍網站":"https:\/\/www.kingstone.com.tw\/\/basic\/2013320002928?zone=book&lid=book_class3_eib&actid=book_class3_eib","作者":"科技圖書  ","出版社":"貨到通知我","ISBN":null,"圖片網址":"https:\/\/cdn.kingstone.com.tw\/book\/images\/product\/20133\/2013320002928\/2013320002928b.jpg","書籍簡介":"0"}
{"書名":"基本流體力學","書籍網站":"https:\/\/www.kingstone.com.tw\/\/basic\/2013320003000?zone=book&lid=book_class3_eib&actid=book_class3_eib","作者":"VENNARD","出版社":"科技圖書  ","ISBN":null,"圖片網址":"https:\/\/cdn.kingstone.com.tw\/book\/images\/product\/20133\/2013320003000\/2013320003000b.jpg","書籍簡介":"0"}
{"書名":"動力學","書籍網站":"https:\/\/www.kingstone.com.tw\/\/basic\/2013320003130?zone=book&lid=book_class3_eib&actid=book_class3_eib","作者":"傅光華","出版社":"東華      ","ISBN":null,"圖片網址":"https:\/\/cdn.kingstone.com.tw\/book\/images\/product\/20133\/2013320003130\/2013320003130b.jpg","書籍簡介":"0"}
{"書名":"材料力學","書籍網站":"https:\/\/www.kingstone.com.tw\/\/basic\/2013320003420?zone=book&lid=book_class3_eib&actid=book_class3_eib","作者":"南宏      ","出版社":"停售","ISBN":null,"圖片網址":"https:\/\/cdn.kingstone.com.tw\/book\/images\/product\/20133\/2013320003420\/2013320003420b.jpg","書籍簡介":"0"}
{"書名":"材料力學題解","書籍網站":"https:\/\/www.kingstone.com.tw\/\/basic\/2013320003550?zone=book&lid=book_class3_eib&actid=book_class3_eib","作者":"陳怡宏","出版社":"南宏      ","ISBN":null,"圖片網址":"https:\/\/cdn.kingstone.com.tw\/book\/images\/product\/20133\/2013320003550\/2013320003550b.jpg","書籍簡介":"0"}
{"書名":"材料力學題解","書籍網站":"https:\/\/www.kingstone.com.tw\/\/basic\/2013320004502?zone=book&lid=book_class3_eib&actid=book_class3_eib","作者":"南宏      ","出版社":"停售","ISBN":null,"圖片網址":"https:\/\/cdn.kingstone.com.tw\/book\/images\/product\/20133\/2013320004502\/2013320004502b.jpg","書籍簡介":"0"}
{"書名":"席夫量子力學","書籍網站":"https:\/\/www.kingstone.com.tw\/\/basic\/2013320006186?zone=book&lid=book_class3_eib&actid=book_class3_eib","作者":"徐氏文教  ","出版社":"停售","ISBN":null,"圖片網址":"https:\/\/cdn.kingstone.com.tw\/book\/images\/product\/20133\/2013320006186\/2013320006186b.jpg","書籍簡介":"0"}
{"書名":"流體力學概論","書籍網站":"https:\/\/www.kingstone.com.tw\/\/basic\/2013320007138?zone=book&lid=book_class3_eib&actid=book_class3_eib","作者":"陳恩宗","出版社":"全華      ","ISBN":null,"圖片網址":"https:\/\/cdn.kingstone.com.tw\/book\/images\/product\/20133\/2013320007138\/2013320007138b.jpg","書籍簡介":"0"}
{"書名":"流體力學導論","書籍網站":"https:\/\/www.kingstone.com.tw\/\/basic\/2013320007558?zone=book&lid=book_class3_eib&actid=book_class3_eib","作者":"朱紹鎔","出版社":"東華      ","ISBN":null,"圖片網址":"https:\/\/cdn.kingstone.com.tw\/book\/images\/product\/20133\/2013320007558\/2013320007558b.jpg","書籍簡介":"0"}
{"書名":"空液壓控制的分析與設","書籍網站":"https:\/\/www.kingstone.com.tw\/\/basic\/2013320007718?zone=book&lid=book_class3_eib&actid=book_class3_eib","作者":"陳發林","出版社":"全華      ","ISBN":null,"圖片網址":"https:\/\/cdn.kingstone.com.tw\/book\/images\/product\/20133\/2013320007718\/2013320007718b.jpg","書籍簡介":"0"}
{"書名":"流體力學","書籍網站":"https:\/\/www.kingstone.com.tw\/\/basic\/2013320007978?zone=book&lid=book_class3_eib&actid=book_class3_eib","作者":"鄭恩澤","出版社":"復文書局  ","ISBN":null,"圖片網址":"https:\/\/cdn.kingstone.com.tw\/book\/images\/product\/20133\/2013320007978\/2013320007978b.jpg","書籍簡介":"0"}
{"書名":"基本流體力學","書籍網站":"https:\/\/www.kingstone.com.tw\/\/basic\/2013320008180?zone=book&lid=book_class3_eib&actid=book_class3_eib","作者":"科技圖書  ","出版社":"貨到通知我","ISBN":null,"圖片網址":"https:\/\/cdn.kingstone.com.tw\/book\/images\/product\/20133\/2013320008180\/2013320008180b.jpg","書籍簡介":"0"}
{"書名":"應用量子力學","書籍網站":"https:\/\/www.kingstone.com.tw\/\/basic\/2013320008340?zone=book&lid=book_class3_eib&actid=book_class3_eib","作者":"科技圖書  ","出版社":"貨到通知我","ISBN":null,"圖片網址":"https:\/\/cdn.kingstone.com.tw\/book\/images\/product\/20133\/2013320008340\/2013320008340b.jpg","書籍簡介":"0"}
{"書名":"應用力學","書籍網站":"https:\/\/www.kingstone.com.tw\/\/basic\/2013320009132?zone=book&lid=book_class3_eib&actid=book_class3_eib","作者":"朱紹鎔","出版社":"東華      ","ISBN":null,"圖片網址":"https:\/\/cdn.kingstone.com.tw\/book\/images\/product\/20133\/2013320009132\/2013320009132b.jpg","書籍簡介":"0"}
{"書名":"應用力學","書籍網站":"https:\/\/www.kingstone.com.tw\/\/basic\/2013320009392?zone=book&lid=book_class3_eib&actid=book_class3_eib","作者":"朱紹鎔","出版社":"東華      ","ISBN":null,"圖片網址":"https:\/\/cdn.kingstone.com.tw\/book\/images\/product\/20133\/2013320009392\/2013320009392b.jpg","書籍簡介":"0"}
{"書名":"應用力學","書籍網站":"https:\/\/www.kingstone.com.tw\/\/basic\/2013320009552?zone=book&lid=book_class3_eib&actid=book_class3_eib","作者":"朱紹鎔","出版社":"東華      ","ISBN":null,"圖片網址":"https:\/\/cdn.kingstone.com.tw\/book\/images\/product\/20133\/2013320009552\/2013320009552b.jpg","書籍簡介":"0"}
{"書名":"應用力學","書籍網站":"https:\/\/www.kingstone.com.tw\/\/basic\/2013320009712?zone=book&lid=book_class3_eib&actid=book_class3_eib","作者":"朱紹鎔","出版社":"東華      ","ISBN":null,"圖片網址":"https:\/\/cdn.kingstone.com.tw\/book\/images\/product\/20133\/2013320009712\/2013320009712b.jpg","書籍簡介":"0"}
{"書名":"應用力學概論","書籍網站":"https:\/\/www.kingstone.com.tw\/\/basic\/2013320009972?zone=book&lid=book_class3_eib&actid=book_class3_eib","作者":"樓景湖","出版社":"徐氏文教  ","ISBN":null,"圖片網址":"https:\/\/cdn.kingstone.com.tw\/book\/images\/product\/20133\/2013320009972\/2013320009972b.jpg","書籍簡介":"0"}
{"書名":"流體力學","書籍網站":"https:\/\/www.kingstone.com.tw\/\/basic\/2013320010091?zone=book&lid=book_class3_eib&actid=book_class3_eib","作者":"毛壽彭","出版社":"五南      ","ISBN":null,"圖片網址":"https:\/\/cdn.kingstone.com.tw\/book\/images\/product\/20133\/2013320010091\/2013320010091b.jpg","書籍簡介":"0"}
{"書名":"動力學","書籍網站":"https:\/\/www.kingstone.com.tw\/\/basic\/2013320010541?zone=book&lid=book_class3_eib&actid=book_class3_eib","作者":"東華      ","出版社":"停售","ISBN":null,"圖片網址":"https:\/\/cdn.kingstone.com.tw\/book\/images\/product\/20133\/2013320010541\/2013320010541b.jpg","書籍簡介":"0"}
{"書名":"動力學突破","書籍網站":"https:\/\/www.kingstone.com.tw\/\/basic\/2013320011043?zone=book&lid=book_class3_eib&actid=book_class3_eib","作者":"柯漢光","出版社":"大同      ","ISBN":null,"圖片網址":"https:\/\/cdn.kingstone.com.tw\/book\/images\/product\/20133\/2013320011043\/2013320011043b.jpg","書籍簡介":"0"}
{"書名":"流體力學","書籍網站":"https:\/\/www.kingstone.com.tw\/\/basic\/2013320011173?zone=book&lid=book_class3_eib&actid=book_class3_eib","作者":"鄭智中","出版社":"大同      ","ISBN":null,"圖片網址":"https:\/\/cdn.kingstone.com.tw\/book\/images\/product\/20133\/2013320011173\/2013320011173b.jpg","書籍簡介":"0"}
{"書名":"流體力學","書籍網站":"https:\/\/www.kingstone.com.tw\/\/basic\/2013320011203?zone=book&lid=book_class3_eib&actid=book_class3_eib","作者":"丁觀海","出版社":"徐氏文教  ","ISBN":null,"圖片網址":"https:\/\/cdn.kingstone.com.tw\/book\/images\/product\/20133\/2013320011203\/2013320011203b.jpg","書籍簡介":"0"}
{"書名":"流體力學","書籍網站":"https:\/\/www.kingstone.com.tw\/\/basic\/2013320011333?zone=book&lid=book_class3_eib&actid=book_class3_eib","作者":"衣冠君","出版社":"超級科技  ","ISBN":null,"圖片網址":"https:\/\/cdn.kingstone.com.tw\/book\/images\/product\/20133\/2013320011333\/2013320011333b.jpg","書籍簡介":"0"}
{"書名":"流體力學解析","書籍網站":"https:\/\/www.kingstone.com.tw\/\/basic\/2013320011593?zone=book&lid=book_class3_eib&actid=book_class3_eib","作者":"侯和雄","出版社":"大學      ","ISBN":null,"圖片網址":"https:\/\/cdn.kingstone.com.tw\/book\/images\/product\/20133\/2013320011593\/2013320011593b.jpg","書籍簡介":"0"}
{"書名":"應用熱力學","書籍網站":"https:\/\/www.kingstone.com.tw\/\/basic\/2013320012125?zone=book&lid=book_class3_eib&actid=book_class3_eib","作者":"李一匡    ","出版社":"停售","ISBN":null,"圖片網址":"https:\/\/cdn.kingstone.com.tw\/book\/images\/product\/20133\/2013320012125\/2013320012125b.jpg","書籍簡介":"0"}
{"書名":"應用熱力學","書籍網站":"https:\/\/www.kingstone.com.tw\/\/basic\/2013320012255?zone=book&lid=book_class3_eib&actid=book_class3_eib","作者":"李一匡    ","出版社":"停售","ISBN":null,"圖片網址":"https:\/\/cdn.kingstone.com.tw\/book\/images\/product\/20133\/2013320012255\/2013320012255b.jpg","書籍簡介":"0"}
{"書名":"流體力學導論","書籍網站":"https:\/\/www.kingstone.com.tw\/\/basic\/2013320012385?zone=book&lid=book_class3_eib&actid=book_class3_eib","作者":"超級科技  ","出版社":"停售","ISBN":null,"圖片網址":"https:\/\/cdn.kingstone.com.tw\/book\/images\/product\/20133\/2013320012385\/2013320012385b.jpg","書籍簡介":"0"}
{"書名":"流體力學","書籍網站":"https:\/\/www.kingstone.com.tw\/\/basic\/2013320012965?zone=book&lid=book_class3_eib&actid=book_class3_eib","作者":"乾泰      ","出版社":"貨到通知我","ISBN":null,"圖片網址":"https:\/\/cdn.kingstone.com.tw\/book\/images\/product\/20133\/2013320012965\/2013320012965b.jpg","書籍簡介":"0"}
{"書名":"熱力學氣體運動論與統","書籍網站":"https:\/\/www.kingstone.com.tw\/\/basic\/2013350000178?zone=book&lid=book_class3_eib&actid=book_class3_eib","作者":"吳大猷","出版社":"聯經      ","ISBN":9789570808971.0,"圖片網址":"https:\/\/cdn.kingstone.com.tw\/book\/images\/product\/20133\/2013350000178\/2013350000178b.jpg","書籍簡介":"\r\n\r\n\r\n\t研究一個物理系統──包括物質及輻射──的性質，可從兩個觀點入手。一個是所謂的巨觀觀點，觀察研究一個固體、液體或氣體的特性，如密度、溫度、壓力、彈性、傳熱等，而不涉及物質的原子結構基礎。另一個是所謂的微觀觀點，由物質的原子性質著手，研究物質的巨觀性質。熱力學、氣體運動論和統計力學，係由巨觀的和微觀的觀點，研究物理系巨觀系統的性質的三部門物理學，其出發點和方法雖不同，但卻相輔相成，構成一部研究物質性質的學問。\r\n\r\n\t本書第一部熱力學，敘述古典熱力學。第二部敘述古典的近代的氣體運動論，包括所謂的現代熱力學（不可逆熱力學）及一九六四年來的氣體運動──統計理論。第三部敘述古典統計力學的基本觀念和其幾個形式，及量子統計力學。\r\n\r\n"}
{"書名":"熱與熱力學","書籍網站":"https:\/\/www.kingstone.com.tw\/\/basic\/2013350000918?zone=book&lid=book_class3_eib&actid=book_class3_eib","作者":"徐氏文教  ","出版社":"停售","ISBN":null,"圖片網址":"https:\/\/cdn.kingstone.com.tw\/book\/images\/product\/20133\/2013350000918\/2013350000918b.jpg","書籍簡介":"0"}
{"書名":"實用熱力學","書籍網站":"https:\/\/www.kingstone.com.tw\/\/basic\/2013350001120?zone=book&lid=book_class3_eib&actid=book_class3_eib","作者":"賈士綱","出版社":"中央圖書  ","ISBN":null,"圖片網址":"https:\/\/cdn.kingstone.com.tw\/book\/images\/product\/20133\/2013350001120\/2013350001120b.jpg","書籍簡介":"0"}
{"書名":"實用熱力學","書籍網站":"https:\/\/www.kingstone.com.tw\/\/basic\/2013350001250?zone=book&lid=book_class3_eib&actid=book_class3_eib","作者":"賈士綱","出版社":"中華攝影  ","ISBN":null,"圖片網址":"https:\/\/cdn.kingstone.com.tw\/book\/images\/product\/20133\/2013350001250\/2013350001250b.jpg","書籍簡介":"0"}
{"書名":"熱力學","書籍網站":"https:\/\/www.kingstone.com.tw\/\/basic\/2013350001540?zone=book&lid=book_class3_eib&actid=book_class3_eib","作者":"科技圖書  ","出版社":"貨到通知我","ISBN":null,"圖片網址":"https:\/\/cdn.kingstone.com.tw\/book\/images\/product\/20133\/2013350001540\/2013350001540b.jpg","書籍簡介":"0"}
{"書名":"初等熱力學","書籍網站":"https:\/\/www.kingstone.com.tw\/\/basic\/2013350001670?zone=book&lid=book_class3_eib&actid=book_class3_eib","作者":"科技圖書  ","出版社":"貨到通知我","ISBN":null,"圖片網址":"https:\/\/cdn.kingstone.com.tw\/book\/images\/product\/20133\/2013350001670\/2013350001670b.jpg","書籍簡介":"0"}
{"書名":"化工熱力學","書籍網站":"https:\/\/www.kingstone.com.tw\/\/basic\/2013350001700?zone=book&lid=book_class3_eib&actid=book_class3_eib","作者":"BETT","出版社":"科技圖書  ","ISBN":null,"圖片網址":"https:\/\/cdn.kingstone.com.tw\/book\/images\/product\/20133\/2013350001700\/2013350001700b.jpg","書籍簡介":"0"}
{"書名":"熱力學題解","書籍網站":"https:\/\/www.kingstone.com.tw\/\/basic\/2013350001830?zone=book&lid=book_class3_eib&actid=book_class3_eib","作者":"科技圖書  ","出版社":"停售","ISBN":null,"圖片網址":"https:\/\/cdn.kingstone.com.tw\/book\/images\/product\/20133\/2013350001830\/2013350001830b.jpg","書籍簡介":"0"}
{"書名":"熱力學概論","書籍網站":"https:\/\/www.kingstone.com.tw\/\/basic\/2013350002462?zone=book&lid=book_class3_eib&actid=book_class3_eib","作者":"陳呈芳","出版社":"全華      ","ISBN":null,"圖片網址":"https:\/\/cdn.kingstone.com.tw\/book\/images\/product\/20133\/2013350002462\/2013350002462b.jpg","書籍簡介":"0"}
{"書名":"化工熱力學","書籍網站":"https:\/\/www.kingstone.com.tw\/\/basic\/2013350002622?zone=book&lid=book_class3_eib&actid=book_class3_eib","作者":"土木水利  ","出版社":"貨到通知我","ISBN":null,"圖片網址":"https:\/\/cdn.kingstone.com.tw\/book\/images\/product\/20133\/2013350002622\/2013350002622b.jpg","書籍簡介":"0"}
{"書名":"熱力學問題解法","書籍網站":"https:\/\/www.kingstone.com.tw\/\/basic\/2013350002752?zone=book&lid=book_class3_eib&actid=book_class3_eib","作者":"徐氏文教  ","出版社":"停售","ISBN":null,"圖片網址":"https:\/\/cdn.kingstone.com.tw\/book\/images\/product\/20133\/2013350002752\/2013350002752b.jpg","書籍簡介":"0"}
{"書名":"熱力學","書籍網站":"https:\/\/www.kingstone.com.tw\/\/basic\/2013350003384?zone=book&lid=book_class3_eib&actid=book_class3_eib","作者":"東華      ","出版社":"停售","ISBN":null,"圖片網址":"https:\/\/cdn.kingstone.com.tw\/book\/images\/product\/20133\/2013350003384\/2013350003384b.jpg","書籍簡介":"0"}
{"書名":"熱力學","書籍網站":"https:\/\/www.kingstone.com.tw\/\/basic\/2013350003964?zone=book&lid=book_class3_eib&actid=book_class3_eib","作者":"科技圖書  ","出版社":"貨到通知我","ISBN":null,"圖片網址":"https:\/\/cdn.kingstone.com.tw\/book\/images\/product\/20133\/2013350003964\/2013350003964b.jpg","書籍簡介":"0"}
{"書名":"基本古典熱力學","書籍網站":"https:\/\/www.kingstone.com.tw\/\/basic\/2013350004886?zone=book&lid=book_class3_eib&actid=book_class3_eib","作者":"VAN WYLEN","出版社":"東華      ","ISBN":null,"圖片網址":"https:\/\/cdn.kingstone.com.tw\/book\/images\/product\/20133\/2013350004886\/2013350004886b.jpg","書籍簡介":"0"}
{"書名":"古典熱力學導論","書籍網站":"https:\/\/www.kingstone.com.tw\/\/basic\/2013350004916?zone=book&lid=book_class3_eib&actid=book_class3_eib","作者":"超級科技  ","出版社":"停售","ISBN":null,"圖片網址":"https:\/\/cdn.kingstone.com.tw\/book\/images\/product\/20133\/2013350004916\/2013350004916b.jpg","書籍簡介":"0"}
{"書名":"化工熱力學導論","書籍網站":"https:\/\/www.kingstone.com.tw\/\/basic\/2013350005258?zone=book&lid=book_class3_eib&actid=book_class3_eib","作者":"SMITH","出版社":"東華      ","ISBN":null,"圖片網址":"https:\/\/cdn.kingstone.com.tw\/book\/images\/product\/20133\/2013350005258\/2013350005258b.jpg","書籍簡介":"0"}
{"書名":"熱力學","書籍網站":"https:\/\/www.kingstone.com.tw\/\/basic\/2013350005388?zone=book&lid=book_class3_eib&actid=book_class3_eib","作者":"科技圖書  ","出版社":"貨到通知我","ISBN":null,"圖片網址":"https:\/\/cdn.kingstone.com.tw\/book\/images\/product\/20133\/2013350005388\/2013350005388b.jpg","書籍簡介":"0"}
{"書名":"熱力學","書籍網站":"https:\/\/www.kingstone.com.tw\/\/basic\/2013350005418?zone=book&lid=book_class3_eib&actid=book_class3_eib","作者":"WARK","出版社":"乾泰      ","ISBN":null,"圖片網址":"https:\/\/cdn.kingstone.com.tw\/book\/images\/product\/20133\/2013350005418\/2013350005418b.jpg","書籍簡介":"0"}
{"書名":"熱力學題詳","書籍網站":"https:\/\/www.kingstone.com.tw\/\/basic\/2013350005548?zone=book&lid=book_class3_eib&actid=book_class3_eib","作者":"科技圖書  ","出版社":"貨到通知我","ISBN":null,"圖片網址":"https:\/\/cdn.kingstone.com.tw\/book\/images\/product\/20133\/2013350005548\/2013350005548b.jpg","書籍簡介":"0"}
{"書名":"古典熱力學導論問題詳","書籍網站":"https:\/\/www.kingstone.com.tw\/\/basic\/2013350005838?zone=book&lid=book_class3_eib&actid=book_class3_eib","作者":"羅仰芳","出版社":"超級科技  ","ISBN":null,"圖片網址":"https:\/\/cdn.kingstone.com.tw\/book\/images\/product\/20133\/2013350005838\/2013350005838b.jpg","書籍簡介":"0"}
{"書名":"古典熱力學原理","書籍網站":"https:\/\/www.kingstone.com.tw\/\/basic\/2013350005968?zone=book&lid=book_class3_eib&actid=book_class3_eib","作者":"全華      ","出版社":"停售","ISBN":null,"圖片網址":"https:\/\/cdn.kingstone.com.tw\/book\/images\/product\/20133\/2013350005968\/2013350005968b.jpg","書籍簡介":"0"}
{"書名":"電子學力學突破","書籍網站":"https:\/\/www.kingstone.com.tw\/\/basic\/2013370039493?zone=book&lid=book_class3_eib&actid=book_class3_eib","作者":"吳萬成","出版社":"大同      ","ISBN":null,"圖片網址":"https:\/\/cdn.kingstone.com.tw\/book\/images\/product\/20133\/2013370039493\/2013370039493b.jpg","書籍簡介":"0"}
{"書名":"化工熱力學入門","書籍網站":"https:\/\/www.kingstone.com.tw\/\/basic\/2013480000406?zone=book&lid=book_class3_eib&actid=book_class3_eib","作者":"正文書局  ","出版社":"停售","ISBN":null,"圖片網址":"https:\/\/cdn.kingstone.com.tw\/book\/images\/product\/20134\/2013480000406\/2013480000406b.jpg","書籍簡介":"0"}
{"書名":"化學熱力學","書籍網站":"https:\/\/www.kingstone.com.tw\/\/basic\/2013480000796?zone=book&lid=book_class3_eib&actid=book_class3_eib","作者":"正文書局  ","出版社":"停售","ISBN":null,"圖片網址":"https:\/\/cdn.kingstone.com.tw\/book\/images\/product\/20134\/2013480000796\/2013480000796b.jpg","書籍簡介":"0"}
{"書名":"化學熱力學","書籍網站":"https:\/\/www.kingstone.com.tw\/\/basic\/2013480000956?zone=book&lid=book_class3_eib&actid=book_class3_eib","作者":"復漢      ","出版社":"停售","ISBN":null,"圖片網址":"https:\/\/cdn.kingstone.com.tw\/book\/images\/product\/20134\/2013480000956\/2013480000956b.jpg","書籍簡介":"0"}
{"書名":"化工動力學","書籍網站":"https:\/\/www.kingstone.com.tw\/\/basic\/2013480004244?zone=book&lid=book_class3_eib&actid=book_class3_eib","作者":"楊家鑒","出版社":"東華      ","ISBN":null,"圖片網址":"https:\/\/cdn.kingstone.com.tw\/book\/images\/product\/20134\/2013480004244\/2013480004244b.jpg","書籍簡介":"0"}
{"書名":"化工動力學","書籍網站":"https:\/\/www.kingstone.com.tw\/\/basic\/2013480004404?zone=book&lid=book_class3_eib&actid=book_class3_eib","作者":"楊泉鑒","出版社":"東華      ","ISBN":null,"圖片網址":"https:\/\/cdn.kingstone.com.tw\/book\/images\/product\/20134\/2013480004404\/2013480004404b.jpg","書籍簡介":"0"}
{"書名":"化工熱力學詳解","書籍網站":"https:\/\/www.kingstone.com.tw\/\/basic\/2013480004794?zone=book&lid=book_class3_eib&actid=book_class3_eib","作者":"smith","出版社":"天一      ","ISBN":null,"圖片網址":"https:\/\/cdn.kingstone.com.tw\/book\/images\/product\/20134\/2013480004794\/2013480004794b.jpg","書籍簡介":"0"}
{"書名":"化工動力學反應器","書籍網站":"https:\/\/www.kingstone.com.tw\/\/basic\/2013480006668?zone=book&lid=book_class3_eib&actid=book_class3_eib","作者":"科技圖書  ","出版社":"貨到通知我","ISBN":null,"圖片網址":"https:\/\/cdn.kingstone.com.tw\/book\/images\/product\/20134\/2013480006668\/2013480006668b.jpg","書籍簡介":"0"}
{"書名":"化工動力學反應器設計","書籍網站":"https:\/\/www.kingstone.com.tw\/\/basic\/2013480007290?zone=book&lid=book_class3_eib&actid=book_class3_eib","作者":"科技圖書  ","出版社":"貨到通知我","ISBN":null,"圖片網址":"https:\/\/cdn.kingstone.com.tw\/book\/images\/product\/20134\/2013480007290\/2013480007290b.jpg","書籍簡介":"0"}
{"書名":"化工動力學與反應器設","書籍網站":"https:\/\/www.kingstone.com.tw\/\/basic\/2013480007320?zone=book&lid=book_class3_eib&actid=book_class3_eib","作者":"文橋      ","出版社":"停售","ISBN":null,"圖片網址":"https:\/\/cdn.kingstone.com.tw\/book\/images\/product\/20134\/2013480007320\/2013480007320b.jpg","書籍簡介":"0"}
{"書名":"化工熱力學導論","書籍網站":"https:\/\/www.kingstone.com.tw\/\/basic\/2013480007870?zone=book&lid=book_class3_eib&actid=book_class3_eib","作者":"SMITH","出版社":"東華      ","ISBN":null,"圖片網址":"https:\/\/cdn.kingstone.com.tw\/book\/images\/product\/20134\/2013480007870\/2013480007870b.jpg","書籍簡介":"0"}
{"書名":"基本熱力學","書籍網站":"https:\/\/www.kingstone.com.tw\/\/basic\/2013550000886?zone=book&lid=book_class3_eib&actid=book_class3_eib","作者":"GORDON J.V","出版社":"復漢      ","ISBN":null,"圖片網址":"https:\/\/cdn.kingstone.com.tw\/book\/images\/product\/20135\/2013550000886\/2013550000886b.jpg","書籍簡介":"0"}
{"書名":"應用力學","書籍網站":"https:\/\/www.kingstone.com.tw\/\/basic\/2024400007924?zone=book&lid=book_class3_eib&actid=book_class3_eib","作者":"袁步浚","出版社":"大行      ","ISBN":null,"圖片網址":"https:\/\/cdn.kingstone.com.tw\/book\/images\/product\/20244\/2024400007924\/2024400007924b.jpg","書籍簡介":"0"}
{"書名":"應用力學","書籍網站":"https:\/\/www.kingstone.com.tw\/\/basic\/2024400008006?zone=book&lid=book_class3_eib&actid=book_class3_eib","作者":"李志舟","出版社":"大行      ","ISBN":null,"圖片網址":"https:\/\/cdn.kingstone.com.tw\/book\/images\/product\/20244\/2024400008006\/2024400008006b.jpg","書籍簡介":"0"}
{"書名":"應用力學","書籍網站":"https:\/\/www.kingstone.com.tw\/\/basic\/2024400008426?zone=book&lid=book_class3_eib&actid=book_class3_eib","作者":"大行      ","出版社":"停售","ISBN":null,"圖片網址":"https:\/\/cdn.kingstone.com.tw\/book\/images\/product\/20244\/2024400008426\/2024400008426b.jpg","書籍簡介":"0"}
{"書名":"應用力學精粹","書籍網站":"https:\/\/www.kingstone.com.tw\/\/basic\/2024400009348?zone=book&lid=book_class3_eib&actid=book_class3_eib","作者":"王治平","出版社":"大行      ","ISBN":null,"圖片網址":"https:\/\/cdn.kingstone.com.tw\/book\/images\/product\/20244\/2024400009348\/2024400009348b.jpg","書籍簡介":"0"}
{"書名":"應用力學講義","書籍網站":"https:\/\/www.kingstone.com.tw\/\/basic\/2024400019385?zone=book&lid=book_class3_eib&actid=book_class3_eib","作者":"王國華","出版社":"正言      ","ISBN":null,"圖片網址":"https:\/\/cdn.kingstone.com.tw\/book\/images\/product\/20244\/2024400019385\/2024400019385b.jpg","書籍簡介":"0"}
{"書名":"工程力學解析","書籍網站":"https:\/\/www.kingstone.com.tw\/\/basic\/2024400019965?zone=book&lid=book_class3_eib&actid=book_class3_eib","作者":"陳乾道","出版社":"文京      ","ISBN":null,"圖片網址":"https:\/\/cdn.kingstone.com.tw\/book\/images\/product\/20244\/2024400019965\/2024400019965b.jpg","書籍簡介":"0"}
{"書名":"工程力學解析","書籍網站":"https:\/\/www.kingstone.com.tw\/\/basic\/2024400020084?zone=book&lid=book_class3_eib&actid=book_class3_eib","作者":"陳乾道","出版社":"文京      ","ISBN":null,"圖片網址":"https:\/\/cdn.kingstone.com.tw\/book\/images\/product\/20244\/2024400020084\/2024400020084b.jpg","書籍簡介":"0"}
{"書名":"新編工程力學","書籍網站":"https:\/\/www.kingstone.com.tw\/\/basic\/2024400035361?zone=book&lid=book_class3_eib&actid=book_class3_eib","作者":"徐氏文教  ","出版社":"停售","ISBN":null,"圖片網址":"https:\/\/cdn.kingstone.com.tw\/book\/images\/product\/20244\/2024400035361\/2024400035361b.jpg","書籍簡介":"0"}
{"書名":"工程力學","書籍網站":"https:\/\/www.kingstone.com.tw\/\/basic\/2024400058261?zone=book&lid=book_class3_eib&actid=book_class3_eib","作者":"復漢      ","出版社":"停售","ISBN":null,"圖片網址":"https:\/\/cdn.kingstone.com.tw\/book\/images\/product\/20244\/2024400058261\/2024400058261b.jpg","書籍簡介":"0"}
{"書名":"流體力學","書籍網站":"https:\/\/www.kingstone.com.tw\/\/basic\/2023230012542?zone=book&lid=book_class3_eib&actid=book_class3_eib","作者":"科技圖書  ","出版社":"貨到通知我","ISBN":null,"圖片網址":"https:\/\/cdn.kingstone.com.tw\/book\/images\/product\/20232\/2023230012542\/2023230012542b.jpg","書籍簡介":"0"}
{"書名":"古典動力學","書籍網站":"https:\/\/www.kingstone.com.tw\/\/basic\/2023320000367?zone=book&lid=book_class3_eib&actid=book_class3_eib","作者":"聯經      ","出版社":"停售","ISBN":null,"圖片網址":"https:\/\/cdn.kingstone.com.tw\/book\/images\/product\/20233\/2023320000367\/2023320000367b.jpg","書籍簡介":"0"}
{"書名":"流體力學習題解答","書籍網站":"https:\/\/www.kingstone.com.tw\/\/basic\/2023320000787?zone=book&lid=book_class3_eib&actid=book_class3_eib","作者":"新亞      ","出版社":"停售","ISBN":null,"圖片網址":"https:\/\/cdn.kingstone.com.tw\/book\/images\/product\/20233\/2023320000787\/2023320000787b.jpg","書籍簡介":"0"}
{"書名":"流體力學","書籍網站":"https:\/\/www.kingstone.com.tw\/\/basic\/2023320001449?zone=book&lid=book_class3_eib&actid=book_class3_eib","作者":"復漢      ","出版社":"停售","ISBN":null,"圖片網址":"https:\/\/cdn.kingstone.com.tw\/book\/images\/product\/20233\/2023320001449\/2023320001449b.jpg","書籍簡介":"0"}
{"書名":"流體力學","書籍網站":"https:\/\/www.kingstone.com.tw\/\/basic\/2023320001579?zone=book&lid=book_class3_eib&actid=book_class3_eib","作者":"RICHARD H","出版社":"復漢      ","ISBN":null,"圖片網址":"https:\/\/cdn.kingstone.com.tw\/book\/images\/product\/20233\/2023320001579\/2023320001579b.jpg","書籍簡介":"0"}
{"書名":"薄殼應力分析學","書籍網站":"https:\/\/www.kingstone.com.tw\/\/basic\/2023320001609?zone=book&lid=book_class3_eib&actid=book_class3_eib","作者":"復漢      ","出版社":"停售","ISBN":null,"圖片網址":"https:\/\/cdn.kingstone.com.tw\/book\/images\/product\/20233\/2023320001609\/2023320001609b.jpg","書籍簡介":"0"}
{"書名":"熱力學氣體運動論與統","書籍網站":"https:\/\/www.kingstone.com.tw\/\/basic\/2023350000191?zone=book&lid=book_class3_eib&actid=book_class3_eib","作者":"吳大猷","出版社":"聯經      ","ISBN":null,"圖片網址":"https:\/\/cdn.kingstone.com.tw\/book\/images\/product\/20233\/2023350000191\/2023350000191b.jpg","書籍簡介":"0"}
{"書名":"熱力學概論","書籍網站":"https:\/\/www.kingstone.com.tw\/\/basic\/2023350002065?zone=book&lid=book_class3_eib&actid=book_class3_eib","作者":"李明益","出版社":"大行      ","ISBN":null,"圖片網址":"https:\/\/cdn.kingstone.com.tw\/book\/images\/product\/20233\/2023350002065\/2023350002065b.jpg","書籍簡介":"0"}
{"書名":"化學熱力學","書籍網站":"https:\/\/www.kingstone.com.tw\/\/basic\/2023480000979?zone=book&lid=book_class3_eib&actid=book_class3_eib","作者":"復漢      ","出版社":"停售","ISBN":null,"圖片網址":"https:\/\/cdn.kingstone.com.tw\/book\/images\/product\/20234\/2023480000979\/2023480000979b.jpg","書籍簡介":"0"}
{"書名":"基本熱力學","書籍網站":"https:\/\/www.kingstone.com.tw\/\/basic\/2023550000809?zone=book&lid=book_class3_eib&actid=book_class3_eib","作者":"GORDON J.V","出版社":"復漢      ","ISBN":null,"圖片網址":"https:\/\/cdn.kingstone.com.tw\/book\/images\/product\/20235\/2023550000809\/2023550000809b.jpg","書籍簡介":"0"}
{"書名":"應用熱力學","書籍網站":"https:\/\/www.kingstone.com.tw\/\/basic\/2024460020352?zone=book&lid=book_class3_eib&actid=book_class3_eib","作者":"林晃盛","出版社":"大行      ","ISBN":null,"圖片網址":"https:\/\/cdn.kingstone.com.tw\/book\/images\/product\/20244\/2024460020352\/2024460020352b.jpg","書籍簡介":"0"}
{"書名":"應用熱力學","書籍網站":"https:\/\/www.kingstone.com.tw\/\/basic\/2024460020482?zone=book&lid=book_class3_eib&actid=book_class3_eib","作者":"林晃盛","出版社":"大行      ","ISBN":null,"圖片網址":"https:\/\/cdn.kingstone.com.tw\/book\/images\/product\/20244\/2024460020482\/2024460020482b.jpg","書籍簡介":"0"}
{"書名":"材料加工力學解析","書籍網站":"https:\/\/www.kingstone.com.tw\/\/basic\/2013320016093?zone=book&lid=book_class3_eib&actid=book_class3_eib","作者":"蘇品書","出版社":"復漢      ","ISBN":null,"圖片網址":"https:\/\/cdn.kingstone.com.tw\/book\/images\/product\/20133\/2013320016093\/2013320016093b.jpg","書籍簡介":"0"}
{"書名":"實用流體力學","書籍網站":"https:\/\/www.kingstone.com.tw\/\/basic\/2013320004212?zone=book&lid=book_class3_eib&actid=book_class3_eib","作者":"RL MOTT","出版社":"科技圖書  ","ISBN":null,"圖片網址":"https:\/\/cdn.kingstone.com.tw\/book\/images\/product\/20133\/2013320004212\/2013320004212b.jpg","書籍簡介":"0"}
{"書名":"應用力學","書籍網站":"https:\/\/www.kingstone.com.tw\/\/basic\/2014400031500?zone=book&lid=book_class3_eib&actid=book_class3_eib","作者":"劉上聰","出版社":"全華      ","ISBN":null,"圖片網址":"https:\/\/cdn.kingstone.com.tw\/book\/images\/product\/20144\/2014400031500\/2014400031500b.jpg","書籍簡介":"0"}
{"書名":"彈性力學與塑性力學解","書籍網站":"https:\/\/www.kingstone.com.tw\/\/basic\/2013320015621?zone=book&lid=book_class3_eib&actid=book_class3_eib","作者":"徐秉業","出版社":"亞東書局  ","ISBN":null,"圖片網址":"https:\/\/cdn.kingstone.com.tw\/book\/images\/product\/20133\/2013320015621\/2013320015621b.jpg","書籍簡介":"0"}
{"書名":"應用熱力學","書籍網站":"https:\/\/www.kingstone.com.tw\/\/basic\/2014460020339?zone=book&lid=book_class3_eib&actid=book_class3_eib","作者":"林晃盛編著","出版社":"大行      ","ISBN":9789570035063.0,"圖片網址":"https:\/\/cdn.kingstone.com.tw\/book\/images\/product\/20144\/2014460020339\/2014460020339b.jpg","書籍簡介":"0"}
{"書名":"工程力學靜力學","書籍網站":"https:\/\/www.kingstone.com.tw\/\/basic\/2014410023045?zone=book&lid=book_class3_eib&actid=book_class3_eib","作者":"I.H.SHAMES","出版社":"科技圖書  ","ISBN":null,"圖片網址":"https:\/\/cdn.kingstone.com.tw\/book\/images\/product\/20144\/2014410023045\/2014410023045b.jpg","書籍簡介":"0"}
{"書名":"工程力學靜力學題解","書籍網站":"https:\/\/www.kingstone.com.tw\/\/basic\/2014400070066?zone=book&lid=book_class3_eib&actid=book_class3_eib","作者":"ANAND","出版社":"乾泰      ","ISBN":null,"圖片網址":"https:\/\/cdn.kingstone.com.tw\/book\/images\/product\/20144\/2014400070066\/2014400070066b.jpg","書籍簡介":"0"}
{"書名":"工程力學動力學題解","書籍網站":"https:\/\/www.kingstone.com.tw\/\/basic\/2014400070196?zone=book&lid=book_class3_eib&actid=book_class3_eib","作者":"ANAND","出版社":"乾泰      ","ISBN":null,"圖片網址":"https:\/\/cdn.kingstone.com.tw\/book\/images\/product\/20144\/2014400070196\/2014400070196b.jpg","書籍簡介":"0"}
{"書名":"應用力學","書籍網站":"https:\/\/www.kingstone.com.tw\/\/basic\/2014400008083?zone=book&lid=book_class3_eib&actid=book_class3_eib","作者":"李志舟","出版社":"大行      ","ISBN":9789577593504.0,"圖片網址":"https:\/\/cdn.kingstone.com.tw\/book\/images\/product\/20144\/2014400008083\/2014400008083b.jpg","書籍簡介":"0"}
{"書名":"熱力學解題方法","書籍網站":"https:\/\/www.kingstone.com.tw\/\/basic\/2013350008044?zone=book&lid=book_class3_eib&actid=book_class3_eib","作者":"陳心中","出版社":"臺灣高等教","ISBN":null,"圖片網址":"https:\/\/cdn.kingstone.com.tw\/book\/images\/product\/20133\/2013350008044\/2013350008044b.jpg","書籍簡介":"0"}
{"書名":"動力學","書籍網站":"https:\/\/www.kingstone.com.tw\/\/basic\/2013320015461?zone=book&lid=book_class3_eib&actid=book_class3_eib","作者":"F.P.BEER","出版社":"東華      ","ISBN":null,"圖片網址":"https:\/\/cdn.kingstone.com.tw\/book\/images\/product\/20133\/2013320015461\/2013320015461b.jpg","書籍簡介":"0"}
{"書名":"流體力學","書籍網站":"https:\/\/www.kingstone.com.tw\/\/basic\/2013320001556?zone=book&lid=book_class3_eib&actid=book_class3_eib","作者":"RICHARD H","出版社":"復漢      ","ISBN":null,"圖片網址":"https:\/\/cdn.kingstone.com.tw\/book\/images\/product\/20133\/2013320001556\/2013320001556b.jpg","書籍簡介":"0"}
{"書名":"分析動力學","書籍網站":"https:\/\/www.kingstone.com.tw\/\/basic\/2013320015331?zone=book&lid=book_class3_eib&actid=book_class3_eib","作者":"陳濱","出版社":"臺灣高等教","ISBN":null,"圖片網址":"https:\/\/cdn.kingstone.com.tw\/book\/images\/product\/20133\/2013320015331\/2013320015331b.jpg","書籍簡介":"0"}
{"書名":"化工熱力學","書籍網站":"https:\/\/www.kingstone.com.tw\/\/basic\/2013350007962?zone=book&lid=book_class3_eib&actid=book_class3_eib","作者":"J.M.SMITH","出版社":"徐氏文教  ","ISBN":null,"圖片網址":"https:\/\/cdn.kingstone.com.tw\/book\/images\/product\/20133\/2013350007962\/2013350007962b.jpg","書籍簡介":"0"}
{"書名":"工程力學動力篇","書籍網站":"https:\/\/www.kingstone.com.tw\/\/basic\/2014400068995?zone=book&lid=book_class3_eib&actid=book_class3_eib","作者":"I.H.SHAMES","出版社":"科技圖書  ","ISBN":null,"圖片網址":"https:\/\/cdn.kingstone.com.tw\/book\/images\/product\/20144\/2014400068995\/2014400068995b.jpg","書籍簡介":"0"}
{"書名":"古典熱力學","書籍網站":"https:\/\/www.kingstone.com.tw\/\/basic\/2013350007702?zone=book&lid=book_class3_eib&actid=book_class3_eib","作者":"徐氏文教  ","出版社":"停售","ISBN":null,"圖片網址":"https:\/\/cdn.kingstone.com.tw\/book\/images\/product\/20133\/2013350007702\/2013350007702b.jpg","書籍簡介":"0"}
{"書名":"化工熱力學","書籍網站":"https:\/\/www.kingstone.com.tw\/\/basic\/2013350007832?zone=book&lid=book_class3_eib&actid=book_class3_eib","作者":"J.M.SMITH","出版社":"徐氏文教  ","ISBN":null,"圖片網址":"https:\/\/cdn.kingstone.com.tw\/book\/images\/product\/20133\/2013350007832\/2013350007832b.jpg","書籍簡介":"0"}
{"書名":"流體動力系統與迴路","書籍網站":"https:\/\/www.kingstone.com.tw\/\/basic\/2013320014709?zone=book&lid=book_class3_eib&actid=book_class3_eib","作者":"全華      ","出版社":"停售","ISBN":null,"圖片網址":"https:\/\/cdn.kingstone.com.tw\/book\/images\/product\/20133\/2013320014709\/2013320014709b.jpg","書籍簡介":"0"}
{"書名":"流體力學研析","書籍網站":"https:\/\/www.kingstone.com.tw\/\/basic\/2013320014839?zone=book&lid=book_class3_eib&actid=book_class3_eib","作者":"鄭伊平","出版社":"科技圖書  ","ISBN":null,"圖片網址":"https:\/\/cdn.kingstone.com.tw\/book\/images\/product\/20133\/2013320014839\/2013320014839b.jpg","書籍簡介":"0"}
{"書名":"動力學研析","書籍網站":"https:\/\/www.kingstone.com.tw\/\/basic\/2013320015041?zone=book&lid=book_class3_eib&actid=book_class3_eib","作者":"柯學志","出版社":"科技圖書  ","ISBN":null,"圖片網址":"https:\/\/cdn.kingstone.com.tw\/book\/images\/product\/20133\/2013320015041\/2013320015041b.jpg","書籍簡介":"0"}
{"書名":"經典電動力學","書籍網站":"https:\/\/www.kingstone.com.tw\/\/basic\/2013370056711?zone=book&lid=book_class3_eib&actid=book_class3_eib","作者":"傑克森","出版社":"亞東書局  ","ISBN":null,"圖片網址":"https:\/\/cdn.kingstone.com.tw\/book\/images\/product\/20133\/2013370056711\/2013370056711b.jpg","書籍簡介":"0"}
{"書名":"應用熱力學","書籍網站":"https:\/\/www.kingstone.com.tw\/\/basic\/2014460020469?zone=book&lid=book_class3_eib&actid=book_class3_eib","作者":"大行      ","出版社":"停售","ISBN":9789570037067.0,"圖片網址":"https:\/\/cdn.kingstone.com.tw\/book\/images\/product\/20144\/2014460020469\/2014460020469b.jpg","書籍簡介":"0"}
{"書名":"工程力學（靜力篇）","書籍網站":"https:\/\/www.kingstone.com.tw\/\/basic\/2014400065529?zone=book&lid=book_class3_eib&actid=book_class3_eib","作者":"馮祈寬","出版社":"矩陣      ","ISBN":null,"圖片網址":"https:\/\/cdn.kingstone.com.tw\/book\/images\/product\/20144\/2014400065529\/2014400065529b.jpg","書籍簡介":"0"}
{"書名":"經典電動力學","書籍網站":"https:\/\/www.kingstone.com.tw\/\/basic\/2013370055349?zone=book&lid=book_class3_eib&actid=book_class3_eib","作者":"傑克森","出版社":"亞東書局  ","ISBN":null,"圖片網址":"https:\/\/cdn.kingstone.com.tw\/book\/images\/product\/20133\/2013370055349\/2013370055349b.jpg","書籍簡介":"0"}
{"書名":"工程力學一靜力篇","書籍網站":"https:\/\/www.kingstone.com.tw\/\/basic\/2014400063815?zone=book&lid=book_class3_eib&actid=book_class3_eib","作者":"全華      ","出版社":"停售","ISBN":null,"圖片網址":"https:\/\/cdn.kingstone.com.tw\/book\/images\/product\/20144\/2014400063815\/2014400063815b.jpg","書籍簡介":"0"}
{"書名":"工程力學一動力篇","書籍網站":"https:\/\/www.kingstone.com.tw\/\/basic\/2014400063945?zone=book&lid=book_class3_eib&actid=book_class3_eib","作者":"全華      ","出版社":"停售","ISBN":null,"圖片網址":"https:\/\/cdn.kingstone.com.tw\/book\/images\/product\/20144\/2014400063945\/2014400063945b.jpg","書籍簡介":"0"}
{"書名":"化學熱力學","書籍網站":"https:\/\/www.kingstone.com.tw\/\/basic\/2013480009454?zone=book&lid=book_class3_eib&actid=book_class3_eib","作者":"復漢      ","出版社":"停售","ISBN":null,"圖片網址":"https:\/\/cdn.kingstone.com.tw\/book\/images\/product\/20134\/2013480009454\/2013480009454b.jpg","書籍簡介":"0"}
{"書名":"化學熱力學","書籍網站":"https:\/\/www.kingstone.com.tw\/\/basic\/2023480009477?zone=book&lid=book_class3_eib&actid=book_class3_eib","作者":"復漢      ","出版社":"停售","ISBN":null,"圖片網址":"https:\/\/cdn.kingstone.com.tw\/book\/images\/product\/20234\/2023480009477\/2023480009477b.jpg","書籍簡介":"0"}
{"書名":"程序工程策略","書籍網站":"https:\/\/www.kingstone.com.tw\/\/basic\/2014400063525?zone=book&lid=book_class3_eib&actid=book_class3_eib","作者":"RUDD WASTO","出版社":"科技圖書  ","ISBN":null,"圖片網址":"https:\/\/cdn.kingstone.com.tw\/book\/images\/product\/20144\/2014400063525\/2014400063525b.jpg","書籍簡介":"0"}
{"書名":"應用力學","書籍網站":"https:\/\/www.kingstone.com.tw\/\/basic\/2013320014389?zone=book&lid=book_class3_eib&actid=book_class3_eib","作者":"FRED B.SEE","出版社":"新陸書局  ","ISBN":null,"圖片網址":"https:\/\/cdn.kingstone.com.tw\/book\/images\/product\/20133\/2013320014389\/2013320014389b.jpg","書籍簡介":"0"}
{"書名":"流體動力工程","書籍網站":"https:\/\/www.kingstone.com.tw\/\/basic\/2014400062573?zone=book&lid=book_class3_eib&actid=book_class3_eib","作者":"D.E.TURNBU","出版社":"科技圖書  ","ISBN":null,"圖片網址":"https:\/\/cdn.kingstone.com.tw\/book\/images\/product\/20144\/2014400062573\/2014400062573b.jpg","書籍簡介":"0"}
{"書名":"應用流體力學","書籍網站":"https:\/\/www.kingstone.com.tw\/\/basic\/2013320014129?zone=book&lid=book_class3_eib&actid=book_class3_eib","作者":"T.B. HARDI","出版社":"科技圖書  ","ISBN":null,"圖片網址":"https:\/\/cdn.kingstone.com.tw\/book\/images\/product\/20133\/2013320014129\/2013320014129b.jpg","書籍簡介":"0"}
{"書名":"流體力學BASIC 程式解","書籍網站":"https:\/\/www.kingstone.com.tw\/\/basic\/2013320014259?zone=book&lid=book_class3_eib&actid=book_class3_eib","作者":"全華      ","出版社":"停售","ISBN":null,"圖片網址":"https:\/\/cdn.kingstone.com.tw\/book\/images\/product\/20133\/2013320014259\/2013320014259b.jpg","書籍簡介":"0"}
{"書名":"流體力學","書籍網站":"https:\/\/www.kingstone.com.tw\/\/basic\/2013320013757?zone=book&lid=book_class3_eib&actid=book_class3_eib","作者":"WHITE","出版社":"全華      ","ISBN":null,"圖片網址":"https:\/\/cdn.kingstone.com.tw\/book\/images\/product\/20133\/2013320013757\/2013320013757b.jpg","書籍簡介":"0"}
{"書名":"流體力學導論","書籍網站":"https:\/\/www.kingstone.com.tw\/\/basic\/2013320013627?zone=book&lid=book_class3_eib&actid=book_class3_eib","作者":"FOX","出版社":"全華      ","ISBN":null,"圖片網址":"https:\/\/cdn.kingstone.com.tw\/book\/images\/product\/20133\/2013320013627\/2013320013627b.jpg","書籍簡介":"0"}
{"書名":"流體力學","書籍網站":"https:\/\/www.kingstone.com.tw\/\/basic\/2013320013887?zone=book&lid=book_class3_eib&actid=book_class3_eib","作者":"懷特","出版社":"復漢      ","ISBN":null,"圖片網址":"https:\/\/cdn.kingstone.com.tw\/book\/images\/product\/20133\/2013320013887\/2013320013887b.jpg","書籍簡介":"0"}
{"書名":"流體力學","書籍網站":"https:\/\/www.kingstone.com.tw\/\/basic\/2013320013917?zone=book&lid=book_class3_eib&actid=book_class3_eib","作者":"懷特","出版社":"復漢      ","ISBN":null,"圖片網址":"https:\/\/cdn.kingstone.com.tw\/book\/images\/product\/20133\/2013320013917\/2013320013917b.jpg","書籍簡介":"0"}
{"書名":"冶金熱力學（附習題詳","書籍網站":"https:\/\/www.kingstone.com.tw\/\/basic\/2023350006353?zone=book&lid=book_class3_eib&actid=book_class3_eib","作者":"潘永寧校閱","出版社":"文京      ","ISBN":null,"圖片網址":"https:\/\/cdn.kingstone.com.tw\/book\/images\/product\/20233\/2023350006353\/2023350006353b.jpg","書籍簡介":"0"}
{"書名":"熱力學概論","書籍網站":"https:\/\/www.kingstone.com.tw\/\/basic\/2013350002042?zone=book&lid=book_class3_eib&actid=book_class3_eib","作者":"李明益","出版社":"大行      ","ISBN":null,"圖片網址":"https:\/\/cdn.kingstone.com.tw\/book\/images\/product\/20133\/2013350002042\/2013350002042b.jpg","書籍簡介":"0"}
{"書名":"工程力學觀念分析（靜","書籍網站":"https:\/\/www.kingstone.com.tw\/\/basic\/2014400074804?zone=book&lid=book_class3_eib&actid=book_class3_eib","作者":"陳宏謀編著","出版社":"標竿出版社","ISBN":null,"圖片網址":"https:\/\/cdn.kingstone.com.tw\/book\/images\/product\/20144\/2014400074804\/2014400074804b.jpg","書籍簡介":"0"}
{"書名":"工程向量力學靜力篇習","書籍網站":"https:\/\/www.kingstone.com.tw\/\/basic\/2014400062313?zone=book&lid=book_class3_eib&actid=book_class3_eib","作者":"陳財富","出版社":"矩陣      ","ISBN":null,"圖片網址":"https:\/\/cdn.kingstone.com.tw\/book\/images\/product\/20144\/2014400062313\/2014400062313b.jpg","書籍簡介":"0"}
{"書名":"工程力學靜力篇習題手","書籍網站":"https:\/\/www.kingstone.com.tw\/\/basic\/2014400063105?zone=book&lid=book_class3_eib&actid=book_class3_eib","作者":"鄭作孜解","出版社":"矩陣      ","ISBN":null,"圖片網址":"https:\/\/cdn.kingstone.com.tw\/book\/images\/product\/20144\/2014400063105\/2014400063105b.jpg","書籍簡介":"0"}
{"書名":"應力應變解析原理","書籍網站":"https:\/\/www.kingstone.com.tw\/\/basic\/2014460153457?zone=book&lid=book_class3_eib&actid=book_class3_eib","作者":"賴耿陽","出版社":"復漢      ","ISBN":null,"圖片網址":"https:\/\/cdn.kingstone.com.tw\/book\/images\/product\/20144\/2014460153457\/2014460153457b.jpg","書籍簡介":"0"}
{"書名":"流體力學概論","書籍網站":"https:\/\/www.kingstone.com.tw\/\/basic\/2013320013337?zone=book&lid=book_class3_eib&actid=book_class3_eib","作者":"陳慶芳","出版社":"徐氏文教  ","ISBN":null,"圖片網址":"https:\/\/cdn.kingstone.com.tw\/book\/images\/product\/20133\/2013320013337\/2013320013337b.jpg","書籍簡介":"0"}
{"書名":"應力應變解析原理","書籍網站":"https:\/\/www.kingstone.com.tw\/\/basic\/2024460153470?zone=book&lid=book_class3_eib&actid=book_class3_eib","作者":"賴耿陽","出版社":"復漢      ","ISBN":null,"圖片網址":"https:\/\/cdn.kingstone.com.tw\/book\/images\/product\/20244\/2024460153470\/2024460153470b.jpg","書籍簡介":"0"}
{"書名":"流體力學習題手冊靜力","書籍網站":"https:\/\/www.kingstone.com.tw\/\/basic\/2013320013597?zone=book&lid=book_class3_eib&actid=book_class3_eib","作者":"任克之","出版社":"矩陣      ","ISBN":null,"圖片網址":"https:\/\/cdn.kingstone.com.tw\/book\/images\/product\/20133\/2013320013597\/2013320013597b.jpg","書籍簡介":"0"}
{"書名":"彈性力學","書籍網站":"https:\/\/www.kingstone.com.tw\/\/basic\/2023320013480?zone=book&lid=book_class3_eib&actid=book_class3_eib","作者":"錢偉長","出版社":"亞東書局  ","ISBN":null,"圖片網址":"https:\/\/cdn.kingstone.com.tw\/book\/images\/product\/20233\/2023320013480\/2023320013480b.jpg","書籍簡介":"0"}
{"書名":"流體力學","書籍網站":"https:\/\/www.kingstone.com.tw\/\/basic\/2013320012705?zone=book&lid=book_class3_eib&actid=book_class3_eib","作者":"STREETER","出版社":"乾泰      ","ISBN":null,"圖片網址":"https:\/\/cdn.kingstone.com.tw\/book\/images\/product\/20133\/2013320012705\/2013320012705b.jpg","書籍簡介":"0"}
{"書名":"工程力學（靜力篇）","書籍網站":"https:\/\/www.kingstone.com.tw\/\/basic\/2014400059740?zone=book&lid=book_class3_eib&actid=book_class3_eib","作者":"ANAND","出版社":"乾泰      ","ISBN":null,"圖片網址":"https:\/\/cdn.kingstone.com.tw\/book\/images\/product\/20144\/2014400059740\/2014400059740b.jpg","書籍簡介":"0"}
{"書名":"工程力學（動力篇）","書籍網站":"https:\/\/www.kingstone.com.tw\/\/basic\/2014400059870?zone=book&lid=book_class3_eib&actid=book_class3_eib","作者":"ANAND","出版社":"乾泰      ","ISBN":null,"圖片網址":"https:\/\/cdn.kingstone.com.tw\/book\/images\/product\/20144\/2014400059870\/2014400059870b.jpg","書籍簡介":"0"}
{"書名":"流體力學導論","書籍網站":"https:\/\/www.kingstone.com.tw\/\/basic\/2013320015201?zone=book&lid=book_class3_eib&actid=book_class3_eib","作者":"FOX","出版社":"東華      ","ISBN":null,"圖片網址":"https:\/\/cdn.kingstone.com.tw\/book\/images\/product\/20133\/2013320015201\/2013320015201b.jpg","書籍簡介":"0"}
{"書名":"古典電動力學","書籍網站":"https:\/\/www.kingstone.com.tw\/\/basic\/2023370043611?zone=book&lid=book_class3_eib&actid=book_class3_eib","作者":"蔡經善","出版社":"東亞      ","ISBN":null,"圖片網址":"https:\/\/cdn.kingstone.com.tw\/book\/images\/product\/20233\/2023370043611\/2023370043611b.jpg","書籍簡介":"0"}
{"書名":"風能淺說","書籍網站":"https:\/\/www.kingstone.com.tw\/\/basic\/2013330001324?zone=book&lid=book_class3_eib&actid=book_class3_eib","作者":"正中書局  ","出版社":"停售","ISBN":null,"圖片網址":"https:\/\/cdn.kingstone.com.tw\/book\/images\/product\/20133\/2013330001324\/2013330001324b.jpg","書籍簡介":"0"}
{"書名":"熱力學題解","書籍網站":"https:\/\/www.kingstone.com.tw\/\/basic\/2013350006040?zone=book&lid=book_class3_eib&actid=book_class3_eib","作者":"黃銘山","出版社":"乾泰      ","ISBN":null,"圖片網址":"https:\/\/cdn.kingstone.com.tw\/book\/images\/product\/20133\/2013350006040\/2013350006040b.jpg","書籍簡介":"0"}
{"書名":"流體力學","書籍網站":"https:\/\/www.kingstone.com.tw\/\/basic\/2013320014549?zone=book&lid=book_class3_eib&actid=book_class3_eib","作者":"RICHARD H","出版社":"復漢      ","ISBN":null,"圖片網址":"https:\/\/cdn.kingstone.com.tw\/book\/images\/product\/20133\/2013320014549\/2013320014549b.jpg","書籍簡介":"0"}
{"書名":"複變函數與空氣動力學","書籍網站":"https:\/\/www.kingstone.com.tw\/\/basic\/2014470056960?zone=book&lid=book_class3_eib&actid=book_class3_eib","作者":"胡業傳","出版社":"大行      ","ISBN":null,"圖片網址":"https:\/\/cdn.kingstone.com.tw\/book\/images\/product\/20144\/2014470056960\/2014470056960b.jpg","書籍簡介":"0"}
