{"書名":"恐龍一億五千萬年：看古生物學家抽絲剝繭，用化石告訴你恐龍如何稱霸地球","書籍網站":"https:\/\/www.kingstone.com.tw\/\/basic\/2013590013891?zone=book&lid=book_class3_efc&actid=book_class3_efc","作者":"史提夫．布魯薩特","出版社":"馬可孛羅  ","ISBN":9789860767179.0,"圖片網址":"https:\/\/cdn.kingstone.com.tw\/book\/images\/product\/20135\/2013590013891\/2013590013891b.jpg","書籍簡介":"\r\n\r\n\r\n繁體中文界第一本寫給大人的恐龍書！\r\n一部跨越三疊紀、侏儸紀、白堊紀長達一億五千萬年的浩瀚史詩\r\n\r\n\r\n\t★科博館地質學組 楊子睿博士 專業審定★\r\n\r\n\r\n\t各界讚譽（按照姓氏筆畫排列）\r\n\t李家維──《科學人》雜誌總編輯\r\n\t黃一峯──金鼎奬科普作家、生態教育工作者\r\n\t黃大一──吉林大學唐敖慶講座教授、中興大學客座教授\r\n\t黃仕傑──外景節目主持人、科普書籍作家\r\n\t黃貞祥──清華大學生命科學系助理教授\r\n\t潘昌志──地球科學科普作家\r\n\t謝隆欽──中山大學附中地球科學教師、EarthWED地球星期三社群\r\n\r\n\r\n\t🔎 請搜尋關鍵字\r\n\t＃雷龍 ＃禽龍 ＃劍龍\r\n\t＃異特龍 ＃鯊齒龍 ＃霸王龍\r\n\t＃三角龍 ＃圓頭龍 ＃鴨嘴龍 ＃鳥\r\n\r\n\r\n\t📣 大會報告\r\n\t請各位恐龍迷坐好，我們現在把氣溫調熱、地球板塊聚攏， 古老的爬行類找來，鋪好裸子植物、蕨類植物，\r\n\t個頭比人類還小的類恐龍，就要在古生物學家興奮又不敢置信的鼓譟聲中，\r\n\t首度在古老的沼澤溪畔登場了！\r\n\r\n\r\n# 第一部：被壓著打的兩足身影\r\n\t從三疊紀早期的火山迷霧中逐漸嶄露頭角，有一種動物開始以兩足行走，在偌大針葉林裡伺機而動。不，牠們還不是真正的恐龍，但已具備所有我們熟知的恐龍特徵，快速的行動力、小小的身軀以及更大的腦袋瓜。牠們得以穿梭在三疊紀超大蠑螈、巨型鱷魚等「爬行類」橫行的地球上。這批恐龍形類動物，正準備要接管地球。\r\n\r\n# 第二部：打造侏儸紀天堂\r\n\t砰！盤古大陸裂開了！更濕暖的大陸、更多的淺海、更龐大的闊葉森林與蕨葉鋪成的綠地毯，恐龍突破盤古大陸乾燥土地的包圍，開始一場演化大爆炸。雷龍，草食界的龐大巨獸，用優雅的長脖子橫掃枝葉；劍龍，巨大的骨板有著對付掠食者的超凡防衛力；異特龍，則矯健地咬斷獵物的氣管，飽餐一頓。如今，地球的各種生態位都有恐龍，侏儸紀是恐龍的天堂，也是恐龍的時代！\r\n\r\n# 第三部：地球霸主與結束一切的大災難\r\n\t白堊紀的地球更溫暖、更潮濕、陸塊更分裂，恐龍也更多元了。但是，只有一種恐龍是真正的王者，牠是截至目前為止地球上最大的獵食者：霸王龍。此時的地球，充滿著三角龍、厚頭龍等身體武裝完備的植食恐龍，但牠們仍然不是霸王龍的對手。霸王龍的「大絕」更駭人，只要一口張開，就能直接咬碎獵物的骨頭，致「龍」於死地。但誰都沒料到，一個來自外太空的小行星撞上了地球。轟！恐龍的史詩戛然而止。\r\n\r\n# 重新建構這部一億五千萬年的史詩\r\n\t這部偌大的史詩，要是沒有古生物學家出生入死、尋覓化石，像推理小說家一樣抽絲剝繭，把足跡、骨頭的成長速度與密度、恐龍蛋、羽毛紋理甚至黑色素細胞一一拼湊起來，我們根本不可能知道恐龍家族在地球上有這麼「華麗陣容」。然而，恐龍不死，看似劇終的恐龍大河劇，如今正透過「後輩」鳥類，在地球上展開新一段的故事……。\r\n\r\n"}
{"書名":"古生物食堂","書籍網站":"https:\/\/www.kingstone.com.tw\/\/basic\/2013590013181?zone=book&lid=book_class3_efc&actid=book_class3_efc","作者":"土屋健","出版社":"台灣東販  ","ISBN":9789865113223.0,"圖片網址":"https:\/\/cdn.kingstone.com.tw\/book\/images\/product\/20135\/2013590013181\/2013590013181b.jpg","書籍簡介":"\r\n\r\n\r\n\t歡迎光臨古生物食堂！！\r\n\t請進請進～\r\n\t什麼你問「恐龍美味嗎？」、\r\n\t「菊石或三葉蟲能吃嗎？」、\r\n\t「奇蝦是什麼滋味呢？」，\r\n\t看完本書的垂涎三尺的食譜，你一定就能夠明白！\r\n\t古代生物版深夜食堂，一起來話天地聊美味吧！\r\n\r\n\r\n\t作者土屋健長期研究關於古生物的一切，偶爾會被問起「味道」的話題，這讓他不禁想為此撰寫一本書，抱持著「如果是我會怎麼樣料理呢？」、「這樣處理的話味道會怎麼樣？」的感覺，並對古生物至現代的近親的肉質與食材特性來做參考，全心全意探究了知名古生物之味，好好闡述一下古生物烹調的手法與吃起來的感受。\r\n\t儘管本書是本科普書食譜，但如果能讓您產生「哇！好想吃吃看啊～」、「如果是我還想這樣做！」的感受，那就再好不過了！\r\n\r\n\t超人氣 鹽麴龍田日式炸秀尼魚龍\r\n\t西班牙風中國似鳥龍蒜味砂囊\r\n\t薄板龍脖子湯\r\n\t蒲燒潘諾尼亞龍\r\n\t奶油風味四角菊石\r\n\t產地直送　後胎盤菊石普切塔\r\n\t黃昏鳥紅葡萄酒燉肉\r\n\t味噌醃巨大恐龍蛋＆蛋白霜餅96\r\n\t恐龍蛋雲朵荷包蛋\r\n\t猶豫不決時的首選　葬火龍麻婆豆腐餃子\r\n\t燻製伶盜龍大腿肉＆脆皮香草烤中翼\r\n\t尖角龍的牛蒡捲＆鹽炒蘆筍\r\n\t繪龍的舌排＆皮骨肉燉蘿蔔湯\r\n\t亞冠龍烤肉\r\n\r\n\tetc……等你來品嘗！\r\n\r\n"}
{"書名":"真實尺寸的古生物圖鑑˙中生代篇【隨書贈侏羅紀長圓頂龍70x50cm全彩珍藏海報】","書籍網站":"https:\/\/www.kingstone.com.tw\/\/basic\/2013590013051?zone=book&lid=book_class3_efc&actid=book_class3_efc","作者":"土屋健","出版社":"如何      ","ISBN":9789861365466.0,"圖片網址":"https:\/\/cdn.kingstone.com.tw\/book\/images\/product\/20135\/2013590013051\/2013590013051b.jpg","書籍簡介":"\r\n\r\n\r\n★出版訊息一公布，讀者齊聲歡呼：「終於等到了！」\r\n★大人小孩搶讀的《真實尺寸的古生物圖鑑》系列第二彈，恐龍時代重磅登場！\r\n★超值贈品：侏羅紀長圓頂龍　B2(70x50cm)全彩珍藏大海報！\r\n\r\n\t引爆視覺大震撼，再出擊！\r\n\t史前生物百大明星出列：魚龍、長頸龍、劍龍、翼龍、三角龍、血王龍、暴龍……居然還有體型袖珍的！電影裡在廚房偷吃的「迅猛龍」本尊也太可愛啦！\r\n\r\n\t激發無限創意！\r\n\t超精緻CG古生物復原圖，把三疊紀、侏羅紀、白堊紀具代表性的\r\n\t翼龍、魚龍、蛇頸龍、滄龍、暴龍、鱷類、菊石類及哺乳類，放入現代生活場景，\r\n\t讓你看得到、聞得到、聽得到，還能牢牢記住扎實的科普知識！\r\n\r\n\t嘴巴像吸塵器的濾嘴龍很積極地幫媽媽把餅乾屑清掉了、雷神指翼龍愛搗蛋，被媽媽處罰吊在曬衣繩上了、南風血王龍和爸爸一起參加商品促銷會議、羽蛇神翼龍陪國中女生一起打籃球耶、紅隊的足球前鋒艾雷拉龍對上籃隊的弗倫由里龍守門員……好想養一隻手掌大的摩根齒獸陪我一起看書喔。\r\n\r\n科普名人熱血推薦\r\n\r\n\t張東君　科普作家── 「一本讓自己能夠隨時隨地沉浸在中生代，想像自己被心愛的恐龍們，以及其他古生物環繞、進行探索，或想把自己P圖到書頁裡的絕妙好書！」\r\n\t蕭語富　化石先生總顧問˙化石清修專家˙博物館策展人\r\n\t鄭國威　泛科知識公司知識長\r\n\r\n讀者超勸敗推薦\r\n\r\n\t˙真希望我小時候就有這套《真實尺寸的古生物圖鑑》！\r\n\t　\r\n\t˙謝謝土屋老師出了這套改變世界真實的精采好書！已經入手古生代篇和中生代篇。中生代篇有滿滿的恐龍，而且把牠們放在日常生活中，果然一眼就意識到牠們有多大，而且很容就領會特徵，像是194頁陪著幼童在房間看書的安氏原角龍，看圖片就知道是個性情溫和尺寸不嚇人的好同伴。\r\n\r\n\t˙雖然現實中並不存在，但是看到書裡的古生物照片，還是會在意，就像真的發生在日常生活裡。\r\n\r\n\t˙終於等到了「中生代篇」，裡面也會有讓人垂涎三尺的美食照嗎？\r\n\r\n\t˙哇～好像很有趣，我想要介紹有15隻牛那麼巨大的直鼻角三角龍給我的小孩看。\r\n\r\n\t˙這次有好多從小就熟悉的恐龍登場，特別有親近感。\r\n\r\n\t˙買給恐龍狂兒子的話，他應該會愛不釋手。古生物活在現代社會……這創意真的超有趣，想必大人也會喜歡。\r\n\r\n"}
{"書名":"如果恐龍在你身邊！多大隻？","書籍網站":"https:\/\/www.kingstone.com.tw\/\/basic\/2013590012719?zone=book&lid=book_class3_efc&actid=book_class3_efc","作者":"小林快次","出版社":"瑞昇文化  ","ISBN":9789864013883.0,"圖片網址":"https:\/\/cdn.kingstone.com.tw\/book\/images\/product\/20135\/2013590012719\/2013590012719b.jpg","書籍簡介":"\r\n\r\n\r\n\t和寵物恐龍一起散步？\r\n\t有恐龍搗亂競技比賽？\r\n\t恐龍造成多起交通事故？\r\n\r\n\t超生動的逼真CG插圖！\r\n\t栩栩如生的恐龍，真的就生活在我們的日常周遭\r\n\t翻開本書，讓你彷彿置身顫慄刺激的侏儸紀世界！\r\n\r\n\t你喜歡恐龍嗎？\r\n\t如果你的答案是喜歡，那麼你應該看過恐龍電影、看過恐龍化石，知道暴龍長什麼樣──當然，你更知道恐龍長得很大，超大，非常大！\r\n\t但是，很大是多大？能不能有個明顯的大小對比呢？\r\n\t當然是可以的！\r\n\t本書透過考古學上的「恐龍個資」，利用CG繪圖，完整還原恐龍的外型與真實大小，並按照牠們的生活習性與生存方式，捕捉牠們出現在我們現代生活中各種場面之中的畫面，你可以在書中看到：\r\n\r\n\t最強肉食暴龍 現身澀谷十字路口！\r\n\t棘龍在你家二樓窗口窺探！\r\n\t史上最大肉食恐龍跟你打美式足球！\r\n\t充當消防隊雲梯車幫忙滅火的迷惑龍！\r\n\t還有，在公園裡悠閒地餵始祖鳥！\r\n\r\n\t每張CG繪圖照片中的故事都搭配解說，並提供恐龍的整體示意圖與DATA，標示牠們的分類、時代、主要棲息地、身長、體重等細節資訊。更於書中穿插介紹恐龍的主要種類、與現今動物的大小比較等有趣的解說。\r\n\t此外，還會設身處地模擬恐龍之間的互動，讓擁有相同優勢的恐龍進行力量或速度、防禦力上的比拚較量，為牠們之間的對決做出排名。\r\n\t如果你喜歡恐龍，那麼你絕對不能錯過本書！\r\n\r\n\t精美又逼真的恐龍身影，彷彿電影海報般真實的恐龍形象、詳細又有趣的恐龍故事，盡在書中每一頁！\r\n\r\n"}
{"書名":"探索古生物的祕密：「我也能變成化石嗎？」","書籍網站":"https:\/\/www.kingstone.com.tw\/\/basic\/2013590012399?zone=book&lid=book_class3_efc&actid=book_class3_efc","作者":"土屋健","出版社":"台灣東販  ","ISBN":9789865110932.0,"圖片網址":"https:\/\/cdn.kingstone.com.tw\/book\/images\/product\/20135\/2013590012399\/2013590012399b.jpg","書籍簡介":"\r\n\r\n\r\n\t小時候看了「我的野蠻女友」之後，你是否也曾突發奇想，興沖沖地想做一個能讓幾百、幾千年後的人發現的「時空蛋」呢？時空蛋裡，你想放的東西是什麼？放什麼樣的東西，對後世的人們來說最有幫助呢？\r\n\r\n\t其實，時空蛋不需要特別製作。因為每一種生物在壽命竭盡之後所遺留下來的化石，對於後世研究者來說，就是能幫助了解該生物活著的時代的一切天文、地理、人文知識，最珍貴且獨一無二的「時空蛋」了！\r\n\r\n\t那麼，如果將來能夠變成化石，你想變成什麼樣的化石呢？本書的內容，就是從這樣一個有點無俚頭、有點古怪，但或許每個人一生中都曾想過一次的議題展開的。在開始閱讀這本書之前，每個人都要先讓想像力稍微熱身，透過一個心理測驗來判斷「變成哪一種化石最適合你？」。\r\n\r\n\t「就算變成化石，我也要變成美美的化石！最好皮膚還光滑細緻，絕對不能失去做人的尊嚴！」→如果是這樣，從P60起的「濕地遺體篇」可能會讓你感興趣。\r\n\r\n\t「反正都死了，變成怎樣我都無所謂，最好對後世研究者越有幫助越好，像那種什麼……嗯，對！就是在胃裡還留有最後晚餐的化石好像挺酷的！」→對於有偉大情操的你，P120起的「油頁岩篇」挺適合你的。\r\n\r\n\t「本人生性低調又害羞……。你看過恐龍腳印嗎？我想說的是……可不可以在某個地方留下若隱若現的輪廓就好了？」→滿足於半透明存在感的你，可以參考P90起的「火山灰篇」。\r\n\r\n\t「呃……我不想變成化石耶……我只想把某些小東西變成化石流傳後世。你知道的……像是定情戒指什麼的！」→P76起的「琥珀篇」會很適合你！\r\n\r\n\t就像這樣，在了解自己最有興趣的部分之後，就能夠以愉快的心情，循序漸進地認識「化石形成學」這門博大精深的學問了！儘管礙於現實條件，書中所介紹的「變成化石的方法」並不能夠實際執行，但是一邊想像一邊閱讀的過程，就是吸收知識最快的捷徑！讓我們一起感受「化石形成學」的魅力吧！\r\n\r\n\t國內第一本化石形成學專書！藉由「你想變成什麼樣的化石？」、「想把什麼重要的東西變成化石？」這個問題，讓看似與現代人遙不可及的化石，搖身一變（在想像中）成為與你我切身相關的主題，增加閱讀趣味性的同時，博大精深的古生物學、地質學、化石相關知識也變得更容易吸收了！\r\n\r\n"}
{"書名":"恐龍視覺大圖鑑：徹底瞭解恐龍的種類、生態和演化！","書籍網站":"https:\/\/www.kingstone.com.tw\/\/basic\/2013590012429?zone=book&lid=book_class3_efc&actid=book_class3_efc","作者":"Newton Press","出版社":"人人      ","ISBN":9789864611935.0,"圖片網址":"https:\/\/cdn.kingstone.com.tw\/book\/images\/product\/20135\/2013590012429\/2013590012429b.jpg","書籍簡介":"\r\n\r\n\r\n 每年暑假總颳起旋風且歷久不衰的，就是恐龍！\r\n 暴龍有羽毛嗎？會拖著尾巴走嗎？\r\n 最新發現的暴龍DNA真能讓牠復活嗎？\r\n 三角龍會用頭角打架？厚頭龍會用頭撞擊？\r\n 鐮刀龍的巨大指爪會割草嗎？\r\n 最大和最小的陸生恐龍叫什麼？哪一種恐龍最聰明？\r\n\r\n 人人伽利略科學叢書《恐龍視覺大圖鑑》收錄了830種恐龍，以最新發現和研究，徹底重現恐龍種類、生態和演化，其中各種恐龍的精緻復原圖和生態情境圖，在視覺效果上猶如影視氛圍。\r\n\r\n 本書內容分六大部分：\r\n 序言：從中生代的三疊紀、侏羅紀、白堊紀三個恐龍時期說起。\r\n\r\n PART1：介紹恐龍分類，並逐一復原了112種恐龍生物形態，還包括暴龍、三角龍等代表性恐龍的骨骼復原圖，並探討了生物體特徵及其功能。\r\n\r\n PART2：介紹以電腦斷層掃描、電腦模擬所推測的恐龍相關細節，如從「雷克斯暴龍」血管和細胞等軟組織取得DNA等，探討未來以化石中殘留的有機物來研究恐龍的新契機。也專訪了恐龍專家談恐龍學的發展。\r\n\r\n PART3：介紹根據挖掘出來的化石之地層年代、同地層的動植物化石等，所推測的14種恐龍生活。其情境想像圖帶領讀者體驗其食性、養兒育女及如何運用身體結構等。\r\n\r\n PART4：依時期順序，以精采插圖呈現蛇頸龍類和翼龍類的對決場面，包括法索拉鱷對決似蜥腳萊森龍、劍龍對決異特龍、暴龍對決三角龍等等栩栩如生的決鬥場面。\r\n\r\n PART5：最後以表格方式列出830種恐龍的學名、學名意義、生存地層年代等最新資訊，不但更正了過去誤認的恐龍，也自成恐龍學字典。\r\n\r\n本書優點\r\n 1.以精美而珍貴跨頁插圖重現恐龍，具備令人身臨其境的閱讀氛圍。\r\n 2.鉅細靡遺的介紹分類，深具學術研究價值，值得收藏。\r\n 3.附錄的830種恐龍最新資訊是獨一無二的工具書。\r\n\r\n本書特色\r\n\r\n 1.本書系來自日本牛頓出版社的科普書系列，一貫以精美插圖、珍貴照片以及電腦模擬圖像，來解說科學知識，深入淺出、淺顯易懂。\r\n\r\n 2.以一書一主題的系統化，縱向深入閱讀，橫向觸類旁通，主題涵蓋天文地理、生物、數學、物理、化學、工學、歷史、醫學藥學九大類。\r\n\r\n 3.總以各方角度來闡明各類科學疑問，啟發讀者對科學的探究興趣。\r\n\r\n"}
{"書名":"真實尺寸的古生物圖鑑．古生代篇","書籍網站":"https:\/\/www.kingstone.com.tw\/\/basic\/2013590012009?zone=book&lid=book_class3_efc&actid=book_class3_efc","作者":"土屋健","出版社":"如何      ","ISBN":9789861365329.0,"圖片網址":"https:\/\/cdn.kingstone.com.tw\/book\/images\/product\/20135\/2013590012009\/2013590012009b.jpg","書籍簡介":"\r\n\r\n\r\n ★日本還沒上市就連續加印，超速熱銷60,000本，連編輯都驚訝到嘴角失守的創意奇書！\r\n ★大人小孩搶讀，榮獲日本高校圖書館館員票選推薦書籍第一名，蔚為出版界熱門話題！\r\n ★專家歡喜推薦！國立自然科學博物館古生物學門資深研究員　程延年博士／　國立自然科學博物館古生物學門助理研究員　單希瑛／　清華大學生命科學系教授　李家維博士\r\n\r\n 史無前例！引爆視覺大震撼！\r\n 超精緻CG合成圖，把越醜越可愛的古生物，以真實尺寸放進現代生活場景，距今6億多年前的古生物，出沒在市場魚攤、客廳沙發、停車場、游泳池、網球場、辦公桌上……超乎想像，激發無限創意，讓你看得到、聞得到、聽得到，還能牢牢記住扎實的科普知識！\r\n\r\n 本書以地質年代分類，將古生代：前寒武紀、奧陶紀、志留紀、泥盆紀、石炭紀、二疊紀的代表性生物，以等比例放入生活環境中，讓人可實際感受。\r\n\r\n 你會驚訝的發現，寶可夢太古羽蟲原型的加拿大奇蝦，體型跟魚攤賣的魚差不多、身體紋路設計感十足的狄更遜水母，有人孔蓋這麼大、翠登房角石比倫敦雙層紅巴士長一點、巨大異齒龍就像一輛小轎車、《風之谷》裡的王蟲｢金氏奧法蟲｣，還比黃豆小、巨首雙齒獸還沒有拉不拉多犬大……\r\n\r\n 全書如實呈現復原圖、標示發掘棲地和生態特徵等資訊，讓人興奮享受閱讀之樂外，也刺激腦袋牢記正確的古生物知識。\r\n\r\n"}
{"書名":"恐龍時代：侏羅紀晚期到白堊紀早期的古地球生物繪圖觀察筆記","書籍網站":"https:\/\/www.kingstone.com.tw\/\/basic\/2013590010715?zone=book&lid=book_class3_efc&actid=book_class3_efc","作者":"胡安．卡洛斯．阿隆索","出版社":"積木文化  ","ISBN":9789864590964.0,"圖片網址":"https:\/\/cdn.kingstone.com.tw\/book\/images\/product\/20135\/2013590010715\/2013590010715b.jpg","書籍簡介":"\r\n\r\n\r\n\t準備好跟我們一起來一趟地球歷史的深度旅行吧！\r\n\t去到比人類出現在地球上更早更早之前的時期，\r\n\t那個恐龍最興盛的年代……\r\n\r\n\t回到距今一億五千萬年前的侏羅紀晚期，前進火山活動頻繁的史前熱帶森林。這是巨獸漫遊陸地、飛行爬蟲類統治天空的時期，一段純粹美麗但同時也無比危險的時代。與巨大的蜥腳類恐龍一起走走，感受牠們跨出每一步時造成的地面震波；與超級掠食者一起奔跑，看牠們毫不留情地捕殺獵物；與當然的天空霸主，早期的翼龍翱翔天際。接著跨入距今一億二千萬年前白堊紀早期的廣大森林與一望無際的沙漠。想像與最初的鳥類一起遨遊，驚險躲避不同的雙足掠食者，與一大群溫馴的食葉巨獸一起漫步。\r\n\t結合最新古生物學的發現與精緻詳細的繪圖，將開啟孩子對自然觀察的新奇視角，以豐富的想像力貼近史前生活的感受。\r\n\r\n\t【本書特色】\r\n\t★原裝進口，封面恐龍以UV浮雕凹凸印刷，呈現3D立體逼真效果。\r\n\t★生動淺顯描述古生物學最新研究，收錄恐龍全盛時期最具代表性的品種、特色，與生活概況。\r\n\t★結合科學知識與細膩生物繪圖，更能突顯不同類型恐龍特色，增進孩子的自然觀察能力、想像力與美感體驗。\r\n\r\n"}
{"書名":"寒武紀大爆發：第一隻眼的誕生（2017全新增訂版）","書籍網站":"https:\/\/www.kingstone.com.tw\/\/basic\/2013590010685?zone=book&lid=book_class3_efc&actid=book_class3_efc","作者":"派克","出版社":"貓頭鷹    ","ISBN":9789862623183.0,"圖片網址":"https:\/\/cdn.kingstone.com.tw\/book\/images\/product\/20135\/2013590010685\/2013590010685b.jpg","書籍簡介":"\r\n\r\n\r\n為何已維持三十五億年單純形式的生命，\r\n會在寒武紀時演化大爆炸？\r\n\r\n\r\n◎2017全新增訂版，增修地質年代與彩色照片\r\n◎美國AMAZON讀者四顆星推薦\r\n◎國立自然科學博物館 程延年博士 專文導讀\r\n◎解開寒武紀大爆發之謎的經典重現\r\n\r\n\t什麼是寒武紀大爆發？\r\n\r\n\t早在五億四千四百萬年前，單細胞生物就已在地球上出沒，當時的動物物種只有三個動物門。而在短短的五百萬年後(這段時期僅占生物演化史的千分之一)，這三個動物門的物種突然演化成三十八個動物門，幾乎現今所有動物的祖先，全在一瞬間蜂湧而出。這個物種快速暴增的現象發生在寒武紀初期，稱為寒武紀大爆發，是演化史上的劃時代事件。\r\n\r\n\t什麼原因導致寒武紀大爆發？\r\n\r\n\t自達爾文發表《物種起源》始，寒武紀大爆發一直被視為演化上的謎團。為了解開謎團，眾多地質學家、古生物學家和演化學家皆提出各式各樣的假說，卻也接二連三地被推翻。牛津大學動物學家派克於2003年再度挑戰這個連達爾文也感到困惑的千古難題，他以大膽假設、小心求證的科學精神，全面檢查遠古化石證據，提出一個簡單又極具說服力的解釋：光開關理論。\r\n\r\n\t2017年倫敦自然史博物館全新修訂出版\r\n\r\n\t派克於2003年出版本書後，立即奠定了古生物學界的大師地位。歷時十三年，這本書引發眾多的討論，在在驗證本書理論的正確性，甚而被引申為人類文化活動突然壓力事件的模型等。本書在2003年時原由大眾讀物出版社出版，2016年時由倫敦自然史博物館全新出版，不僅增訂了全書的地質年代，並由作者增補彩色照片與黑白圖說，更確定本書的可靠性與正確性。2017年繁體中文版即為2016年倫敦自然史博物館所修訂的最新版本，完整呈現。\r\n\r\n"}
{"書名":"未知生物大百科：探索世界102種神祕生物","書籍網站":"https:\/\/www.kingstone.com.tw\/\/basic\/2013600023780?zone=book&lid=book_class3_efc&actid=book_class3_efc","作者":"學研教育出版","出版社":"西北國際  ","ISBN":9789869236805.0,"圖片網址":"https:\/\/cdn.kingstone.com.tw\/book\/images\/product\/20136\/2013600023780\/2013600023780b.jpg","書籍簡介":"\r\n\r\n\r\n冰人、海怪、巨型章魚\r\n河童、蠕蟲與雪人\r\n天上飛的、路上走的、海裡游的……\r\n各種稀奇古怪的未知生物，等你來探索！\r\n\r\n\r\n\t據說在這個世界上還有許多不為人知的未知生物。\r\n\t而牠們被通稱為「UMA」，即Unidentified Mysterious Animal 的簡稱。\r\n\t這些神祕的未知生物，真的存在嗎？\r\n\r\n\t◎隱藏在陸地的未知生物：\r\n\t明尼蘇達冰人、幽威、比婆怪獸、雪人、雅各布斯獸……\r\n\t◎潛藏在水中的未知生物：\r\n\t塞爾瑪湖怪、史托西、尚普、納韋耶利特、歐哥波哥……\r\n\t◎在天空盤旋的未知生物：\r\n\t天蛾人、飛人、有翼貓、阿斯望格、天空飛魚……\r\n\r\n\t本書集合了102種未知生物，詳細記錄其主要出沒國家、發現年代、身長等，並搭配精美全彩照片與相關示意圖等，且附註與未知生物相關的小知識，透過各種角度介紹 UMA，盡可能還原其面貌，帶領讀者一同探索這無其不有的世界，一一解開未知生物的神祕面紗。\r\n\r\n本書特色\r\n\r\n★世界知名三大未知生物大解謎\r\n\t詳細收錄尼斯湖水怪、北美洲大腳怪及雪人的相關資料，剖析每一分資訊，抽絲剝繭，娓娓道來其發現過程與目擊紀錄，邀你一同探索其真實身分。\r\n\r\n★四大分類，無其不有\r\n\t書中將未知生物分為四大類，共102種，從你最熟悉的尼斯湖水怪到神出鬼沒的吸血女妖，從鬼影森森的叢林深處到漆黑隱蔽的海洋底層，為你詳細解析這廣袤世界中潛藏的未知生物。\r\n\r\n★收錄350張精美圖片，豐富圖文內容\r\n\t收錄大量圖片與地球上潛藏的未知生物足跡，帶領讀者一同挖掘未知生物的真實身分，期許也許在不久的將來，能夠解開未知生物之謎。\r\n\r\n"}
{"書名":"超神祕X檔案：恐龍新證據","書籍網站":"https:\/\/www.kingstone.com.tw\/\/basic\/2013590008934?zone=book&lid=book_class3_efc&actid=book_class3_efc","作者":"南山宏","出版社":"人類智庫  ","ISBN":9789865744359.0,"圖片網址":"https:\/\/cdn.kingstone.com.tw\/book\/images\/product\/20135\/2013590008934\/2013590008934b.jpg","書籍簡介":"\r\n\r\n366張震驚世人的照片，揭開恐龍仍活著的祕密！　　你真的以為，恐龍從這個世界上徹底消失了嗎？　　從世界各地出土未完全變成化石的恐龍遺骸，可以得知恐龍並未如教科書說的：在6500萬年前滅絕；而且在古代遺跡中，也掘出以恐龍為形象的藝術品。如果恐龍早已滅絕，這些遺物又是如何被製造出來的？這證明當時的人類曾與恐龍共存！時間來到21世紀，世界各地陸續目擊到恐龍的證詞及各式證據，在在顯示恐龍依舊存活於世的事實！　　本書將透過各種精美照片以及理論學說，系統性的向讀者介紹各種恐龍未曾滅絕的真相，帶你一窺恐龍的不解之謎。本書特色恐龍仍活在世上，並以另一種生命體形式與人類一同生活在地球上！◎觀點新穎，證據充分：無論是教科書或是恐龍相關叢書，都持「恐龍早已滅絕」的觀點，但本書透過366張震驚世人的照片證據和學說理論，證明恐龍一直存活至今！不僅以我們印象中的模樣存活於世，也以另一種生命體的方式與我們共同生活。◎深入淺出，解說詳細：深入淺出介紹各個古生物學理論，並搭配366張精美照片詳細圖解，反證恐龍仍然存活於世的事實。是身為恐龍迷的你，千萬不能錯過的好書！\r\n                    \r\n"}
{"書名":"化石，地球生物演化的證物！","書籍網站":"https:\/\/www.kingstone.com.tw\/\/basic\/2013590007302?zone=book&lid=book_class3_efc&actid=book_class3_efc","作者":"北村雄一","出版社":"瑞昇文化  ","ISBN":9789865957025.0,"圖片網址":"https:\/\/cdn.kingstone.com.tw\/book\/images\/product\/20135\/2013590007302\/2013590007302b.jpg","書籍簡介":"\r\n\r\n地球如何演化成今日的模樣？生物怎樣進化成現在的形態？世界各地有挖掘出那些化石？我們如何解開其中包含的線索？本書收集各方而來的調查疑問，彙整出５０個大家最想知道的化石相關疑問，再予以一一解謎。書中將穿插豐富的彩色照片與復原圖來具體的解說，化石到底告訴了我們什麼？這些靜靜地躺在泥土中的化石，透過專家們的分析研究，成為地球演變的關鍵證物。內容以解答的形式，詳細且專業的說明全世界目前已被發現的化石，一步一步帶著讀者了解地球46億年的環境改變和古代生物的演化！本書特色全書收錄大量的彩色圖片和復原圖。這些原本只收藏在研究室或博物館等的珍貴化石，將以圖片的方式呈現在本書中，機會難得，不看可惜！豐富的化石相關知識。以深入淺出的說明帶領讀者進入神秘的考古世界，閱讀起來輕鬆有趣無負擔。若你對於化石抱持興趣、想進一步了解化石的話，本書大力推薦給你！\r\n                    \r\n"}
{"書名":"史前大毀滅－恐龍的秘密","書籍網站":"https:\/\/www.kingstone.com.tw\/\/basic\/2013590007432?zone=book&lid=book_class3_efc&actid=book_class3_efc","作者":"楊明華","出版社":"驛站      ","ISBN":9789866260773.0,"圖片網址":"https:\/\/cdn.kingstone.com.tw\/book\/images\/product\/20135\/2013590007432\/2013590007432b.jpg","書籍簡介":"\r\n\r\n恐龍到底是一種什麼樣的生物呢？什麼原因導致了恐龍的全部滅絕？恐龍究竟起源於哪一種動物呢？恐龍家族究竟有多少成員？恐龍的親屬有哪些？恐龍的種類及其生活習性究竟如何？恐龍時代地球的環境特點及變化為何？恐龍化石能提供哪些探究古生物的蛛絲馬跡？恐龍蛋的特點是什麼？恐龍如何繁衍生息、養育後代？恐龍是溫血動物嗎？兇猛的肉食性恐龍為何長於攻擊？溫順的植食性恐龍又有哪些防守高招？雜食性恐龍有什麼特點？中華龍鳥能證明「鳥是恐龍變的」嗎？恐龍，神秘、特殊的物種，在牠的身上，充滿了讓人好奇想一探究竟的謎……\r\n                    \r\n"}
{"書名":"令人戰慄的恐怖異形生物","書籍網站":"https:\/\/www.kingstone.com.tw\/\/basic\/2013590006060?zone=book&lid=book_class3_efc&actid=book_class3_efc","作者":"王聰霖","出版社":"八方      ","ISBN":9789866487613.0,"圖片網址":"https:\/\/cdn.kingstone.com.tw\/book\/images\/product\/20135\/2013590006060\/2013590006060b.jpg","書籍簡介":"\r\n\r\n才不可能有那種鬼玩意兒！先別急著反駁，等你看過此書，你就會知道──　　在這世界上確實存在著像科幻電影中巨大無比、兇猛嗜血、讓你雙腿發軟的怪胎異形；也存在著存活了數千萬年的太古生物；甚至是可愛到不行但是輕碰一下就讓你魂歸離恨天的恐怖物種。　　這些奇特生物在自己的國度裡，默默獨行……本書特色　　超乎想像！怪胎、怪胎，更多的怪胎！　　67種恐怖異形生物！不只是傳說！　　保證讓你心跳加速、興奮又激動！　　特大號保羅．巨大章魚怪、大海蛇、　　半爬蟲半人的生物．蜥蜴人、神魔一體的羊男、　　突變巨狼的吉瓦丹魔獸、吸血魔怪的丘巴卡布拉、　　沙漠地獄使者的蒙古死亡蠕蟲、神祕物種蒙淘克怪物……　　如果說世界上有哪個地方沒有　　奇形怪狀、充滿獨特個性的詭異物種，那才真的是一件怪事……\r\n                    \r\n"}
{"書名":"生物百科全圖解：恐龍紀元圖鑑輯","書籍網站":"https:\/\/www.kingstone.com.tw\/\/basic\/2013590010555?zone=book&lid=book_class3_efc&actid=book_class3_efc","作者":"江泓","出版社":"上奇科技  ","ISBN":9789863758617.0,"圖片網址":"https:\/\/cdn.kingstone.com.tw\/book\/images\/product\/20135\/2013590010555\/2013590010555b.jpg","書籍簡介":"\r\n\r\n\r\n史前霸主降臨！\r\n\r\n\r\n\t多達100張精緻的恐龍復原圖，還原恐龍生活的殘酷與震撼，讓你就像搭乘時光機一樣，探索神秘莫測的史前世界。\r\n\r\n\t雷龍並不是真正的學名？竊蛋龍其實是盡責的好父母？完整顛覆並導正您錯誤的恐龍知識，詳細介紹古今中外知名的各種恐龍。\r\n\r\n\t全書以恐龍的發現與命名為主旨，內容不僅包括恐龍的身體特徵、生活習性、發現歷史、命名故事等，還介紹了恐龍的生存狀態、天敵、獵物、競爭對手、生活環境等方面的知識，以及恐龍的發現對社會文化方面的意義等。趕快以史前霸主恐龍的命名由來和發現故事為線索，一起探索恐龍所在的史前世界吧。\r\n\r\n"}
{"書名":"史前霸主-恐龍新紀元大圖鑑","書籍網站":"https:\/\/www.kingstone.com.tw\/\/basic\/2013000104225?zone=book&lid=book_class3_efc&actid=book_class3_efc","作者":"江泓","出版社":"有意思    ","ISBN":9789863753711.0,"圖片網址":"https:\/\/cdn.kingstone.com.tw\/book\/images\/product\/20130\/2013000104225\/2013000104225b.jpg","書籍簡介":"\r\n\r\n\r\n本書特點\r\n\r\n  \r\n\r\n 雷龍並不是真正的學名?\r\n 竊蛋龍其實是盡責的好父母?\r\n 本書顛覆導正您錯誤的恐龍知識\r\n\r\n  \r\n\r\n 詳細介紹古今中外知名的各種恐龍\r\n\r\n  \r\n\r\n 100張精緻的恐龍復原圖，彷彿讓您搭乘時光機，探索神秘莫測的史前世界\r\n\r\n  \r\n\r\n 本書以恐龍的發現與命名為主旨，內容不僅包括恐龍的身體特徵、生活習性、發現歷史、命名故事等，還介紹了恐龍的生存狀態、天敵、獵物、競爭對手、生活環境等方面的知識，以及恐龍的發現對社會文化方面的意義等。　　\r\n\r\n  \r\n\r\n 透過精美的恐龍復原圖和生動形象的文字描述，將史前世界的恐龍與其他生物聯繫起來，以此為讀者還原出恐龍生活的史前世界的殘酷與震撼。 \r\n\r\n"}
{"書名":"徹底圖解恐龍世界","書籍網站":"https:\/\/www.kingstone.com.tw\/\/basic\/2013590008194?zone=book&lid=book_class3_efc&actid=book_class3_efc","作者":"金子隆一","出版社":"楓樹林    ","ISBN":9789866023781.0,"圖片網址":"https:\/\/cdn.kingstone.com.tw\/book\/images\/product\/20135\/2013590008194\/2013590008194b.jpg","書籍簡介":"\r\n\r\n\r\n日本亞馬遜網站讀者五顆星最高好評！\r\n 從恐龍挖掘的歷史到最新研究，帶您探索恐龍的世界\r\n\r\n\r\n 關於「恐龍」這樣熱門的話題，一直有推陳出新的學術論文與研究，但由於過多的專業名詞、學術語言，使得許多想進一步瞭解恐龍的讀者，常在閱讀相關文章時倍感困難。《徹底圖解恐龍世界》一書，便是希望透過簡易的表格、圖片說明，讓大家能更輕鬆進階「恐龍學」。\r\n\r\n 本書採取綜觀現代恐龍學概要的方式，進行撰寫和編輯，首先是目前最新的恐龍相關發現，採圖表的方式，為讀者解說何謂支序分類學、恐龍在此分類學中的地位；接下來則是恐龍的主要兩大分類：龍盤類、鳥盤類來介紹24種類別下的恐龍，再以不同時期做分類，包括三疊紀、侏儸紀、白堊紀，將恐龍以兩種軸線分野，並進行深度的說明。最後則是帶來恐龍研究的前線資訊、以及全球的恐龍挖掘歷史，為這門「恐龍學」熱潮，提供更多的養份！\r\n\r\n本書特色\r\n\r\n ●    進階版的專業知識，搭配詳盡圖表的說明介紹，以及不可不知的恐龍研究前線資訊，恐龍迷必備！\r\n\r\n ●    每一章的最後皆有一篇重點專欄，讓讀者在閱讀專業恐龍研究之外，又能增加有趣的知識和話題。\r\n\r\n ●    每頁下方都設有「小知識專欄」，以簡潔而精巧的篇幅，補充該節文章裡的相關資訊。\r\n\r\n"}
{"書名":"恐龍大百科：驚人魄力！超過90種恐龍圖鑑夢幻對決","書籍網站":"https:\/\/www.kingstone.com.tw\/\/basic\/2013590008064?zone=book&lid=book_class3_efc&actid=book_class3_efc","作者":"後藤克典","出版社":"楓樹林    ","ISBN":9789866023583.0,"圖片網址":"https:\/\/cdn.kingstone.com.tw\/book\/images\/product\/20135\/2013590008064\/2013590008064b.jpg","書籍簡介":"\r\n\r\n日本亞馬遜網站讀者4.5顆星好評！曾經延綿全球史前巨獸──恐龍，在集體消失數萬年後的今天，透過3D CG的繪圖技術重現世人眼前，擄獲每個大朋友、小朋友最驚歎的目光！CG，指的是Computer Graphics，也就是利用電腦繪圖軟體所製作的數位影像，可廣泛應用於電玩遊戲、動漫創作、藝術設計或建築藍圖等。本書利用CG數位科技的擬實映像，重現遠古時期曾在全球稱霸的生物──恐龍。隨著新的化石出土、各種研究技術的突破，恐龍的最新研究也不停的更新，讓我們越來越接近恐龍的真相，例如早期的恐龍書介紹的雷龍（Brontosaurus）都把脖子舉得很高，像長頸鹿一樣，但根據現在的骨骼結構重新推論後，發現這類型的恐龍根本無法把頭仰高，抬高反而會造成脫臼的現象。本書配合最新的理論學說、超強的CG繪圖技術，如同紙上版的【探索頻道】，呈現給你最寫實的恐龍樣貌！本書特色◎超多種！三疊紀、侏儸紀、白堊紀前後期……高達90種以上的恐龍，一場熱鬧華麗的恐龍博覽會！◎超擬真！利用電腦繪圖軟體製成的數位影像，呈現恐龍最逼真的面貌！◎超磅礡！史前巨獸栩栩如生重現書中，一窺這些龐然大物曾經支配全球的身影！◎超刺激！對照恐龍與人類相對比例、1:1器官實物大小對照圖，還有精彩的恐龍與實際街景合成照！◎超專業！更新過去錯誤的知識、提供新證據，是每個喜愛恐龍的大小朋友最值得珍藏的圖鑑！\r\n                    \r\n"}
{"書名":"神奇的演化","書籍網站":"https:\/\/www.kingstone.com.tw\/\/basic\/2013070040850?zone=book&lid=book_class3_efc&actid=book_class3_efc","作者":"好頭腦編輯部","出版社":"通寶文化  ","ISBN":9789868803336.0,"圖片網址":"https:\/\/cdn.kingstone.com.tw\/book\/images\/product\/20130\/2013070040850\/2013070040850b.jpg","書籍簡介":"\r\n\r\n1.全國唯一與現行國中「自然與生活科技」教科書內容對應的百科全書。2.兼具課外讀物和參考書的功能，助益課業的學習效果。3.彩色圖解詳細，輕鬆閱讀，是台灣首見的優良圖文書。\r\n                    \r\n"}
{"書名":"恐龍","書籍網站":"https:\/\/www.kingstone.com.tw\/\/basic\/2023590007295?zone=book&lid=book_class3_efc&actid=book_class3_efc","作者":"史帝夫．布魯薩特","出版社":"好讀      ","ISBN":9789861782324.0,"圖片網址":"https:\/\/cdn.kingstone.com.tw\/book\/images\/product\/20235\/2023590007295\/2023590007295b.jpg","書籍簡介":"\r\n\r\nBBC影集《與恐龍共舞》製作團隊最新精裝大作你將看見史上最逼真的恐龍圖像★ 世界上關於恐龍最新的研究成果與發現，讓這本書獨一無二，令人印象深刻。★ 超過一百七十幅大型精密CG圖片，以讓人目瞪口呆的細膩度展現這些驚人的動物。沒有如此龐大的動物，就沒有如此偉大的書。作者群以有史以來最具戲劇性、最鮮明的恐龍圖像，替這個古老的世界帶來生氣。書中有超過一百七十張利用電腦技術繪製的復原圖，完全以最先進的研究資料與科技為本，以讓人目瞪口呆的細膩度展現這些驚人的動物。作者以深入淺出的文字描繪每種恐龍──牠們住在哪、外貌如何、吃些什麼、以及怎麼生活、打鬥與死亡──以精彩絕倫的文字概觀縱覽了史上最偉大的故事：恐龍的起源、演化與滅絕。走進史前世界，認識這些曾經在地球上生存過的，讓人大為驚奇的動物。在地球上曾經出現過的所有生物中，恐龍是最偉大、最多樣且最佔優勢的一類。出現在兩億三千萬年前的恐龍，原本是靠兩隻後腳快速行動的小型肉食動物。牠們在出現後沒多久便迅速擴張到世界各地，演化出各式各樣讓人目不暇給的種類。很快地，各種體型各異的恐龍在地球上各個生態系佔盡優勢，開?了恐龍時代的序幕，稱霸地球長達一億六千萬年之久，直到突發的災難性滅絕事件發生，恐龍的全球霸主地位才告終。這本書講的是恐龍的故事。這個故事從三疊紀中期開始，跟隨牠們的腳步來到侏羅紀，再到六千五百萬年前的白堊紀。穿過每一個演化的轉折、經歷每個大滅絕、越過漂流的大陸，這本書追隨著恐龍多元演化並遍佈全世界的進程。故事中的角色個個讓人屏息，各種形態與體型都被一網打盡：從令人生畏的暴龍和牠肉食性的親戚，到腕龍、梁龍等身軀非常龐大、走路搖搖晃晃的蜥腳類恐龍；從跟坦克車一般、具有強大防禦武器的怪嘴龍或三角龍，到兇猛且成群獵食的掠食者如猶他盜龍、馳龍與迅猛龍等，以及身為現代鳥類祖先的始祖鳥。\r\n                    \r\n"}
{"書名":"恐龍是怎麼飛起來的","書籍網站":"https:\/\/www.kingstone.com.tw\/\/basic\/2023590006663?zone=book&lid=book_class3_efc&actid=book_class3_efc","作者":"克里斯多夫．斯隆","出版社":"大石國際  ","ISBN":9789868692770.0,"圖片網址":"https:\/\/cdn.kingstone.com.tw\/book\/images\/product\/20235\/2023590006663\/2023590006663b.jpg","書籍簡介":"\r\n\r\n蜂鳥，是世界上最小、最精緻的鳥兒。而暴龍，是有史以來最大、最兇殘的恐龍。這兩種動物竟然是親戚？這簡直不可思議，但卻千真萬確！透過世界各地數以噸計的化石證據，以及1996年，在中國遼寧省發現的世界上第一隻全身覆蓋著毛狀衍生物的恐龍——中華龍鳥。科學家發現在最早的鳥類飛上藍天之前，鳥類的祖先——恐龍已經演化出關鍵的鳥類特徵，包括嬌小的體型、羽毛，和翅膀。這些發現也是「鳥類是恐龍真正的後裔」這一論點最有力的證據。遼寧省的這些新發現毫無疑問地證明：在白堊紀大滅絕時，恐龍中有一支系倖存了下來，而現在，我們仍然生活在恐龍世界中！書籍重點資深恐龍迷看過來！鳥類就是恐龍。故事就這麼結束了嗎？不，這僅僅是開始。一種新發現的恐龍竟然身披羽毛。一種會飛的恐龍不只有一對翅膀，而是有兩對。新的化石發現不斷出土，科學家正努力破解這些發現究竟意味著什麼。和克里斯多夫．斯隆一起去探究最新的發現，追尋科學家們的最新研究成果。恐龍是怎麼飛起來的？\r\n                    \r\n"}
{"書名":"恐龍與史前生物百科全書(平裝)","書籍網站":"https:\/\/www.kingstone.com.tw\/\/basic\/2013590004646?zone=book&lid=book_class3_efc&actid=book_class3_efc","作者":"蘭伯特、懷絲、奈許","出版社":"貓頭鷹    ","ISBN":9789866651328.0,"圖片網址":"https:\/\/cdn.kingstone.com.tw\/book\/images\/product\/20135\/2013590004646\/2013590004646b.jpg","書籍簡介":"\r\n\r\n截至目前全世界最新、最完整的恐龍及古生物學百科全書！打開本書，長毛象、劍齒虎、三角龍……各種驚奇生物就在你身邊！★收納新近挖掘出的恐龍與史前生物化石，及全球頂尖化石專家、古生物學者全方位的嶄新研究成果，是截至目前最新的研究紀錄。 ★英國DK出版社以研發近30年的科技，製造「現場目擊」的震撼效果：從前我們只知道恐龍，現在透過本書，我們還可以看到恐龍的生長時代、牠們的遠祖與後裔、對手，生態環境全貌，以及人類與牠們邂逅的故事，並用想像還原圖搭配骨架模型、化石證據，清楚辨識研究對象。★數位輔助資訊，歡迎下載：本書編有特別為中文讀者詳盡規畫的名詞釋義、學名釋義、中英文兩套索引，提供更專業、更完整的參考資料，歡迎上貓頭鷹知識網下載，讓讀者可以按部就班、輕輕鬆鬆從業餘進入專業領域。 ★用人型對照恐龍、長毛象等史前動物大小，讓你快速想像自己與牠們面對面接觸。本書共分六大主題： 1.化石、演化與史前生物概說：5篇專論說明化石為何是地球歷史的記憶庫、如何形成、與生物演化的關係。2.魚類與無脊椎動物：15個主題，從生命起源的大海講起，無脊椎的三葉蟲、水蠍、巨蜻蜓，到魚類出現，揭開脊椎動物稱霸地球的序幕。 3.兩生類和爬行類：21個主題，自生命開始登陸講起：三億六千萬年前，某種有肺的魚用有力的鰭爬上岸，脊椎動物就此展開旱地大冒險！也預告陸、海、空三個棲地新霸主──恐龍、魚龍、翼龍──的到來！4.恐龍與鳥類：43個主題聚焦討論古生物的第一主角──恐龍，以及真正龍的傳「人」──鳥類。中生代（兩億四千八百萬年前至六千五百萬年前）又稱「恐龍時代」，有的恐龍小得像母雞，並不都是龐然大物！很難想像小如蜜蜂的蜂鳥也是恐龍嫡親的後代吧？大陸出土的孔子鳥比始祖鳥更善飛行，神似現代鳥類。 5.哺乳類與其祖先：39個主題從似哺乳類的卑微小獸開始講起，一路看盡有袋類（巨袋鼠大如犀牛）、劍齒虎、貓狗的祖先、龍王鯨、長毛象、到發展出繼恐龍之後稱霸地球的人類。 6.徜徉演化生物學的迷人旅程：17個主題瀏覽地球萬物的生命歷程、目擊大滅絕、認識參與這趟發現之旅的92位各國人士，聽他們如何與化石邂逅、各種血淚交織的故事，再看他們如何解決考古謎團，理解恐龍化石的架構如何從背脊挺直站立，到今日普遍認定的平行於地面的狀態。 最後，我們還可以知道全世界哪裡有哪些化石的展示，以及如何在網際網路中優游、當個業餘古生物學家。◎國立自然科學博物館地質學組資深研究員程延年審定、推薦◎美國紐約自然博物館監製\r\n                    \r\n"}
{"書名":"恐龍與史前動物圖鑑﹝全新美耐版﹞","書籍網站":"https:\/\/www.kingstone.com.tw\/\/basic\/2013590004516?zone=book&lid=book_class3_efc&actid=book_class3_efc","作者":"理察森","出版社":"貓頭鷹    ","ISBN":9789866651236.0,"圖片網址":"https:\/\/cdn.kingstone.com.tw\/book\/images\/product\/20135\/2013590004516\/2013590004516b.jpg","書籍簡介":"\r\n\r\n貓頭鷹出版社經典圖鑑換穿防水書套，美觀耐用不怕髒！‧ 完整收錄所有已經分類的恐龍與史前動物‧ 跨頁大圖詳細介紹有趣動物，同時特別顯示牠當時可能棲居的環境形態，擬真張力十足。‧ 700多幅全彩精細繪圖，搭配拉線圖說，新手也能輕鬆辨識。‧ 用人型對照恐龍、史前動物大小，讓你能快速想像自己與牠們面對面接觸。什麼是恐龍？面對這種從沒人見過的動物，想知道專家從牠們億萬年前的骨頭與牙齒中發現了什麼生存祕密、描繪出什麼栩栩如生的面貌？而你是否知道，在史前動物中，翼龍、魚龍、蛇頸龍並不是恐龍！本書完整收錄所有已經分類的恐龍與史前動物，是截至2004年最新的研究紀錄！包括100屬恐龍與遠祖、32屬海空爬行動物、80屬史前動物，以及306隻待鑑定恐龍名錄。細膩繪圖外，還搭配骨架模型與化石證據，化石的全球分布圖、發現地點與挖掘者的歷史鏡頭也是難得的珍貴資料，入門精研兩相宜。本書特點包括：一、收錄超過200種恐龍與史前動物，及待鑑定恐龍名錄本書收錄超過200種恐龍與史前動物，包括100屬恐龍與遠祖、32屬海空爬行動物、80屬史前動物，及待鑑定恐龍名錄。權威性的內容、擬真的精細繪圖，以及有系統的論述方式，使本書成為了解世界恐龍與史前動物的全方位指南。二、700多幅全彩圖片，大而清晰，絕不遺漏任何特徵與細節書中有700多幅全彩繪圖，栩栩如生的呈現這些遠古珍禽異獸及億萬年前的地球景色。辨識重點以拉線圖說的方式在圖上標出，讓辨識過程變得容易。三、三種檢索方式，查找容易，使用方便本書設計三種檢索方式，讓你不管知不知道眼前是哪一種恐龍或史前動物，都能迅速找到所需的資訊。讀者可依照緒論中的分類介紹，循線找出你的目標；如果你已經知道查找對象屬於哪一個時代，可在目錄中找到該時代的首頁頁碼，縮小範圍，在逐頁查詢；若你已知查找對象的中文名或學名，就可從書末的索引找到其所在的頁碼，進入條目，查詢更多相關資訊。除了鑑別功能，本書還提供百科全書性質的緒論，闡述生物的分類、恐龍的定義、哺乳動物和鳥類的演化、化石證據，並簡介各地質年代的特性。讀者可以認識哪些恐龍住在哪種環境，吃些什麼東西，甚至有些什麼鄰居或對手。◎ 完整收錄所有已經分類的恐龍與史前動物◎ 榮獲 第47梯次好書大家讀 知識性讀物推薦好書◎ 榮獲 第23次行政院新聞局中小學生優良課外讀物推介‧工具書類推薦書◎ 全球熱賣超過五百萬冊\r\n                    \r\n"}
{"書名":"恐龍大圖鑑","書籍網站":"https:\/\/www.kingstone.com.tw\/\/basic\/2023800025125?zone=book&lid=book_class3_efc&actid=book_class3_efc","作者":"編輯部","出版社":"明天國際  ","ISBN":9789866779732.0,"圖片網址":"https:\/\/cdn.kingstone.com.tw\/book\/images\/product\/20238\/2023800025125\/2023800025125b.jpg","書籍簡介":"\r\n\r\n打開任意門，逛逛侏羅紀它們是世界上最值錢的骨頭，而牠們卻是地球上最早的霸主。恐龍，一種早已滅絕的生物，卻讓我們直到現在仍然驚嘆不已，千方百計要牠們重現眼前，本書以考古的角度，新鮮的敘述方式，讓您重新認識恐龍的龐大、特殊與迷人之處。本書特色：※從挖掘現場還原兩億年前恐龍生活環境。※從化石重建恐龍形貌的百變造型。※從腳印等遺跡推知生活習性。※世界各地著名的恐龍化石遺址及博物館。※64種最著名的恐龍新知檔案。※審訂推薦：古生物學家 賴景陽教授\r\n\r\n"}
{"書名":"史前動物大滅絕","書籍網站":"https:\/\/www.kingstone.com.tw\/\/basic\/2013590004356?zone=book&lid=book_class3_efc&actid=book_class3_efc","作者":"PAUL BARRETT","出版社":"明天國際  ","ISBN":9789866779718.0,"圖片網址":"https:\/\/cdn.kingstone.com.tw\/book\/images\/product\/20135\/2013590004356\/2013590004356b.jpg","書籍簡介":"\r\n\r\n※劍齒虎長牙下快、狠、準獵殺真相※複製技術成功，長毛象將重現原野※超過100種史前動物機密檔案※超過100幅動物化石復原圖※超過300張動物棲息地插圖及照片※倫敦大英自然博物館等30座考古現場……數百位古生物學家，歷經數十年考察，考古大探索 步步解謎！在恐龍滅絕之後，曾經是生態系統中地位最卑微的哺乳動物，開始產生巨大的改變，經過千萬年的演化，才逐漸成為地球上最顯著的生物。本書以修正哺乳動物族譜的角度，輔以先進的考古技術，帶你進入充滿奇異的史前哺乳動物世界，這些動物看起來有些會很熟悉，有些則會令你大吃一驚。如果你喜歡史前動物，一定也會喜愛這本書。本書亦為「美國國家地理頻道」唯一首選與推薦的史前哺乳動物書籍。本書清楚記錄各種關於史前動物的事件，包括：◎從古新世到上新世，詳細解析各個史前哺乳動物時代◎提供史前動物的資料庫、體型對比、生存時間和在世界各地的分佈圖◎認識家中寵物的古老祖先，以及你的祖先◎超過一百種史前哺乳動物大解析◎專業術語表與史前哺乳動物索引台灣大學生命科學院 陶錫珍教授 審訂推薦\r\n\r\n"}
{"書名":"世界化石圖鑑﹝全新美耐版﹞","書籍網站":"https:\/\/www.kingstone.com.tw\/\/basic\/2013590004196?zone=book&lid=book_class3_efc&actid=book_class3_efc","作者":"沃克、沃德","出版社":"貓頭鷹    ","ISBN":9789867001948.0,"圖片網址":"https:\/\/cdn.kingstone.com.tw\/book\/images\/product\/20135\/2013590004196\/2013590004196b.jpg","書籍簡介":"\r\n\r\n貓頭鷹出版社經典圖鑑換穿防水書套，美觀耐用不怕髒！．收錄全世界500多種化石，種類最多、涵蓋面最廣。．1000多幅全彩標本照片，搭配拉線圖說，新手也能輕鬆辨識。．精細的復原圖，讓你完整認識所介紹的古生物。．圖表化的化石鑑定訣竅，查找容易。採集收藏化石是個引人入勝的活動，近數十年來，有越來越多人參與其中。本書由古生物學家執筆，將絕大多數的化石種類都納入書中，以最簡明易懂的文字介紹各種化石存活時的主要特徵、生活方式、產地情形，以及化石的地質年代、分布與出現頻率。本書特點包括：一、收錄全世界500多種化石，收錄種類最多、涵蓋面最廣本書收錄500多種化石，有些很常見，有些則十分罕見、壯觀。這些化石都來自英國倫敦自然博物館，全世界大多數的化石種類都納入書中，從蠕蟲到恐龍，從菊石到人類，涵蓋了來自所有地質年代和大陸的化石。二、1000多幅全彩標本照片，圖片大而清晰，絕不遺漏任何特徵與細節本書化石的鑑定從「屬」開始，並選擇較常見或典型的種加以圖解。書中有1000多幅全彩標本照片，辨識重點以拉線圖說的方式在圖上標出，讓辨識過程變得容易。除了化石標本照之外，並附上該生物存活時的復原圖，讓你對古生物有更全面的認識。三、三種檢索方式，查找容易，使用方便本書設計三種檢索方式，讓你不管知不知道眼前是哪一種化石，都能迅速找到所需的資訊。如果你在野外看到或採集到一種不知名的化石，可依照書中鑑定檢索表所提示的訣竅，循線找出你的目標；如果你已經知道該化石屬於哪一大類，可在目錄中找到該類的首頁頁碼，縮小範圍，在逐頁查詢；若你已知化石的中文名或學名，就可從書末的索引找到該化石所在的頁碼，進入條目，查詢更多相關資訊。除了鑑別功能，本書更包含了百科全書性質的總論，介紹化石的定義、地質年代，以及化石的採集、整理與保存方式，讓本書成為收錄最多、內容最全面的化石圖鑑。◎收錄種類最多的化石圖鑑\r\n\r\n"}
{"書名":"恐龍VS哺乳類","書籍網站":"https:\/\/www.kingstone.com.tw\/\/basic\/2013590003984?zone=book&lid=book_class3_efc&actid=book_class3_efc","作者":"NHK編輯部","出版社":"三悅文化  ","ISBN":9789575266769.0,"圖片網址":"https:\/\/cdn.kingstone.com.tw\/book\/images\/product\/20135\/2013590003984\/2013590003984b.jpg","書籍簡介":"\r\n\r\n哺乳類誕生於2億2000萬年前，最原始的哺乳類也就是人類的老祖先，在那時外型就像隻小老鼠一般。反觀恐龍，在此時期已經完成了多樣性的演化，發展出各式各樣的種類，有兇殘的肉食性暴龍、巨大但性格溫和的超龍、身上長滿了骨板與骨片，與犀牛長相極為相似的三角龍……佔據了海、陸、空各種領域，恐龍成為主宰地球的霸主從三疊紀一直到白堊紀。此時的哺乳類一不小心就會成為恐龍的食物，處於被壓迫的角色。雖然如此，哺乳類在恐龍的壓迫之下，也發展出一套獨有的生存方式，甚至可以撐過造成恐龍滅絕的大災難，蓬勃發展於今日。恐龍與哺乳類的演化，造就了各自的興衰，在人類尚未出現的遙遠時代，史前生物們為了生存展開了一場場種族進化大賽。 這個不屬於人類的年代，被埋藏於地底之下，直到各種化石被挖掘，我們才得以一窺地球遠古的記憶。本書匯集全球考古與生物學家最新的研究成果，整理出三十個有趣生動，最具話題性的主題，依時間分為三疊紀、侏羅紀、白堊紀前後四大章，循序漸進的展現恐龍與哺乳類隨著歷史時間的演進化。再配合著大量超寫實的電腦繪圖，表現遠古生物豐富的表情動作，加上宛若小說一般生動有趣的文字，一個栩栩如真的遠古時代躍然紙上。讓讀者視覺文字兼具享受的同時，能輕鬆快速了解這些史前生物們的生活形態與樣貌，如同身歷其境一般，展開一場遠古探索之旅。 本書特色 一、專業人士背書：請全球各大博物館與大學的考古學家們現身講解，讀者可以從這些考古前線人員身上得到第一手資訊。 二、栩栩如真的插圖繪製：本書利用CG繪圖，將沈睡於地底的化石，賦予血肉，重現地球古老的記憶。 \r\n\r\n"}
{"書名":"恐龍世界探秘","書籍網站":"https:\/\/www.kingstone.com.tw\/\/basic\/2013000083308?zone=book&lid=book_class3_efc&actid=book_class3_efc","作者":"新雅文化","出版社":"新雅文化  ","ISBN":9789620845741.0,"圖片網址":"https:\/\/cdn.kingstone.com.tw\/book\/images\/product\/20130\/2013000083308\/2013000083308b.jpg","書籍簡介":"\r\n\r\n路路的妹妹米娜得了一種怪病，她像是被森林裡什麼可怕的東西給嚇壞了！為了揭開秘密，路路和大科學家達戈貝爾向森林出發了。晚上，他們聽到一種極為恐懼的聲響，看到一個巨爪把他們露營的帳篷踩扁了…天呀！是什麼怪獸呀？他們倉皇逃跑，怪獸在後面緊追不捨。他們逃到森林湖泊中的一個小島上，卻發現撞進了一個神奇的恐龍世界！島上的一個瘋老頭卡特桑卡特蠻橫地把他們關進了監獄……\r\n                    \r\n"}
{"書名":"世界未確認生物事典","書籍網站":"https:\/\/www.kingstone.com.tw\/\/basic\/2013590004486?zone=book&lid=book_class3_efc&actid=book_class3_efc","作者":"間良彥","出版社":"尖端      ","ISBN":9789571034973.0,"圖片網址":"https:\/\/cdn.kingstone.com.tw\/book\/images\/product\/20135\/2013590004486\/2013590004486b.jpg","書籍簡介":"\r\n\r\n\r\n自古希臘、中國，乃至20世紀的美國，許多真相未明的神秘生物，不可思議地存在於歷史洪流之中。\r\n\r\n\t \r\n\r\n\t筆者以其對世界上未確認生物的豐富知識，並以許多對未確認生物有興趣的讀者來說不可不知的著作，如中國千古奇書《山海經》、西方如Jean Paul Cl bert的《動物象徵辭典》、JOHN ASHTON《奇怪動物百科》、Gaius Plinius Secundus《博物誌》等龐大資訊做架構，為讀者撰寫出詳盡的內容。\r\n\r\n\t \r\n\r\n\t在本書，讀者將可看到多達300多幅的古老插畫，在斷定這些無法確認的奇異生物是錯覺或幻覺的產物之前，不如藉由本書來思考，歷史上的紀錄或傳承代表著什麼意義、古時候的人們是如何接受這些生物以及他們的深層心理等，一定會很有趣。\r\n\r\n"}
{"書名":"台灣的化石","書籍網站":"https:\/\/www.kingstone.com.tw\/\/basic\/2023590003457?zone=book&lid=book_class3_efc&actid=book_class3_efc","作者":"鍾廣吉","出版社":"遠足文化  ","ISBN":9789867630827.0,"圖片網址":"https:\/\/cdn.kingstone.com.tw\/book\/images\/product\/20235\/2023590003457\/2023590003457b.jpg","書籍簡介":"\r\n\r\n化石會說話。它訴說著生命如何在地球立定腳跟，描繪出幾千萬甚至幾億年前它所生存的環境，更直指生命結束的現況。一場場生命推理遊戲盡在化石中。簡單說，化石就是古老生物的遺骸，但古生物學家卻在這不起眼的屍骨中，看到地球閃現的生命之光，解開了物種演化之謎：生命是如何開始的、人類由何而來、恐龍大滅絕的真相……。由於化石的形成與地質結構密不可分，因此本書先介紹化石行程的條件，之後便逐篇探討台灣的地質特性與化石的關係、台灣化石的露頭分佈，台灣化石的特性。台灣的化石露頭部分是本書的重點，由南到北，由西而東依行政區域逐一說明該地的地質環境、代表性化石、化石的產狀。在較為特殊的採集地點，亦附有該地的地形圖、採集路線圖。\r\n                    \r\n"}
{"書名":"恐龍帝國未解之謎","書籍網站":"https:\/\/www.kingstone.com.tw\/\/basic\/2013590003274?zone=book&lid=book_class3_efc&actid=book_class3_efc","作者":"S.R.Conklin","出版社":"亞洲      ","ISBN":9789867667618.0,"圖片網址":"https:\/\/cdn.kingstone.com.tw\/book\/images\/product\/20135\/2013590003274\/2013590003274b.jpg","書籍簡介":"\r\n\r\n六千五百萬年前，一場毀滅性的大災難造成恐龍與其他生物集滅亡，從此，一度在地球上橫行的恐龍化為一具具化石．　　這場地球大災變的元兇究竟是什麼，謎一樣的恐龍真的全部滅絕了嗎？　　叢林沼澤裡為什麼頻頻出現疑似翼龍、梁龍、劍龍和蛇頸龍的神祕動物，這是恐龍尚未滅絕的證據嗎？\r\n                    \r\n"}
{"書名":"侏儸紀恐龍大百科","書籍網站":"https:\/\/www.kingstone.com.tw\/\/basic\/2013590003144?zone=book&lid=book_class3_efc&actid=book_class3_efc","作者":"黑川光廣","出版社":"三悅文化  ","ISBN":9789575265458.0,"圖片網址":"https:\/\/cdn.kingstone.com.tw\/book\/images\/product\/20135\/2013590003144\/2013590003144b.jpg","書籍簡介":"\r\n\r\n\r\n\t本書收納了侏儸紀的恐龍２００種，草食性恐龍、肉食性恐龍、大型恐龍、小型恐龍，種種的侏儸紀恐龍已全彩圖鑑呈現，讓您對充滿幻想的侏儸紀世界，有更多的認識！\r\n\r\n"}
{"書名":"神祕消失的恐龍帝國","書籍網站":"https:\/\/www.kingstone.com.tw\/\/basic\/2013590002932?zone=book&lid=book_class3_efc&actid=book_class3_efc","作者":"S.R.Conklin","出版社":"亞洲      ","ISBN":9789867667557.0,"圖片網址":"https:\/\/cdn.kingstone.com.tw\/book\/images\/product\/20135\/2013590002932\/2013590002932b.jpg","書籍簡介":"\r\n\r\n　　恐龍統治地球長達一億數千萬年後，在六千五百萬年前神秘地集體滅亡。科學家從「地球大災變」的觀點來解釋恐龍帝國的滅絕，主張原因是冰河融解、天候變化、地球磁場逆轉……等等因素，但是，也有科學家主張是彗星撞地球造成的結果，更有研究專家提出驚人理論，認為這是創造人類的外星人所策劃的恐怖屠殺慘案…… \r\n\r\n"}
{"書名":"恐龍與史前動物圖鑑","書籍網站":"https:\/\/www.kingstone.com.tw\/\/basic\/2023590002825?zone=book&lid=book_class3_efc&actid=book_class3_efc","作者":"理察森","出版社":"貓頭鷹    ","ISBN":9789867879813.0,"圖片網址":"https:\/\/cdn.kingstone.com.tw\/book\/images\/product\/20235\/2023590002825\/2023590002825b.jpg","書籍簡介":"\r\n\r\n最受歡迎的暴龍曾經是已知最大型的肉食恐龍，但是牠的寶座已經在1995年被誰取代了？中國大陸發現了什麼恐龍可以證明鳥類是恐龍後裔？始祖鳥是溫血動物？始祖象長得不像大象，反而像河馬？翼龍、魚龍、蛇頸龍並非恐龍？許多奇特、有趣的古生物知識正等著我們一一去揭發！一、收入截至目前為止，全世界最新出土的古生物物種補齊近十年來恐龍與古生物的重大發現，以1998年為例，就有蒙古的蘇娃蒙古古鳥、北非可能吃魚的似鱷龍、美國的加斯頓甲龍、中國的像火雞的尾羽龍等。共收入100屬恐龍與祖先、32屬海空爬行動物、80屬史前動物，還有306個其他恐龍名冊。二、結合各科門專家的智慧，呈現700件以上擬真繪圖、素描、攝影及精緻模型古生物學經常被修正，任何新挖出的化石都可能推翻累積甚至達百年的學說。因此，恐龍與史前動物的相關知識，需要長期不間斷地整合各科門專家的智慧、努力，甚至想像力才能落實！DK以三十年的編輯技術，集合古生物學家、科普作家、模型專家，電腦繪圖專家，再整合歷來已知的研究成果，將212隻遠古動物一一復原，大多數以數位寫真繪圖表現得栩栩如生，不只用傳統的骨架表現法，而是有血有肉，甚至還有表情與動作！同時還附上化石、化石遺跡與挖掘地點攝影、化石發現地圖，以及與人比大小的剪影圖。紀實邊框扼要記錄該物種的分類地位、棲地、食性及行為。讓恐龍宛如站在你面前！除了212屬恐龍與史前動物的鑑別圖鑑，本書還涵括了百科全書功能的緒論，闡述生物的分類、恐龍的定義、恐龍的分類、哺乳類和鳥類的演化、化石證據及各地質年代的簡介。書末還收入306個恐龍名稱，介紹目前已面世、但化石證據還待進一步蒐羅的重要恐龍，方便恐龍迷做進一步檢索與研究。唯一全面收錄最近十年全球恐龍大發現！第一本收錄中國古生物重要發現的世界級工具書。\r\n                    \r\n"}
{"書名":"中國恐龍時代","書籍網站":"https:\/\/www.kingstone.com.tw\/\/basic\/2013590002512?zone=book&lid=book_class3_efc&actid=book_class3_efc","作者":"甄朔南","出版社":"知識風    ","ISBN":9789861210582.0,"圖片網址":"https:\/\/cdn.kingstone.com.tw\/book\/images\/product\/20135\/2013590002512\/2013590002512b.jpg","書籍簡介":"\r\n\r\n恐龍是中生代時期叱吒風雲的霸主，也是地球有史以來最大的動物，而中國，更是世界上出土恐龍化石最多的國家之一。本書不僅介紹中國發現的恐龍之型體、特點和生活習性，透過力求逼真的精美插圖重現其原貌，並歸納世界其他地區發現的恐龍演化及分類，作有系統的連帶介紹。本書榮獲2002年「吳大猷科學普及著作獎」佳作，堪稱是第一本針對中國恐龍做最完善最詳盡的紀錄文本。想要知道中國恐龍在演化史上的位置嗎？快來加入這趟你絕不能錯過的生物驚奇探險！\r\n                    \r\n"}
{"書名":"食草恐龍","書籍網站":"https:\/\/www.kingstone.com.tw\/\/basic\/2013000023366?zone=book&lid=book_class3_efc&actid=book_class3_efc","作者":"杜格爾．狄","出版社":"三聯書店  ","ISBN":9789620420283.0,"圖片網址":"https:\/\/cdn.kingstone.com.tw\/book\/images\/product\/20130\/2013000023366\/2013000023366b.jpg","書籍簡介":"\r\n\r\n面面俱到地瀏覽曾在地球上漫遊的食草恐龍，從地面上到處跑動的小生物到曾在地球上走動過的最龐大的動物。　　尋找有關……　　最早的食草恐龍的進化和19世紀禽龍的發現　　食草巨獸如地震龍，身長達到了50米之多　　　各種最新的恐龍科學理論　　所有主要的恐龍群體，從蜥腳亞目恐龍到節結龍科和劍龍科恐龍　　科學家們如何通過幾塊骨頭碎片，以零見整，推論過去 \r\n\r\n"}
{"書名":"食肉恐龍","書籍網站":"https:\/\/www.kingstone.com.tw\/\/basic\/2013000023496?zone=book&lid=book_class3_efc&actid=book_class3_efc","作者":"杜格爾．狄","出版社":"三聯書店  ","ISBN":9789620420276.0,"圖片網址":"https:\/\/cdn.kingstone.com.tw\/book\/images\/product\/20130\/2013000023496\/2013000023496b.jpg","書籍簡介":"\r\n\r\n面面俱到地瀏覽曾在地球上漫遊的食肉恐龍，從霸王龍這樣的龐然大物到沒有小雞大的小型食肉動物。\r\n                    \r\n"}
{"書名":"海中恐龍","書籍網站":"https:\/\/www.kingstone.com.tw\/\/basic\/2013000023526?zone=book&lid=book_class3_efc&actid=book_class3_efc","作者":"杜格爾．狄","出版社":"三聯書店  ","ISBN":9789620420290.0,"圖片網址":"https:\/\/cdn.kingstone.com.tw\/book\/images\/product\/20130\/2013000023526\/2013000023526b.jpg","書籍簡介":"\r\n\r\n全面地瀏覽史前海洋的各種恐龍，從水中生活的淺水爬虫類到深水的巨型龐然大物。這里尋找有關﹕　　從陸地返回海洋的早期游水爬虫類爬虫類如何學會適應水中生活魚龍類恐龍和蛇頸龍﹑蒼龍類與巨型鑩魚早期爬虫糊和它們現代同類之間的相似動物白堊紀大毀滅和大型海中哺乳動物的崛起種種最新的科學理論本冊收有70幅彩色插圖和照片，這個系列遍覽恐龍時代，從食肉動物與食草動物到海里各種野獸。\r\n\r\n"}
{"書名":"空中恐龍","書籍網站":"https:\/\/www.kingstone.com.tw\/\/basic\/2013000023656?zone=book&lid=book_class3_efc&actid=book_class3_efc","作者":"杜格爾．狄","出版社":"三聯書店  ","ISBN":9789620420306.0,"圖片網址":"https:\/\/cdn.kingstone.com.tw\/book\/images\/product\/20130\/2013000023656\/2013000023656b.jpg","書籍簡介":"\r\n\r\n面面俱到地瀏覽曾在地球上漫遊的食肉恐龍，從霸王龍這樣的龐然大物到沒有小雞大的小型食肉動物。　　尋找……　　19世紀有關恐龍的發現情況。　　早期的捕獵動物和侏羅紀巨獸　　長羽毛的食肉恐龍以及恐龍與鳥之間的關係　　各種最新的恐龍科學理論　　霸王龍的衰敗與新恐龍王的崛起　　收有70多幅彩色插圖和照片，這個系列遍覽恐龍時代，從食肉恐龍與食草恐龍到空中和海裡的各種恐龍。 \r\n\r\n"}
{"書名":"新世紀恐龍大百科－特價499元","書籍網站":"https:\/\/www.kingstone.com.tw\/\/basic\/2023590002085?zone=book&lid=book_class3_efc&actid=book_class3_efc","作者":"貓頭鷹    ","出版社":"停售","ISBN":4710589644866.0,"圖片網址":"https:\/\/cdn.kingstone.com.tw\/book\/images\/product\/20235\/2023590002085\/2023590002085b.jpg","書籍簡介":"\r\n\r\n這是一本全方位探討恐龍的鉅著。專題報導─分五大類，55隻最具代表性的恐龍個別介紹。收錄目前世界已知的所有恐龍名稱、學名意義、分類及出土地點等基本資料。有著精巧的模型及栩栩如生的復原圖，宛如中生代歷史重現。閱讀《新世紀恐龍大百科》是一場結合知性與感性的宴饗。這本全方位探討恐龍故事的《新世紀恐龍大百科》，將是你無可抗拒的經典指南。\r\n                    \r\n"}
{"書名":"見龍在田（恐龍現形記）","書籍網站":"https:\/\/www.kingstone.com.tw\/\/basic\/2013590001980?zone=book&lid=book_class3_efc&actid=book_class3_efc","作者":"張碧慧","出版社":"經典雜誌  ","ISBN":9789868030411.0,"圖片網址":"https:\/\/cdn.kingstone.com.tw\/book\/images\/product\/20135\/2013590001980\/2013590001980b.jpg","書籍簡介":"\r\n\r\n橫跨美、亞的實地勘查採訪，五萬餘字、兩百多張圖片與國際名家插畫，使遠古恐龍再度現行。《經典》重返恐龍時代，三組資深採訪人員，三條橫跨亞洲與北美洲的實地勘查路線，經過兩千多個小時戈壁大漠與風雪冰原試煉的日子，由二○○一年冬天延續到二○○二年春天的億萬年前恐龍現場報導。採訪小組深入中國、美國、加拿大等恐龍化石挖掘現場、恐龍博物館，收集第一手恐龍資料，經編輯與美術設計製作、重繪各種恐龍圖表，並請專人繪製恐龍復原圖，嘗試還原在田野挖掘出的恐龍化石之原貌，使遠古的恐龍透過此書再次現形於讀者眼前。\r\n                    \r\n"}
{"書名":"兩爬群相","書籍網站":"https:\/\/www.kingstone.com.tw\/\/basic\/2013880024354?zone=book&lid=book_class3_efc&actid=book_class3_efc","作者":"黃之暘．莊","出版社":"人人      ","ISBN":9789573004912.0,"圖片網址":"https:\/\/cdn.kingstone.com.tw\/book\/images\/product\/20138\/2013880024354\/2013880024354b.jpg","書籍簡介":"\r\n\r\n縱使他們使用與我們截然不同的語言即表達方式，然而卻也喜怒哀樂兼備；也因如此，想藉由長時間的接觸，近距離的拍攝與試圖貼近身影的擬人描寫，讓向來對於這些兩棲爬蟲陌生的人，以另一個輕鬆、詼諧卻也不失真實的角度，對他們有更進一步的認識。\r\n                    \r\n"}
{"書名":"恐龍現場","書籍網站":"https:\/\/www.kingstone.com.tw\/\/basic\/2013880022510?zone=book&lid=book_class3_efc&actid=book_class3_efc","作者":"JOHN R HORME","出版社":"先覺      ","ISBN":9789576074219.0,"圖片網址":"https:\/\/cdn.kingstone.com.tw\/book\/images\/product\/20138\/2013880022510\/2013880022510b.jpg","書籍簡介":"\r\n\r\n恐龍現場\r\n　著名的古生物學者，同時身兼《侏儸紀公園》與《失落的世界》兩片中的技術總監約翰．歐納，帶領一群懷有同樣夢想的義工，在蒙大拿州各地進行考古探勘。\r\n\r\n　他們挖掘出無數的恐龍蛋，幼龍骨骼與恐龍巢穴，從中一窺恐龍在演化時候的秘密。並且重新省思人類和所有物種的興衰與消長。\r\n\r\n　在本書中，歐納帶領我們一同到野外冒險，和大自然搏鬥，發覺廣大的化石床，揭開恐龍的生死之謎。他與我們分享有新發現時的快樂，學術上精進時的愉悅，以及工作夥伴去世時的無限哀傷。\r\n\r\n　藉由最新的科技發明，歐納拼湊出恐龍的成長過程，哺育後代的方法，以及群居社會行為的真面貌。在研究六億年前宇宙萬物的過程當中，歐納看盡生命與死亡的糾纏，了解到個體的存在純屬奇蹟。人賴一旦思及過往，就會對為來產生好奇之心。\r\n\r\n　本書將戶外冒險，巧妙推理，科技魅力交織成天衣無縫的作品，堪稱科學田野工作的典範，其影響必定深遠而歷久不衰。\r\n                    \r\n"}
{"書名":"新世紀恐龍大百科","書籍網站":"https:\/\/www.kingstone.com.tw\/\/basic\/2023590001613?zone=book&lid=book_class3_efc&actid=book_class3_efc","作者":"大衛．蘭伯","出版社":"貓頭鷹    ","ISBN":9789579684705.0,"圖片網址":"https:\/\/cdn.kingstone.com.tw\/book\/images\/product\/20235\/2023590001613\/2023590001613b.jpg","書籍簡介":"\r\n\r\n新世紀恐龍大百科\r\n　這是一本全方位探討恐龍的鉅著。通盤解說－－圖文並茂，深入淺出的專文，從各個角度認識恐龍。專題報導－－分五大類，５５隻最具代表性的恐龍個介紹。實用手冊－－收錄目前世界已知的所有恐龍名稱、學名意義、分類及出土地點等基本資料。\r\n　本書是諸多專業學者及藝術工作者的心血結晶，揭發千古謎獸之奧祕，入門精研兩相宜。精巧的模型及栩栩如生的復原圖，宛如中生代歷史重現。閱讀《新世紀恐龍大百科》是一場結合知性與感性的宴饗。 \r\n\r\n"}
{"書名":"霸王龍的最後一眼","書籍網站":"https:\/\/www.kingstone.com.tw\/\/basic\/2013590001560?zone=book&lid=book_class3_efc&actid=book_class3_efc","作者":"阿佛雷茲","出版社":"新新聞文化","ISBN":9789578306288.0,"圖片網址":"https:\/\/cdn.kingstone.com.tw\/book\/images\/product\/20135\/2013590001560\/2013590001560b.jpg","書籍簡介":"\r\n\r\n恐龍消失之謎\r\n　曾經有一個遙遠的時代，存在著如此巨大又如此智慧的動物，每一位成長的小孩，在模物管中看著他們的骨骼標本，或再書上看著他們的圖片時，都曾為之深深的著迷。\r\n\r\n　地球歷史上五大滅絕中最負盛名的恐龍大滅絕，究竟是基因不好，還是運氣不好。恐龍在六千五百萬年前，突然神秘的滅絕了，誰是兇手，眾說紛紜，莫衷一是。直到八○年代，在KT界發現銥反常，才確定兇手是－－大隕石。直到九○年代初期，找到了凶器所在。\r\n\r\n　本書作者便是最早提出「彗星撞地球」理論的科學家之一。這本專著《霸王龍的最後一眼》，正是穿梭於科學與人文，生命演化與天外火球造訪，恐龍滅絕與哺乳動物崛起，這個大自然中最迷人，最讓人困惑，也最引發爭辯的議題。\r\n\r\n　由最初始發現到第一個證據的頂尖科學家娓娓道來。走出了陰冷幽暗的象牙塔，以平鋪直敘的筆觸，像福爾摩斯探案般，層層撥開案情真相。依據蛛絲馬跡，斷簡殘片的證據，六千五百萬年前，石破天驚的那一幕，彷彿便在眼前重現。\r\n\r\n　科學家一直在探索著無窮無盡的大自然，持續不斷地嘗試探索大自然的奧秘。我們應用理性，盡其所能，而且與時推移，期望能了解的更多。\r\n                    \r\n"}
{"書名":"恐龍之謎","書籍網站":"https:\/\/www.kingstone.com.tw\/\/basic\/2013880018605?zone=book&lid=book_class3_efc&actid=book_class3_efc","作者":"郁慧芳","出版社":"業強      ","ISBN":9789576834776.0,"圖片網址":"https:\/\/cdn.kingstone.com.tw\/book\/images\/product\/20138\/2013880018605\/2013880018605b.jpg","書籍簡介":"0"}
{"書名":"新世紀恐龍大百科","書籍網站":"https:\/\/www.kingstone.com.tw\/\/basic\/2013040001980?zone=book&lid=book_class3_efc&actid=book_class3_efc","作者":"大衛．蘭","出版社":"貓頭鷹    ","ISBN":9789579684132.0,"圖片網址":"https:\/\/cdn.kingstone.com.tw\/book\/images\/product\/20130\/2013040001980\/2013040001980b.jpg","書籍簡介":"\r\n\r\n\r\n\t這是一本全方位探討恐龍的鉅著。通盤解說─圖文並茂、深入淺出的專文，從各個角度認識恐龍。專題報導─分五大類，55隻最具代表性的恐龍個別介紹。實用手冊─收錄目前世界已知的所有恐龍名稱、學名意義、分類及出土地點等基本資料。\r\n\r\n\t本書是諸多專業學者及藝術工作者的心血結晶，揭發千古謎獸之奧祕，入門精研兩相宜。精巧的模型及栩栩如生的復原圖，宛如中生代歷史重現。閱讀《新世紀恐龍大百科》是一場結合知性與感性的宴饗。\r\n\r\n"}
{"書名":"防止外牆剝落之設計．施工指南與解說","書籍網站":"https:\/\/www.kingstone.com.tw\/\/basic\/2013590001270?zone=book&lid=book_class3_efc&actid=book_class3_efc","作者":"日本建築仕","出版社":"詹氏書局  ","ISBN":9789577051202.0,"圖片網址":"https:\/\/cdn.kingstone.com.tw\/book\/images\/product\/20135\/2013590001270\/2013590001270b.jpg","書籍簡介":"0"}
{"書名":"恐龍","書籍網站":"https:\/\/www.kingstone.com.tw\/\/basic\/2013880019527?zone=book&lid=book_class3_efc&actid=book_class3_efc","作者":"尼克．克拉","出版社":"貓頭鷹    ","ISBN":9789579684217.0,"圖片網址":"https:\/\/cdn.kingstone.com.tw\/book\/images\/product\/20138\/2013880019527\/2013880019527b.jpg","書籍簡介":"\r\n\r\n恐龍\r\n　《口袋圖書館》系列的每一本書都小得可以放進口袋裡，內容份量卻也都可以滿足所有求知慾旺盛的腦袋，開啟你對自然科學與歷史等全方面的啟發。\r\n\r\n　另外《口袋圖書館》系列包羅萬象，有歷史、建築、古生物、動植物、科學、天文、地理、星象學、聖經等主題，雖然濃縮，卻頁頁展現洗鍊的文章與精美圖片，是邁入知識殿堂的最佳叩門磚。\r\n\r\n　因此，《口袋圖書館》系列除了全面探討相關主題的重要紀實，還有系統化組織的便覽篇章，包含精心設計的圖表、一目了然的地圖、最新的統計資料等，使得本系列既可收藏，又極富實用價值。\r\n\r\n　這裡的每個條目，都用一本書的篇幅來解釋；所以就單書而言，每本口袋圖書都是獨立而完整的專著，而就整體來說，這些書又是組成全套百科的重要元素。你可以自由選擇自己想要閱讀的條目，輕鬆進入知識的殿堂。\r\n\r\n　在貓頭鷹「口袋圖書館」系列的《恐龍》中，你可以從各個角度了解恐龍。首先從恐龍的定義、身體構造及各個部位的功用，還有生活型態來認識這類遠古的生物；繼而進入由精細插畫呈現的景觀中體驗恐龍所處的世界──分別見到不同時期的種種恐龍，也有與之共處的其他動物，以及當時的植物分布狀態；從導讀中還可以知道哪裡可以找到恐龍化石。恐龍的消失是因為沒搭上挪亞方舟嗎？本書列舉了多年來諸多科學家所提出的各種滅絕理論，讀者不妨也提出自己的推想。\r\n                    \r\n"}
{"書名":"化石","書籍網站":"https:\/\/www.kingstone.com.tw\/\/basic\/2013590001300?zone=book&lid=book_class3_efc&actid=book_class3_efc","作者":"道格拉斯．","出版社":"貓頭鷹    ","ISBN":9789579684316.0,"圖片網址":"https:\/\/cdn.kingstone.com.tw\/book\/images\/product\/20135\/2013590001300\/2013590001300b.jpg","書籍簡介":"\r\n\r\n化石\r\n　《口袋圖書館》系列的每一本書都小得可以放進口袋裡，內容份量卻也都可以滿足所有求知慾旺盛的腦袋，開啟你對自然科學與歷史等全方面的啟發。\r\n\r\n　另外《口袋圖書館》系列包羅萬象，有歷史、建築、古生物、動植物、科學、天文、地理、星象學、聖經等主題，雖然濃縮，卻頁頁展現洗鍊的文章與精美圖片，是邁入知識殿堂的最佳叩門磚。\r\n\r\n　因此，《口袋圖書館》系列除了全面探討相關主題的重要紀實，還有系統化組織的便覽篇章，包含精心設計的圖表、一目了然的地圖、最新的統計資料等，使得本系列既可收藏，又極富實用價值。\r\n\r\n　這裡的每個條目，都用一本書的篇幅來解釋；所以就單書而言，每本口袋圖書都是獨立而完整的專著，而就整體來說，這些書又是組成全套百科的重要元素。你可以自由選擇自己想要閱讀的條目，輕鬆進入知識的殿堂。\r\n                    \r\n"}
{"書名":"化石圖鑑","書籍網站":"https:\/\/www.kingstone.com.tw\/\/basic\/2013590001140?zone=book&lid=book_class3_efc&actid=book_class3_efc","作者":"西爾．沃克","出版社":"貓頭鷹    ","ISBN":9789579684859.0,"圖片網址":"https:\/\/cdn.kingstone.com.tw\/book\/images\/product\/20135\/2013590001140\/2013590001140b.jpg","書籍簡介":"\r\n\r\n圖片百科的表現方式。專家執筆並加以詳細的審核，各個條目都涵蓋深入淺出的描述及附有注解的照片，突顯每個品種的特徵與鑑別重點；還有翔實的精細插畫顯現各化石生前的形貌；條列式套色說明欄更能瞬間加深讀者印象。專業水準的入門書。本書介紹化石的定，說明化石分門別類的方法，並教導如何進行有系統的蒐集。書中提供簡單明瞭的步驟，只要運用肉眼就可以正確分辨化石種類。書末扼要的名詞解釋更加速讀者理解專有名詞的含義。\r\n                    \r\n"}
{"書名":"恐龍：失去的侏羅紀王國","書籍網站":"https:\/\/www.kingstone.com.tw\/\/basic\/2013880016991?zone=book&lid=book_class3_efc&actid=book_class3_efc","作者":"Jean-Guy Michard","出版社":"時報文化  ","ISBN":9789571315829.0,"圖片網址":"https:\/\/cdn.kingstone.com.tw\/book\/images\/product\/20138\/2013880016991\/2013880016991b.jpg","書籍簡介":"\r\n\r\n魅惑之旅　恐龍是進化失敗的例證，仰或進化史上一個驚人的階段？牠們在漫長的1億5千萬年當中，持續蓬勃發展。然則何以在一夕之間突然消失？是因為白堊紀末期毀滅性的火山爆發，還是因為超新星的爆炸？牠們的生與死至今仍是個謎，神祕而引人遐思。　大約兩億兩千萬年前，恐龍主宰陸地。但後來牠們神秘地消聲匿跡，就此永遠在地球上消失了。牠們無從得知，人類如何苦苦地挖掘地層，力圖了解牠們的生命史。今天，這些中生代的「可怕的爬蟲類動物」，向現代的尖端科技下了挑戰書。從這些動物化石中，我們知道恐龍種類繁多，形態各異，教人神往，也令人害怕，在孩童的好奇、成人的驚訝、古生物學者的質疑中，恐龍藉著科學研究復活究了。　經過一次又一次的發現，我們終於逐漸清楚他們的骨骼構造，也大致瞭解了牠們的生態。但是，隨著答案接踵出現，新的問號也相繼衍生。明知所面對的謎團也許永不可解，為了知道更多，我們仍樂於接受恐龍的引誘，回到古代，隨著恐龍的出現、演變和滅絕，作一次魅惑之旅。《恐龍紀元》作者簡介Jean-Guy Michard　古生物學家，專門研究恐龍。曾多次赴非洲探險考察。目前任職於法國國立自然史博物館。\r\n                    \r\n"}
{"書名":"化石：洪荒世界的印記","書籍網站":"https:\/\/www.kingstone.com.tw\/\/basic\/2013590000808?zone=book&lid=book_class3_efc&actid=book_class3_efc","作者":"Yette Gayrard-Valy","出版社":"時報文化  ","ISBN":9789571315447.0,"圖片網址":"https:\/\/cdn.kingstone.com.tw\/book\/images\/product\/20135\/2013590000808\/2013590000808b.jpg","書籍簡介":"\r\n\r\n重現古生物的生活樣貌\r\n　神話傳說中的獨眼巨人，其實是乳齒象；身軀龐大驚人的巨人，則是恐龍。瑰麗的琥珀蘊藏了豐富的昆蟲和植物生命。科學家辛勤挖掘，從遺骸中追溯史前生物的本來面目，揭開化石的繽紛世界，重現古生物的生活樣貌。\r\n\r\n　1900年8月，西伯利亞東部。在布列佐夫卡（Berezovka）河岸上，兩個拉慕族（Lamoutes）獵人在追蹤一隻麋鹿的足跡。突然，他們的獵狗跑離路面，衝向幾公尺外的地方。那裡藏有一團黑漆漆的龐然大物，上前一看，赫然是一具完好無損的屍體，長得奇形怪狀。他們用斧頭砍下象牙，把它切割成幾段。幾天以後，哥薩克人雅夫洛夫斯基通知了地方的首長，首長最後給聖彼得堡的科學院送了一份報告。\r\n\r\n　聖彼得堡，1901年5月。三位俄國科學家坐在開往伊爾庫次克（Irkoutsk）的火車裡：赫爾茨、塞瓦斯佳諾夫和普菲贊梅耶受科學院之託，準備到西伯利亞運回長毛象。他們帶了1萬6千盧布，用來支付人工、裝備和物資。從伊爾庫次克到布列佐夫卡河，路程遙遠，得坐6000公里的雪撬。9月2日，他們來到科林姆斯克。\r\n\r\n　9月14日，這三位科學家望見在落葉松林子那頭，長毛象矗立在空中的腦袋；這動物的身軀和四肢還完全埋在冰雪之中。\r\n\r\n　為了把這隻凍結在地底下的龐然大物挖出來，他們決定烤熱泥土，使冰雪融化；他們在長毛象周圍，建了一間類似三溫暖浴室的木屋，由兩具爐子加熱……。\r\n作者簡介\r\nYvette Gayrard-Valy\r\n\r\n　法國國家科學研究中心工程師。目前派駐於巴黎國立自然史博物館古生物學研究所，負責無脊椎動物的收藏品。\r\n                    \r\n"}
{"書名":"恐龍與你見面","書籍網站":"https:\/\/www.kingstone.com.tw\/\/basic\/2013870012415?zone=book&lid=book_class3_efc&actid=book_class3_efc","作者":"麥可．班頓","出版社":"時報文化  ","ISBN":9789571311685.0,"圖片網址":"https:\/\/cdn.kingstone.com.tw\/book\/images\/product\/20138\/2013870012415\/2013870012415b.jpg","書籍簡介":"\r\n\r\n恐龍\r\n　沒有人真的看過恐龍，但是從地球的日記──地層的化石遺跡中，我們讀到：在六千五百萬年前到兩億年前，恐龍是地球的統治者！牠們從小得像海鷗的翼龍，到平均身高十三公尺、身長二十三公尺、體重八萬多公斤的梁龍，真是種類繁多！本書就要介紹三十九種最有趣與最有名的恐龍，告訴你牠們的特徵和生活的情形。\r\n                    \r\n"}
{"書名":"恐龍再現","書籍網站":"https:\/\/www.kingstone.com.tw\/\/basic\/2013880015499?zone=book&lid=book_class3_efc&actid=book_class3_efc","作者":"雷森","出版社":"天下文化  ","ISBN":9789576212208.0,"圖片網址":"https:\/\/cdn.kingstone.com.tw\/book\/images\/product\/20138\/2013880015499\/2013880015499b.jpg","書籍簡介":"\r\n\r\n恐龍復活\r\n　恐龍復活了？恐龍王朝長達一億六千萬年，在六千五百萬年前滅絕後，已徹底覆亡。如今，恐龍是否又重現世間？全世界只有三十位左右的科學家在發掘恐龍，近二十年卻以平均每七個星期命名一恐龍新種的速度，努力重塑恐龍的形貌、生活型態和智慧。正是這群默默耕耘的科學家，讓恐龍又「重現世間」！\r\n\r\n　本書記述的不是科幻式的「侏儸紀公園」，而是一場驚天動地的恐龍科學大革命！描繪恐龍的書籍很多，但只有本書從「人與恐龍」的角度，呈現恐龍與恐龍科學家之間的故事。\r\n作者簡介\r\n　雷森（Don Lessem）  美國專欄作家，其恐龍文章常在紐約時報、芝加哥論壇報、發現（Discovery）雜誌、歐敏（Omni）雜誌上發表。並在美國公共電視網（PBS）主持「新星」（Nova）系列節目，介紹恐龍。他並組織了一個「恐龍協會」（The  Dinosaur Society）支助科學研究及教育工作、辦一份「恐龍時代」（Dino Times）兒童報，積極從事科學扎根的工作。\r\n                    \r\n"}
{"書名":"新世紀恐龍大百科","書籍網站":"https:\/\/www.kingstone.com.tw\/\/basic\/2023040001743?zone=book&lid=book_class3_efc&actid=book_class3_efc","作者":"大衛蘭伯","出版社":"貓頭鷹    ","ISBN":9789578686137.0,"圖片網址":"https:\/\/cdn.kingstone.com.tw\/book\/images\/product\/20230\/2023040001743\/2023040001743b.jpg","書籍簡介":"0"}
{"書名":"恐龍大帝國","書籍網站":"https:\/\/www.kingstone.com.tw\/\/basic\/2023880013678?zone=book&lid=book_class3_efc&actid=book_class3_efc","作者":"優墨      ","出版社":"停售","ISBN":null,"圖片網址":"https:\/\/cdn.kingstone.com.tw\/book\/images\/product\/20238\/2023880013678\/2023880013678b.jpg","書籍簡介":"0"}
{"書名":"圖繪恐龍地圖集","書籍網站":"https:\/\/www.kingstone.com.tw\/\/basic\/2023880013548?zone=book&lid=book_class3_efc&actid=book_class3_efc","作者":"威廉．林得","出版社":"台英      ","ISBN":9789576322310.0,"圖片網址":"https:\/\/cdn.kingstone.com.tw\/book\/images\/product\/20238\/2023880013548\/2023880013548b.jpg","書籍簡介":"0"}
{"書名":"史前動物","書籍網站":"https:\/\/www.kingstone.com.tw\/\/basic\/2013880001034?zone=book&lid=book_class3_efc&actid=book_class3_efc","作者":"幼獅文化  ","出版社":"停售","ISBN":null,"圖片網址":"https:\/\/cdn.kingstone.com.tw\/book\/images\/product\/20138\/2013880001034\/2013880001034b.jpg","書籍簡介":"0"}
{"書名":"恐龍事典","書籍網站":"https:\/\/www.kingstone.com.tw\/\/basic\/2013590000358?zone=book&lid=book_class3_efc&actid=book_class3_efc","作者":"科學館","出版社":"武陵出版社","ISBN":null,"圖片網址":"https:\/\/cdn.kingstone.com.tw\/book\/images\/product\/20135\/2013590000358\/2013590000358b.jpg","書籍簡介":"0"}
{"書名":"恐龍百科全書","書籍網站":"https:\/\/www.kingstone.com.tw\/\/basic\/2023880003921?zone=book&lid=book_class3_efc&actid=book_class3_efc","作者":"陳祈明","出版社":"遠流      ","ISBN":null,"圖片網址":"https:\/\/cdn.kingstone.com.tw\/book\/images\/product\/20238\/2023880003921\/2023880003921b.jpg","書籍簡介":"0"}
{"書名":"恐龍時代","書籍網站":"https:\/\/www.kingstone.com.tw\/\/basic\/2023080017384?zone=book&lid=book_class3_efc&actid=book_class3_efc","作者":"圖文      ","出版社":"停售","ISBN":null,"圖片網址":"https:\/\/cdn.kingstone.com.tw\/book\/images\/product\/20230\/2023080017384\/2023080017384b.jpg","書籍簡介":"0"}
{"書名":"史前怪獸：恐龍","書籍網站":"https:\/\/www.kingstone.com.tw\/\/basic\/2023080137259?zone=book&lid=book_class3_efc&actid=book_class3_efc","作者":"PEGGY D.WINS","出版社":"迪茂      ","ISBN":null,"圖片網址":"https:\/\/cdn.kingstone.com.tw\/book\/images\/product\/20230\/2023080137259\/2023080137259b.jpg","書籍簡介":"0"}
{"書名":"恐龍生態圖鑑","書籍網站":"https:\/\/www.kingstone.com.tw\/\/basic\/2023880011674?zone=book&lid=book_class3_efc&actid=book_class3_efc","作者":"京甫      ","出版社":"停售","ISBN":null,"圖片網址":"https:\/\/cdn.kingstone.com.tw\/book\/images\/product\/20238\/2023880011674\/2023880011674b.jpg","書籍簡介":"0"}
{"書名":"新恐龍","書籍網站":"https:\/\/www.kingstone.com.tw\/\/basic\/2013880011101?zone=book&lid=book_class3_efc&actid=book_class3_efc","作者":"巧集出版社","出版社":"巧集      ","ISBN":null,"圖片網址":"https:\/\/cdn.kingstone.com.tw\/book\/images\/product\/20138\/2013880011101\/2013880011101b.jpg","書籍簡介":"0"}
{"書名":"圖解恐龍識典","書籍網站":"https:\/\/www.kingstone.com.tw\/\/basic\/2013880011231?zone=book&lid=book_class3_efc&actid=book_class3_efc","作者":"巧集出版社","出版社":"巧集      ","ISBN":null,"圖片網址":"https:\/\/cdn.kingstone.com.tw\/book\/images\/product\/20138\/2013880011231\/2013880011231b.jpg","書籍簡介":"0"}
{"書名":"恐龍小百科","書籍網站":"https:\/\/www.kingstone.com.tw\/\/basic\/2013880011361?zone=book&lid=book_class3_efc&actid=book_class3_efc","作者":"書佑文化  ","出版社":"停售","ISBN":null,"圖片網址":"https:\/\/cdn.kingstone.com.tw\/book\/images\/product\/20138\/2013880011361\/2013880011361b.jpg","書籍簡介":"0"}
{"書名":"生命的歷史","書籍網站":"https:\/\/www.kingstone.com.tw\/\/basic\/2013590000648?zone=book&lid=book_class3_efc&actid=book_class3_efc","作者":"巧集出版社","出版社":"巧集      ","ISBN":null,"圖片網址":"https:\/\/cdn.kingstone.com.tw\/book\/images\/product\/20135\/2013590000648\/2013590000648b.jpg","書籍簡介":"0"}
{"書名":"不可思議的恐龍","書籍網站":"https:\/\/www.kingstone.com.tw\/\/basic\/2023080113987?zone=book&lid=book_class3_efc&actid=book_class3_efc","作者":"護幼社文化","出版社":"停售","ISBN":9789579561396.0,"圖片網址":"https:\/\/cdn.kingstone.com.tw\/book\/images\/product\/20230\/2023080113987\/2023080113987b.jpg","書籍簡介":"0"}
{"書名":"恐龍的奧秘","書籍網站":"https:\/\/www.kingstone.com.tw\/\/basic\/2013880010289?zone=book&lid=book_class3_efc&actid=book_class3_efc","作者":"暢文      ","出版社":"停售","ISBN":null,"圖片網址":"https:\/\/cdn.kingstone.com.tw\/book\/images\/product\/20138\/2013880010289\/2013880010289b.jpg","書籍簡介":"0"}
{"書名":"恐龍之謎","書籍網站":"https:\/\/www.kingstone.com.tw\/\/basic\/2023080101496?zone=book&lid=book_class3_efc&actid=book_class3_efc","作者":"張豐榮主編","出版社":"泉源      ","ISBN":9789575731045.0,"圖片網址":"https:\/\/cdn.kingstone.com.tw\/book\/images\/product\/20230\/2023080101496\/2023080101496b.jpg","書籍簡介":"0"}
{"書名":"再見恐龍","書籍網站":"https:\/\/www.kingstone.com.tw\/\/basic\/2013880008118?zone=book&lid=book_class3_efc&actid=book_class3_efc","作者":"張譽騰","出版社":"大鴻      ","ISBN":null,"圖片網址":"https:\/\/cdn.kingstone.com.tw\/book\/images\/product\/20138\/2013880008118\/2013880008118b.jpg","書籍簡介":"0"}
{"書名":"不可思議的化石","書籍網站":"https:\/\/www.kingstone.com.tw\/\/basic\/2013590000488?zone=book&lid=book_class3_efc&actid=book_class3_efc","作者":"大展      ","出版社":"停售","ISBN":null,"圖片網址":"https:\/\/cdn.kingstone.com.tw\/book\/images\/product\/20135\/2013590000488\/2013590000488b.jpg","書籍簡介":"0"}
{"書名":"不可思議的恐龍","書籍網站":"https:\/\/www.kingstone.com.tw\/\/basic\/2013880007326?zone=book&lid=book_class3_efc&actid=book_class3_efc","作者":"大展      ","出版社":"停售","ISBN":null,"圖片網址":"https:\/\/cdn.kingstone.com.tw\/book\/images\/product\/20138\/2013880007326\/2013880007326b.jpg","書籍簡介":"0"}
