{"書名":"Learn How to Hack 2021","書籍網站":"https:\/\/www.kingstone.com.tw\/\/basic\/203c106331342?zone=english&lid=search&actid=WISE&kw=Hack&pi=0","作者":"Kevin,Cannon","出版社":"Ingram      ","ISBN":9781667107943,"圖片網址":"https:\/\/cdn.kingstone.com.tw\/english\/images\/product\/7943\/9781667107943.jpg","書籍簡介":"\r\n\r\n\r\n如何用別人的智慧解決你的問題！\r\n《生命是長期而持續的累積》作者彭明輝新作，教你掌握知識經濟時代的核心能力\r\n\t \r\n\r\n\t彭明輝〈學術文獻回顧與分析的程序與技巧〉，一篇震撼海峽兩岸大學的文章，網站點閱超過100萬次！\r\n\t北京四大高校的博士生為它舉辦了一次跨校討論會，一個學術研討會將它印給全體與會者。\r\n\t新竹的國立交通大學圖書館連續兩年邀彭明輝演講並錄影，很多實驗室都把這錄影帶列為「新生必看」。\r\n\t本書《研究生完全求生手冊：方法、秘訣、潛規則》即由該文延伸而成，是國內外指導教授不會教、攸關碩博士生研究成敗的要領！\r\n\r\n\t用別人的智慧，解決自己的問題\r\n\r\n\t彭明輝《研究生完全求生手冊》的寫作目標聚焦在碩、博士生所需要的基本能力，以及畢業前所需要的研究方法、訣竅與潛規則，而不奢談更高深的創意或研究方法。\r\n\r\n\t此外，為了讓這些方法易學、易用，彭明輝還把不可捉摸的研究方法與創意精煉成一套「研究工作DIY」的分解動作，引導讀者由淺入深，逐步掌握文獻回顧、批判性思考與創新的要領，讓他們可以只靠前人的智慧就生產出不錯的碩士論文，但又為讀者的個人天分保留充分的發揮餘地。\r\n\r\n\t最重要的是這項研究能力還可以轉化為終生受用的核心能力，讓你的工作、人生邁向更高的境界。\r\n\r\n本書最佳使用指南\r\n\r\n\t《研究生完全求生手冊》有兩種可能的用法：其一碩士生自己培養研究能力或博士生和研發工程師提升研究能力的工具書；其二是研究所新生訓練或企業界研發單位新人訓練的教材。\r\n\r\n\t起步\r\n\t第1章介紹研究所可以學到的能力，以及它們如何讓人「終生受用」；\r\n\t第2章區辨學術論文的良窳，讓讀者知道自己要找的是怎樣的「金礦」；\r\n\t第3章將研究工作分成十三個主要步驟，並且建議一個工作進度表，供讀者參考。如果把研究工作比喻為一趟探險之旅，這三章合起來等於是「行前說明」。\r\n\r\n\t如何進行研究工作\r\n\t第4章談如何選指導教授；\r\n\t第5章到第16章討論選題、總覽式文獻回顧、彙整批判性思考的要領與原則、創新的策略、十倍速文獻回顧的要領、研究規劃與風險控管、盤點研究成果與鞏固深化、論文寫作，以及口試委員的期待。\r\n\t這十三章就是《研究生完全求生手冊》的核心。\r\n\t看似遺漏的一章是關於論文研究計畫書的撰寫，它是很多博士生和少數碩士生資格考的項目之一，但是絕大多數碩士生不需要寫論文研究計畫書，作者把它放在書末的〈附錄1：碩、博士論文計畫書〉。\r\n\r\n\t學術界、產業界如何相互為用\r\n\t第17章談研究所核心能力在職場與人生重大事件裡的轉化與活用；\r\n\t第18章談台灣這種後進、小國較適用的低成本、低耗時、低風險、高產出研發策略；\r\n\t第19章討論學界如何跨越產學鴻溝。\r\n\t這本書所介紹的研究能力不僅對研究生有用，還可以轉化為對台灣產業界與制度設計非常有參考價值的能力，用以促成產業升級。\r\n\r\n\t《研究生完全求生手冊》下筆力求流暢、易懂，用具體案例來深化讀者的吸收。本書強調方法論層次的觀念、要領和潛規則，目的在掌握建立讀者文獻回顧、自我批判與創新的能力，並且避免用瑣碎的技術性細節和規範來糾絆讀者的理解。\r\n\r\n學術界‧產業界大力推薦\r\n\r\n\t治學的人，世界很小，也很大。說小就是研究室，說大卻是全世界，彭教授的書，告訴我們如何享受那個大世界。──朱國瑞（中央研究院院士，台大物理系特聘研究講座教授）\r\n\r\n\t彭教授這本書的重點不在於文憑高分、也不在於如何進入有名的公司。它是一本透過科學精神、科學方法教導如何培養自我能力與獨立思考的書。──楊光磊（台積電研發中心處長）\r\n\r\n\t《研究生完全求生手冊》撰寫雖從研究生角度出發，一般企業的產品或技術研發部門，若能依循本書的DIY技巧詳實操作，相信在新產品的開發上也能獲得極大的助益。──柯茂全（四零四科技公司董事）\r\n\r\n\t《研究生完全求生手冊》是一本一步步協助你學習的優異指南，讓你除了順利得到一紙文憑當作事業的敲門磚，還真正掌握探索新知的信心和力量。──黃貞祥（清華大學分子與細胞生物研究所助理教授）\r\n\r\n\t每當有研究生問我關於學術文獻分析與論文題目選取等問題時，我總是推薦他們閱讀彭老師準備給他的實驗室學生的文件。如今彭老師將這些文件內容擴充並且彙整成為專書，……書中雖然是以理工科系作為範例，然而同樣適用於數量方法取向的經濟與財金科系的研究生以及研究人員。──何泰寬（清華大學計量財務金融學系教授）\r\n\r\n\t如果我在出國前就讀過這一本書，將會更懂得如何選學校、指導教授與研究題目，不會因為太在意獎學金而失去許多更好的機會。假如我在博士畢業前就讀過它，選擇職場跑道時會有更好的判斷依據，而不會浪費許多時間。──廖瑞蘋（矽谷科技公司Cisco前資深研究員）\r\n\r\n\t彭教授傾盡畢生研究、教學與產業心得，從「探索求知」一路到「務實應用」，所有心得與方法，都灌注到這本書中。字字金玉，篇篇深刻。──謝宇程（多年研究教育、人才培育的專欄／書籍作家）\r\n\r\n"}
{"書名":"Learn How to Hack 2021","書籍網站":"https:\/\/www.kingstone.com.tw\/\/basic\/203c106331343?zone=english&lid=search&actid=WISE&kw=Hack&pi=0","作者":"Kevin,Cannon","出版社":"Ingram      ","ISBN":9781667107950,"圖片網址":"https:\/\/cdn.kingstone.com.tw\/english\/images\/product\/7950\/9781667107950.jpg","書籍簡介":"\r\n\r\n\r\n日本哲學大叔又出招了，\r\n\t這回化身為教你如何寫論文的犀利導師！\r\n\r\n\r\n\t不知道論文怎麼下筆嗎？別人寫起來咻咻咻，你卻是頭皮抓到破？\r\n\t就讓笑哏用不完的哲學大叔，帶你走一趟既殘酷又感動且爆笑的論文寫作之旅吧！\r\n\t大叔從哲學家最擅長、而你最頭痛的「論證」著手，\r\n\t一步步讓你由抓頭皮到咻咻咻，從低空飛過變得揮灑自如。\r\n\t秘藏不傳的葵花寶典，絕對前所未聞，保證大開眼界！\r\n\t（噓，不要跟老師說這本書把他們的秘密都洩光光了！）\r\n\r\n\t論文是什麼！？是針對某個問題主張明確的答案，並且論證該主張的文章。本書主角是個不擅長寫文章的大一新生，在他想方設法寫出有閱讀價值的論文的奮鬥過程中，作者傳授了邏輯地寫作文章的知識。本書不只詳細介紹論文大綱的寫作方法，也清楚說明必須舉什麼樣的例證才能提高說服力，以及怎麼樣駁斥反對意見。這是本你讀了，就必定學會寫論文的終極入門書！\r\n\r\n【哲學大叔火花四濺的論文寫作語錄】\r\n\r\n\t「你是為了什麼要寫論文的呢？是為了不暴露自己的愚蠢嗎？不是吧。是為了要擺脫愚昧，才去思考、寫作論文的吧。……為什麼讀高中、大學要孜孜不倦地寫論文呢？因為這對於擺脫愚昧是必要的。如果只把寫論文當成學分必經的苦差事，是相當可惜的事。」\r\n\r\n\t「學術世界裡的基本規則是：『經過人們傾力調查、思考而獲得的真理、知識，基本上應該為人類全體所共享。但是，為了回報這些努力，必須對催生了這些真理、知識的人致敬。』剽竊違反了這個規則。剽竊被嚴厲地責難，是因為學生也被視為是學術界的一員。」\r\n\r\n\t「寫論文是把自己的想法以……別人可以檢驗的格式……提出主張，某種意義上是非常傲慢的行為，就像對別人說：『喂！你！還有你！你們如果腦筋清楚的話，就一定得接受我的結論！』因此這部分的責任會一直如影隨形地跟著你。如果沒有承擔這個責任的勇氣，那你一生就與論文無緣了。」\r\n\r\n\t「論文是為了說服別人而寫的文章，不是青春宣言，也不是愛的告白。要隱藏熱切的心，用冷靜的頭腦取得邏輯上的說服力。」\r\n\r\n\t「讓別人認可自己想法，不光只有寫論文這條路。利用對方的恐懼感來威脅，或者訴諸情感苦苦哀求也可以。利用對方的無知用騙的也行。……如果傳達自己的想法，得付出讓人害怕、同情或怨懟的代價，有另一條路不是更好嗎？那就是訴諸對方的理性來說服。而且我偏愛這種方式。為什麼呢？因為只有這種方式，才是把對方跟自己擺在對等的地位。」\r\n\r\n\t「不易閱讀的文章，並不是使用困難詞彙的文章，而是無法看透結構的文章。如果你們或我是某個領域最傑出的領袖學者，那不管寫的論文多難讀，大家還是會忍耐讀下去。但那是少數人的特權。我們既然是平凡人，就必須盡可能地在論文的結構上下功夫，讓讀者容易瞭解。」\r\n\r\n本書特色\r\n\r\n\t◎擅長以生動活潑的筆觸推廣學問的戶田山和久這次要教你寫論文！長銷日本二十萬冊的《論文教室》不但和他的《「科學的思考」九堂課：學校不教的科學》一樣，有著清晰的邏輯和清楚的結構，更明白地暴露了作者的毒舌本色。《論文教室》充分展現哲學大叔的魅力風格，集細膩的分析、充滿機鋒的對話，和激勵學子提升自我的諄諄善誘於一書。怎麼會有這麼神奇的論文寫作書！？\r\n\r\n\t◎哲學大叔以二十年教學生涯中批改過無數報告的經驗，綜合各種「差勁論文」的寫作特色，創造出虛擬人物「作文差勁男」。閱讀《論文教室》，你將與差勁男一同經歷寫論文過程中的憤怒、絕望、哭泣、吶喊及歡笑。大叔還運用收藏的大量樣本，秀出學生很容易「創造」出來的包括「幽靈」、「殭屍」、「烏賊飯」、「不明物體」、「頭腦星人」、「濃妝鬼」等等怪異文句，逐一分析這些不良寫作方式的問題所在。\r\n\r\n\t◎論文最重要的是結構！大叔以「播種」、「培育」的生動意象，一步步教你孕育出具有清晰結構的論文。首先播下論文的種子（「項目」大綱），接著從模模糊糊的問題，透過「角色扮演法」和「撞球法」發展出明確的大綱；隨著調查進展與思考深化，「項目大綱」應循序漸進地轉變成「語句大綱」；然後將語句大綱的各個語句當成主題句，再加上補充說明的附屬句，擴充形成「paragraph」；最終按部就班地膨脹成為文章，你就培育出具有完整結構的論文了。\r\n\r\n"}
{"書名":"Learn How to Hack 2021","書籍網站":"https:\/\/www.kingstone.com.tw\/\/basic\/203c106383240?zone=english&lid=search&actid=WISE&kw=Hack&pi=0","作者":"Kevin,Cannon","出版社":"Ingram      ","ISBN":9781008965720,"圖片網址":"https:\/\/cdn.kingstone.com.tw\/english\/images\/product\/5720\/9781008965720.jpg","書籍簡介":"\r\n\r\n\r\n\tChicago論文寫作格式出版至今，數十年來已幫助了各學科領域裡無數研究者與學生，能夠順利完成研究及論文的撰寫與提交。「芝加哥格式」又稱為「杜拉賓格式」（為了紀念原作者Kate L. Turabian），本書是為研究者示範「芝加哥格式」的權威工具書。\r\n\r\n\t \r\n\r\n\t本書涵蓋從事研究與論文寫作的所有步驟，共分為三部分：第一部分概述研究與寫作的每個步驟，包括草擬與修改；第二部分全方位地解說兩種「芝加哥格式」的引註方法；最後一部分闡述寫作格式，以及呈現引述和圖像資料的正確方法。\r\n\r\n\t \r\n\r\n第九版新增內容\r\n\r\n\t●引註數位資料與網路來源的指引\r\n\r\n\t●關於培養資訊素養的實質建議\r\n\r\n\t●更多關於論文電子格式與電子提交的指導\r\n\r\n\t●可與第17版的The Chicago Manual of Style對照使用\r\n\r\n\t \r\n\r\n"}
{"書名":"Learn How to Hack 2021","書籍網站":"https:\/\/www.kingstone.com.tw\/\/basic\/203c106180058?zone=english&lid=search&actid=WISE&kw=Hack&pi=0","作者":"Kevin,Cannon","出版社":"Ingram      ","ISBN":9781008965683,"圖片網址":"https:\/\/cdn.kingstone.com.tw\/english\/images\/product\/5683\/9781008965683.jpg","書籍簡介":"\r\n\r\n本世紀以來，向「學術期刊」投稿並發表論文業已成為不同領域眾多學術工作者日思夜夢卻難以揮之即去的暗影，而其「篇數」與「點數」（影響係數）的重要性則久已凌駕研究發現或成果之學術意涵，成為謀求學術地位與身分的捷徑與門路，功利導向甚濃。但學術期刊真的只是學術工作者的「發表工具」？其「學術性」為何？內在結構與運作流程以及外在體系的相關鍊結組件又為何？投稿人面對高退稿率的現況要如何自處？其所書寫之學術論著有何體例規範必須遵循？本書有意探索此一「學術黑盒子」的真實面貌，旨在揭櫫「學術期刊」涉及之寫作、投稿與審稿諸多考量，並以實例說明投稿人如何得與「學刊編輯委員會」（含主編與匿名評審）互動，藉此示範、闡述、釋疑向「學術期刊」投稿此一歷程可能含括之眾多內在元素。\r\n                    \r\n"}
{"書名":"Machine Learning","書籍網站":"https:\/\/www.kingstone.com.tw\/\/basic\/203c106255708?zone=english&lid=search&actid=WISE&kw=Hack&pi=0","作者":"Samuel,Hack","出版社":"Ingram      ","ISBN":9781801728782,"圖片網址":"https:\/\/cdn.kingstone.com.tw\/english\/images\/product\/8782\/9781801728782.jpg","書籍簡介":"\r\n\r\n\r\n\t高中階段是許多同學開始接觸學術研究的時期，小論文及科展的研究常常是同學們在學術之路的第一個研究作品。但是，高中是升學過程中極為關鍵的階段，如果想進行小論文的寫作通常需要付出相當多的額外心力，一本簡潔但精闢的工具書將可以提供許多重要的幫助。作者身為大學教授，希望能夠將自身豐富的研究及寫作經驗，轉化為簡潔扼要的內容，作為高中同學在進行學術研究時的指南。本書內容涵蓋了「學術倫理」、「研究進行」，和「論文寫作」三個重要面向，分別介紹研究進行前、研究進行中，以及研究完成後，同學們所需要培養與具備的研究概念及寫作能力。\r\n\r\n"}
{"書名":"Machine Learning","書籍網站":"https:\/\/www.kingstone.com.tw\/\/basic\/203c106391434?zone=english&lid=search&actid=WISE&kw=Hack&pi=0","作者":"Samuel,Hack","出版社":"Ingram      ","ISBN":9781801728775,"圖片網址":"https:\/\/cdn.kingstone.com.tw\/english\/images\/product\/8775\/9781801728775.jpg","書籍簡介":"\r\n\r\n\r\n\t◎本書適用對象 ☑碩博士論文 ☑小論文 ☑課堂報告 ☑論述性報告\r\n\r\n\t \r\n\r\n◎為什麼小論文、研究論文很難寫？\r\n\r\n\t資訊爆炸的時代下，不管是生活還是學問，都過分強調快速、方便。相較之下，生產出有價值的情報，或是成為有價值的情報生產者變得沒這麼重要。有些人稍微聽了一點報紙、電視等大眾媒體的資訊就一副了然於心的樣子，我把這些人稱為「資訊消費者」。但是，無論消費者多麼精通情報掌握，都不可能變成生產者。而論文就是所有情報資訊生產的集大成，所以我經常要求學生，與其當一個資訊的消費者，不如當生產者。\r\n\r\n\t \r\n\r\n\t◎Check！寫出結構清楚、妥當論證的六大論文重點\r\n\r\n\t \r\n\r\n【寫論文前該有的問題意識】\r\n\r\n\t1. 提問：論文的核心關鍵，而且還必須提出沒有人提過的問題。提出適當的問題，研究說成功了一半。提問有兩個條件，第一個是提出能回答的問題；第二是提出自己能力所及的問題。\r\n\r\n\t \r\n\r\n\t2. 原創性：提出沒有人提過的問題，就叫做「原創性」；而了解既有資訊的知識，稱為「素養」。人只要努力就能擁有素養，但原創性需要的是品味。那麼素養和原創性哪一個重要？如果有人這樣問我，我都會回答：兩者都重要，但硬要選一個的話，「有原創性但欠缺素養」比「有素養但缺乏原創性」好一點。\r\n\r\n\t \r\n\r\n【寫出具有導航功能的研究計畫】\r\n\r\n\t3. 先行研究：保持批判性才不會被既有的研究說服，不是看透已經有什麼，而是看透缺少什麼。別忘了！批判永遠是後進者（late comer）的特權。\r\n\r\n\t \r\n\r\n\t4. 研究計畫的十大金律：從研究主題到研究限制的十大要素，學會了，架構就出來了。\r\n\r\n\t \r\n\r\n\t5. 沒有一次就成功的研究計畫：專業的研究者一生都在撰寫研究計畫，如果沒有先修正好軌道，錯誤就會一直累積到之後。\r\n\r\n\t \r\n\r\n【假說和研究方法的靈活運用】\r\n\r\n\t6. 理論假說和實用假說：假說就是，偏見或預判的別名。因為我們無法在完全空白的狀態下開始研究，本來在提問的時候，研究者就已經有定見，問題才能成立。把理論假說套入可驗證的實證命題，就叫做「實用假說」。\r\n\r\n\t \r\n\r\n\t7. 兩大分析手法：量化調查能獲得每個問題的統計結果，質化調查則是獲得和樣本數等量的案例報告。\r\n\r\n\t \r\n\r\n【蒐集並分析資料】\r\n\r\n\t主要針對質化調查的分析提出4大步驟，從觀察、面談、文書或紀錄等語言資訊中，用KJ法和上野式質化分析法做分析。\r\n\r\n\t \r\n\r\n【輸出】\r\n\r\n\t從論文最重要的目次開始教你怎麼寫，再到細節的格式、適用、註釋、文獻的標記，還有字體與大小等方法。\r\n\r\n\t \r\n\r\n【傳達給讀者】\r\n\r\n\t輸出完成的論文，還要透過時間掌控與簡報技巧的加強。把自己想像成製作人，用現場發表的機會傳遞給讀者。\r\n\r\n\t \r\n\r\n本書特色\r\n\r\n\t \r\n\r\n\t★中國文化大學大眾傳播學系副教授林福岳，專業審訂專文導讀，實用度倍增\r\n\r\n\t★東京大學名譽教授上野千鶴子，耗費14個月將畢生40年的研究心得和方法系統化\r\n\r\n\t★號稱日本最嚴格的「東大上野講座」，歸納整理出論文的18個步驟、143個具體操作\r\n\r\n\t★學生狂熱支持！從問題提起到口頭報告的流程，讓研究生低門檻、高效率的克服論文障礙的最強工具書\r\n\r\n\t \r\n\r\n"}
{"書名":"Learning Python","書籍網站":"https:\/\/www.kingstone.com.tw\/\/basic\/203c102160111?zone=english&lid=search&actid=WISE&kw=Hack&pi=0","作者":"Samuel,Hack","出版社":"Samuel Hack","ISBN":9781801146654,"圖片網址":"https:\/\/cdn.kingstone.com.tw\/english\/images\/product\/6654\/9781801146654.jpg","書籍簡介":"\r\n\r\n一本為你而生的褓母級論文救急攻略。　每週3小時，你也能寫出一篇自己滿意（教授點頭）的研究論文！◆本書操作簡明，讓SPSS極易上手，速懂這套國內研究生分析數據最普遍使用的統計軟體。◆包含「問卷調查」教學，從事前的規劃、設計及眉角，到事後的解讀、分析及常見謬誤。◆褓母級的論文輔導，從題目構想、章節論述，到最後口試的細節，step-by-step從頭帶領你深入了解。------羨慕別人咻咻咻就寫完論文？含恨自己上統計課時總私會周公？最怕朋友突然的關心——「你畢業了嗎？」、「論文寫完了嗎？」隆重介紹本書登場！以科學方法正面迎擊研究生的最大關卡！講求效率是本書的核心。兼具精簡性及完整性，設立明確目標，少走許多自我探索時摸不著頭緒的彎路。一學年內，每週3小時，過關斬將KO論文大魔王。作者融會多年來指導數十位碩士生論文的經驗，從碩論的完整流程、基本架構，到問卷調查的信效度分析，一步一腳印帶著初學者領略統計分析與論文的撰寫技巧。108小時後——碩士學位輕鬆到手！\r\n                    \r\n"}
{"書名":"Machine Learning","書籍網站":"https:\/\/www.kingstone.com.tw\/\/basic\/203c103772268?zone=english&lid=search&actid=WISE&kw=Hack&pi=0","作者":"Samuel,Hack","出版社":"Samuel Hack","ISBN":9781801146678,"圖片網址":"https:\/\/cdn.kingstone.com.tw\/english\/images\/product\/6678\/9781801146678.jpg","書籍簡介":"\r\n\r\n寫作機器人需要擁有哪些能力？為什麼寫作時要言之有物，要避免使用大量華麗的辭藻？廢話、贅詞、錯字會對讀者的閱讀會造成什麼影響？為什麼有些文章會吸引人？為什麼找出自己文章的錯誤很難？為什麼知識是力量，但也是盲點的起源和偏見之母？這些是本書要回答的其中一些問題。這本書以學術論文寫作為例，不只提出關於如何寫作的建議，更重要的是論述這些建議的心理學基礎。本書根據認知心理學的理論和研究成果，提出寫作的三個支柱：有效分配認知資源、能夠監控自己和讀者的心理，以及具備寫作相關的知識和技能。這三個支柱分別涉及基礎的認知運作、後設與社會認知、以及語言與推理能力。增進寫作能力就是加強這三個支柱，缺一不可。本書並指出有效溝通的兩個原則：減輕讀者的認知負荷和將心比心地從讀者的角度思考。最後，本書主張我們應該以說故事的心態來思考和組織文章的內容。本書最終目標是希望你可以透過本書所討論的理論和研究，了解寫作所涉及的基本認知歷程，進而可以簡潔、有效且語意精準的文字與讀者溝通。\r\n                    \r\n"}
{"書名":"Python Programming","書籍網站":"https:\/\/www.kingstone.com.tw\/\/basic\/203c102203375?zone=english&lid=search&actid=WISE&kw=Hack&pi=0","作者":"Samuel,Hack","出版社":"Samuel Hack","ISBN":9781801146708,"圖片網址":"https:\/\/cdn.kingstone.com.tw\/english\/images\/product\/6708\/9781801146708.jpg","書籍簡介":"\r\n\r\n這本實用的寫作指南教導學生如何為學期報告或碩博士論文準備文獻回顧，作者從已發表的論文中，為本書所提供的寫作準則提供大量的範例。原文書第七版的修訂特色：每章節皆將較廣泛的整體文獻回顧作業，分解成一系列較小與較容易掌握的步驟。增加適用於現代數位圖書館的操作說明。有關數位工具的全面性討論，包含：書目管理軟體與抄襲查驗軟體。符合第七版更新內容的章節活動。提供可協助授課老師規劃與教授課程的線上資源（www.routledge.com\/9780415315746）。\r\n                    \r\n"}
{"書名":"Machine Learning","書籍網站":"https:\/\/www.kingstone.com.tw\/\/basic\/203c102203376?zone=english&lid=search&actid=WISE&kw=Hack&pi=0","作者":"Samuel,Hack","出版社":"Samuel Hack","ISBN":9781801146715,"圖片網址":"https:\/\/cdn.kingstone.com.tw\/english\/images\/product\/6715\/9781801146715.jpg","書籍簡介":"\r\n\r\n「誰說等級低就不能拿勇者之劍？」本書是《傻瓜也會跑統計I》的續作。延續前作「就算不懂統計，也能跑完統計、寫完論文」的精神，本書希望為不懂統計但卻迫切需要統計的學生們……或是懂統計，但卻必須和不懂統計的學生相依為命的老師們，帶來一些溫暖。本書的特色有：✔18種常用的「進階統計操作步驟」—就算不懂統計也能照著這本書跑完統計。✔57個「論文書寫範例」—就算看不懂分析結果，也能依著這些範例寫完論文。✔25個「統計表格範例」—跟著書中指示去填，就能完成論文所需的表格。✔28個可愛的Excel小工具—可以幫你處理一般統計軟體無法處理，但論文需要的統計分析。✔32個精采的統計註解—增加你對統計奧密的理解……但可能同時伴隨有助眠的副作用。✔2個上了年紀但仍然帥氣的作者……這就不多作解釋了。相較於前作，本書介紹的是更進階的統計方法。面對進階統計分析的學生，就像剛踏入電玩冒險世界等級還很低的新手，卻必須立刻和血量無盡、攻防爆表的BOSS戰鬥。這時候已經沒有時間再慢慢練等級了，唯一能作的，就是帶上最強的武器裝備，硬著頭皮上陣。本書就是一把能夠立刻上手的勇者之劍；就算你的等級不高，也可以帶著這勇者之劍，平定那守在論文關卡前的統計魔龍！ ♦本書相關資料及程式下載方式請至作者網站： http:\/\/www.chihlongyen.url.tw\/download\/，直接下載。\r\n                    \r\n"}
{"書名":"Python Programming","書籍網站":"https:\/\/www.kingstone.com.tw\/\/basic\/203c101244126?zone=english&lid=search&actid=WISE&kw=Hack&pi=0","作者":"Samuel,Hack","出版社":"Samuel Hack","ISBN":9781801142946,"圖片網址":"https:\/\/cdn.kingstone.com.tw\/english\/images\/product\/2946\/9781801142946.jpg","書籍簡介":"\r\n\r\n\r\n\t影響力就是你行走的資產！\r\n\t會說故事的人有福了，優秀的說故事能力所發揮的影響力，甚至超過大眾媒體，\r\n\t善用說故事的力量，打造你的影響力\r\n\r\n\t※活用敘事弧，幫助你觸及廣大而熱情的觀眾\r\n\t※掌握了敘事弧，就掌握了創作故事、寫出擴大影響力爆文的祕密\r\n\r\n\t★大眾失靈、小眾當道的自媒體時代必修寫作聖經\r\n\t★多所美國大學非虛構寫作指定教材\r\n\t★有志於寫出影響力的非虛構寫作者、發想打動人心的故事創作者必讀\r\n\t★需要透過說故事技巧、敘事結構來敲開人類鱷魚腦的職場工作者必學\r\n\r\n\t本書初版書名：《敘事弧》\r\n\r\n\t★★人們天生愛聽故事★★\r\n\t人類與生俱來就愛聽故事，我們運用故事來回應世界，\r\n\t研究顯示，如果我們接觸的是故事而非條列，會對細節記得更清楚；\r\n\t如果律師在法庭上的辯護，部分是以敘事呈現，\r\n\t我們會更加可能相信他們的說詞。\r\n\r\n\t現在，我們都知道故事的威力，可以巧妙地運用在各行各業上，\r\n\t律師為了說服陪審團，參加寫作坊以強化敘事結構；\r\n\t心理師也在臨床治療中運用說故事的技巧⋯⋯\r\n\t寫作也一樣。\r\n\t在大家爭相利用寫作變現，跨界發展，發展斜槓的寫作黃金年代，\r\n\t不會寫作，等於少了一張通往發展個人品牌、讓自己職涯躍遷的成功門票。\r\n\r\n\t★★普立茲獎評審教寫作，慷慨傳授畢生絕學★★\r\n\t本書作者傑克•哈特，於2002、2003 年擔任普立茲特稿寫作獎（Feature Writing，即長篇報導故事）評審，曾任《俄勒岡報》主編兼寫作指導，獲美國報紙新聞編輯協會授予的國家教學獎、威斯康辛大學服務獎。在他職場生涯中，曾與數十位作家合作數百篇故事，豐富的實務經驗促使他寫下《說故事的技藝》，這本書是論述非虛構寫作最權威的一本，廣泛用於美國大學課程。\r\n\r\n\t他提醒寫作者：\r\n\t熟習各種不同的敘事形式，是寫作成功的關鍵；另一個關鍵是充分了解故事理論，避免犯下致命錯誤，將素材放在不適合的敘事形式中。\r\n\r\n\t怎麼做？本書先以「主角—情節糾葛—收尾」故事模型、「敘事弧」的理論開始，以生動的文字娓娓道來；接著再分別從結構、觀點、聲音與風格、角色、場景、動作、對話、主題等面向一一說明並援引實例，一步步教你如何完善說故事的技藝。\r\n\r\n\t還有，本書更精采介紹非虛構寫作，從報導、故事性敘事、釋義性敘事、其他敘事等等，讓你一窺高手如何運用說故事的技藝，讓自己的文字彰顯出價值，字字戳心，讓讀者一再敲碗，喊著還要看更多。\r\n\r\n\t看完本書，你或許無法奪得普立茲獎，但肯定能贏得觀眾。\r\n\r\n\t——《蘭花賊》作者蘇珊歐琳驚呼：「讓我發現了寫作者的秘密藍圖！」——\r\n\r\n本書特色：\r\n\r\n\t1.記者、寫手、部落客、網路小編、故事創作者⋯⋯想擺脫平淡乏味的文字必讀。本書教你用好故事套牢讀者，讓你一下筆如有神，用寫作累積你的影響力。\r\n\r\n\t2. 本書中所有範例均來自實際刊出的真實故事，許多還是普立茲獎作品。艾瑞克・拉森的《白城魔鬼》用什麼技巧才能重現當時的緊迫場面？麥可・波倫《雜食者的兩難》又用了什麼敘事手法讓它叫好又叫座？本書皆有解答。\r\n\r\n\t3.贏得讀者關注的祕密，不藏私一次公開。破解故事模式；引人入勝、一讀入迷的「敘事弧」理論詳解，分析寫作技巧：主題、觀點、角色、報導、敘事⋯⋯想寫出成功故事寫作者必備寫作指南。\r\n\r\n"}
{"書名":"Machine Learning Mathematics","書籍網站":"https:\/\/www.kingstone.com.tw\/\/basic\/203c106302598?zone=english&lid=search&actid=WISE&kw=Hack&pi=0","作者":"Samuel,Hack","出版社":"Ingram      ","ISBN":9781801728751,"圖片網址":"https:\/\/cdn.kingstone.com.tw\/english\/images\/product\/8751\/9781801728751.jpg","書籍簡介":"\r\n\r\n\r\n\t一直以來，我們都誤解論文寫作要領了！\r\n\t想要對它有正確的理解，你需要有全新的視野！\r\n\r\n\t●最佳論文寫作工具書。\r\n\t●本書提供一套簡易可行的論文寫作方法，好讓初學者得以迅速進入寫作情況，將視論文寫作為畏途的心態，轉換為一種喜悅與成就感，讓學生都在「知其然，亦知其所以然」的薰陶下，順利完成論文寫作。\r\n\r\n\t寫論文經常有「書到用時方恨少」的感嘆嗎？\r\n\t跟著本書的好撇步，讓你下筆如有神助！\r\n\r\n\t本書定位為「引導論文寫作的工具書」，以淺顯為經，以實用為緯，聚焦於要領，輔之以實力，以幫助初學者迅速進入寫作狀況為目的。全書按照一般學術論文的章節結構順序，逐一介紹各章節的意義、原理、功用、內涵，以及該寫些什麼，該如何寫等要領，輔之以作者所發表論文的部份實例，期望幫助初學者更容易掌握寫作要領，順利完成論文寫作。書後附錄附有兩位指導學生現身說法所寫的兩篇「論文寫作心得」，以及作者所發表的四篇論文全文供參考。\r\n\r\n"}
{"書名":"Machine Learning Mathematics","書籍網站":"https:\/\/www.kingstone.com.tw\/\/basic\/203c106324852?zone=english&lid=search&actid=WISE&kw=Hack&pi=0","作者":"Samuel,Hack","出版社":"Ingram      ","ISBN":9781801728768,"圖片網址":"https:\/\/cdn.kingstone.com.tw\/english\/images\/product\/8768\/9781801728768.jpg","書籍簡介":"\r\n\r\n「80%的學生看到這本書都哭了。」●獨立單元，各取所需。●實用表格範例，直接套用。●統計分析和論文書寫合而為一。●可愛Excel小幫手，輕鬆寫論文。●實用統計觀念澄清和說明。「這是一本強大的SPSS操作手冊！」耶穌為了拯救世人而生；這本書為了拯救正在寫論文的人......和兩位作者的三餐而出版。這是一本專為學生設計的統計指南，它的特色有：（一）27個獨立的操作單元：本書的每一個單元都是獨立的，各自包含了一種論文中常用的統計操作；你可以直接選你所需，完成統計分析。（二）43個「統計表格範例」：指引你如何將分析結果轉化成論文中所需要的表格呈現；而且，本書已經幫你把這些表格都畫好了，貼進你的論文即可。（三）84個「論文書寫範例」：引導你如何將分析結果寫成文字；直接套用書中範例，就可以使統計分析和論文書寫合而為一，不必再為了如何將分析結果寫成論文而煩惱。（四）33個Excel工具：這些可愛的Excel小幫手，可以幫你完成論文中常用但SPSS無法直接作到的事；例如：迴歸調節效果的繪圖、單純斜率考驗、ANOVA的各種單純效果檢定與事後檢定等等......族繁不及備載。（五）40個進階的統計註解：本書提供了一些實用統計觀念的澄清和說明，你可以選讀，也可以直接跳過，完全不會影響統計操作。認真讀這些統計註解會帶來兩個好處，一則可以增進你的統計功力，二則......在睡不著時拿來讀一讀很快就能睡著。有了這本書，那些本來不會跑統計的人，可以跑得輕鬆愜意；那些本來就會跑統計的人，會跑得健步如飛。\r\n                    \r\n"}
{"書名":"Hack Proof Your Business, Volume 2","書籍網站":"https:\/\/www.kingstone.com.tw\/\/basic\/203c004923172?zone=english&lid=search&actid=WISE&kw=Hack&pi=0","作者":"Bunnell,Bill","出版社":"Prominence Publishing","ISBN":9781988925554,"圖片網址":"https:\/\/cdn.kingstone.com.tw\/english\/images\/product\/5554\/9781988925554.jpg","書籍簡介":"\r\n\r\n\r\n研究生的最佳陪伴之書\r\n\t從現在開始克服論文焦慮\r\n\r\n\r\n安伯托‧艾可(Umberto Eco)：寫論文是自娛，還有，論文跟殺豬一樣，可以物盡其用，半點都不浪費。\r\n\r\n\t一九七七年，廣為世人所熟知的義大利符號學家、小說家—安伯多.艾可(Umberto Eco)為他的學生寫下《如何撰寫畢業論文——給人文學科研究生的建議》(Come si fa una tesi di laurea-- Le materie umanistiche)這本畢業論文指導手冊。不僅出於一介知識份子對學制與社會的反省，更是出於對學生的關懷，他期望以此幫助學生順利畢業。\r\n\r\n\t當時義大利正面臨高等教育改制討論，遇到的社會問題是，以往只有知識菁英階級能就讀的大學，變成普羅大眾都可以入學。入學門檻變寬，愈多人可以接受高等教育，看似理所當然是件好事，但往往有許多學生為其出身所困，其實沒有將大把時間與金錢投注在學業上的餘裕。艾可就是為這些人而寫。他認為這些人不僅該完成論文以求畢業，且為了不再走學術的話，更該把握這難得寫論文的計畫，把將論述體系化的能力訓練起來。\r\n\r\n\t這本指導手冊在一九八五年曾再版重出，艾可對再版的原因這樣說，有時閱讀會刺激人的靈感，儘管靈感來自於人們自己，不見得是內容本身。他盼望這文本繼續扮演啟發讀者的角色，因為他自己寫博士論文時，也有一本視之為靈感來源那樣的書。\r\n\r\n\t艾可確實是有遠見的學者，他當年所談的問題並未過時。目前台灣的大學幾乎人人在念，碩士學位也已相當普遍，只要願意每個人都能進研究所寫論文。除了擁有資本栽培的學生之外，大多數的普通學生仍得趕快畢業，工作賺錢，甚至償還學貸。問題是，許多研究所並不期待學生趕緊寫完論文畢業，尤以重視博學傳統的人文學門最為嚴重。艾可這本書正是為了解決學生的論文焦慮，為了鼓勵學生盡快寫出一本符合「畢業門檻」論文而存在。對現代讀者而言，它仍是一本非常好的研究生陪伴之書。\r\n\r\n本書有如下實用情境的建言：\r\n\t一個半工半讀學生是否該盡快完成論文？\r\n\t該如何避免被指導教授剝削？\r\n\t學位論文該花的時間最短半年，最長三年，為什麼？\r\n\t該如何選題，才能確保論文對未來的自己或學界有用？\r\n\r\n\t附帶一提，艾可在這本書中不會告訴你論文寫什麼，那是你自己的事。這本書要告訴你的是：a.論文是什麼；b.如何選擇論文題目、分配時間；c.如何搜尋參考書目；d.如何運用你找到的資料；e.如何呈現研究成果。\r\n\r\n"}
{"書名":"Machine Learning for Beginners","書籍網站":"https:\/\/www.kingstone.com.tw\/\/basic\/203c102154045?zone=english&lid=search&actid=WISE&kw=Hack&pi=0","作者":"Samuel,Hack","出版社":"Samuel Hack","ISBN":9781801147439,"圖片網址":"https:\/\/cdn.kingstone.com.tw\/english\/images\/product\/7439\/9781801147439.jpg","書籍簡介":"\r\n\r\n以淺顯的話語搭配具體的實例說明，建立正確的觀念和技巧。閱讀完本書，你會發現：寫論文，其實並不難。寫論文這件事，相信深深困擾著許多人。大多數的人其實都想寫好論文，只是不得要領，不知該從何著手。本書的撰寫目的就是希望幫助需要寫論文，卻不得其門而入，不知該從何尋找適切可行的題目；或是不知該如何撰寫研究成果，使其展現較高學術價值的初學者而寫的。作者希望將自己多年寫論文和指導學生的實際經驗，整理成類似教戰手冊的入門書，用淺顯的話語，搭配實例的介紹，讓讀者們在閱讀完此書後，能夠有較深切的領悟，對寫論文的過程有較完整清晰的概念，同時能掌握其技巧，避免犯可能之錯誤。\r\n                    \r\n"}
{"書名":"Machine Learning Mathematics","書籍網站":"https:\/\/www.kingstone.com.tw\/\/basic\/203c102213647?zone=english&lid=search&actid=WISE&kw=Hack&pi=0","作者":"Samuel,Hack","出版社":"Samuel Hack","ISBN":9781801146661,"圖片網址":"https:\/\/cdn.kingstone.com.tw\/english\/images\/product\/6661\/9781801146661.jpg","書籍簡介":"\r\n\r\n\r\n\t一、內容全面且深入：詳細說明法學論文寫作中，學生會面臨的各種問題。內容包括：1.論文選題；2.法學研究方法的種類與使用；3.中文資料的蒐集、閱讀、引用；4.英文資料的蒐集、閱讀、引用；5.論文計畫書撰寫；6.論文架構；7.內容寫作；8.註腳與參考文獻格式；9.英文註腳格式……等，均一一詳細介紹。\r\n\r\n\t二、具體示範案例：各單元均舉數則示範案例，讓同學透過案例，更了解各階段研究方法與寫作技巧的掌握。\r\n\r\n\t三、英文資料閱讀與引用格式：詳細介紹各種英文文獻的閱讀技巧，以及美國法學界使用之Bluebook引用方式，並以案例詳細解說。\r\n\r\n\t四、學術研究倫理：說明各種寫作與引用之規範，以避免學生違反學術研究倫理。\r\n\r\n"}
{"書名":"Python Machine Learning","書籍網站":"https:\/\/www.kingstone.com.tw\/\/basic\/203c102160110?zone=english&lid=search&actid=WISE&kw=Hack&pi=0","作者":"Samuel,Hack","出版社":"Samuel Hack","ISBN":9781801146647,"圖片網址":"https:\/\/cdn.kingstone.com.tw\/english\/images\/product\/6647\/9781801146647.jpg","書籍簡介":"\r\n\r\n\r\n\t這是一本強大的小論文寫作指南書，它的特色有：\r\n\r\n\t【11個實用單元】\r\n\t本書共有11個專為小論文而設計的單元，內容涵蓋了完成小論文需要的所有技能；包含「研究題目的產生」、「研究設計」、「研究執行」、「資料分析」、乃至於「論文撰寫」等。可以滿足初學者所有需要。\r\n\r\n\t【47個實作習題】\r\n\t本書每個單元均附有由兩位從事社會科學研究近二十年經驗的作者，精心設計的習題。這些習題可以由讀者自行練習，也可以讓老師在教學時運用；使學習更有效率。\r\n\r\n\t【10餘個經典人物】\r\n\t本書以輕鬆而生活化的方式，帶領讀者遨遊於科學與小論文的世界。一些經典人物如「海賊王」、「名偵探柯南」、「周星馳」、「中華一番小當家」等，都在本書中登場用來說明科學知識。請務必閱讀提供的試讀章節，您就能感受到本書的魅力。\r\n\r\n\t【42個社會科學進階指引】\r\n\t本書也提供了小論文之外的一些進階社會科學知識。讀者可以選擇跳過不讀，也可以循我們的指引去獲得更深入的知識。閱讀這些部分，將為讀者開啟科學心、注入科學魂。\r\n\r\n\t如同本書封面的標題：「無聊的冒險我可不玩！」有了這本書，讀者可以快快樂樂學科學、輕輕鬆鬆作研究，以更正確而有效率的方式，完成小論文！\r\n\r\n"}
{"書名":"Machine Learning","書籍網站":"https:\/\/www.kingstone.com.tw\/\/basic\/203c101322863?zone=english&lid=search&actid=WISE&kw=Hack&pi=0","作者":"Samuel,Hack","出版社":"Ingram      ","ISBN":9781801142922,"圖片網址":"https:\/\/cdn.kingstone.com.tw\/english\/images\/product\/2922\/9781801142922.jpg","書籍簡介":"\r\n\r\n\r\n\t由於資訊爆炸的衝擊，研究人員面對的不是資訊的不足，而是如何管理浩瀚的資訊，並善用這些資訊建立起個人的知識庫，將時間和空間從繁瑣的檔案管理和文書處理當中釋放出來。而「書目管理軟體」也是呼應這種需求而產生的一種工具，其中最受國內研究人員普遍使用的就是Thomson Reuters公司出版的EndNote與ProQuest公司出版的RefWorks。本書一共分為九章，一到四章是EndNote X與EndNote Web的操作，包括帶領讀者建立個人EndNote Library收集大量資料、利用進階管理技巧將資料進行整理和分享，以及利用範本精靈建立起段落、格式符合投稿規定的文件，並自動形成正確的參考書目(Reference)。第五到七章是RefWorks的操作，包括帶領讀者於雲端建立個人Library收集大量資料、利用進階管理技巧與Write-N-Cite III功能將資料進行整理和分享。最後兩章則是直接引導讀者進入Word 2010進階功能，例如中英雙欄對照的版面製作、功能變數設定，以及自動製作索引的技巧等。本書也將查詢期刊排名(JCR)以及查詢引用及被引用的次數的方法撰寫於書末，務使一切與論文管理與寫作有關的項目都可以在本書中找到解決方案。\r\n\r\n"}
{"書名":"Machine Learning","書籍網站":"https:\/\/www.kingstone.com.tw\/\/basic\/203c101236491?zone=english&lid=search&actid=WISE&kw=Hack&pi=0","作者":"Samuel,Hack","出版社":"Ingram      ","ISBN":9781801142953,"圖片網址":"https:\/\/cdn.kingstone.com.tw\/english\/images\/product\/2953\/9781801142953.jpg","書籍簡介":"\r\n\r\n\r\n（隨書附贈學術論文案例光碟）\r\n\r\n\r\n這是一本\r\n\t為了論文寫作的學習者而寫的書；\r\n\t為了指導論文寫作的教學者而寫的書；\r\n\t為了陪伴持續寫作論文的學術新兵而寫的書；\r\n\t也是一個傾囊相授、友善體貼的論文寫作解說團隊。\r\n\r\n"}
{"書名":"Learning Python","書籍網站":"https:\/\/www.kingstone.com.tw\/\/basic\/203c101244125?zone=english&lid=search&actid=WISE&kw=Hack&pi=0","作者":"Samuel,Hack","出版社":"Ingram      ","ISBN":9781801142892,"圖片網址":"https:\/\/cdn.kingstone.com.tw\/english\/images\/product\/2892\/9781801142892.jpg","書籍簡介":"\r\n\r\n\r\n\t鑒於SPSS與AMOS突出的優越性，作者本著讓更多的讀者熟悉和掌握該軟體的初衷，進而強化分析數據能力而編寫本書。\r\n\r\n\t本書特別適用於教學單位，在進階統計學或應用統計學等課程授課時使用。另外，亦非常適合於需進行學術論文寫作或個案專題者。其內容涵蓋了一般論文或專題寫作時，所需用到的各種統計方法，諸如：次數分配、現況分析、項目分析、無反應偏差、資料合併檢驗、信度分析、共同方法變異、重要度—表現分析、卡方檢定、t檢定、變異數分析、二因子變異數分析、迴歸分析、階層迴歸分析、中介變數檢驗、Sobel中介效果檢定、干擾變數檢驗、相關分析、典型相關分析、探索性因素分析、驗證性因素分析、收斂效度檢驗、區別效度檢驗與結構模型路徑分析等。書中幾乎所有範例都是實際碩士論文的原始資料與分析結果，期盼讓讀者能身歷其境，融入研究情境中。\r\n\r\n\t書中每一範例的操作過程與報表解說或內文中需額外講解的部分，皆附影音檔；讀者可藉由範例旁的QRcode，直接上網觀看。藉由本書的引導，讀者便能順利完成論文或專題的統計分析部分。\r\n\r\n\t本書的特質應該較屬於統計工具書，書中每一範例的操作過程與報表解說或內文中需額外講解的部份，皆附有影音檔。期能藉由本書的引導，讀者能自力完成論文或專題的統計分析部份。\r\n\r\n本書特色\r\n\r\n\t■ 可做為「進階統計學」、「應用統計學」、「統計分析」等課程之教材\r\n\t■ 適用於專題研究、學術論文寫作之指引\r\n\t■ 每章節皆附範例、習題，方便授課教師驗收學生學習成果\r\n\t■ 所有範例皆附教學影音檔，促進讀者學習效率，減輕授課教師負擔\r\n\r\n"}
{"書名":"The Reality RevolutionTheReality RevolutionThe Mind－Blowing Movement to Hack Your Reality","書籍網站":"https:\/\/www.kingstone.com.tw\/\/basic\/203c004607580?zone=english&lid=search&actid=WISE&kw=Hack&pi=0","作者":"Scott,Brian","出版社":"Lioncrest Publishing","ISBN":9781544506203,"圖片網址":"https:\/\/cdn.kingstone.com.tw\/english\/images\/product\/6203\/9781544506203.jpg","書籍簡介":"\r\n\r\n\r\n網海翻騰不迷航，讓你成為《找查王》！\r\n看漫畫，就能學做好報告；\r\n讀本書，寫報告不必找槍手！\r\n\r\n\r\n 你寫的報告，有「資訊虛胖症」嗎？你的學習有沒有正確理解並充分消化吸收，從做的報告就看得出來。想讓寫出的報告含金量高，首先要找到正確且相關度高的資訊。現今透過全球資訊網取得資訊快又方便，但是，它們極可能不相關、不正確、不可靠，讓你花了精氣神，好不容易完成厚厚一本，卻做出「營養不良」的報告。如果你正為此困擾，讀了本書你將煩惱全消。\r\n\r\n讀完本書，我們要你：\r\n\r\n ◎很會找：資訊爆量，對的材料哪裡找？\r\n 除了全球資訊網，本書將介紹學術期刊、電子資料庫等，可信度高的資訊查找來源，並解釋這些寶庫的使用方法與分類方式，讓你順藤摸瓜，成功找到對的材料。\r\n\r\n ◎超會查：網海淘金，怎麼查才能快、狠、準？\r\n 搜尋引擎，特別是Google大神的出現，讓我們找資料格外便利，本書將分析搜尋引擎運作的基本方式，更教你運用進階的搜尋法，成功篩掉大量相關度低的搜尋結果，留下有用資訊。\r\n\r\n ◎不抄襲：如何正確「引用」，避開剽竊陷阱？\r\n 寫報告、做研究，我們都是站在巨人的肩膀上，有了前人的努力，我們才能有更多開展。正確引用資訊並標明其來源，不旦有助於說明立論基礎，更能提高報告內容可信度。你可能無意抄襲，只是不知該如何引用，閱讀本書，幫你順利避開剽竊陷阱。\r\n\r\n"}
{"書名":"Python Machine Learning","書籍網站":"https:\/\/www.kingstone.com.tw\/\/basic\/203c103367907?zone=english&lid=search&actid=WISE&kw=Hack&pi=0","作者":"Samuel,Hack","出版社":"Ingram      ","ISBN":9781801728522,"圖片網址":"https:\/\/cdn.kingstone.com.tw\/english\/images\/product\/8522\/9781801728522.jpg","書籍簡介":"\r\n\r\n\r\n獨立出版一週完售，造成轟動！\r\n應台港澳師生之需，全面問市。\r\n\r\n\t \r\n\t繼《教授為什麼沒告訴我》、《研究生不死，只是生不如死》之後，論文寫作秘笈的「如來神掌」第三式──《研究研究論論文》正式推出，教你研究歷程、寫作技巧、規劃報告的完勝秘訣！\r\n\t \r\n\t不要告訴同學，趕快買一本回家偷練，保證去傷解鬱。\r\n\t讓你研究功力精進，論文寫作順利，從此笑傲學術江湖！\r\n\t \r\n\t論文寫作解密內容：申請研究所的準論文寫作、修課／研討／論文三效合一的研究所生存之道、結合研究歷程與論文寫作的知識宮籟 × 學術沙漏雙螺旋取徑、科學敘事的經典範例、找尋研究方向與訂定論文題目的眉角、與指導教授的相處之道、從分析閱讀到整合閱讀的文獻批判閱讀策略、從歸納演繹到辯證轉繹的科學創意邏輯、簡單有效的「五四三二一」學術論述技巧、口試攻防要領與後續論文修改的論文版本升級、研討會發表／期刊論文投稿／學術專書出版的進階學術寫作，還有指導教授也未必知道的論文審查意見撰寫要領……\r\n\r\n"}
{"書名":"Python Machine Learning","書籍網站":"https:\/\/www.kingstone.com.tw\/\/basic\/203c101311566?zone=english&lid=search&actid=WISE&kw=Hack&pi=0","作者":"Samuel,Hack","出版社":"Ingram      ","ISBN":9781801142885,"圖片網址":"https:\/\/cdn.kingstone.com.tw\/english\/images\/product\/2885\/9781801142885.jpg","書籍簡介":"\r\n\r\n\r\n\t本書篇章具有兩種不同層次之使用目的：\r\n\r\n\t \r\n\r\n\t前二篇主述APA與Chicago（Turabian）格式中文學術寫作應用，目的在於提供人文社會學者、研究生與學術出版編輯者共同使用之中文學術論文引文格式規範。\r\n\r\n\t \r\n\r\n\t然而，現行許多中文期刊為了追求學術國際化，希望擁有被國際引文索引資料庫收錄之成就，本書最後一篇即著重中文引文格式羅馬化之應用，進一步方便西方學者與索引編製者全面識讀中文引文之用，此羅馬化篇章，將國際化視作友善環境之手段，擬定了學術期刊編輯人員後製中文羅馬化之參照規則，俾使中文學術期刊能於未來申請國際引文索引資料庫收錄時，奠定成功基礎。\r\n\r\n"}
{"書名":"Machine Learning for Beginners","書籍網站":"https:\/\/www.kingstone.com.tw\/\/basic\/203c101311715?zone=english&lid=search&actid=WISE&kw=Hack&pi=0","作者":"Samuel,Hack","出版社":"Ingram      ","ISBN":9781801142939,"圖片網址":"https:\/\/cdn.kingstone.com.tw\/english\/images\/product\/2939\/9781801142939.jpg","書籍簡介":"\r\n\r\n所有的研究生畢業之前，基本上都要通過學位論文口試，可見論文寫作之重要。就文科學門而言，論文寫作甚至就是其研究本身。但是論文寫作談何容易！從研究主題的選擇以及題目的擬定、結構的安排，以至於寫作的種種規格、註解與引用書目鉅細靡遺的格式規範，在在都馬虎不得，當中也都有寫作的陷阱，致令不少研究生乃至於一般學者不察，而寫出不太像樣的論文來。事實上，論文寫作是要講究方法的，而且也有方法可循，本書本乎此，提供了作者多年的研究與教學經驗，依序漸進，說明學術論文（包含小論文與博碩士論文）如何按部就班進行撰寫，並一一列舉文科豐富的實例予以討論，俾能一目瞭然。尤其難能可貴的是，本書整理歸納了美國芝加哥大學與現代語言學會（MLA）的論文寫作格式，輔以國人的行文規範，提供了一套適切合用的論文寫作格式，值得文科研究生和學者做為手頭必備的參考手冊或工具書。\r\n                    \r\n"}
{"書名":"The Ethical Hack","書籍網站":"https:\/\/www.kingstone.com.tw\/\/basic\/203c108161876?zone=english&lid=search&actid=WISE&kw=Hack&pi=1","作者":"James S,Tiller","出版社":"Ingram      ","ISBN":9780849316098,"圖片網址":"https:\/\/cdn.kingstone.com.tw\/english\/images\/product\/6098\/9780849316098.jpg","書籍簡介":"\r\n\r\n十年淬煉  精心功成社會科學領域之研究，不僅需要堅實的理論知識，也需要豐富的研究實務經驗，兩者相輔相成，方得以竟其功。本書乃作者十年淬煉的經典作品，具有以下特色：一、創造性：突破傳統，以創造性的思維構思章節體系，結合理論與研究實務，闡述論文寫作之概念與問題，逐步引導讀者洞察思辯。二、可讀性：從讀者之角度出發，雖為學術著作，但力求文辭通暢，旨趣清朗明晰，授課自學兩宜，能夠有效提升讀者之閱讀興趣。三、正確性：焦點論題力求正確表述，旁徵博引，追根究底，適當釐清社會科學研究之疑義與疏漏，乃最佳研究方法入門書籍之一。四、應用性：規劃「個案研討」、「自我測驗」、「論文實例」等專欄，精選個案及主題實例介紹，適合課程教學及研究生學習參考應用。\r\n                    \r\n"}
{"書名":"Hack Audio","書籍網站":"https:\/\/www.kingstone.com.tw\/\/basic\/203c807340242?zone=english&lid=search&actid=WISE&kw=Hack&pi=1","作者":"Tarr, Eric","出版社":"Routledge   ","ISBN":9781138497542,"圖片網址":"https:\/\/cdn.kingstone.com.tw\/english\/images\/product\/7542\/9781138497542.jpg","書籍簡介":"\r\n\r\n　　國內大學研究所對學生的論文習作方面不夠嚴格，且規格混亂而不統一。故而把個人在美國西北大學及密歇根大學，各修讀一個碩士學位期間的寫作讀書報告（Book Report），及學期研究論文（term paper）的經驗，和對學術論文寫作方法的體驗與心得寫出，並將個人寫作的英文讀書報告及學期研究論文譯出；此外，一九六○年代，美國一流大學，皆不要求碩士生寫碩士論文，因此用筆者在政大的碩士論文作樣本，編著本書的第一版。當時因筆者尚未完成博士學位，故利用在密歇根大學時，日本同學久田明兄英文博士論文的題目、目次及提要作樣本，共計附錄五個樣本，供國內研究生們習作學術論文的參照。　　論文寫作如說不易，學術性的寫作，則事更難。這就是說，學術論文必須言之有物，必須有卓越的見解及其合乎嚴謹的規格，以期有所貢獻。誠然，學術寫作非同小可，我們試登任何一國之門，只要涉獵一二具有代表性的著作，許多事象便可概觀。因為任何寫作都免不了是時代的反映，都免不了是其文化的產物。　　我們何幸，生長於人文薈萃之邦，古聖先賢所遺典籍，浩如淵海，在這優厚的文化孕育之下，我們歷代名儒輩出，並世同欽；然亦確有不少好學能文之士，動輒連篇巨著，名噪一時，惜其治學缺乏嚴謹的師承與習練，徒具才氣自以為是。論其筆耕雖有大量生產，一至學術評價，則又另一回事。　　因此，筆者常深感到國內坊間需要一本新書，說明學術研究有關的若干基本觀念及其必須恪守的若干規格。為應此一需求，學棣王國璋先生特於課餘撰述「學術論文的寫作方法」一書，經讀之餘，深喜作者對現代學術研究有高度的認識，故其所著足稱精心之作。本書篇幅雖然不多，所論列之範圍大都已能概括學術研究以及論文寫作之有關問題與要點。尤可貴者作者曾在學院致力研究工作多年，且對現代圖書館學既有研究又有經驗，故書中關於如何使用圖書館及其工具書籍等等，都作有條理的明白指示。這對從事研究工作之青年學子當多有助，殆無疑義。　　本書作者很正確的指出，勸告研究工作者要多花時間去思考，去反覆思考。這是最中肯的話說，至可珍貴。我們知道，中外所有成功的著作家，大都花費至少十倍於寫作的時間去思考，去反覆的思考。所謂「凝眸冥索」、「沈思終日」，大都是思想家與著作家的生活常態之一。　　說到這裡，我們必須注意，當我們面臨許多堆砌資料的時候，尤其必須多加思考，知所輕重，本其所需，控制資料，而最主要的是勿要過於珍惜艱苦得來的資料，反而受其引導與控制。　　我們從事研究工作，如經細心思考，有了足夠的依據，一如本書作者所云，自可來個「假設」；然如研究結果，所假設者未能得證，未能建立，將其發表，自有偏面理由，固無不可；可是嚴格說來，一切不能求證，不能建立的「假設」，最好暫置莫論，不必枉費時間寫成論文。　　總之，一個從事學術研究工作者，其目的自然在乎求得結論，掘發真知，因而在其內心便會產生一種不可抵抗的「驅使力」，則研究工作者才會不舍晝夜努力以求，而至得償所願。　　國內大學研究所對學生的論文習作方面不夠嚴格，且規格混亂而不統一。故而把個人在美國西北大學及密歇根大學，各修讀一個碩士學位期間的寫作讀書報告（Book Report），及學期研究論文（term paper）的經驗，和對學術論文寫作方法的體驗與心得寫出，並將個人寫作的英文讀書報告及學期研究論文譯出；此外，一九六○年代，美國一流大學，皆不要求碩士生寫碩士論文，因此用筆者在政大的碩士論文作樣本，編著本書的第一版。當時因筆者尚未完成博士學位，故利用在密歇根大學時，日本同學久田明兄英文博士論文的題目、目次及提要作樣本，共計附錄五個樣本，供國內研究生們習作學術論文的參照。本書特色　　國內已出版之學術研究方法的專書，多為抽象的理論概念之介紹，亦多為編譯的西洋學人的著述，而缺乏編著者本人在學術訓練過程中的個人習作或寫作論文的經驗與樣本，故研究生們讀了以後，仍不能參照去習作。此外，國內學術界敬業精神較差，而指導教授們對其受業弟子學位論文的寫作，多要求不夠認真。所以國內近二、三十年來產生的碩、博士甚多，但就他們的研究方法及論文寫作的訓練而言，則打了很大的折扣。因此，筆者乃根據個人在國內修完一個碩士學位，和在美國先後修完兩個碩士及一個博士學位的經驗及體會，以及博士後赴英國及比京（布魯塞爾）先後三次訪問研究之觀察與體會，和撰著原始研究論文的體驗，在本書中寫出來並把各種樣本附錄其中，提供研究生們參考，或作為其習作及寫作學術論文時，提供其參照。以期對國內學術的提升，盡一點心力，拋磚引玉並盼方家不吝指教為感也！\r\n                    \r\n"}
{"書名":"Hacking","書籍網站":"https:\/\/www.kingstone.com.tw\/\/basic\/203c004917464?zone=english&lid=search&actid=WISE&kw=Hack&pi=1","作者":"Dodson,Adam","出版社":"Ingram Publishing","ISBN":9781761032813,"圖片網址":"https:\/\/cdn.kingstone.com.tw\/english\/images\/product\/2813\/9781761032813.jpg","書籍簡介":"\r\n\r\n◎針對升學、就業考試的小論文（作文）考題而寫的策略大全。◎告訴你怎樣寫才能使評分者「不得不給以高分」。◎「實戰秘術」六十五訣，提供你榜上題名的捷徑。◎全部根據小論文（作文）評分者的經驗編成，實用價值最高。\r\n                    \r\n"}
{"書名":"Hack This","書籍網站":"https:\/\/www.kingstone.com.tw\/\/basic\/203c308301113?zone=english&lid=search&actid=WISE&kw=Hack&pi=1","作者":"Baichtal, John","出版社":"Que Pub     ","ISBN":9780789748973,"圖片網址":"https:\/\/cdn.kingstone.com.tw\/english\/images\/product\/8973\/9780789748973.jpg","書籍簡介":"\r\n\r\n本書為撰寫一篇質性學位論文提供了相當獨特的見解，並且顯示了思慮周延如何循環、質性研究的基本要件以及對於結果的影響。標示出進入到研究循環裡面猶如在快速移動的流水中，從一個漩渦跳到另一個漩渦裡面。這本書同樣地也提供學習者與教學者一條歷經艱困環境以及強大壓力階段而最終達到完全產製而出的非線性路徑。　　作者為教育學領域的質性研究引導出一種詮釋學的觀點，探究出特別適合於以實務應用為基礎的學位論文之研究調查模型。如同身為讓質性研究學位論文團隊有效率進行的協同者一般，他們與超過五十位教育領域之從業者共事時所運用的研究方法，也都在本書中被加以描述，內容除了小插圖或短文、軼聞趣事、範例，以及「帶有分析和評論的內幕報導」之外，並涵蓋有：‧避免一般學生陷入意想不到之危險或困難中，而做出的防護性措施。‧經由研究學位論文的攻防答辯來加以概念化。‧個人的研究大綱。‧評鑑值得稱許之詮釋學研究的標準。．調整適應研究學位論文之後新生活的一些建議與技巧。好好善用這種有力的研究方法，並且運用這來發展一條適合自己與本身研究的途徑。\r\n\r\n"}
{"書名":"Binary Hack：駭客秘傳技巧一百招","書籍網站":"https:\/\/www.kingstone.com.tw\/\/basic\/2014713395467?zone=book&lid=search&actid=WISE&kw=Hack&pi=1","作者":"高林哲、鵜飼文敏、佐藤祐介","出版社":"歐萊禮    ","ISBN":9789862767665,"圖片網址":"https:\/\/cdn.kingstone.com.tw\/book\/images\/product\/20147\/2014713395467\/2014713395467b.jpg","書籍簡介":"\r\n\r\n本書主旨在如何撰寫學術論文，以「政治學方法論」為考察中心，就資料之蒐集、政治理論、研究途徑、研究架構、研究方法、論文結構與格式等，提供分析以及實例。該書扼要地闡述論文的主要內容，相信對相關學術論文的提昇，提供了一個簡明的參考。 \r\n\r\n"}
{"書名":"Hack the Planet","書籍網站":"https:\/\/www.kingstone.com.tw\/\/basic\/203c308218743?zone=english&lid=search&actid=WISE&kw=Hack&pi=1","作者":"Kintisch, Eli","出版社":"Ingram      ","ISBN":9780470524268,"圖片網址":"https:\/\/cdn.kingstone.com.tw\/english\/images\/product\/4268\/9780470524268.jpg","書籍簡介":"\r\n\r\n\r\n\t本書是為工程科技專業的大專以上學生而寫，目的在協助讀者撰本寫學術論文，刊登在國際知名期刊。\r\n\r\n\t \r\n\r\n\t本書主要以中國傳統的四字訣：「啟」、「承」、「轉」、「合」作為行文的依據，配合學術論文的通用架構，依照正確的邏輯順序，將摘要 （Abstract）、前言（Introduction）、文獻回顧（Literature Review）、研究目的（Objective）、實驗方法（Experimental Method）、結果與討論（Result and Discussion）、結論（Conclusion）等實體要素，依傳統四字訣的行文流程，撰寫出優美流暢的英文科技論文。\r\n\r\n\t \r\n\r\n本書特色\r\n\r\n\t \r\n\r\n\t◎專為工程科技科系所學生及研究人員編寫\r\n\r\n\t◎傳授在國際期刊發表專業學術論文的要訣\r\n\r\n\t◎以實際論文範例解析說明\r\n\r\n"}
{"書名":"Addressing Climate Change","書籍網站":"https:\/\/www.kingstone.com.tw\/\/basic\/203c410816720?zone=english&lid=search&actid=WISE&kw=Hack&pi=1","作者":"Hack, Christopher","出版社":"Gilgamesh Publishing","ISBN":9781908531537,"圖片網址":"https:\/\/cdn.kingstone.com.tw\/english\/images\/product\/1537\/9781908531537.jpg","書籍簡介":"0"}
{"書名":"Counter Hack Reloaded","書籍網站":"https:\/\/www.kingstone.com.tw\/\/basic\/203c109182101?zone=english&lid=search&actid=WISE&kw=Hack&pi=1","作者":"Edward,Skoudis","出版社":"Prentice Hal","ISBN":9780131481046,"圖片網址":"https:\/\/cdn.kingstone.com.tw\/english\/images\/product\/1046\/9780131481046.jpg","書籍簡介":"\r\n\r\n本書作者在台灣生活足足八年，因而有機會近距離觀察台灣，每每加以評論並發表於報刊，這便是本書後半部的來源。作者表示：「台灣之自由超過我想像，台灣之民主不及我想像」，並指出有人以「速度論」來解釋這種現象，認為快速發展的社會使民主與自由的調節失控，也有人以「亂象論」來解釋，認為選舉的制度沒有到家，台灣式選舉使民主與自由的編碼(coding)工程錯亂，以及更有許多人認為台灣社會應該受批評的並非自由與民主的關係，而是台灣本土的歷史和地位並未取得一致的認同。作者進一步指出，在各種見仁見智的評論中，許多人忽視「思想傳染」的作用，他認為台灣特殊的歷史環境助長了某些思想的傳播速度，同時限制了另一些思想的傳播規模，換句話說，以進化論的「物競天擇」來比喻的話，即台灣「天擇」了某些思想族群。\r\n                    \r\n"}
{"書名":"The SGTE Casebook","書籍網站":"https:\/\/www.kingstone.com.tw\/\/basic\/203c209514854?zone=english&lid=search&actid=WISE&kw=Hack&pi=1","作者":"Hack, K. (EDT)","出版社":"CRC Pr I Llc","ISBN":9781420044584,"圖片網址":"https:\/\/cdn.kingstone.com.tw\/english\/images\/product\/4584\/9781420044584.jpg","書籍簡介":"\r\n\r\n因此，本書的適用對象相當廣泛-------從大專學生到大學教授。對於剛入門的學生，可採用一般通用的格式；對於以熟悉基本格式的讀者，則可自行決定採用的格式。\r\n                    \r\n"}
