{"書名":"Augmented Reality with Unity AR Foundation","書籍網站":"https:\/\/www.kingstone.com.tw\/\/basic\/203c109949796?zone=english&lid=search&actid=WISE&kw=AR&pi=0","作者":"Jonathan,Linowes","出版社":"Packt       ","ISBN":"https:\/\/cdn.kingstone.com.tw\/english\/images\/product\/2591\/9781838982591.jpg","圖片網址":9781838982591.0,"書籍簡介":"\r\n\r\n\r\n 真實場景渲染實作 ＋ 各大控制面板超詳盡解說！\r\n\r\n 針對 SketchUp 3D 建模後續的渲染作業, Artlantis 憑藉著超快速的出圖渲染速度, 並能與 SketchUp 完美搭配, 已是業界建模 + 渲染工作的最佳選擇。\r\n\r\n 本書是作者經過深入研究而完成的 Artlantis 7 (6.5 亦適用) 超詳盡操作手冊。書中以豐富的場景範例 - 包括【客廳、主臥室空間、中式餐廳包廂、汽車展示廳、屋頂泳池、高級別墅建築外觀..等】, 從場景鏡頭的設置開始, 到陽光、燈光、材質的設置完成, 都有獨到見解與操作說明, 是一套完整的訓練內容。藉由本書讀者必能快速熟悉 Artlantis 7, 讓平淡無奇的建模畫面, 最後產出商業水準的透視圖！　\r\n\r\n本書特色\r\n\r\n ‧陽光、燈光、物體及材質等各大控制面板超詳盡解說, 紮穩 Artlantis 基本操作技巧。\r\n\r\n ‧挑戰室內、外各種光影變化的真實場景, 從 SketchUp 建構模型、賦予材質 → 以 Artlantis 做燈光、渲染 → 最終渲染出圖, Step by Step 完整解說！\r\n\r\n ‧書附光碟提供豐富 Artlantis 可用物件、去背 2D 人物素材, IES 光域網燈光素材...等, 供讀者製作時立即套用。\r\n\r\n"}
{"書名":"AR Unity擴增實境實務開發","書籍網站":"https:\/\/www.kingstone.com.tw\/\/basic\/2013120600652?zone=book&lid=search&actid=WISE&kw=AR&pi=0","作者":"吳敬堯","出版社":"深石數位  ","ISBN":"https:\/\/cdn.kingstone.com.tw\/book\/images\/product\/20131\/2013120600652\/2013120600652b.jpg","圖片網址":9789865005443.0,"書籍簡介":"\r\n\r\n\r\n本書簡介\r\n\r\n\t本書針對Artlantis 6版的新功能特性，做有條理分析與邏輯論述，再加上以7個範例做為實作演練，幫助讀者在最短時間內學會渲染軟體的使用與操作，並成為一位專業級的室內設計師。\r\n\r\n\t書中除了有Artlantis設定完成的檔案，更附有由SketchUp建模的完整場景，可供讀者做為兩者轉換練習之用。\r\n\r\n\t \r\n\r\n本書特色\r\n\r\n\t絕對不藏私～\r\n\r\n\t提供作者獨特的技巧，幫助讀者在最短時間內學會渲染軟體的使用與操作，以做出照片級的透視圖\r\n\r\n\t■針對Artlantis 6最新版本的使用界面、功能與特性，做最有條理分析與邏輯論述。\r\n\r\n\t■以7個不同性質的場景範例，做為室內、外透視圖渲染過程的解說。\r\n\r\n\t■附有123個Artlantis 6可用物件、140個精緻SKP植物、80張PSD格式的後期花素材、380個IES光域網。\r\n\r\n"}
{"書名":"Molecular study of the AR gene in patients with AIS","書籍網站":"https:\/\/www.kingstone.com.tw\/\/basic\/203c108717916?zone=english&lid=search&actid=WISE&kw=AR&pi=0","作者":"Ben Nacef,Imen","出版社":"Our Knowledge Publishing","ISBN":"https:\/\/cdn.kingstone.com.tw\/english\/images\/product\/5881\/9786203635881.jpg","圖片網址":9786203635881.0,"書籍簡介":"\r\n\r\nArtlantis是一款獨立的渲染軟體，並具有操作簡單、學習容易的特性，其領先業界的即時渲染系統，及超快的出圖渲染速度，更被譽為自動相機中的勞斯萊斯等級。本書是一本Artlantis 5從入門到精通的書籍，在前面四章中對Artlantis的使用界面與各項控制面板做地毯式詳細解說：後面六章中則以實際範例做舖陳，做全過程的渲染介紹與演練，讓讀者從理論到實際一以貫之，在最短時間內即可學會渲染的技巧，並成為一位專業級的室內設計師。書中除了有Artlantis設定完成的檔案，更附有由SketchUp建模的完整場景，可供讀者做為兩者轉換練習之用。本書特色市面上第一本Artlantis 5專書，讓您在最短時間內學會渲染的技巧~■針對Artlantis 5最新版本的使用界面、功能與特性，做最有條理分析與邏輯講解。■以六個不同性質的場景範例，做為室內、外透視圖渲染過程的解說。■每一章節的範例檔案中，皆附有以SketchUp建立的場景模型，讓讀者除學習渲染軟體的實作技巧外，也能學習到建模與渲染軟體間的連帶關係。\r\n                    \r\n"}
{"書名":"Vr\/AR and 3D Displays","書籍網站":"https:\/\/www.kingstone.com.tw\/\/basic\/203c102222635?zone=english&lid=search&actid=WISE&kw=AR&pi=0","作者":"Weitao,Song","出版社":"Springer    ","ISBN":"https:\/\/cdn.kingstone.com.tw\/english\/images\/product\/5483\/9789813365483.jpg","圖片網址":9789813365483.0,"書籍簡介":"\r\n\r\n附書光碟DVD*1引人注目，照片級的即時超擬真渲染彩現！ 由設計師與設計講師聯手打造，一開始就掌握實務應用的渲染彩現精要！ Artlantis，一個受到80個國家，超過85000位建築師、設計師、空間規劃師、室內設計師，以及景觀設計師所肯定的軟體，勘稱是世界上最快的渲染彩現工具，其品質直逼照片級水準，有著令人激賞的渲染彩現能力、出色的動畫製作與全景圖像。Artlantis可與SketchUp、AutoCAD、3ds Max、ArchiCAD等建築建模軟體相容銜接運用，和SketchUp更有彩現伴侶之稱，為相容性極高的軟體，而Artlantis 5與之前版本相比，讓人更能駕輕就熟，所有功能按鈕都整合在同一介面中，更可以即時彩現，預覽效果圖。 書中詳細解說Artlantis的功能與應用，包含室內透視彩現、公共空間表現、建築外觀表現，涵蓋材質調整、燈光設定到彩現技術與動畫製作。前半部的內容可打好紮實基礎，增加繪圖品質；後半部分的內容則為實戰實例，藉由不同空間需求來講解燈光材質的使用技巧與方法，可快速提升實務彩現能力。 書附超值DVD： 近150分鐘影音教學\/範例檔\r\n                    \r\n"}
{"書名":"AR and VR Using the Webxr API","書籍網站":"https:\/\/www.kingstone.com.tw\/\/basic\/203c200306828?zone=english&lid=search&actid=WISE&kw=AR&pi=0","作者":"Rakesh,Baruah","出版社":"Apress      ","ISBN":"https:\/\/cdn.kingstone.com.tw\/english\/images\/product\/3174\/9781484263174.jpg","圖片網址":9781484263174.0,"書籍簡介":"\r\n\r\n隨書附800個專有材質及專有物件，自行設計場景時重複練習使用學習效果最佳本書是一本Artlantis 4.0從入門到精通的書籍，在前面三章中對Artlantis的工具運用做地毯式詳細解解說，在後面八章中則以實際範例做舖陳，做全過程的渲染介紹與演練，能讓讀者從理論到實際一以貫之，讓讀者在最短時間內即可學會渲染的技巧，並成為一位專業級的室內設計師。書中除了附有由SketchUp轉檔而來的素模，更附有鏡頭、光線、材質等一切設置完成的檔案，不僅可供讀者依書中執行步驟逐一練習，也可以直接開啟完成檔案以供深入研究之用。本書適合對象︰建築及室內設計的相關人員。在學本科學生想提早了解實務經驗人員。在職室內設計師想提昇工作技能及效能人員。本書特色＊以一歐式廊道範例做光影變化，並從頭敘述建模軟體中賦予材質名稱的原理、原則，直到渲染完成的一整套過程論述，讓初學者對整個設計流程有一清晰的概念。＊以4個範例做為室外建築透視圖，及4個範例做為室內透視圖渲染解說，讓讀者領會快速渲染的快感，以產出照片級透視圖質感的超級魅力。＊光碟附專有材質及專有物件，共計有800個之多，將它們全部複製到自建的目錄（資料夾）中，在素材庫面板中再將自建目錄加入，即可供自行設計場景時重複練習使用。\r\n                    \r\n"}
{"書名":"Estudo da Concentra癟瓊o da Polui癟瓊o do Ar com Par璽metro Fuzzy","書籍網站":"https:\/\/www.kingstone.com.tw\/\/basic\/203c011324154?zone=english&lid=search&actid=WISE&kw=AR&pi=0","作者":"Jennifer Cristina,Borges","出版社":"Novas Edicoes Academicas","ISBN":"https:\/\/cdn.kingstone.com.tw\/english\/images\/product\/5690\/9786202405690.jpg","圖片網址":9786202405690.0,"書籍簡介":"\r\n\r\n從入門到精通！一次打造照片級的透視圖！Artlantis是一款獨立的渲染軟體，其操作簡單學習容易，被稱為是SketchUp的渲染伴侶，但它也是ArchiCAD、AutoCAD等軟體使用者，想產出照片級透視圖水準的利器。本書採Step by Step教學，讓讀者在短時間內即可學會Artlantis 3.0渲染的專門技巧，書中除對操作界面與控制面板有精闢的解說，更以8個室內外建築場景為範例，做全過程的渲染介紹與演練，能讓讀者從理論到實際一以貫之，更甚者，Artlantis與SketchUp的直觀設計概念，及易學易用的特性，讓初學者或設計經驗老手，都能產出高水準透視圖，以成就一位全能的室內設計師。本書適合對象1.建築及室內設計的相關人員。2.在學本科學生想提早了解實務經驗人員。3.在職室內設計師想提昇工作技能及效能人員。4.想培養電腦繪圖第二專長人員。5.想成為全能室內設計師人員。本書特色1.本書針對Artlantis 3.0最新版本的功能與特性，做最有條理分析與邏輯論述，讓讀者以最快學習速度，學會整套軟體的操作。2.以一音響試聽室為例，從建模軟體中建模完成，賦予材質名稱開始，到渲染完成的一整套論述，讓初學者對整個設計流程有一清晰的觀念。3.以三個範例做為室外建築渲染解說，讓讀者領會快速渲染的快感，以產出頂級透視圖質感的超級魅力。4.以五個範例做為室內設計渲染解說，讓平淡無奇的建模畫面，到最後產出照片級的透視圖水準，使讀者從中領略渲染的各項必備技巧，以成為一全能的室內設計師。\r\n                    \r\n"}
{"書名":"Espa癟o p繳blico e a qualidade do ar","書籍網站":"https:\/\/www.kingstone.com.tw\/\/basic\/203c011360671?zone=english&lid=search&actid=WISE&kw=AR&pi=0","作者":"Ederson,Dias Da Rocha","出版社":"Novas Edicoes Academicas","ISBN":"https:\/\/cdn.kingstone.com.tw\/english\/images\/product\/1945\/9786139681945.jpg","圖片網址":9786139681945.0,"書籍簡介":"\r\n\r\nArtlantis渲染軟體是室內設計透視圖渲染的新標竿，具操作使用簡單，學習容易，且其渲染品質直逼照片級水準。本書為Artlantis的基本使用教學，讓初接觸渲染軟體的使用者，也能順利使用操作，以產出最高品質的作品。以八個不同類別場景，詳述Sketchup完整建模過程，以增進使用者應用Sketchup於室內設計工作的職場技能。ArchiCAD、AutoCAD、MAYA、Revit、 3ds Max、 VIZ及Arc＋等，這些軟體的使用者亦可一併適用。\r\n                    \r\n"}
{"書名":"An獺lise de Flu穩dos Refrigerantes Atuando em Ar Condicionado Automotivo","書籍網站":"https:\/\/www.kingstone.com.tw\/\/basic\/203c011360326?zone=english&lid=search&actid=WISE&kw=AR&pi=0","作者":"Guilherme,Scheidemantel","出版社":"Novas Edicoes Academicas","ISBN":"https:\/\/cdn.kingstone.com.tw\/english\/images\/product\/9130\/9786139609130.jpg","圖片網址":9786139609130.0,"書籍簡介":null}
{"書名":"你今天AR了沒？AR擴增實境創新思維","書籍網站":"https:\/\/www.kingstone.com.tw\/\/basic\/2800000031673?zone=ebook&lid=search&actid=WISE&kw=AR&pi=0","作者":"白璧珍","出版社":"電子書","ISBN":"https:\/\/cdn.kingstone.com.tw\/book\/images\/product\/20131\/2013120552920\/2013120552920b.jpg","圖片網址":null,"書籍簡介":null}
{"書名":"Oxida癟瓊o ao ar a altas temperaturas de a癟os inoxid獺veis austen穩ticos","書籍網站":"https:\/\/www.kingstone.com.tw\/\/basic\/203c011321882?zone=english&lid=search&actid=WISE&kw=AR&pi=0","作者":"Andr矇 de Albuquerque,Vicente","出版社":"Novas Edicoes Academicas","ISBN":"https:\/\/cdn.kingstone.com.tw\/english\/images\/product\/0328\/9786202030328.jpg","圖片網址":9786202030328.0,"書籍簡介":null}
{"書名":"Nociones de instrucci籀n heur穩stica para ense簽ar geometr穩a","書籍網站":"https:\/\/www.kingstone.com.tw\/\/basic\/203c011382982?zone=english&lid=search&actid=WISE&kw=AR&pi=0","作者":"Hip籀lito Eulogio,Santos Loo","出版社":"Editorial Academica Espanola","ISBN":"https:\/\/cdn.kingstone.com.tw\/english\/images\/product\/4403\/9786202254403.jpg","圖片網址":9786202254403.0,"書籍簡介":null}
{"書名":"小時候 展覽專輯+AR擴增實境互動體驗","書籍網站":"https:\/\/www.kingstone.com.tw\/\/basic\/2019020040000?zone=book&lid=search&actid=WISE&kw=AR&pi=0","作者":"桃園市立美術館","出版社":"桃市美術館","ISBN":"https:\/\/cdn.kingstone.com.tw\/book\/images\/product\/20190\/2019020040000\/2019020040000b.jpg","圖片網址":9789865411893.0,"書籍簡介":null}
{"書名":"你今天AR了沒？AR擴增實境創新思維：AR傳教士白璧珍教你全球知名企業都在使用的溝通術，全方位解析XR產業應用的實戰書","書籍網站":"https:\/\/www.kingstone.com.tw\/\/basic\/2013120552920?zone=book&lid=search&actid=WISE&kw=AR&pi=0","作者":"白璧珍","出版社":"布克文化  ","ISBN":"https:\/\/cdn.kingstone.com.tw\/book\/images\/product\/20131\/2013120552920\/2013120552920b.jpg","圖片網址":9789865405762.0,"書籍簡介":null}
{"書名":"AR擴增實境輕鬆學：結合虛擬與真實的新科技應用","書籍網站":"https:\/\/www.kingstone.com.tw\/\/basic\/2013120554054?zone=book&lid=search&actid=WISE&kw=AR&pi=0","作者":"謝旻儕、黃凱揚","出版社":"深石數位  ","ISBN":"https:\/\/cdn.kingstone.com.tw\/book\/images\/product\/20131\/2013120554054\/2013120554054b.jpg","圖片網址":9789865004828.0,"書籍簡介":null}
{"書名":"Medieninnovationen AR Und VRErfolgsfaktoren F羹r Die Entwicklung Von Experiences","書籍網站":"https:\/\/www.kingstone.com.tw\/\/basic\/203c002384120?zone=english&lid=search&actid=WISE&kw=AR&pi=0","作者":"Langer,Elle","出版社":"Springer Vieweg","ISBN":"https:\/\/cdn.kingstone.com.tw\/english\/images\/product\/8258\/9783662608258.jpg","圖片網址":9783662608258.0,"書籍簡介":null}
{"書名":"Aprenda a Dise簽ar un Sitio Web para Su Negocio, Usando WordPress para Principiantes","書籍網站":"https:\/\/www.kingstone.com.tw\/\/basic\/203c005109487?zone=english&lid=search&actid=WISE&kw=AR&pi=0","作者":"Rivera,Thiago","出版社":"Espanol AC Publishing","ISBN":"https:\/\/cdn.kingstone.com.tw\/english\/images\/product\/0270\/9781800600270.jpg","圖片網址":9781800600270.0,"書籍簡介":null}
{"書名":"A generic interface element for COMET-AR","書籍網站":"https:\/\/www.kingstone.com.tw\/\/basic\/203c004918556?zone=english&lid=search&actid=WISE&kw=AR&pi=0","作者":"Nasa,National Aeronautics and Space Adm","出版社":"Independently Published","ISBN":"https:\/\/cdn.kingstone.com.tw\/english\/images\/product\/7992\/9781790377992.jpg","圖片網址":9781790377992.0,"書籍簡介":null}
{"書名":"Advances and Trends in Artificial Intelligence. Artificial Intelligence Practices","書籍網站":"https:\/\/www.kingstone.com.tw\/\/basic\/203c108460517?zone=english&lid=search&actid=WISE&kw=AR&pi=0","作者":"Hamido,Fujita","出版社":"Springer    ","ISBN":"https:\/\/cdn.kingstone.com.tw\/english\/images\/product\/4569\/9783030794569.jpg","圖片網址":9783030794569.0,"書籍簡介":null}
{"書名":"山海南島： 乘風破浪開疆闢土的擴散歷程（AR互動繪本）[精裝]","書籍網站":"https:\/\/www.kingstone.com.tw\/\/basic\/2015216416833?zone=book&lid=search&actid=WISE&kw=AR&pi=0","作者":"朱正宜","出版社":"臺灣史前館","ISBN":"https:\/\/cdn.kingstone.com.tw\/book\/images\/product\/20152\/2015216416833\/2015216416833b.jpg","圖片網址":9789865437824.0,"書籍簡介":null}
{"書名":"Beginning Ios Ar Game Development","書籍網站":"https:\/\/www.kingstone.com.tw\/\/basic\/203c190505285?zone=english&lid=search&actid=WISE&kw=AR&pi=0","作者":"Fowler, Allan","出版社":"Apress      ","ISBN":"https:\/\/cdn.kingstone.com.tw\/english\/images\/product\/6178\/9781484236178.jpg","圖片網址":9781484236178.0,"書籍簡介":null}
{"書名":"Advances in Civil Engineering Materials","書籍網站":"https:\/\/www.kingstone.com.tw\/\/basic\/203c106362653?zone=english&lid=search&actid=WISE&kw=AR&pi=0","作者":"Ar Meor Mohammad Fared,Bin Meor Razali","出版社":"Springer    ","ISBN":"https:\/\/cdn.kingstone.com.tw\/english\/images\/product\/5599\/9789813365599.jpg","圖片網址":9789813365599.0,"書籍簡介":null}
{"書名":"Environmental Water Requirements in Mountainous Areas","書籍網站":"https:\/\/www.kingstone.com.tw\/\/basic\/203c200303989?zone=english&lid=search&actid=WISE&kw=AR&pi=0","作者":"Christina,Papadaki","出版社":"Elsevier    ","ISBN":"https:\/\/cdn.kingstone.com.tw\/english\/images\/product\/3426\/9780128193426.jpg","圖片網址":9780128193426.0,"書籍簡介":null}
{"書名":"精通Unity3D + AR + VR：你才敢稱為3D高手","書籍網站":"https:\/\/www.kingstone.com.tw\/\/basic\/2013120487840?zone=book&lid=search&actid=WISE&kw=AR&pi=0","作者":"吳雁濤","出版社":"佳魁數位  ","ISBN":"https:\/\/cdn.kingstone.com.tw\/book\/images\/product\/20131\/2013120487840\/2013120487840b.jpg","圖片網址":9789863797203.0,"書籍簡介":null}
{"書名":"輕課程 製作專屬你的AR擴增實境與VR虛擬實境－最新版（第二版）","書籍網站":"https:\/\/www.kingstone.com.tw\/\/basic\/2015215919816?zone=book&lid=search&actid=WISE&kw=AR&pi=0","作者":"劉為開","出版社":"台科大    ","ISBN":"https:\/\/cdn.kingstone.com.tw\/book\/images\/product\/20152\/2015215919816\/2015215919816b.jpg","圖片網址":9789864557707.0,"書籍簡介":null}
{"書名":"山海先民：臺灣史前工藝之美（AR互動繪本）","書籍網站":"https:\/\/www.kingstone.com.tw\/\/basic\/2015216014695?zone=book&lid=search&actid=WISE&kw=AR&pi=1","作者":"朱正宜；王韋迪","出版社":"臺灣史前館","ISBN":"https:\/\/cdn.kingstone.com.tw\/book\/images\/product\/20152\/2015216014695\/2015216014695b.jpg","圖片網址":9789860580174.0,"書籍簡介":null}
{"書名":"Gestione integrata dei nutrienti nel Groundnut (Arachis hypogaea L.)","書籍網站":"https:\/\/www.kingstone.com.tw\/\/basic\/203c103818064?zone=english&lid=search&actid=WISE&kw=AR&pi=1","作者":"Veeramani,Perumal","出版社":"Edizioni Sapienza","ISBN":"https:\/\/cdn.kingstone.com.tw\/english\/images\/product\/4136\/9786203324136.jpg","圖片網址":9786203324136.0,"書籍簡介":null}
{"書名":"輕課程 快快樂樂學AR影像魔法－使用Unity與Vuforia開發套件","書籍網站":"https:\/\/www.kingstone.com.tw\/\/basic\/2015215919786?zone=book&lid=search&actid=WISE&kw=AR&pi=1","作者":"歐陽芳泉、林淑惠、鄭佳淵","出版社":"台科大    ","ISBN":"https:\/\/cdn.kingstone.com.tw\/book\/images\/product\/20152\/2015215919786\/2015215919786b.jpg","圖片網址":9789864557639.0,"書籍簡介":null}
{"書名":"水保少女Running吧! 水土保持AR擴增實境互動書&微型積木（盒裝）","書籍網站":"https:\/\/www.kingstone.com.tw\/\/basic\/2015215987051?zone=book&lid=search&actid=WISE&kw=AR&pi=1","作者":"蕭雪麗、薛名娟、楊明諭等","出版社":"水土保持局","ISBN":"https:\/\/cdn.kingstone.com.tw\/book\/images\/product\/20152\/2015215987051\/2015215987051b.jpg","圖片網址":9789860574180.0,"書籍簡介":null}
{"書名":"Business Process Management","書籍網站":"https:\/\/www.kingstone.com.tw\/\/basic\/203c200324439?zone=english&lid=search&actid=WISE&kw=AR&pi=1","作者":"Mathias,Weske","出版社":"Springer    ","ISBN":"https:\/\/cdn.kingstone.com.tw\/english\/images\/product\/4346\/9783662594346.jpg","圖片網址":9783662594346.0,"書籍簡介":null}
{"書名":"Applying Perceptrons to Speculation in Computer Architecture","書籍網站":"https:\/\/www.kingstone.com.tw\/\/basic\/203c011448312?zone=english&lid=search&actid=WISE&kw=AR&pi=1","作者":"Michael,Black","出版社":"AV Akademikerverlag","ISBN":"https:\/\/cdn.kingstone.com.tw\/english\/images\/product\/6992\/9783639416992.jpg","圖片網址":9783639416992.0,"書籍簡介":null}
{"書名":"Twenty Worlds","書籍網站":"https:\/\/www.kingstone.com.tw\/\/basic\/203c004918374?zone=english&lid=search&actid=WISE&kw=AR&pi=1","作者":"Niall,Deacon","出版社":"Reaktion B  ","ISBN":"https:\/\/cdn.kingstone.com.tw\/english\/images\/product\/3386\/9781789143386.jpg","圖片網址":9781789143386.0,"書籍簡介":null}
{"書名":"Brain-Computer Interface Research","書籍網站":"https:\/\/www.kingstone.com.tw\/\/basic\/203c200916203?zone=english&lid=search&actid=WISE&kw=AR&pi=1","作者":"Christoph,Guger","出版社":"Springer    ","ISBN":"https:\/\/cdn.kingstone.com.tw\/english\/images\/product\/5824\/9783030495824.jpg","圖片網址":9783030495824.0,"書籍簡介":null}
{"書名":"Analysis and Design of Next-Generation Software Architectures","書籍網站":"https:\/\/www.kingstone.com.tw\/\/basic\/203c102220891?zone=english&lid=search&actid=WISE&kw=AR&pi=1","作者":"Arthur M,Langer","出版社":"Springer    ","ISBN":"https:\/\/cdn.kingstone.com.tw\/english\/images\/product\/9019\/9783030369019.jpg","圖片網址":9783030369019.0,"書籍簡介":null}
{"書名":"Proceedings of Arch 2019","書籍網站":"https:\/\/www.kingstone.com.tw\/\/basic\/203c011389844?zone=english&lid=search&actid=WISE&kw=AR&pi=1","作者":"Ant籀nio,Ar礙de","出版社":"Springer    ","ISBN":"https:\/\/cdn.kingstone.com.tw\/english\/images\/product\/2294\/9783030292294.jpg","圖片網址":9783030292294.0,"書籍簡介":null}
{"書名":"Morphological and Molecular Analysis of Spider (Araneae) Diversity","書籍網站":"https:\/\/www.kingstone.com.tw\/\/basic\/203c011464031?zone=english&lid=search&actid=WISE&kw=AR&pi=1","作者":"Jayaraman,Dharmaraj","出版社":"LAP Lambert Academic Publishing","ISBN":"https:\/\/cdn.kingstone.com.tw\/english\/images\/product\/6938\/9786200536938.jpg","圖片網址":9786200536938.0,"書籍簡介":null}
{"書名":"輕課程 製作專屬你的AR擴增實境與VR虛擬實境","書籍網站":"https:\/\/www.kingstone.com.tw\/\/basic\/2015215553508?zone=book&lid=search&actid=WISE&kw=AR&pi=1","作者":"劉為開","出版社":"台科大    ","ISBN":"https:\/\/cdn.kingstone.com.tw\/book\/images\/product\/20152\/2015215553508\/2015215553508b.jpg","圖片網址":9789864555123.0,"書籍簡介":null}
{"書名":"Swift－AR擴增實境與感應器開發","書籍網站":"https:\/\/www.kingstone.com.tw\/\/basic\/2013120430921?zone=book&lid=search&actid=WISE&kw=AR&pi=1","作者":"關東升","出版社":"佳魁      ","ISBN":"https:\/\/cdn.kingstone.com.tw\/book\/images\/product\/20131\/2013120430921\/2013120430921b.jpg","圖片網址":9789863795100.0,"書籍簡介":null}
{"書名":"山海臺灣：從臺灣島嶼的誕生解碼史前玉蛙的身世【AR互動繪本】","書籍網站":"https:\/\/www.kingstone.com.tw\/\/basic\/2015215649324?zone=book&lid=search&actid=WISE&kw=AR&pi=1","作者":"朱正宜、邵美華、張益生","出版社":"第五養工處","ISBN":"https:\/\/cdn.kingstone.com.tw\/book\/images\/product\/20152\/2015215649324\/2015215649324b.jpg","圖片網址":9789860545432.0,"書籍簡介":null}
{"書名":"穿梭虛擬與現實--Unity 3D擴增實境AR速戰技(附範例\/近220分鐘影音教學)","書籍網站":"https:\/\/www.kingstone.com.tw\/\/basic\/2014713525420?zone=book&lid=search&actid=WISE&kw=AR&pi=1","作者":"曾偉凱\/何昇隆\/李慧貞\/呂","出版社":"碁峰資訊  ","ISBN":"https:\/\/cdn.kingstone.com.tw\/book\/images\/product\/20147\/2014713525420\/2014713525420b.jpg","圖片網址":9789864763122.0,"書籍簡介":null}
{"書名":"Catalysis for Global Development. Contributions around the Iberoamerican Federation of Cat","書籍網站":"https:\/\/www.kingstone.com.tw\/\/basic\/203c007126740?zone=english&lid=search&actid=WISE&kw=AR&pi=1","作者":"Gomes,Helder T","出版社":"Mdpi AG","ISBN":"https:\/\/cdn.kingstone.com.tw\/english\/images\/product\/8915\/9783039288915.jpg","圖片網址":9783039288915.0,"書籍簡介":null}
{"書名":"Bebidas l獺cteas fermentadas contendo extrato de arroz vermelho","書籍網站":"https:\/\/www.kingstone.com.tw\/\/basic\/203c011358162?zone=english&lid=search&actid=WISE&kw=AR&pi=1","作者":"Josianny Alves,Bo礙no","出版社":"Novas Edicoes Academicas","ISBN":"https:\/\/cdn.kingstone.com.tw\/english\/images\/product\/9287\/9786202179287.jpg","圖片網址":9786202179287.0,"書籍簡介":null}
{"書名":"Un enfoque alternativo a ciertas estructuras de Lewis","書籍網站":"https:\/\/www.kingstone.com.tw\/\/basic\/203c011357556?zone=english&lid=search&actid=WISE&kw=AR&pi=1","作者":"Ferm穩n Humberto,Ar矇valo Ortiz","出版社":"Editorial Academica Espanola","ISBN":"https:\/\/cdn.kingstone.com.tw\/english\/images\/product\/4712\/9786202134712.jpg","圖片網址":9786202134712.0,"書籍簡介":null}
{"書名":"AR擴增實境好好玩！結合虛擬與真實的新科技應用","書籍網站":"https:\/\/www.kingstone.com.tw\/\/basic\/2013120396524?zone=book&lid=search&actid=WISE&kw=AR&pi=1","作者":"謝旻儕、黃凱揚","出版社":"松崗      ","ISBN":"https:\/\/cdn.kingstone.com.tw\/book\/images\/product\/20131\/2013120396524\/2013120396524b.jpg","圖片網址":9789572245880.0,"書籍簡介":null}
{"書名":"乙級會計事務（人工記帳、資訊項）學科題庫必通解析－最新版（第五版）－附贈MOSME行動學習一點通","書籍網站":"https:\/\/www.kingstone.com.tw\/\/basic\/2015216680432?zone=book&lid=search&actid=WISE&kw=AR&pi=1","作者":"AR會計研究工作室","出版社":"台科大    ","ISBN":"https:\/\/cdn.kingstone.com.tw\/book\/images\/product\/20152\/2015216680432\/2015216680432b.jpg","圖片網址":9789865231231.0,"書籍簡介":null}
{"書名":"A New Road To Independence - Poultry Rasing The Arndt New Era Way","書籍網站":"https:\/\/www.kingstone.com.tw\/\/basic\/203c108571146?zone=english&lid=search&actid=WISE&kw=AR&pi=1","作者":"Milton,Arndt","出版社":"Ingram      ","ISBN":"https:\/\/cdn.kingstone.com.tw\/english\/images\/product\/3881\/9781445513881.jpg","圖片網址":9781445513881.0,"書籍簡介":null}
{"書名":"Help Your Kids With Math, Science, and Language Arts","書籍網站":"https:\/\/www.kingstone.com.tw\/\/basic\/203c810427843?zone=english&lid=search&actid=WISE&kw=AR&pi=1","作者":"DK Publishing (Dorling Kindersley)","出版社":"DK Publishing (Dorling Kindersle","ISBN":"https:\/\/cdn.kingstone.com.tw\/english\/images\/product\/1009\/9781465481009.jpg","圖片網址":9781465481009.0,"書籍簡介":null}
{"書名":"Theory and Applications of Spherical Microphone Array Processing","書籍網站":"https:\/\/www.kingstone.com.tw\/\/basic\/203c109188198?zone=english&lid=search&actid=WISE&kw=AR&pi=1","作者":"Daniel P,Jarrett","出版社":"Springer    ","ISBN":"https:\/\/cdn.kingstone.com.tw\/english\/images\/product\/5250\/9783319825250.jpg","圖片網址":9783319825250.0,"書籍簡介":null}
{"書名":"乙級會計事務（人工記帳、資訊項）學科題庫必通解析－最新版（第四版）－附贈MOSME題測系統","書籍網站":"https:\/\/www.kingstone.com.tw\/\/basic\/2015216119116?zone=book&lid=search&actid=WISE&kw=AR&pi=1","作者":"AR會計研究工作室","出版社":"台科大    ","ISBN":"https:\/\/cdn.kingstone.com.tw\/book\/images\/product\/20152\/2015216119116\/2015216119116b.jpg","圖片網址":9789864558315.0,"書籍簡介":null}
{"書名":"Higher Genus Curves in Mathematical Physics and Arithmetic Geometry","書籍網站":"https:\/\/www.kingstone.com.tw\/\/basic\/203c805966318?zone=english&lid=search&actid=WISE&kw=AR&pi=2","作者":"Malmendier, Andreas (EDT)","出版社":"Ingram      ","ISBN":"https:\/\/cdn.kingstone.com.tw\/english\/images\/product\/8563\/9781470428563.jpg","圖片網址":9781470428563.0,"書籍簡介":null}
{"書名":"乙級會計事務(人工記帳、資訊項)學科題庫必通解析-最新版(第三版)-附贈OTAS題測系統","書籍網站":"https:\/\/www.kingstone.com.tw\/\/basic\/2015215570406?zone=book&lid=search&actid=WISE&kw=AR&pi=2","作者":"AR會計研究工作室","出版社":"台科大    ","ISBN":"https:\/\/cdn.kingstone.com.tw\/book\/images\/product\/20152\/2015215570406\/2015215570406b.jpg","圖片網址":9789864555277.0,"書籍簡介":null}
{"書名":"Rainwater Harvesting for Agriculture in the Dry Areas","書籍網站":"https:\/\/www.kingstone.com.tw\/\/basic\/203c710822680?zone=english&lid=search&actid=WISE&kw=AR&pi=2","作者":"Ansari, M. Naushad (EDT)","出版社":"Ingram      ","ISBN":"https:\/\/cdn.kingstone.com.tw\/english\/images\/product\/0169\/9781681170169.jpg","圖片網址":9781681170169.0,"書籍簡介":null}
{"書名":"Recent Advances in Artificial Intelligence Research and Development","書籍網站":"https:\/\/www.kingstone.com.tw\/\/basic\/203c180248940?zone=english&lid=search&actid=WISE&kw=AR&pi=2","作者":"Aguil? I. (EDT)\/ Alqu憴ar, R. (EDT)\/ Angulo, C. (EDT)\/ Ortiz, a (EDT)\/ Torrens, J","出版社":"Ingram      ","ISBN":"https:\/\/cdn.kingstone.com.tw\/english\/images\/product\/8051\/9781614998051.jpg","圖片網址":9781614998051.0,"書籍簡介":null}
{"書名":"乙級會計事務(人工記帳、資訊項)學科題庫必通解析-2016年版(附贈OTAS題測系統)","書籍網站":"https:\/\/www.kingstone.com.tw\/\/basic\/2015215083234?zone=book&lid=search&actid=WISE&kw=AR&pi=2","作者":"吳秀蓮 AR會計研究工作室","出版社":"台科大    ","ISBN":"https:\/\/cdn.kingstone.com.tw\/book\/images\/product\/20152\/2015215083234\/2015215083234b.jpg","圖片網址":9789864552573.0,"書籍簡介":null}
{"書名":"El huevo del dinosaurio y otras historias cient璗icas sobre la evoluci鏮 \/ The Dinosaur Egg","書籍網站":"https:\/\/www.kingstone.com.tw\/\/basic\/203c902969272?zone=english&lid=search&actid=WISE&kw=AR&pi=2","作者":"Bol癉ar, Jorge","出版社":"Ingram      ","ISBN":"https:\/\/cdn.kingstone.com.tw\/english\/images\/product\/2799\/9788493502799.jpg","圖片網址":9788493502799.0,"書籍簡介":null}
{"書名":"Advanced Research on Automation, Communication, Architectonics and Materials","書籍網站":"https:\/\/www.kingstone.com.tw\/\/basic\/203c109815557?zone=english&lid=search&actid=WISE&kw=AR&pi=2","作者":"Zhang, Helen (EDT)","出版社":"Ingram      ","ISBN":"https:\/\/cdn.kingstone.com.tw\/english\/images\/product\/1036\/9783037851036.jpg","圖片網址":9783037851036.0,"書籍簡介":null}
{"書名":"Introducing Geographic Information Systems With ArcGis","書籍網站":"https:\/\/www.kingstone.com.tw\/\/basic\/203c109361407?zone=english&lid=search&actid=WISE&kw=AR&pi=2","作者":"Kennedy, Michael","出版社":"Ingram      ","ISBN":"https:\/\/cdn.kingstone.com.tw\/english\/images\/product\/8173\/9780470398173.jpg","圖片網址":9780470398173.0,"書籍簡介":null}
{"書名":"Near a Thousand Tables: A History of Food","書籍網站":"https:\/\/www.kingstone.com.tw\/\/basic\/2044050031773?zone=english&lid=search&actid=WISE&kw=AR&pi=2","作者":"Fernandez-Ar","出版社":"Simon & Sc  ","ISBN":"https:\/\/cdn.kingstone.com.tw\/english\/images\/product\/7407\/9780743227407.jpg","圖片網址":9780743227407.0,"書籍簡介":null}
{"書名":"El sistema de numeracion Maya y sus operaciones aritmeticas \/ Mayan Numbering System and A","書籍網站":"https:\/\/www.kingstone.com.tw\/\/basic\/203c308827770?zone=english&lid=search&actid=WISE&kw=AR&pi=2","作者":"Cacia Daniel","出版社":"Ingram      ","ISBN":"https:\/\/cdn.kingstone.com.tw\/english\/images\/product\/1243\/9789992211243.jpg","圖片網址":9789992211243.0,"書籍簡介":null}
{"書名":"塑膠概論","書籍網站":"https:\/\/www.kingstone.com.tw\/\/basic\/2014570000887?zone=book&lid=search&actid=WISE&kw=AR&pi=2","作者":"LIONERK AR","出版社":"大中國    ","ISBN":"https:\/\/cdn.kingstone.com.tw\/book\/images\/product\/20145\/2014570000887\/2014570000887b.jpg","圖片網址":null,"書籍簡介":null}
