{"書名":"您不可不知道的幹細胞科技","書籍網站":"https:\/\/www.kingstone.com.tw\/\/basic\/2013680007038?zone=book&lid=book_class3_efh&actid=book_class3_efh","作者":"沈家寧、郭紘志、黃效民、謝清河","出版社":"五南      ","ISBN":9789571193724,"圖片網址":"https:\/\/cdn.kingstone.com.tw\/book\/images\/product\/20136\/2013680007038\/2013680007038b.jpg","書籍簡介":"\r\n\r\n\r\n\t您知道甚麼是幹細胞科技嗎?您知道為什麼在短短五年內諾貝爾醫學獎兩度頒給從事幹細胞研究的學者？在2007年諾貝爾醫學獎頒給了馬利奧•卡佩奇（美國）、馬丁•埃文斯（英國）、奧利弗•史密斯（美國）三位科學家，他們透過運用胚幹細胞開發基因剔除技術，幫助我們了解許的基因的重要功能；2012年諾貝爾醫學獎頒給約翰•葛登（英國）及山中伸彌 (日本)兩位學者，他們開發了能讓成體細胞可以重新編程為幹細胞的技術，因為幹細胞有朝一日或許可以應用修復病人受損的器官。\r\n\r\n\t為了幫助大家能夠清楚了解幹細胞科技的內涵及發展現況，更為了釐清大家對幹細胞科技的誤解，並避免受到不肖業者的誤導欺騙，本書邀請國內實際從事幹細胞研究的學者及臨床醫師來撰寫本書，本書首先透過描述細胞的發現經過，來幫助大家了解幹細胞的特性；接下來進一步介紹目前了解最透徹的胚幹細胞、造血幹細胞及間葉幹細胞；再來藉由介紹過心臟與神經性疾病之細胞療法，讓大家了解幹細胞將如何被運用在修復病人受損的器官；最後將告訴大家幹細胞如何被保存以及幹細胞生技產業的發展趨勢，希望本書可以提供讀者對先端幹細胞科技初步的概念。\r\n\r\n"}
{"書名":"生命倫理專題：人工生殖科技（下）","書籍網站":"https:\/\/www.kingstone.com.tw\/\/basic\/2013000148601?zone=book&lid=book_class3_efh&actid=book_class3_efh","作者":"區結成","出版社":"花千樹    ","ISBN":9789888484546,"圖片網址":"https:\/\/cdn.kingstone.com.tw\/book\/images\/product\/20130\/2013000148601\/2013000148601b.jpg","書籍簡介":"\r\n\r\n近年，香港積極推動創新科技發展，但當這些科技與生命攸關，便會引起倫理挑戰和道德爭議。中文大學生命倫理學中心構思製作生命倫理專題，冀為社會的生命倫理通識添磚加瓦，使生命倫理課題成為社會的基礎通識。此專題從人工生殖科技出發，以不同角度探討相關的倫理議題。全球首個「試管嬰兒」在1978年7月25日出生，舉世震動。現今社會開明，普遍接受人工受孕的生殖技術，未能成功懷孕的夫婦都樂於向輔助生育專家求助。但是，這種技術發展之初，受傳統觀念影響，社會不乏反對的聲音。在批評和道德爭議下，人工生殖科技仍然開啟了一波又一波的突破，同時亦掀起全新的倫理爭議，例如買賣胚胎、代孕等話題，而基因檢測技術的突破也帶來新的倫理挑戰。 倫理爭議少有非黑即白的對錯之分，人人可能有不同的看法，但在2018年11月，賀建奎宣稱創造了「世界上首例基因編輯嬰兒」，卻落得全球譴責，可見倫理判斷亦有準則。本書兩位作者從醫學、哲學、生命倫理學方面探討這些爭議，冀望讀者可以從多方面思考種種倫理問題。由香港中文大學生命倫理學中心構思製作的生命倫理專題。此書為「生命倫理專題」的第一本著作下冊，談及人工生殖科技的醫學及倫理學。\r\n                    \r\n"}
{"書名":"大危雞：抗生素如何造就現代畜牧工廠，改變全球飲食方式？","書籍網站":"https:\/\/www.kingstone.com.tw\/\/basic\/2013000141077?zone=book&lid=book_class3_efh&actid=book_class3_efh","作者":"瑪琳．麥肯納","出版社":"大石國際  ","ISBN":9789578722750,"圖片網址":"https:\/\/cdn.kingstone.com.tw\/book\/images\/product\/20130\/2013000141077\/2013000141077b.jpg","書籍簡介":"\r\n\r\n全球首屈一指公衛記者最卓越的調查報告揭發現代肉品生產與抗藥性感染同步崛起的真相！亞馬遜4.8星超高評價！全球知名記者與農政專家一致推崇，本世紀最重要的揭弊之作！一場改變你我健康的食物革命，已然揭開序幕․農業科學徹底改變雞肉的生產方式，我們卻為此付出巨大的代價․讓我們免於遭受感染的藥物，也同時扮演傷害我們健康的幕後黑手․利用抗生素使雞長出更多的肉，卻間接導致具抗藥性的超級細菌誕生․紮實且豐富的資料，令人大開眼界的公共衛生新聞報導！․任何關心食物品質和動物福利的人都必須閱讀的經典之作！全球雞肉生產量70年來增長了十倍以上，已成為全世界最受歡迎的肉類，但現代人在享用雞肉時要付出一項看不見的代價──我們的健康。傑出的調查記者瑪琳‧麥肯納在本書中，揭發了抗生素的使用如何催生工業化飼養方式，所生產的肉類進而改變我們的飲食，影響我們的日常生活。麥肯納援引數十年來的研究資料，以及與企業主和流行病學家等各領域專家的親身訪談，寫成了這部一流的報導作品，讓我們看見科學的應用一旦出了差錯可能造成的嚴重後果。上個世紀中葉起，抗生素助長了養雞業的發展，使雞肉從具地方特色的美食，變成每個人天天都能獲取的蛋白質。但這樣的急速成長也帶來了重大危機，在飼養的過程中，抗生素抗藥性也悄悄滋長，導致疫情爆發時愈來愈難治療，這樣的後果不論對農業、對人的健康，還是對現代醫療，都是毀滅性的打擊。麥肯納一路追蹤雞肉產業的演變，從當初被當成平價主菜來推廣，到成為全球性商品以及食源性疾病的媒介，把工業化畜牧的幕後黑手、抗生素濫用的惡果以及未來世代的處境一次攤在陽光下。麥肯納帶領讀者走訪產業現場，從德馬瓦半島的美國最早養雞場、發明雞塊但無甚名氣的實驗室，到今天的工廠式畜牧場，向我們揭露了養雞史不只關乎我們吃了什麼，也關乎政治、經濟和文化。她透過生動的敘事，為一群率先覺醒的雞農、廚師和社運人士發聲，他們正在努力讓家禽重新在餐桌上獲得敬重──並改變我們看待食物的方式。《大危雞》透過豐富的科學、歷史和文化見解，以優美的寫法呈現犀利的觀點，如同一則警世故事描寫一個走錯路的產業，最後也讓我們看見如何找回正途。\r\n                    \r\n"}
{"書名":"仿生設計大未來：人類進步的下一個關鍵","書籍網站":"https:\/\/www.kingstone.com.tw\/\/basic\/2014400145856?zone=book&lid=book_class3_efh&actid=book_class3_efh","作者":"阿米娜．汗","出版社":"如果      ","ISBN":9789578567177,"圖片網址":"https:\/\/cdn.kingstone.com.tw\/book\/images\/product\/20144\/2014400145856\/2014400145856b.jpg","書籍簡介":"\r\n\r\n\r\n從自然界找科技解答，將成為未來進步的關鍵！\r\n NASA、哈佛、喬治亞理工學院，傾力投入仿生研究，\r\n 全球製造與工業高峰會將「仿生科技」定為2019年會議主題，\r\n 美國FBEI研究所預估，2030年仿生相關產業將在全球創造1.6兆美元GDP。\r\n\r\n  \r\n\r\n從太空探索、學術研究，到製程改良、賺錢商機與永續社會，\r\n師法生物智慧的新趨勢，將徹底改變你我的世界。\r\n\r\n 「這書充滿細節，而且寫得很好。這些細膩的故事描述了各種關於生物啟發的創新，一般讀者一定會愛上，保證也會吸引研究學者和研發人員的目光！」\r\n ──Kirkus書評\r\n\r\n  \r\n\r\n◎什麼是仿生學（biomimicry）？\r\n 仿生學是指，藉由學習並模仿大自然來找到解決方法的一門跨領域科學，舉凡生物的型態、運作過程，乃至整個生態系統，都可以是人類效仿的對象。\r\n\r\n  \r\n\r\n◎為什麼我們要向大自然學習？\r\n 面對自然界的嚴苛考驗和資源限制，生物用三十多億年的時間演化出了成功的適存策略，不只自己生存下來，更讓世世代代子孫得以繁衍茁壯。反觀我們人類，卻舉著「進步」的大旗，創造各種出高浪費、高毒性且高耗能的科技，走上了能源耗盡與環境污染的末路。因此，想要解決問題、追求永續，大自然才是我們最好的導師。\r\n\r\n  \r\n\r\n 「你可以把大自然看成一本產品型錄，裡頭的每樣產品都花了三十八億年來研究和開發。投入這麼多心血，（我們）拿來善加利用也是合理的吧。」\r\n ──仿生建築師 Michael Pawlyn\r\n\r\n  \r\n\r\n 蛇是繩索狀卻能飛，烏賊是色盲卻能根據環境改變體色，\r\n 火蟻蟻群不怕大洪水，因為牠們可以一隻鉤一隻形成大球結構漂浮於水面……\r\n 生物的生存智慧迷人、有趣，而且充滿驚奇，\r\n 更重要的是，它將引領我們找到複雜問題的簡單解答。\r\n\r\n （×）人類這樣設計迷彩：\r\n 淺色調、圖案小，形成等明現象，襯著背景更顯突出，等於在說：「請用槍打爆我的頭。」\r\n （○）烏賊這樣設計偽裝：\r\n 善用均勻、斑駁及破碎三種基本變色模組，打破身體輪廓，成功躲避掠食者，並迷惑自己的獵物。\r\n\r\n （×）人類這樣接義肢：\r\n 一種材質只有一種硬度，義肢的堅硬材質直接接在柔軟的人體上，皮膚和肌肉因長期摩擦而痠痛、感染，甚至組織退化。\r\n （○）魷魚這樣固定自己堅硬的喙：\r\n 魷魚喙以蛋白質構成，可根據蛋白彼此的相連程度改變硬度，從齒尖到牙根逐漸愈變愈軟，可以與魷魚柔軟的身體無痛相接。\r\n\r\n （×）人類這樣蓋房子：\r\n 單憑想像設計出不符合當地氣候、風向、日照等條件，又浪費建築材料的房子。\r\n （○）白蟻這樣蓋房子：\r\n 每隻白蟻都是設計師兼營建工人，能因應風、聲音、濕度、土壤性質等當地特性，隨時挖掉或強化某些蟻丘結構，用最少材料蓋出最符合需求的房子。\r\n\r\n 搞懂葉片氧化水、固定二氧化碳的機制，可以如何革新我們的發電機制？\r\n 觀察滿林子的落葉，能如何啟發地毯設計師設計出更省材料、容易替換的地毯？\r\n 研究葉脈的熱傳導網絡，是如何幫助傳統塑膠工廠變得更有競爭力？\r\n 探索生態系中各種個體的競爭與合作，如何幫助我們規劃出更永續地球的都市？\r\n\r\n科學最該致敬的對象，不是愛因斯坦，\r\n而是地球上的每一種生物。\r\n\r\n 我們覺得自己很聰明，可以用科技解決所有問題，\r\n 殊不知其他生物早就找到了解答，\r\n 我們需要做的只是虛心去跟它們學習！\r\n 因為，科技始終來自生命的智慧。\r\n\r\n"}
{"書名":"啟動生技密碼二部曲","書籍網站":"https:\/\/www.kingstone.com.tw\/\/basic\/2014690002211?zone=book&lid=book_class3_efh&actid=book_class3_efh","作者":"李宗洲","出版社":"民視文化  ","ISBN":9789868873858,"圖片網址":"https:\/\/cdn.kingstone.com.tw\/book\/images\/product\/20146\/2014690002211\/2014690002211b.jpg","書籍簡介":"\r\n\r\n第一篇 生醫新脈動古今中外，人們對於生命的起源賦予了極浪漫的想像。一直到21 世紀的基因解碼，地球近30億年的生命史，才開始一一找到答案。隨著「幹細胞」的發現，人們「修補器官」、「複製器官」的長生不老夢想或許有機會成真！人類基因解碼後，醫學也跟著一日千里發展，近年來，醫學界朝向「個人化醫療」發展，針對不同的體質，找出最適合自己、最大療效、最小副作用的藥和治療方法。依不同基因治療的發展，讓人類醫學一再突破瓶頸，甚至有人預測，未來人類將有機會活到兩百歲以上。第二篇  新藥里程碑新藥從研發到上市是一段漫長而艱辛的歷程，成功機率不到1%，但一旦成功上市，報酬率卻可能高達90%。這種高風險、高報酬的產業，很適合地小人稠的台灣！ 台灣擁有優秀的人才及強大的研發能力，如果能鎖定區域優勢勇於嘗試，找到適合的題目全力發展，再運用階段授權的經營模式來創造利潤，與對岸聯手進軍國際市場，台灣新藥開發能量不容小覷！ 現在，台灣的製藥公司都在摩拳擦掌，準備全力奔向動輒千百億市場的製藥新藍海！ 第三篇 生醫人物誌投注畢生心血的科學家和生技界的經營戰將，讓台灣生技產業在世界舞台逐漸嶄露頭角！ 台灣生技掌舵者翁啟惠，醣分子研究傲視全球；「愛滋殺手」何大一，協助台灣發展愛滋新藥；台灣「肝帝」陳定信，帶領台灣走過肝炎聖戰；罕病救星陳垣崇，放棄名利、堅持從事研究。 生技創業家張念慈，以建立台灣品牌新藥為己任；美國藥界名人張念原，放棄高薪回台開發新藥；從醫界轉投製藥業的張世忠，發願挽救更多生命；藥界「艾科卡」林榮錦，19 年救活6 家公司；微脂體專家洪基隆，把畢生研究心血帶回台灣。 他們艱辛奮鬥的故事，帶給台灣生技界更多能量，和更多未知的可能！本書特色遺傳醫學解密．新藥研發成功關鍵．生醫人物傳奇基因科技真的能為罕病和絕症患者帶來新的解藥嗎？幹細胞真的能為人類帶來永生的希望嗎？新藥成功上市的秘訣究竟有哪些？台灣生技品牌躍上國際的捷徑是什麼？投注生技產業的科學家們，成長歷程有什麼感人的故事？棄國外高薪轉投台灣生技界的大老闆們，叱吒風雲的背後，隱藏著什麼樣的經營策略和過人智慧？本書將帶領你開啟生技產業不同的視野，更將帶給你源源不絕、啟動生技密碼的動力……。了解生技醫學，掌握健康密碼12歲的欣妙從沒說過話、沒走過路、沒動手吃過飯。外頭忙碌的世界，和她沒有任何連結，看似繼續走著的生命，卻頑固地處於永恆的停格。她，罹患的是一種相當罕見的疾病AADC。富美和夫婿借助人工生殖技術，順利生下一對雙胞胎，但這對7個多月就早產的雙胞胎，一個因腸壞死而夭折，一個在幾個月後被診斷出罹患罕見疾病AADC。苦撐4年，這位小天使最後還是離開了愛他的父母，之後的第3次和第4次懷孕，富美都在12周時做了絨毛採樣，同樣逃不過AADC的魔咒。基因裡嵌著上帝最原始的創作，掌握著每個獨一無二的生命體。這個生命密碼有30億字元，不但長而且分裂許多次，所以中間難免產生錯誤，一些無法彌補的重大錯誤，就會導致嚴重的遺傳疾病。所幸，基因科學發展一日千里，如今，台灣醫學界已能透過基因科學治癒罕見疾病，透過基因檢測延緩疾病的發生，透過基因健檢降低罹病率……，了解生醫最新研究與發展，等於掌握了健康密碼。破解癌症迷思，尋找根治解藥今年65歲的鄭媽媽，在一次的身體健檢中發現罹患大腸癌第一期，後來她的手足都去做了大腸鏡檢查，結果全家7個兄弟姐妹中，有6個都長有瘜肉，或罹患了大腸癌。顛覆一般人刻板印象的是，他們平常飲食少油多蔬果，極重視養生，都不是愛肉一族，成了肝膽腸胃科特殊案例。難纏而善變的癌細胞，平均每4分鐘奪走一條性命，每10個月出現抗藥性，這場生死之戰，一直以來打得備極艱辛。隨著逐漸解開的基因之謎，難纏的癌症似乎找到可能的解藥。由中研院院長翁啟惠率領的「基因體中心研究團隊」，已發展出高靈敏度、可偵測出9大癌症的 「醣晶片」，能提前發現病變的可能給予治療。和信醫院根據乳癌基因表現的不同，加以分類、對症下藥，就連最難纏的第四型乳癌，10年存活率從原本的40%提高到90%。未來不只乳癌，包括大腸癌、及肺癌等等，也都可以普及應用。浩鼎生技研發中的新藥，已展開三期臨床，極有可能可以「根治」癌症；基亞生技肝癌新藥，臨床試驗結果顯示，術後預防復發效果良好，極有可能解救國病危機！長久以來由西方世界主導的癌症藥物研發戰場，台灣加入戰局後，相信可以帶給癌症病患更多希望。掌握新藥研發資訊，了解生醫產業潛力自從101年9月TFDA（台灣食品藥物管理局）欽點基亞生技的肝癌新藥PI﹣88為「兩岸醫藥研發合作專案試辦計劃」的示範藥物後，基亞股價已從20幾元一路漲到140幾元，漲幅驚人。擁有愛滋新藥TMB-355的中裕新藥從上興櫃以來，股價一路狂飆，最近2年上漲了132.36%，2013年才開春就又上漲了63.21%！外界如此看好的原因，跟中裕新藥在2011及2012年完成的臨床試驗成效卓著有關。2012年11月，興櫃上市公司寶齡富錦開發的抗腎臟病新藥Nephoxil已完成全球第三期臨床試驗，並於12月向衛生署食品藥物管理局（TFDA）申請上市。這項本土首宗化學新藥即將上市的新聞一發布，股價一飛衝天，從原本20元上下的股價翻騰晉升百元身價，到2013年2月初，股價漲幅高達297％。被譽為21世紀鑽石產業的生技醫療產業，不僅是台灣下一個經濟動力，更帶動了股市的活絡，因此，掌握新藥研發最新動態，等於也掌握了股市的先機！閱讀生技名人成長故事，吸取成功與奮鬥的能量中研院院長翁啟惠，31 歲才赴美進修，卻成為MIT有史以來第一位從台灣直接招收的化學博士生；在美國，他只用3 年時間就拿下博士學位，在4 年內升為正教授，後來更當選美國國家科學院院士。被國際媒體譽為「扭轉愛滋戰局的真正英雄」何大一，孩提時期就是個自律甚嚴的孩子，在學校考了99 分，回家會把自己關在房裡打自己；第一次接觸到愛滋病患，他不理會其他人「不要浪費時間」的忠告，仍埋首研究難纏的HIV病毒，終於發明雞尾酒療法，為愛滋病患帶來新的希望。台灣「肝帝」陳定信，除了短期進修外，他不曾留洋唸書，沒攻讀博士學位，甚至連個碩士頭銜都沒有，卻一路從建中、台大醫科、醫學院講師、教授到醫學院院長；如今，他不但是國際肝炎的權威學者，更獲選為美國國家科學院院士。9位生技名人的成長故事，訴說著許多感人的情節、奮鬥的歷程，以及成功之鑰！\r\n                    \r\n"}
{"書名":"啟動生技密碼","書籍網站":"https:\/\/www.kingstone.com.tw\/\/basic\/2014690001849?zone=book&lid=book_class3_efh&actid=book_class3_efh","作者":"李宗洲","出版社":"民視文化  ","ISBN":9789572982181,"圖片網址":"https:\/\/cdn.kingstone.com.tw\/book\/images\/product\/20146\/2014690001849\/2014690001849b.jpg","書籍簡介":"\r\n\r\n◆藥動新世界生醫技術突飛猛進，大幅改善人類生活，世界各國紛紛將生技產業列為國家重點的推動項目；以中國為例，醫療改革的經費高達1,241億美元，美國的醫改法案更高達9,400億美元。而台灣，自1980年代起政府將生技產業列為重點發展項目，尤其是投入製藥研究領域已長達25年，不但累積相當多能量，技術也日趨成熟。不過，一顆新藥從研發到上市，平均需要10年以上的時間，而且失敗率往往遠高於成功率。儘管困難重重，台灣製藥經過長年的努力耕耘，目前已有24項新藥通過美國FDA的高標準檢驗，台灣的製藥技術要交出一張亮眼的成績單，指日可待！ ◆醫材新革命無論是血壓計、血糖計、隱形眼鏡、還是電動代步車，台灣的醫療器材在國際上都有不錯的市場佔有率。台灣擁有全球頂尖的電子科技產業，醫療水準也堪稱國際一流，有越來越多的研究團隊，試圖將台灣的這兩大優勢結合，希望造就台灣醫療器材產業更亮眼的表現。中央大學、陽明大學、以及榮民總醫院合作開發的「腦波操控器」，只要利用一個小小的晶片，就能實現人類擁有超能力、利用念力來控制機械世界的夢想；交通大學團隊所研發的人工電子視網膜晶片，讓視障者得以重見光明。另外，台大研發團隊研發的電子抗體檢測儀，12分鐘就可檢測是否罹患腸病毒71型、流感、肝癌、肺癌、子宮頸癌、敗血症等六種疾病；不需電池、不到10元大小的止痛晶片，更透過無線啟動機制，有效幫助骨刺或神經痛患者遠離疼痛！◆農業新時代近年來氣候出現劇烈變化，靠天吃飯的農漁業面臨嚴峻考驗，加上人類對於飲食健康日益重視，如何讓農漁作不受氣候影響健康存活、減少使用或不用農藥可蓬勃成長？以農業技術稱霸全球的台灣一直積極研發各項最新技術，例如蒼蠅頭酵素檢測法，2分鐘就可以檢測96象農產品的農藥殘存指數，為消費者飲食嚴格把關；利用自然生態平衡法，台灣開發出零換水生態循環養殖技術，成功量產高經濟價值的石斑魚，獲得亞洲各國青睞。改善人類可能面臨的農糧危機，台灣已經開發出抗旱、抗逆境作物，並運用LED燈波長建置植物工廠、量產健康有機蔬果，種種成果都顯示台灣為下一場農業戰爭準備了傲人的秘密武器！◆生技臉譜台灣生技業能揚名國際，以畢生心血與歲月投入研究的生技大師們貢獻良多！「台灣肝帝」陳定信，致力研究肝病40年，讓台灣成為全世界第一個全面針對新生兒施打B型肝炎疫苗的國家，至少解救20萬名可能死於肝癌或肝硬化的生命，他最大心願就是希望讓肝病能在台灣絕跡！羅氏藥廠總裁楊育民，從電機博士變身為世界知名大藥廠領導人，寫下華人爬上全球生技高階位置的罕見紀錄。2007年，藉由楊育民居中牽線，促成基因科技與台灣宇昌科技TNX-355授權的合作案，為台灣品牌在全球生技界爭得一席之地。台大醫學院院長楊泮池，是台灣致力推動「轉譯醫學」有成的國際知名學者，最廣為人知的成就，就是有關於肺癌基因體醫學的研究，他更勇於挑戰權威，開發「胸腔超音波」的應用改寫了醫學教科書。同樣致力「轉譯醫學」的中研院基因體中心副主任陳鈴津，在兒童罕見疾病癌症治療研究領域享譽盛名，不僅被美國臨床腫瘤學會選為年度最具突破性的腫瘤標靶治療前五名，更入選美國「年度最佳醫生」、被國外醫學推崇稱之為「健康英雄」。透過他們的故事，我們將看到醫學界的「台灣之光」奮鬥歷程。本書特色你相信人類只要運用念力就可以操控行動嗎？你相信癌症即將由絕症變成一般慢性病嗎？你相信按一下手機按鈕，就能不再腰痠背痛嗎？你相信蒼蠅可以檢測蔬果的農藥殘留度嗎？你相信養殖魚蝦可以永久免換水嗎？你相信漸凍人可以用眼睛控制電腦上網和打電話嗎？本書將一一為你解開健康醫療方面的疑惑，讓你快速掌握最新醫療資訊，成為解開生技密碼的健康達人！◎生技與醫療知識的實用工具書！很多人認為生技知識艱深難懂，和一般人距離遙遠，其實不然，生技研發所帶動的醫療產業和農業科技，讓我們可以獲得更好的生活品質、健康保障和食品安全！透過本書，你將獲得最先進的科技新知和醫療最新訊息，了解別人所不知道的生命密碼，翱翔在其他人未知的領域，優游在開闊及充滿想像的科技空間，引導我們邁向無限可能的未來！◎了解台灣醫藥研發成果，掌握健康密碼！放眼台灣生技界，已有許多不錯的研發成果出現，舉例而言，太景生技歷經十年研發的幹細胞驅動劑TG0054，已通過人體試驗二期，可望成為癌症患者的救星；瑞華新藥斥資15億元研發的ADI-PEG20，也將在2014年取得美國FDA、歐盟EMEA和兩岸三地的上市許可；另外，台灣微脂體和智擎生技，更透過奈米微脂體包覆技術將老藥改良為新劑型，不但降低了老藥的毒性，更增加了新藥的療效！◎透視台灣醫療檢測器材發展，疾病無所遁形！台灣科技晶片製造一向技冠全球，隨著全球生物晶片熱潮崛起，台灣已有不少研究人員投入生物晶片的「晶」奇世界！包括讓盲人重見光明的人工電子視網膜晶片、舒緩背痛的止痛晶片等，都為醫界注入新的力量。此外，12分鐘就可以檢測出病毒和癌症的V-SENSOR多功能檢測儀，應用腦波電極實現人類利用念力操控機械夢想的「腦波操控器」和「眼控電腦」等醫療器材，都說明了台灣未來在高階醫材研發上面的潛力。◎掌握台灣農業生技新趨勢，「食」在安心！台灣農業技術一向傲視全球，如今更跨界整合生物科技人才，積極研究應變之道。從蒼蠅頭酵素檢測農藥殘留、抗逆境產品研發改良，還有利用LED燈所建置的蔬菜工廠、零換水生態循環養殖魚類的海洋牧場，各項農業生技的突破，不僅讓國人獲得更好的食品安全保障、免除農糧短缺的危機，更創造了高經濟價值的農漁產業商機。◎閱讀生技人成長歷程，品格、職涯教育教戰手冊！台灣生技能在國際間嶄露頭角，窮畢生心血與歲月的研究人員居功厥偉，為感念他們的付出，本書特別走訪了陳定信、楊育民、楊泮池、陳鈴津等國際級生技大師，希望透過他們的建言，讓台灣品牌更加活躍在國際舞台。\r\n                    \r\n"}
{"書名":"月事保健藥膳食療","書籍網站":"https:\/\/www.kingstone.com.tw\/\/basic\/2014100090548?zone=book&lid=book_class3_efh&actid=book_class3_efh","作者":"辜翔、李一鳴","出版社":"科圖      ","ISBN":9789628733859,"圖片網址":"https:\/\/cdn.kingstone.com.tw\/book\/images\/product\/20141\/2014100090548\/2014100090548b.jpg","書籍簡介":"\r\n\r\n扼要介紹了各種常見疾病的概述、病因、症狀、診斷、預防措施及中醫藥治療妙方、各項均有材料、製法、服法、功效、禁忌等內容。並就一些讀者關心的熱點問題作了簡要回答。食療秘方如：藥粥、藥茶、藥羹、藥湯、藥膳、菜餚。此外還提供了一些行之有效的自然療法，如：針灸、拔罐、運動、按摩、刮痧、敷貼、藥枕、藥浴等。\r\n                    \r\n"}
{"書名":"貧血．虛勞藥膳食療方（上）藥膳主食、藥粥、藥膳糕點","書籍網站":"https:\/\/www.kingstone.com.tw\/\/basic\/2014100089979?zone=book&lid=book_class3_efh&actid=book_class3_efh","作者":"王平南","出版社":"科圖      ","ISBN":9789628733545,"圖片網址":"https:\/\/cdn.kingstone.com.tw\/book\/images\/product\/20141\/2014100089979\/2014100089979b.jpg","書籍簡介":"\r\n\r\n貧血、虛勞是人體多種慢性疾病導致全身虛弱的總稱，範圍相當廣泛。虛則補之，應用補益食物及藥物是治療貧血、虛勞的主要方法，中醫藥膳在這方面更是有獨到之處。作者從營養學角度出發，精選出療效肯定、經濟實用、適合家庭製作的藥膳食療方，分為藥膳主食、藥膳菜餚、藥粥、藥湯、藥酒、藥茶、藥膳糕點七大部分，可以使眾多患者通過日常飲食達到祛病保健的目的。 \r\n\r\n"}
{"書名":"貧血．虛勞藥膳食療方（中）藥膳菜餚、藥酒","書籍網站":"https:\/\/www.kingstone.com.tw\/\/basic\/2014100090098?zone=book&lid=book_class3_efh&actid=book_class3_efh","作者":"王平南","出版社":"科圖      ","ISBN":9789628733552,"圖片網址":"https:\/\/cdn.kingstone.com.tw\/book\/images\/product\/20141\/2014100090098\/2014100090098b.jpg","書籍簡介":"\r\n\r\n貧血、虛勞是人體多種慢性疾病導致全身虛弱的總稱，範圍相當廣泛。虛則補之，應用補益食物及藥物是治療貧血、虛勞的主要方法，中醫藥膳在這方面更是有獨到之處。作者從營養學角度出發，精選出療效肯定、經濟實用、適合家庭製作的藥膳食療方，分為藥膳主食、藥膳菜餚、藥粥、藥湯、藥酒、藥茶、藥膳糕點七大部分，可以使眾多患者通過日常飲食達到祛病保健的目的。\r\n\r\n"}
{"書名":"貧血．虛勞藥膳食療方（下）藥湯、藥茶","書籍網站":"https:\/\/www.kingstone.com.tw\/\/basic\/2014100090128?zone=book&lid=book_class3_efh&actid=book_class3_efh","作者":"王平南","出版社":"科圖      ","ISBN":9789628733576,"圖片網址":"https:\/\/cdn.kingstone.com.tw\/book\/images\/product\/20141\/2014100090128\/2014100090128b.jpg","書籍簡介":"\r\n\r\n貧血、虛勞是人體多種慢性疾病導致全身虛弱的總稱，範圍相當廣泛。虛則補之，應用補益食物及藥物是治療貧血、虛勞的主要方法，中醫藥膳在這方面更是有獨到之處。作者從營養學角度出發，精選出療效肯定、經濟實用、適合家庭製作的藥膳食療方，分為藥膳主食、藥膳菜餚、藥粥、藥湯、藥酒、藥茶、藥膳糕點七大部分，可以使眾多患者通過日常飲食達到祛病保健的目的。\r\n\r\n"}
{"書名":"病毒密碼：生物科技大防疫","書籍網站":"https:\/\/www.kingstone.com.tw\/\/basic\/2013680004792?zone=book&lid=book_class3_efh&actid=book_class3_efh","作者":"吳惠國","出版社":"幼獅文化  ","ISBN":9789575745356,"圖片網址":"https:\/\/cdn.kingstone.com.tw\/book\/images\/product\/20136\/2013680004792\/2013680004792b.jpg","書籍簡介":"\r\n\r\n生物科技微觀著新世紀病毒的面貌，DNA、RNA……密碼，隨著生命孕育奧祕的解讀，重新開啟人類思維的新契機。書中第一部「新世紀的瘟疫」介紹21世紀初爆發SARS、西尼羅病毒、愛滋病與禽流感等超級瘟疫的大流行。第二部「生物科技與生醫製藥」列舉實際成功的生技的案例，說明生技產業的發展實況與實戰觀念。第三部「世紀的新煩惱」談的是生技產業給人類帶來的種種煩惱，及如何提早防疫！\r\n\r\n"}
{"書名":"奈米生物科技","書籍網站":"https:\/\/www.kingstone.com.tw\/\/basic\/2014400094048?zone=book&lid=book_class3_efh&actid=book_class3_efh","作者":"成國祥編著","出版社":"五南      ","ISBN":9789571136455,"圖片網址":"https:\/\/cdn.kingstone.com.tw\/book\/images\/product\/20144\/2014400094048\/2014400094048b.jpg","書籍簡介":"\r\n\r\n\r\n\t奈米生物科技結合了奈米材料科學、物理學與生物科技，在化學與生物之奈米結構的構建，以及生物大分子結構與功能關係的研究等方面產生重要影響，從而把生物技術推向一個全新的發展階段。\r\n\r\n\t \r\n\r\n\t本書介紹了奈米生物科技的發展概況和常見的奈米生物相關材料，並對奈米生物科技的研究動態和發展趨勢進行了分析和預測。本書可作為大專院校的教科書及參考書，亦可適用於從事奈米科技產業的工程師和相關大員閱讀參考。\r\n\r\n"}
{"書名":"漫談生物科技與倫理","書籍網站":"https:\/\/www.kingstone.com.tw\/\/basic\/2013680004402?zone=book&lid=book_class3_efh&actid=book_class3_efh","作者":"廖婉茹編著","出版社":"五南      ","ISBN":9789571135571,"圖片網址":"https:\/\/cdn.kingstone.com.tw\/book\/images\/product\/20136\/2013680004402\/2013680004402b.jpg","書籍簡介":"0"}
{"書名":"生物科技的千億商機","書籍網站":"https:\/\/www.kingstone.com.tw\/\/basic\/2013680003740?zone=book&lid=book_class3_efh&actid=book_class3_efh","作者":"江晃榮","出版社":"世茂      ","ISBN":9789577765390,"圖片網址":"https:\/\/cdn.kingstone.com.tw\/book\/images\/product\/20136\/2013680003740\/2013680003740b.jpg","書籍簡介":"\r\n\r\n在科技引領潮流的今天，生物科技已悄悄進入你我生活之中！複製技術的不斷進步，讓人們對未來充滿希望，生物科技彷彿一顆亮眼新星，成為21世紀的經濟新生力軍。這是新的產業、新的科技、更是改變人類生命的一大步！本書以深入淺出的方式，介紹生活中潛在、多重面貌的生物科技；並揭露生物科技蘊藏的億萬商機。\r\n                    \r\n"}
{"書名":"幹細胞技術","書籍網站":"https:\/\/www.kingstone.com.tw\/\/basic\/2013080212483?zone=book&lid=book_class3_efh&actid=book_class3_efh","作者":"裴雪涂","出版社":"五南      ","ISBN":9789571131436,"圖片網址":"https:\/\/cdn.kingstone.com.tw\/book\/images\/product\/20130\/2013080212483\/2013080212483b.jpg","書籍簡介":"0"}
{"書名":"不可思議的生物科技","書籍網站":"https:\/\/www.kingstone.com.tw\/\/basic\/2013680002958?zone=book&lid=book_class3_efh&actid=book_class3_efh","作者":"江晃榮","出版社":"世茂      ","ISBN":9789577762627,"圖片網址":"https:\/\/cdn.kingstone.com.tw\/book\/images\/product\/20136\/2013680002958\/2013680002958b.jpg","書籍簡介":"\r\n\r\n1997年,複製羊桃莉誕生了!200?年,全世界的人都要小心了,複製人也許就在你身邊\r\n                    \r\n"}
{"書名":"生物技術（第六版）","書籍網站":"https:\/\/www.kingstone.com.tw\/\/basic\/2013680006956?zone=book&lid=book_class3_efh&actid=book_class3_efh","作者":"張玉瓏、徐乃芝、許素菁","出版社":"新文京    ","ISBN":9789864302529,"圖片網址":"https:\/\/cdn.kingstone.com.tw\/book\/images\/product\/20136\/2013680006956\/2013680006956b.jpg","書籍簡介":"\r\n\r\n\r\n\t本書以淺顯易懂的方式，簡潔扼要地講述生物技術的基本原理與較為基本而重要的技術應用。不僅著重新的知識，同時也強調基本技術原理的重要性。\r\n\r\n\t生物技術涵蓋之範圍廣泛，許多技術均需要有相當之背景知識才能瞭解，本書引導讀者瞭解生物技術各領域的「原則」、「為什麼」以及「如何」，不僅適用於教學考試，對於實際實驗之操作上，也有相當的助益。\r\n\r\n\t本書自2003年出版以來，始終持續改版增添新內容，以期符合生物技術為科學新知應具有的面向，以及讀者的期待。第六版除了維持一貫的原則，持續於各章補充新內容外，同時另增加「生物材料及生物工程技術」一章，全書共計20章。\r\n\r\n\t本書章末的練習題旨在引導讀者確實複習該章內容，答案均須自行思考並從課文中歸納整理，不提供標準解答。仰賴標準解答的讀者選購前請知悉，出版者和銷售單位均無法提供解答。\r\n\r\n"}
{"書名":"生物技術概論（第五版）","書籍網站":"https:\/\/www.kingstone.com.tw\/\/basic\/2013680006666?zone=book&lid=book_class3_efh&actid=book_class3_efh","作者":"鍾竺均\/陳偉","出版社":"新文京    ","ISBN":9789864301508,"圖片網址":"https:\/\/cdn.kingstone.com.tw\/book\/images\/product\/20136\/2013680006666\/2013680006666b.jpg","書籍簡介":"\r\n\r\n\r\n\t本書是作者累積多年投入生物科技領域的研究與教學心得，並參酌國內外生命科學與生物技術相關書籍及網站編撰而成。內容精簡，十分適合做為高中職校及大專院校非生物相關科系做為課程教科書，亦適合推薦給生物科技與生物技術相關學系大學部學生研讀。\r\n\r\n\t全書共九章，第一章對生物技術加以界定，並認識傳統與現代的生物技術，讓讀者對此一課程有概括性的瞭解；第二章分子生物技術則從細胞構造開始，闡明生物技術中最核心的染色體、DNA、基因等課題。後續各章分別介紹食品、動物與植物、醫藥、環境、海洋、奈米等領域的生物技術及其應用發展，最後一章則以生物技術在後基因體時代的發展做為總結。\r\n\r\n\t第五版依生物技術相關的最新資訊加以修訂、更新，如：生物技術發展史、基因食品之規範及資訊、微生物燃料電池介紹等。\r\n\r\n\t本書於各章章末設計有「小試身手」單元，包括選擇題及問答題，方便教師與讀者檢驗學習成果、提高學習效率。選擇題解答附在書中，節省課堂上核對答案的時間，同時也方便自學讀者研讀。\r\n\r\n"}
{"書名":"環境微生物及生物處理","書籍網站":"https:\/\/www.kingstone.com.tw\/\/basic\/2013690011971?zone=book&lid=book_class3_efh&actid=book_class3_efh","作者":"陳宏銘","出版社":"五南      ","ISBN":9789571181240,"圖片網址":"https:\/\/cdn.kingstone.com.tw\/book\/images\/product\/20136\/2013690011971\/2013690011971b.jpg","書籍簡介":"\r\n\r\n\r\n\t基於污水處理廠（水資源回收中心）廠區操作維護及理念推廣之重要，必須對環境微生物之性質、生物處理之實務有基本認識，本書從水體污染、微生物之代謝及相關動力學之分析，佐以相當實務之污水處理廠之設計理念，導入生態工程、人工溼地、礫間曝氣等之操作資料，循序漸進瞭解建設及實務設計之邏輯。\r\n\r\n\t \r\n\r\n\t本書之安排第一章至第五章介紹水體污染與微生物之基本知識，至於第六章則以化學動力學之概念說明生物處理之理論，第七章至第十章介紹生物處理之機制及理論及方法，至於最熱門之氮、磷處理及其他高級處理於十一及十二章加以詳述，十三及十四章則總結及案例說明，並以附錄之形式補充環境微生物基本知識及相關歷屆高普考及技師考題，全書一氣呵成兼顧理論及實務。\r\n\r\n\t \r\n\r\n\t由於作者於各大學環境工程及生物工程學系兼課教授，輔以下水道實際設計操作資料，兩者結合為一，定書名為《環境微生物及生物處理》，其內容由淺入深，相信對於本行業之從事者當有所助益。\r\n\r\n"}
{"書名":"您不可不知道的幹細胞科技","書籍網站":"https:\/\/www.kingstone.com.tw\/\/basic\/2013680005874?zone=book&lid=book_class3_efh&actid=book_class3_efh","作者":"沈家寧等","出版社":"五南      ","ISBN":9789571170435,"圖片網址":"https:\/\/cdn.kingstone.com.tw\/book\/images\/product\/20136\/2013680005874\/2013680005874b.jpg","書籍簡介":"\r\n\r\n您知道甚麼是幹細胞科技嗎?您知道為什麼在短短五年內諾貝爾醫學獎兩度頒給從事幹細胞研究的學者？在2007年諾貝爾醫學獎頒給了馬利奧•卡佩奇（美國）、馬丁•埃文斯（英國）、奧利弗•史密斯（美國）三位科學家，他們透過運用胚幹細胞開發基因剔除技術，幫助我們了解許的基因的重要功能；2012年諾貝爾醫學獎頒給約翰•葛登（英國）及山中伸彌 (日本)兩位學者，他們開發了能讓成體細胞可以重新編程為幹細胞的技術，因為幹細胞有朝一日或許可以應用修復病人受損的器官。為了幫助大家能夠清楚了解幹細胞科技的內涵及發展現況，更為了釐清大家對幹細胞科技的誤解，並避免受到不肖業者的誤導欺騙，本書邀請國內實際從事幹細胞研究的學者及臨床醫師來撰寫本書，本書首先透過描述細胞的發現經過，來幫助大家了解幹細胞的特性；接下來進一步介紹目前了解最透徹的胚幹細胞、造血幹細胞及間葉幹細胞；再來藉由介紹過心臟與神經性疾病之細胞療法，讓大家了解幹細胞將如何被運用在修復病人受損的器官；最後將告訴大家幹細胞如何被保存以及幹細胞生技產業的發展趨勢，希望本書可以提供讀者對先端幹細胞科技初步的概念。本書特色您知道甚麼是幹細胞科技嗎?您知道為什麼在短短五年內諾貝爾醫學獎兩度頒給從事幹細胞研究的學者？在2007年諾貝爾醫學獎頒給了馬利奧•卡佩奇（美國）、馬丁•埃文斯（英國）、奧利弗•史密斯（美國）三位科學家，他們透過運用胚幹細胞開發基因剔除技術，幫助我們了解許的基因的重要功能；2012年諾貝爾醫學獎頒給約翰•葛登（英國）及山中伸彌 (日本)兩位學者，他們開發了能讓成體細胞可以重新編程為幹細胞的技術，因為幹細胞有朝一日或許可以應用修復病人受損的器官。本書會為您揭開您不可不知道的幹細胞科技。\r\n                    \r\n"}
{"書名":"壁虎腳底的高科技：仿生學向大自然取經，設計未來","書籍網站":"https:\/\/www.kingstone.com.tw\/\/basic\/2013680005614?zone=book&lid=book_class3_efh&actid=book_class3_efh","作者":"佛布茲","出版社":"遠流      ","ISBN":9789573271529,"圖片網址":"https:\/\/cdn.kingstone.com.tw\/book\/images\/product\/20136\/2013680005614\/2013680005614b.jpg","書籍簡介":"\r\n\r\n美國建築大師萊特的建築作品常常師法大自然，他曾說：「學習自然，愛自然，與自然更親近。它絕不會讓你失望。」大自然也蘊藏了所有科技的奧祕與答案，在數十億年的演化過程中，發展出最經濟、最有效率、最環保的各種解決方案。二十世紀末，人類科學家與工程師終於領悟這一點，開始學習大自然的奧祕，致力發展「仿生學」，希望能找到更好的科技發展方向。於是有了以下發展與突破：●觀察出淤泥而不染的蓮葉表面，發展出奈米馬桶、不沾汙的牆壁塗料與玻璃。●模仿超級強韌的蜘蛛絲，想織出防彈背心、高強度繩索與醫用縫線。●學習壁虎腳丫子的超級黏附力，一圓「蜘蛛人」攀岩走壁的夢想。●研究蝴蝶翅膀與孔雀羽毛的虹彩色澤，製造出取代電晶體的光子晶體。●解析蒼蠅在二十分之一秒內直角轉彎的飛行控制力，《奈米獵殺》小說裡的微行飛行載具逐漸成形。●模仿蜂巢、鯨魚骨骼以及白蟻巢穴等生物結構，引領新時代建築的功能與造型。美國新經濟雜誌《Business 2.0》便預測，仿生學是未來開創美好新世界的八大科技之一。目前有越來越多科學家與工程師加入師法大自然的行列，為人類科技尋找更多靈感與利基。未來，新科技將不是「征服自然」的武器，而是帶領人類「重返自然」的媒介。\r\n                    \r\n"}
{"書名":"生醫科技島-生活更便利、地球更美麗","書籍網站":"https:\/\/www.kingstone.com.tw\/\/basic\/2014100080921?zone=book&lid=book_class3_efh&actid=book_class3_efh","作者":"李宗洲","出版社":"大魯文創  ","ISBN":9789868585829,"圖片網址":"https:\/\/cdn.kingstone.com.tw\/book\/images\/product\/20141\/2014100080921\/2014100080921b.jpg","書籍簡介":"\r\n\r\n台灣發展生技學界、產業界彼此各別發展、涇渭分明，政府部會的本位主義也相當明顯。雖然擁有優異的生技研發力，但在法令、人才、市場佈局等不夠周全，生技產業化進展牛步，研發成果難以轉化成具有商業價值的產品。所幸，近年來，許多生技傑出人士，如翁啟惠、陳恆崇、趙宇生、許明珠、張念慈及張念原兄弟、許照惠、陳志明、張有德等已在國外有所成就者，陸續回台扶植生技產業或在台成立生技公司。台灣生技發展，在政府有心的推動下、也在這些人的奔走努力下，台灣生技產業化的概念逐漸成形。生技產業化起步之後，台灣現在已進一步鬆綁相關法令限制，有助生技產業化的發展。台灣2000年時，參照美國《拜杜法案》建立《科技基本法》，但卻因為採購法限制，科技研發採購綁手綁腳，使得生技產業化過程不甚順利，2011年第二次修法，立法院會已三讀通過「科技基本法部分條文修正草案」，期待此後的科技研發得以加速發展。2009年起，台灣全力推動「生技起飛鑽石行動方案」，生技產業的發展，不是憑藉著少數人力量就能完成，必須像棒球團隊一樣，有攻擊力強的投手及強棒，也要有防護完備的內外野，更要有視野綜觀全局的補手。同樣的，台灣生技要振翅高飛，除了要有堅強的研發實力，也需要產官學研發團隊合作、政府各部會的配合，以及明智健全的產業策略與科技法規，共同找到台灣生技產業的定位與方向。最近，台灣與中國簽訂ECFA，引發國內外人士的關注。在生物科技方面，兩岸因為地緣位置接近、人種血緣相似，對於傳染病、亞洲人特有疾病有許多交流合作的空間，兩岸研究可望發揮加乘的作用；同時，中國市場已是全球不可忽視的一塊大餅，此時正好中國也面臨健保制度相關問題，可預見兩岸的生技既競且合，我們如能善用台灣經驗，經營中國商機，將能激盪出更多火花。本書特色台灣的生技前景正好，前兩年，陸續出版《生醫新藍海》、《綠活新視野》專書，也與電視台合作製作《生技解碼》等一系列影音專題，介紹許多台灣傲人的生技成績，這次《生醫科技島》一書，更挑選了許多有趣、重要且具有全球競爭力的生技主題，期望與民眾分享。本書以深入淺出的圖文，細說一顆藥是如何研發誕生；豬乳竟然可以純化出治療血友病的元素；幹細胞不只存在於臍帶血及骨頭，還能從脂肪中取得；神奇的螢光豬螢光魚，竟然有助於生醫研究；醣分子新藥可望適用於8 種癌症以上；新醫材可有助軟骨再生，導航系統可運用於骨頭手術，這本書裡的每一個生技故事，都讓人感到既鮮奇精彩。\r\n                    \r\n"}
{"書名":"生技魅影：我的細胞人生","書籍網站":"https:\/\/www.kingstone.com.tw\/\/basic\/2013610009996?zone=book&lid=book_class3_efh&actid=book_class3_efh","作者":"陳耀昌","出版社":"財訊      ","ISBN":9789867084026,"圖片網址":"https:\/\/cdn.kingstone.com.tw\/book\/images\/product\/20136\/2013610009996\/2013610009996b.jpg","書籍簡介":"\r\n\r\n幹細胞專家、台灣骨髓移植第一人 血液醫師的熱血觀察 生技、人文、通識全紀錄 錢復 前國大議長 黃達夫 和信治癌中心醫院院長 吳成文 國家衛生研究院院長 沈富雄 前立法委員 陳定信 台大醫學院院長 陳師孟台大經濟系教授 聯合推薦 這本書不但對於醫界同仁具有參考價值，所有關心民眾的從政者也應該認真閱讀。——前國大議長 錢復 他運用了「問題導向」的思維模式，使每一個問題都有多面向的探討，讓讀者的視野更加寬廣。——和信治癌中心醫院院長 黃達夫 陳教授的文字涵養、邏輯分析，讓每篇文章都有主題、有資訊、有感情。——國家衛生研究院院長 吳成文 這是一本好書，一本好看的書，讀理、工、醫、農的人，看了會多一點人文素養，讀文、史、法、政的人，看了會多一點科學新知。——前立法委員 沈富雄 在台灣很少看到這樣富於知性、不帶商業色彩、又輕鬆易懂的生技醫學文章，……很適合各學院作為通識教育的讀物。——台大醫學院院長 陳定信 在有關健保、人口、與生醫產業發展方向等議題上，字裡行間雖然找不到幾個經濟學唬人的專有名詞，卻把經濟邏輯輕描淡寫地傳達出來。——台大經濟系教授 陳師孟\r\n                    \r\n"}
{"書名":"生物製藥技術","書籍網站":"https:\/\/www.kingstone.com.tw\/\/basic\/2013680004662?zone=book&lid=book_class3_efh&actid=book_class3_efh","作者":"王旻","出版社":"五南      ","ISBN":9789571136318,"圖片網址":"https:\/\/cdn.kingstone.com.tw\/book\/images\/product\/20136\/2013680004662\/2013680004662b.jpg","書籍簡介":"\r\n\r\n\r\n\t本書分為八章，將內容焦點集中應用於藥物研製的生物技術，著重介紹生物製藥過程中涉及的重要方法和技術，包括基因工程、蛋白質工程、微生物與發酵工程、動物細胞工程、植物細胞工程、酉每工程、生物製藥下游技術及生物製藥技術的新進展，旨在藉由提綱挈領的闡述勾繪出生物製藥技術的現狀和前景。\r\n\r\n"}
{"書名":"生物科技與法律","書籍網站":"https:\/\/www.kingstone.com.tw\/\/basic\/2013680004532?zone=book&lid=book_class3_efh&actid=book_class3_efh","作者":"楊常賢","出版社":"五南      ","ISBN":9789571127798,"圖片網址":"https:\/\/cdn.kingstone.com.tw\/book\/images\/product\/20136\/2013680004532\/2013680004532b.jpg","書籍簡介":"\r\n\r\n二十世紀晚期，「創新價值」成為工業上的信仰；創新價值不僅包含創造更好品質，亦包含利用廉價原料生產昂貴產品以及良好的行銷方法等。透過政府科專計畫推動生物科技產業政策，現代化的研發技術、生物製品管理及生產技術，就是創新價值的力量。而這些創新價值透過技術轉移發揚光大，藉由製程專利之申請及產品獲准專利，才能受到完整之保護。本書以美國生技專利案例出發，分就專有名詞之解釋、案例摘要、當事人之主張、法院之見解及總結，縝密剖析問題核心；綱舉目張、體系分明，遣詞用字力避艱澀。對於從事研究、實務工作者，刻正研習法律的在校學生，乃至實際參與研發之人，實為最佳參考用書。\r\n\r\n"}
{"書名":"深入淺出談生物科技","書籍網站":"https:\/\/www.kingstone.com.tw\/\/basic\/2013680004112?zone=book&lid=book_class3_efh&actid=book_class3_efh","作者":"姚福燕","出版社":"可道書房  ","ISBN":9789867715739,"圖片網址":"https:\/\/cdn.kingstone.com.tw\/book\/images\/product\/20136\/2013680004112\/2013680004112b.jpg","書籍簡介":"\r\n\r\n以最淺顯平易的表達方式，闡釋最尖端關鍵的科普議題，推動全民科普知識再提昇！病毒致命而駭人的殺傷力從何而來？生物複製技術到底有何奧妙？脈搏停止的人怎麼能夠再活回來？器官能移植，而腦中記憶也可以嗎？\r\n\r\n"}
{"書名":"生物科技快易通","書籍網站":"https:\/\/www.kingstone.com.tw\/\/basic\/2013680003870?zone=book&lid=book_class3_efh&actid=book_class3_efh","作者":"牟敦剛","出版社":"商周出版  ","ISBN":9789861240398,"圖片網址":"https:\/\/cdn.kingstone.com.tw\/book\/images\/product\/20136\/2013680003870\/2013680003870b.jpg","書籍簡介":"\r\n\r\n\r\n\t　　生物科技，本世紀三大關鍵科技之首，也是當代最重要語言和經濟推動力量——遺傳基因具體展現的場域。從釀酒到幹細胞，從複製羊到對抗SARS，近年來生物科技研發的重大突破，隱含了巨大商機，也勢必影響人類文明走向。生技產業不是大國的專利，小國也有機會。如何在全球生物科技產業中奪得一席之地，將是台灣未來的國家級研發重點。\r\n\r\n\t \r\n\r\n\t　　繼達康（.com）之後，目前最熱門的領域，莫過於奈米與生物科技。有別於奈米的商業化之路仍然遙遠，生物科技產業本身的廣度與深度，不僅能容納眾多新創事業，連傳統公司也能從中找到轉型的契機。因此不但政府鼓勵，許多企業為了提昇自己的知名度，紛紛將名稱改為某某生技公司。然而，在對生技產業的瘋狂迷戀當中，有幾個人了解生物科技是什麼？生技產業具有怎樣的特性，發展的模式又是如何？\r\n\r\n\t \r\n\r\n\t　　市場中雖已有相關圖書，但多從投資等面向切入生技產業，較少觸及生物科技本身。對於想了解生物科技，以及希望進入生技產業一展身手的你來說，本書內容涵括整個生物科技領域，從技術面、產業面、政策面切入，深入淺出的文字讓你輕鬆掌握生物科技與生技產業。\r\n\r\n"}
{"書名":"生物科技N世紀","書籍網站":"https:\/\/www.kingstone.com.tw\/\/basic\/2013680003580?zone=book&lid=book_class3_efh&actid=book_class3_efh","作者":"牟敦剛","出版社":"東芝文化  ","ISBN":9789868057203,"圖片網址":"https:\/\/cdn.kingstone.com.tw\/book\/images\/product\/20136\/2013680003580\/2013680003580b.jpg","書籍簡介":"\r\n\r\n百中選一選二的全球新知拾穗，讓我們知道重要的何人，何單位，在何地做何事。隨然今天的發現很可能是明天的死胡同，或是帶出更多的迷惑及問號，但這就是科技研究一急不得，更無從計得失。\r\n                    \r\n"}
{"書名":"蕃茄一號","書籍網站":"https:\/\/www.kingstone.com.tw\/\/basic\/2014630019194?zone=book&lid=book_class3_efh&actid=book_class3_efh","作者":"Belinda Martinea","出版社":"遠流      ","ISBN":9789573246855,"圖片網址":"https:\/\/cdn.kingstone.com.tw\/book\/images\/product\/20146\/2014630019194\/2014630019194b.jpg","書籍簡介":"\r\n\r\n在抗害蟲玉米、Roundup-Ready大豆、以及其他「科學怪食物」所激起的漫天爭議聲中，少有人還記得當初那謙卑的番茄，它們才是生技食品新世界的先鋒。《番茄一號》是一則迷人的內幕故事，寫盡世界第一個上市的全株基因改造食品莎弗番茄的起與落。\r\n                    \r\n"}
{"書名":"生技投資的億萬商機","書籍網站":"https:\/\/www.kingstone.com.tw\/\/basic\/2013680003290?zone=book&lid=book_class3_efh&actid=book_class3_efh","作者":"王為敏","出版社":"時報文化  ","ISBN":9789571337104,"圖片網址":"https:\/\/cdn.kingstone.com.tw\/book\/images\/product\/20136\/2013680003290\/2013680003290b.jpg","書籍簡介":"\r\n\r\n本書開宗明義談的是生物技術的定義。有鑑於國人常常將生物技術與醫療器材混為一談，身為生技產業分析師不得不為生物技術「驗明正身、以正視聽」。第二章則描述生物技術在學研界以及產業界的發展與演進。第三章則是生技產業的架構與商業模式。第四章，標題是台灣生技產業的崛起。從產業投資與市場的觀點，提出適合台灣生技產業發展的方向。第五章則敘述擔負著生技產業興衰重責大任的生技創投業者，他們究竟在做些什麼？國內的實際狀況又是如何？另外則提及生技公司的評價。第六章則談談生技公司股票上市後，哪一些市場因素會影響其股價的表現，也提出投資生技股經常犯的一些錯誤觀念。 \r\n\r\n"}
{"書名":"出賣愛因斯坦：人體組織販賣市場","書籍網站":"https:\/\/www.kingstone.com.tw\/\/basic\/2014100039714?zone=book&lid=book_class3_efh&actid=book_class3_efh","作者":"安德魯斯．聶爾金","出版社":"時報文化  ","ISBN":9789571334585,"圖片網址":"https:\/\/cdn.kingstone.com.tw\/book\/images\/product\/20141\/2014100039714\/2014100039714b.jpg","書籍簡介":"\r\n\r\n不管對研究人員、企業家、保險公司、雇主、執法單位或移民局官員，人體組織都有相當的價值。人體組織不像我們想像的難以取得，其實可說唾手可得。幾乎每一個人都有血液或組織歸檔在某個地方。每一次你抽血、做切片檢查或接受手術治療，你的身體組織就有可能在不知情的情況下遭到利用。在很多情形之下，基因篩檢是強制性的，我們的DNA將成最主要的個人識別資料──未來的身份證號碼。人體組織不但有很大的醫療用途，也是藝術家創作的媒介：用血液來作畫、用皮膚來雕塑、用頭骨來做室內設計。DNA 甚至可用來跑電腦，因為 DNA 分子組成的四種化學物質能提供比二進制碼多出很多的變化。隨著人體組織買賣市場的日益活絡，有人發現自己的卵子居然未經自己的同意即植入其他女人的身體；科學家和生物科技公司以病人的細胞株與基因秘密去申請專利，大發利市。安德魯斯和聶爾金兩位作者讓我們一窺人體組織買賣市場的現況，以一個又一個故事來顯現人體組織的商品化對心理、社會和經濟層面的衝擊。此外，也探索隱私權的問題和利用人體資訊進行社會控制的現象，讓人深思人體上市之後，獲利與財產權的問題。\r\n\r\n"}
{"書名":"生物科技大商機","書籍網站":"https:\/\/www.kingstone.com.tw\/\/basic\/2013630005374?zone=book&lid=book_class3_efh&actid=book_class3_efh","作者":"嚴麗娟","出版社":"聯經      ","ISBN":9789570822083,"圖片網址":"https:\/\/cdn.kingstone.com.tw\/book\/images\/product\/20136\/2013630005374\/2013630005374b.jpg","書籍簡介":"\r\n\r\n無庸置疑的，生物科技對人類日常生活帶來了重大的影響。Genetech、Immunex、Amgen和Biogen等公司掌握了科技和智慧的關鍵，他們將藉此控制人類基因的命運，帶領科學邁向新療法的另一個高峰。本書作者熟悉生技產業，並記述了已臻成熟的生物科技。從1970年代，生物科技歷史的萌芽期，直到目前各種創新療法與日俱增的蓬勃期，書中生動描述了生技產業的發展，包括產品開發、新穎的業務模式、關鍵性的實驗，以及這些要素要如何一步一步引領生物科技邁進市場。未來生物科技將會因此延伸到更廣闊的範疇。現在我們看到了生技產業即將實踐最初的承諾，為世界帶來改變。本書經由詳實的記載和第一手的訪問，描繪出生技產業背後的動力；同時，本書揭露了科學和利潤之間微妙的關係，透過故事和內行人的洞察力，在科學、管理及金融等各個層面，為投資人、企業家及對生物科技有興趣的讀者探討能夠孳生高額利潤的管理技巧，說明成功的生技公司所應具備的條件。在生技產業大有可為，卻又風險處處之際，幫助讀者們了解這門產業，並從中獲利。\r\n                    \r\n"}
{"書名":"我家也有桃莉羊：生物科技大事記","書籍網站":"https:\/\/www.kingstone.com.tw\/\/basic\/2013680002408?zone=book&lid=book_class3_efh&actid=book_class3_efh","作者":"吳惠國","出版社":"幼獅文化  ","ISBN":9789575741792,"圖片網址":"https:\/\/cdn.kingstone.com.tw\/book\/images\/product\/20136\/2013680002408\/2013680002408b.jpg","書籍簡介":"\r\n\r\n走在生物科技的鋼索上\r\n　１６世紀末，人類發明了顯微鏡。這個發明在生物學上是非常重要的突破。這個大發明使得以往用肉眼看不到的細胞、組織和微生物得以呈現在人類眼前。藉著這一個科技大突破，科學家可以清楚地觀察微細的生命現象和細菌，研究生命機能衰退和疾病的原因，及準確地診斷和治療疾病，改變了全人類的命運。４００年來，科學家不斷改良，發展了各式各樣十分精良的光學顯微鏡，是生物學研究工作者必備的基本工具。\r\n\r\n　生物科技在２０世紀末的幾年裡進步十分神速，而且新聞不斷。本書的主要目的就是要捕捉這些令人讚歎不已的高度成就。所舉例子都是當時很熱門的新聞，但是一日數變，起落非常大，出書之後自然又有更熱門的技術出現。因為涉及的範圍十分廣，涵蓋了生物學、農、牧、醫學和製藥工業，掛一漏萬在所難免。希望讀者能夠透過這些小故事，對生物科技產業有一個初步的了解。\r\n作者簡介\r\n　吳惠國，東海大學生物系，國防醫學院微生物系碩士班畢業。曾任《科學月刊》編輯、《大眾科學月刊》主編，曾以《大眾科學月刊》獲１９８２年行政院新聞局優良雜誌主編獎，業餘寫作，以通俗科學報導性作品為主。１９８３年秋，赴美國深造，取得耶大學醫學院流行病學博士學位。\r\n                    \r\n"}
{"書名":"放射線生物學","書籍網站":"https:\/\/www.kingstone.com.tw\/\/basic\/2013610006100?zone=book&lid=book_class3_efh&actid=book_class3_efh","作者":"李文檴","出版社":"九州      ","ISBN":9789578324190,"圖片網址":"https:\/\/cdn.kingstone.com.tw\/book\/images\/product\/20136\/2013610006100\/2013610006100b.jpg","書籍簡介":"0"}
{"書名":"生物產業與製藥產業（下）製藥產業","書籍網站":"https:\/\/www.kingstone.com.tw\/\/basic\/2023680002131?zone=book&lid=book_class3_efh&actid=book_class3_efh","作者":"田蔚城","出版社":"九州      ","ISBN":9789578324091,"圖片網址":"https:\/\/cdn.kingstone.com.tw\/book\/images\/product\/20236\/2023680002131\/2023680002131b.jpg","書籍簡介":"0"}
{"書名":"生物產業與製藥產業（上）生物產業","書籍網站":"https:\/\/www.kingstone.com.tw\/\/basic\/2023680002261?zone=book&lid=book_class3_efh&actid=book_class3_efh","作者":"田蔚城","出版社":"九州      ","ISBN":9789578324077,"圖片網址":"https:\/\/cdn.kingstone.com.tw\/book\/images\/product\/20236\/2023680002261\/2023680002261b.jpg","書籍簡介":"0"}
{"書名":"預約來生：零下194.2C的生命不滅論","書籍網站":"https:\/\/www.kingstone.com.tw\/\/basic\/2013610005608?zone=book&lid=book_class3_efh&actid=book_class3_efh","作者":"曾眾望","出版社":"安統文化  ","ISBN":9789579913607,"圖片網址":"https:\/\/cdn.kingstone.com.tw\/book\/images\/product\/20136\/2013610005608\/2013610005608b.jpg","書籍簡介":"0"}
