{"書名":"澳大利亞的智慧","書籍網站":"https:\/\/www.kingstone.com.tw\/\/basic\/2017710016151?zone=book&lid=book_class3_bbf&actid=book_class3_bbf","作者":"林在勇、邵育群","出版社":"新視野New ","ISBN":9789869880831.0,"圖片網址":"https:\/\/cdn.kingstone.com.tw\/book\/images\/product\/20177\/2017710016151\/2017710016151b.jpg","書籍簡介":"\n\n\n\t南十字星護佑下的新家園\n\n\t在「文化」這個詞日漸熱門的今天，許多人正為究竟什麼是「文化」而感到迷惑，它常常在人們眼前展現出各種各樣的姿態，令人們產生與它近在咫尺又距離遙遠的感受。\n\n\t「文化」被人們廣泛地運用於日常生活中。企業有自己的文化，才能留住人才；家庭有自己的文化，才被譽為幸福；一個社會如果沒有文化，就容易沾染上臭銅味兒；而一個國家如果沒有文化，則可能受到他國的嘲諷。可是，雖然人們頻頻使用「文化」的概念，當真說起來，還確實有一種虛幻飄渺的感覺。\n\n\t其實，文化原本沒那麼神祕。它真實地存在於我們的生活裡；它就像空氣一樣，充滿了整個地球。我們在人們的衣食住行裡可以找到它；在歌舞遊戲中可以發現它；在宗教藝術中感受到它；在道德倫理中體味到它。它的價值就在於它離人類那麼近，人類通過它來認識自己，並且認識世界。所以，我們最好不要輕易判斷一個國家或民族是沒有文化的，因為這可能是個愚蠢的判斷，做出判斷的人也許要落得個貽笑大方的下場。就像所謂的「文明人」對所謂的「野蠻人」的嘲笑，看似頗有道理，實則軟弱無力。\n\n\t這也就是我們希望將澳洲原始土著文明和現代文明向大家做一個介紹的原因。希望通過我們的介紹，您能了解南半球的這塊大陸上發生的許許多多有趣的事情。說不定您還會頓覺眼界大開哩。\n\n\t關於澳洲文明，人們的興趣從來就沒有減少過。先不說其它的，單是澳洲那些長得稀奇古怪的袋鼠和無尾熊(樹袋熊、樹熊)就足以讓人們驚喜萬分了。袋鼠是澳洲獨有的，它已經成為這片土地的象徵，就像鬱金香對於荷蘭，楓葉對於加拿大，熊貓對於中國一樣。而澳洲不僅有袋鼠，它的土著文化更加吸引人，因為當地原始土著的生活中充滿了現代人希望解開卻又一時難以找到完滿答案的謎，它們對現代人的吸引力是很大的。也許現代人在乎的並不是答案本身，而是這些答案背後蘊藏著的人類先輩的祕密。現代人總是不畏艱難地渴望找到生活的最初面目。\n\n\t於是就有了這樣一本關於澳洲古老文明的書。其中的內容也許非常瑣碎，但相信澳洲土著生活的本來面目就蘊藏在這些瑣碎之後。您可以看到土著怎樣把「飛去來(迴力鏢)」玩得出神入化，又能不借助任何工具，爬上高高的桉樹；他們和獵物鬥智鬥勇，與大自然和諧相處。土著們在樹皮上畫畫，在小河邊歌唱；他們在同伴的葬禮上悲極而泣，在圖騰儀式上盡情舞蹈……原始土著的生活在我們眼裡也許非常簡單，但簡單中潛藏著土著與自然漸漸融合的辛酸和快樂。這也許還可以代表人類生存和發展過程中的一小段。\n\n\t原始土著的一生幾乎是在儀式中度過的，從少年時的成丁禮到以後一個接一個的圖騰儀式，還有部落成員離開世界時舉行的葬禮。他們在儀式中扮演著各種角色，並在其中體會各種心情和儀式產生的濃重情緒對心靈的衝擊。土著孩子在成丁禮中成長，土著老年人在尊敬中安享晚年。他們的生活基本上是平和的，而在平和中，我們又能看到各種的智慧，看到土著的心靈世界。\n\n\t在白人來到澳洲之前，這裡只有黑皮膚的土著，他們是這裡的主人，掌握著自己的生活。但是，當白人闖入他們的生活空間以後，他們就失去了原來的自由和權利，開始了艱難的為生存而奮鬥的歷程。澳洲土著以自己的方式迎接著生活的突變，向世人展示著他們的堅艱不拔。\n\n\t所以，縱觀澳洲文明史，我們一定會為這片南十字護佑下的家園而讚嘆，讚嘆這裡曾發生過的許許多多事。雖然它們各自都十分微小，不具有驚天動地的震撼力，然而，它們的意義也許就在於平凡和那些藏於背後的智慧所帶給我們的啟迪，它們讓我們了解到人類文明的魅力也許正在於它的源遠流長和不斷發展。\n\n"}
{"書名":"神秘極地！南極．北極大探究","書籍網站":"https:\/\/www.kingstone.com.tw\/\/basic\/2019430107591?zone=book&lid=book_class3_bbf&actid=book_class3_bbf","作者":"神沼克伊","出版社":"瑞昇文化  ","ISBN":9789866185809.0,"圖片網址":"https:\/\/cdn.kingstone.com.tw\/book\/images\/product\/20194\/2019430107591\/2019430107591b.jpg","書籍簡介":"\n\n全球暖化、臭氧破洞、冰河融解、外太空生物…等大家最想知道的南北極秘密……現在，解謎！對於地球的「南極」與「北極」您知道了多少？這終年被冰雪所覆蓋的兩塊神秘極地，人類一直到１９世紀之前都難以一探它們的真面目，然而，在這地球的兩端其實隱藏了地球的歷史、環境的推移、以及生命起源的秘密。本書是由出版社實施問卷調查，再針對這些讓許多人感到疑惑的南北極相關疑問進行回答、編撰而成。現在就請一起來透過收集而成的問題與圖片，一窺南北極的冰、自然環境、動植物等極地全貌，以及設立在南極的觀測基地是如何運作，住在南極的人們是過著怎樣的生活呢？本書特色整理出最多人想知道的５０道南北極相關問題，再以回答問題的方式編成本書。內容詳盡且有序，方便讀者閱讀。全書附豐富的彩色圖片，南北極的各種風貌讓讀者看個過癮。\r\n                    \n"}
{"書名":"南太平洋的明珠《掀開所羅門面紗》","書籍網站":"https:\/\/www.kingstone.com.tw\/\/basic\/2017750000264?zone=book&lid=book_class3_bbf&actid=book_class3_bbf","作者":"冰谷","出版社":"秀威資訊  ","ISBN":9789862213834.0,"圖片網址":"https:\/\/cdn.kingstone.com.tw\/book\/images\/product\/20177\/2017750000264\/2017750000264b.jpg","書籍簡介":"\n\r\n所羅門乃南太平洋蕞爾小國，人口四十餘萬，由九百多個島嶼組成，風光明媚，民風淳樸，環境不受污染，是潛水勝地，綠色天堂。這裡商機無限，除了澳、日、韓等國，來自大陸、台灣、香港、大馬等地華商，緊接登陸。島民九成無職業，卻人人擁有土地，靠農耕過活，主食為土產蕃薯、木薯、芋頭、瓜果等，自立更生，雖屬窮國，卻無乞丐，亦無人露宿街頭。所羅門海產豐富，但為了環保，捕魚僅能用釣具，嚴禁魚網，特產椰子蟹，味美形醜，螯力驚人，善攀高鑽土，剝椰破殼，吃椰肉，成長緩慢，五十年只長一公斤。叢林中生活的美加寶鳥，體若山雞，母鳥產卵於鬆土，比雞蛋略大，蛋黃厚，蛋白薄。雌鳥只顧產蛋不孵卵，蛋埋土中深米許，雛鳥出土後在沒有母鳥保護下，於天敵四面埋伏的雨林中掙扎生存與繁殖，是禽類莫大的奇蹟，更是自然生態難以解開的謎！\r\n                    \n"}
{"書名":"馬可波羅","書籍網站":"https:\/\/www.kingstone.com.tw\/\/basic\/2017190026688?zone=book&lid=book_class3_bbf&actid=book_class3_bbf","作者":"王壽南","出版社":"臺灣商務  ","ISBN":9789570521467.0,"圖片網址":"https:\/\/cdn.kingstone.com.tw\/book\/images\/product\/20171\/2017190026688\/2017190026688b.jpg","書籍簡介":"\n\r\n本館秉承王雲五先生宿願，特敦請政治大學劉佑知教授主編一套適合各年齡層讀者閱讀的叢書，除慎選古今中外之名人外，並商請國內積學之士或社會名流為之傳記，審慎出版，定名為「典範人物」。 　　名人傳記每揭櫫人生轉折與甘苦，曉示大忠、大孝、大仁、大義……於可歌可泣之中，令人見賢思齊，勇而效法，此舉不但獎掖後進，也提昇了文化與世俗，進而造服社會人寰。\n\n"}
{"書名":"2006年世界年鑑（附2006台灣名人錄）附","書籍網站":"https:\/\/www.kingstone.com.tw\/\/basic\/2017160005958?zone=book&lid=book_class3_bbf&actid=book_class3_bbf","作者":"中央通訊社","出版社":"中央社    ","ISBN":9789572832776.0,"圖片網址":"https:\/\/cdn.kingstone.com.tw\/book\/images\/product\/20171\/2017160005958\/2017160005958b.jpg","書籍簡介":"\n\r\n台灣10大潛力人物，細數青春一族，誰是最具衝擊力的黑馬？年少英雄榜各領風騷，您，不得不提前正視。台灣460年大事誌，從1544年葡萄牙人讚賞台灣為美麗之島起460年，發生在台灣的重要事件，以精簡年表完整呈現。完整收錄新科立委及閣員簡歷，全書蒐羅近2000位各領域菁英人士背景資料，涵蓋面廣泛、更新最快速、確實。\r\n                    \n"}
{"書名":"震驚世界的日子（彩色圖文版）","書籍網站":"https:\/\/www.kingstone.com.tw\/\/basic\/2017970010845?zone=book&lid=book_class3_bbf&actid=book_class3_bbf","作者":"羽果．戴文波特","出版社":"波希米亞  ","ISBN":9789868092280.0,"圖片網址":"https:\/\/cdn.kingstone.com.tw\/book\/images\/product\/20179\/2017970010845\/2017970010845b.jpg","書籍簡介":"\n\r\n二00一年九月十一日，全世界上億人聚集在電視機前觀看令人震驚的一幕，紐約世貿中心的雙子星大廈在瞬間倒塌成一片廢墟。這令人恐懼的一幕展現在世人面前的同時，讓我們深刻體會到，我們經歷並見証了具有極其重大歷史意義的一天。它是「震驚世界的日子」之一，這些日子已深深烙印在人們的記憶中；它也是世界歷史上少有的大事之一，當發生這樣的事，人們會問到『當你聽到這個消息時，你在哪裡?』\r\n                    \n"}
{"書名":"100個神秘的地方","書籍網站":"https:\/\/www.kingstone.com.tw\/\/basic\/2017160005088?zone=book&lid=book_class3_bbf&actid=book_class3_bbf","作者":"季子弘","出版社":"好讀      ","ISBN":9789574558766.0,"圖片網址":"https:\/\/cdn.kingstone.com.tw\/book\/images\/product\/20171\/2017160005088\/2017160005088b.jpg","書籍簡介":"\n\r\n【尋訪世界上最神祕的100個地方】——在古代城市裡探查文明軌跡，在祕境、水底世界裡冒險犯難，在幽深古墓裡尋找英雄身影，在世界盡頭發現香格里拉的真相，在麥田圈中解讀來自外太空的訊息。\n\n"}
{"書名":"恐怖的地域－地球起源未解之謎","書籍網站":"https:\/\/www.kingstone.com.tw\/\/basic\/2017160004456?zone=book&lid=book_class3_bbf&actid=book_class3_bbf","作者":"王怡","出版社":"驛站      ","ISBN":9789867448309.0,"圖片網址":"https:\/\/cdn.kingstone.com.tw\/book\/images\/product\/20171\/2017160004456\/2017160004456b.jpg","書籍簡介":"\n\n這裡，荒無人跡。每當夜間風起的時候，黃沙漫天，城內就會發出淒惻陰森的聲音，如同鬼哭狼嚎。人們稱它為「魔鬼城」……　　地球是大爆炸的產物嗎？亞特蘭提斯究竟沉寂何處？彗星為地球帶來多大的災難？史前究竟有無文明？人類是怎樣誕生的？人類最早是生活在非洲嗎？人類是起源於海猿嗎？恐龍為何瞬間消失？特洛伊果真慘遭木馬屠城？通古斯大爆炸是核子大爆炸嗎？一個又一個神秘消失的古國透露了什麼訊息？ 　　歷史的軌跡早已支離破碎，靠著現代科技文明的補綴，究竟是還原了歷史面貌？還是製造了更懸疑的天方夜譚？ \n\n"}
{"書名":"世界文化與自然遺產1－6","書籍網站":"https:\/\/www.kingstone.com.tw\/\/basic\/2027180001489?zone=book&lid=book_class3_bbf&actid=book_class3_bbf","作者":"日本株式會","出版社":"水牛      ","ISBN":9789575996826.0,"圖片網址":"https:\/\/cdn.kingstone.com.tw\/book\/images\/product\/20271\/2027180001489\/2027180001489b.jpg","書籍簡介":"\n\r\n地球為生命的誕生、繁衍和發展，提供了必要的條件；而生命也使地球逐漸脫離了蒙昧、混沌，變得明朗和美麗。\r\n　　因而，地球有了浩瀚的太平洋、奔騰的尼羅河、巍峨的喜馬拉雅山.......；有蜿蜒的長城、高聳的金字塔、宏偉的奧林匹克神殿和精美絕倫的聖彼得大教堂.....。\r\n　　『世界文化與自然遺產』一套書旨在響應聯合國教科文組織所提倡【保護世界文化與自然遺產公約】，內容介紹亞洲、歐洲、美洲、非洲和大洋洲之著名的自然景觀與文化古蹟，所列之古蹟均為全世界所公認，一套六本，全部彩色精美印刷，並附CD一張。包含亞洲卷上、下冊，歐洲卷上、下卷，美洲卷1卷，大洋洲、非洲為1冊，共計6冊。\r\n　　在本書出版之際，新時代的鐘聲，即將敲響，讓我們與全世界的朋友一起攜手，為自然遺產與文化古蹟貢獻我們的智慧與心力。\n\n"}
{"書名":"蛻變中的太平洋群島國家","書籍網站":"https:\/\/www.kingstone.com.tw\/\/basic\/2017740000526?zone=book&lid=book_class3_bbf&actid=book_class3_bbf","作者":"劉富本","出版社":"五南      ","ISBN":9789571120317.0,"圖片網址":"https:\/\/cdn.kingstone.com.tw\/book\/images\/product\/20177\/2017740000526\/2017740000526b.jpg","書籍簡介":"\n\r\n蛻變中的太平洋群島國家\r\n　「帛琉共和國」與我國建交，千禧年第一道曙光降臨「吉里巴斯」，知道這兩個國家的人恐怕不多。\r\n\r\n　在目前多元性的國際事務上，太平洋上這些不太受世人注目的十四個群島小國，卻扮演了不可忽視的角色。尤其在台灣海峽兩岸外交鬥戰中，建交數目字就成為業績，以國論數，而不計其國土的大小、國立的強弱、以及人口數目的多少、和經濟是否富裕。\r\n\r\n　這些國家，不管有沒有跟我國建交，讓身為地球村居民的我們，對他們的貧窮落後表示一份關懷，對他們力爭上游，建設國家表示敬意。\r\n作者介紹\r\n劉富本\r\n\r\n　東海大學政治系，政治大學政治研究所畢業。現任府應技術學院專任教授，講授國際關係、社會學和探索太平洋島國家。\r\n                    \n"}
{"書名":"太平洋的大歷史：偉大航海家這樣改變了自己和東西方的文明與國家命運","書籍網站":"https:\/\/www.kingstone.com.tw\/\/basic\/2017210000742?zone=book&lid=book_class3_bbf&actid=book_class3_bbf","作者":"約翰．鄧摩爾","出版社":"大是      ","ISBN":9789869481151.0,"圖片網址":"https:\/\/cdn.kingstone.com.tw\/book\/images\/product\/20172\/2017210000742\/2017210000742b.jpg","書籍簡介":"\n\n\n◎太平洋為什麼叫太平洋？沒人見過「南方大陸」，為什麼大家甘願冒死也要找到烏托邦？\n◎想來亞洲，走陸路即可，歐洲人何苦要搏命繞遠路航海？\n◎中國人穿越太平洋，歷史只剩片紙隻字，為什麼歐洲人這麼做卻決定歷史走向？\n◎麥哲倫的偉大之處是？庫克船長什麼島都沒發現，為什麼他最偉大？\n\n 人類都上太空了，但此時，我們卻最該了解這些航海之王創下什麼歷史。\n 因為，在思想最苦悶的年代、貿易與財富停滯的年代、君王貴族把持政治的年代，\n 平民們憑著對烏托邦的想像，開創了輝煌的事業，成為英雄、把自己寫入大歷史。\n\n 本書作者約翰．鄧摩爾是太平洋航海史權威，他曾找回並翻譯了佚失兩百多年的《拉彼魯茲航海錄》──證明釣魚臺自古不屬於中國。\n\n 他在高齡90多歲寫下本書，書中從徐福騙秦始皇、慧深弘法開始，航海家追尋所羅門王寶藏、加勒比海盜怎麼變成太平洋上的航海王，評述歐洲強權的地理大發現，如何強行改寫了亞洲各國歷史、也改變了歐洲人的命運。\n\n◎海的盡頭有人嗎？太平洋連名字都還沒起，航海家勇闖汪洋的動機是：\n ●秦始皇派徐福找長生不老藥，發現傳說中的蓬萊島，顯示徐福曾經到過哪裡？導致他第二次出航之後再也不回來。\n\n ●南北朝劉宋時期僧侶慧深出航宣揚佛教，詳述自己去過「扶桑國」（不是日本）和「紋身男之地」（美洲，證據是……）。\n\n ●土耳其阻斷歐亞貿易，西、葡找海路取代威尼斯\n 哥倫布、麥哲倫為了尋找通往印度的貿易航線，抵達美洲、發現太平洋。\n 哥倫布的誤解和麥哲倫的形容詞，讓英雄們前仆後繼投入冒險旅程。為什麼？\n\n ●西班牙資助航海家發現太平洋，為什麼憑此就敢宣稱太平洋是「西班牙內海」，是船快砲凶、還是航海技術？了解西班牙航海家奎羅斯創下的、至今無人能破的最偉大紀錄，你就明白人家憑什麼霸占太平洋。\n\n◎太平洋不可能空蕩蕩，偉大航道上「必有」南方大陸\n ●人類對於「對稱」的著迷，導致世人篤信（現在看來）很荒謬的事：\n 與巴黎倫敦遙遙相對的地球另一端，有個對蹠點，一切東西都和巴黎倫敦\n 相反……這麼扯的動機，讓勇者冒死出海驗證人類的猜測。\n\n ●荷蘭人繼起爭霸，勒梅爾、塔斯曼接任航海王\n 麥哲倫海峽遭獨占，荷蘭商人勒梅爾被迫卻找出通往太平洋的更安全航線；塔斯曼找不到南方大陸，但證明澳洲是一個島、發現紐西蘭。\n 你知道這些意外旅程對世界貿易的貢獻嗎？\n\n◎太平洋原本阻絕東西方，如今卻主導東西方國運\n ●英女皇替海賊王撐腰，讓兩位海賊王德瑞克、丹皮爾封爵拜將，因為\n 德瑞克奉命劫掠敵艦、狂掃西班牙殖民地，幫國家清償外債，於是獲封爵士；\n 丹皮爾五度遠征，官拜皇家海軍上校，劫掠無數，還救回魯賓遜「本人」。\n\n ●最偉大航海家與傳說終結者──只有庫克有資格說：「太平洋沒這些島嶼。」\n 英國船長庫克3次遠征改造了太平洋地圖，不僅畫出澳洲輪廓，還掃除許多舊迷思：證明南方大陸不存在、破解傳說島嶼的存在之謎。為什麼大家都信他？\n\n ●庫克之後最偉大的航海王：消失的拉彼魯茲\n 拉彼魯茲探勘北亞海岸，途經臺灣、澳門、日本，探索韓國東北的韃靼海岸，\n 堪稱「海上的馬可．波羅」，卻在航至南太平洋後下落不明，為什麼他還把太平洋完整輪廓勾勒出來？\n\n◎刪去幽靈島嶼和大陸之後，歐洲列強主筆亞洲歷史\n ●太平洋冒險不只造就新英雄，也開創了人類新文明：\n 魯賓遜漂流記改編自真人真事、所羅門王寶藏證明是假人假事、\n 《格列佛遊記》連經緯度都標明了，顯示小人國在澳洲，巨人國在日本……\n 《蒼蠅王》的背景是太平洋小島，作者後來得了諾貝爾文學獎、\n 《白鯨記》、《金銀島》、《南太平洋》、《茶花女》、《蝴蝶夫人》……影響力無庸贅言。\n\n ●如今的太平洋地圖，因航海家的探索而完備，他們原先尋找的是想像中的南方大陸、虛構的島嶼，卻意外有了真實的地理大發現。從此，西方的貿易船與軍艦，破浪而來橫掃亞洲。\n\n"}
{"書名":"圖說大西洋歷史 (1套10冊) (草原文創)","書籍網站":"https:\/\/www.kingstone.com.tw\/\/basic\/2017250000474?zone=book&lid=book_class3_bbf&actid=book_class3_bbf","作者":"郭方","出版社":"草原文創  ","ISBN":9789869460958.0,"圖片網址":"https:\/\/cdn.kingstone.com.tw\/book\/images\/product\/20172\/2017250000474\/2017250000474b.jpg","書籍簡介":"\n\n\n\t《西洋大歷史》共10冊，選取了600多個主題，1500餘幅圖片，縱覽全球歷史千秋變幻。從茹毛飲血、刀耕火種的洪荒時代，到文明從大河流域露出曙光，再到今日人類的文明昌盛百花齊放，宛如一幅波瀾壯闊的世界歷史畫卷。\n\n套書內容：\n\t1.人類的文明\n\t2.帝國時代\n\t3.中古時代的羅馬帝國\n\t4.新航路的征服與強權擴張\n\t5.歐洲大國的崛起\n\t6.歐亞君王的權威稱雄\n\t7.獨立戰爭的革命浪潮\n\t8.拿破崙叱吒風雲\n\t9.軍國主義的世界大戰\n\t10.多元化的世界格局\n\n"}
{"書名":"揭密不饒人：維基解密創辦人朱利安.阿桑奇","書籍網站":"https:\/\/www.kingstone.com.tw\/\/basic\/2017870011423?zone=book&lid=book_class3_bbf&actid=book_class3_bbf","作者":"東鳥","出版社":"有意思    ","ISBN":9789863759935.0,"圖片網址":"https:\/\/cdn.kingstone.com.tw\/book\/images\/product\/20178\/2017870011423\/2017870011423b.jpg","書籍簡介":"\n\n\n不相信政府、不相信權威，只相信自己的眼睛\n維基解密，讓壞事無所遁形\n\n\n\t世界上最危險的網站──維基解密\n\t3年間公開政府、企業腐敗內幕的文件\n\t比《華聖頓郵報》30年來的總合還多！\n\n\t天底下沒有不能說的秘密。各國政府，當心了……\n\n\t維基解密創辦人朱利安‧阿桑奇\n\t被譽為「網際網路的自由鬥士」\n\t卻也有人說他是「澳洲最聲名狼藉的前電腦駭客」\n\n\t他是將知的權利帶到人民手中的使者\n\t還是引起不安動盪的戰犯？\n\n"}
{"書名":"寶藏尋蹤","書籍網站":"https:\/\/www.kingstone.com.tw\/\/basic\/2017160006900?zone=book&lid=book_class3_bbf&actid=book_class3_bbf","作者":"探索發現系","出版社":"西北國際  ","ISBN":9789866351457.0,"圖片網址":"https:\/\/cdn.kingstone.com.tw\/book\/images\/product\/20171\/2017160006900\/2017160006900b.jpg","書籍簡介":"\n\n未知的神祕寶藏巴黎，有著祕密的美麗小鎮；在君主的皇陵前，埋藏著鮮為人知的故事，每個地方都流傳著無數的傳奇。是誰偷走基督聖物約櫃？克里姆林宮的地下到底深藏著什麼樣的祕密？其貌不揚的日本赤城山為何有著「金庫」的美名？沙皇的黃金財富到底流落何方？每個精彩的故事，就像喃喃自語的老人，帶著神祕和驚奇，為我們講述那沉澱多年的往事。本書特色發掘48個失落寶藏的蹤跡　The Treasure Of Discovery拿破崙的藏寶地猶太人的神祕寶藏探尋圖坦卡門的陵墓下落不明的沙皇500噸黃金「所羅門財寶」與「黃金約櫃」讓我們踏上神祕的尋寶之路尋找成為百萬富翁的捷徑\r\n                    \n"}
{"書名":"群島之洋─人類學的大洋洲研究","書籍網站":"https:\/\/www.kingstone.com.tw\/\/basic\/2017740001028?zone=book&lid=book_class3_bbf&actid=book_class3_bbf","作者":"童元昭","出版社":"臺灣商務  ","ISBN":9789570523317.0,"圖片網址":"https:\/\/cdn.kingstone.com.tw\/book\/images\/product\/20177\/2017740001028\/2017740001028b.jpg","書籍簡介":"\n\r\n大洋洲含括廣泛，地理上、議題上，都不是一人短時間容易完成。編者邀集了台灣僅有的幾位大洋洲研究者，郭佩宜教授與邱斯嘉教授兩位撰寫專文。另外，選出幾篇可以說經典或具有發展潛力的英文著作，翻譯為中文，方便中文讀者。本書分成三個部分來幫助大家親近太平洋海水環繞的諸多島嶼。（1）大洋洲\/太平洋島嶼在那裡？是甚麼？（2）大洋洲主要的研究議題；（3）台灣大洋洲研究的可能發展。主要內容分為五個部分，第一部分「從考古的證據看太平洋文化的起源與變遷」，提供一個大洋洲的史前背景。第二部分「社會生活」介紹重要的生活面向，包括親屬、交換與政治領袖的產生。第三部分「文化創造與國族建構」。第四部分則藉由全球化的視野，檢視大洋洲移民與基督宗教的擴散。最後一部分是檢查大洋洲做為區域這一個概念的應用與意義。\r\n                    \n"}
{"書名":"令人戰慄的恐怖世界史","書籍網站":"https:\/\/www.kingstone.com.tw\/\/basic\/2015480048280?zone=book&lid=book_class3_bbf&actid=book_class3_bbf","作者":"歷史之謎研","出版社":"八方      ","ISBN":9789867024800.0,"圖片網址":"https:\/\/cdn.kingstone.com.tw\/book\/images\/product\/20154\/2015480048280\/2015480048280b.jpg","書籍簡介":"\n\r\n撕裂身體的處決、粉碎骨頭的拷問、陶醉於虐殺及毒殺的女王和皇帝、恐怖的獵殺女巫行動、變態殺人魔……，連血液都為之凍結的血腥歷史，你有膽量從頭讀到最後一頁嗎？　　世界史就像是一部染血的黑暗連續劇，伏爾泰也說：「歷史是犯罪和災難的紀錄」，有著許多人們想都想像不出來的殘酷畫面。　　當權者為了懲罰罪犯，想出各種折磨人的手段，用盡許多駭人聽聞的刑具。戰爭時，對人民更是不留情面，大加虐殺，動輒數萬人以上。秘密結社為了莫名的理念，竟然將人命視如草芥般地糟蹋凌虐。　　本書網羅了許多歷史上的血腥故事、暴虐殘酷的人物和令人戰慄的歷史事件，揭露世界史背後不為人知的真相。\n\n"}
{"書名":"塔碑的故事：追蹤神明印跡與帝國榮光(全","書籍網站":"https:\/\/www.kingstone.com.tw\/\/basic\/2017180005594?zone=book&lid=book_class3_bbf&actid=book_class3_bbf","作者":"中國電影出","出版社":"世潮      ","ISBN":9789577768858.0,"圖片網址":"https:\/\/cdn.kingstone.com.tw\/book\/images\/product\/20171\/2017180005594\/2017180005594b.jpg","書籍簡介":"\n\r\n塔碑是象徵意義遠大於實用價值的特殊建築，通常有強烈的紀念性質，它既是思想的聚合體、美的焦點，更是歷史記憶的儲藏室，在簡潔的結構中包容著無窮的想像空間。本書精選埃及金字塔、馬雅金字塔、羅塞塔石碑、倫敦塔、艾菲爾鐵塔、自由女神像等18座世上最負盛名的塔碑，另附14處塔碑簡介，內容延伸涵蓋相關的人、事、物，兼顧史實與軼聞，全彩印刷，輔以大量歷史圖片，呈現塔碑在歷史演變中的標竿意義與豐富的人文張力。\n\n"}
{"書名":"寶藏消失之謎","書籍網站":"https:\/\/www.kingstone.com.tw\/\/basic\/2017160006450?zone=book&lid=book_class3_bbf&actid=book_class3_bbf","作者":"通鑑文化編","出版社":"通鑑      ","ISBN":9789866790232.0,"圖片網址":"https:\/\/cdn.kingstone.com.tw\/book\/images\/product\/20171\/2017160006450\/2017160006450b.jpg","書籍簡介":"\n\r\n《寶藏消失之謎》是「世界未解檔案」系列叢書的第一本書，其中收編了古今中外眾多知名寶藏遺失的謎團，內容分海盜寶藏、沉船寶藏、陵墓寶藏、皇室珍寶、戰爭中遺失的寶藏、考古發掘的寶藏……等九個單元，深入探討這些珍寶的來龍去脈。這些富有神祕色彩的寶藏，相信會令讀者心馳神往。對於有興趣進行田野探險的讀者，或是對寶藏故事沒有任何概念的年輕朋友們，這將是一本絕佳的入門書，也是值得擺放在床邊，為讀者帶來奇幻美夢的優良讀物。或許哪一天，當您行裝整妥、背起行囊之際，也可以走一趟冒險刺激的尋寶之旅，說不定您將如同書中人物一般，因發現了某種寶藏而一夜致富也說不定呢！\r\n                    \n"}
{"書名":"2007世界年鑑(附2007台灣名人錄)附光","書籍網站":"https:\/\/www.kingstone.com.tw\/\/basic\/2017160006290?zone=book&lid=book_class3_bbf&actid=book_class3_bbf","作者":"中央通訊社","出版社":"中央社    ","ISBN":9789868289703.0,"圖片網址":"https:\/\/cdn.kingstone.com.tw\/book\/images\/product\/20171\/2017160006290\/2017160006290b.jpg","書籍簡介":"\n\r\n中央社編印的2007世界年鑑及台灣名人錄套書，特別收錄全球前一百名大學排行榜、全球百大國際品牌排名，以及多位女性國家領導者崛起，預期出現更多女總統，是未來全球的大趨勢等豐富資料，2007年1月起在全國各大書店上架。\r 「世界年鑑」每年均增加最新題材及未來趨勢，全球競爭力排名，讓您藉由競爭力比較，知己知彼；「2006全球五百強企業」，更讓您貼近世界財經的脈動；「影像2006」圖片專輯，則讓快門鮮活您一整年的模糊記憶。\r 為讓讀者更親近寶島的土地及徜徉明媚風光，在全台旗艦觀光景點中，詳實收集各地觀光特色、名特產，也有原住民祭典及意涵，值得一提的是全球網路國家排名，極具參考價值。\r 「2007世界年鑑」內容豐富，包羅萬象，臚列最新數據，全書分為四篇二十五章，附贈光碟，文字資料約計兩百餘萬字，今年也邀請十餘位專家學者，針對全球的熱門議題深入剖析，使得年鑑內容不僅有廣度的資訊，更有深度的解讀，無限延伸讀者的國際視野，另外，中央社全球海外三十五個城市據點的特派員，傳回當地國家第一手的政經情勢專題，頗具可讀性。\r 　 「台灣名人錄」以簡練文字，介紹國內近二千位各領域最具代表性名人的簡歷，何志欽、郭台強、林志玲、王建民、林懷民等名人今年都列名其中，背景資料極具參考價值。\r  2007世界年鑑主要內容為，第一篇重大新聞，包括最新趨勢的專題報導、「影像2006」圖片專輯、台灣十大潛力人物點將錄、世界之最、年度國內外十大新聞、年度大事紀、民國大事紀、世界百年大事紀。\r 第二篇國內部分，台灣人文與地理、政府組織與人事、北高市長及市議員選舉結果及得票率、陳總統興揚之旅，首訪利比亞、首份國安報告出爐、行政院啟動大投資、大溫暖計畫，福衛三號成功升空、二次金改謹慎進行、台灣人口老化挑戰、李安勇奪奧斯卡、全台旗艦觀光景點、雪山隧道、交通新罰則、南海諸島、釣魚台列嶼、古蹟名冊等，共分十二章。\r 第三篇國際部分，國際最新情勢深度分析、全球皇室現況、世界吹起女性國家領導人風潮，全球近兩百個國家簡介，能源短缺，環保電動車成為未來主流，太陽系成員改為八大行星，全球重大災難與事故，共區分四章。\r　　\r第四篇兩岸關係，兩岸政策談話與兩岸事務、兩岸緊急醫療包機啟航及兩岸交流大事紀，本篇區分三章。\r 附贈超值光碟，收錄新聞小百科、國際組織、諾貝爾獎、奧斯卡獎、大學院校、學術機構名錄及生活資訊等，。\r\n\n"}
{"書名":"海盜","書籍網站":"https:\/\/www.kingstone.com.tw\/\/basic\/2017100011759?zone=book&lid=book_class3_bbf&actid=book_class3_bbf","作者":"羅伯特．波恩","出版社":"晨星      ","ISBN":9789574558827.0,"圖片網址":"https:\/\/cdn.kingstone.com.tw\/book\/images\/product\/20171\/2017100011759\/2017100011759b.jpg","書籍簡介":"\n\n是英雄的化身？或是惡徒的代表？本書將帶領讀者進入波瀾壯闊的大航海時代，揭開海盜的神秘面紗◎ 冒險家的生涯　　寶藏探險、海戰搶劫、骷髏頭與海盜旗，一個個充滿刺激的神秘冒險◎ 勇士般的生活　　大口飲酒、瀟灑吃肉、盡興唱歌，一篇篇海盜在風暴動蕩的海上生活記實。◎ 海盜的枯榮興衰　　海盜從掘起到囂張與猖獗，雖然間接開拓了海上貿易的發展，卻也引起人民的反彈．．．　　　海盜的生活總是讓人?生興奮的幻想。儘管他是搶劫掠奪的大膽叛逆者，卻經常被人們以英雄來描寫！這本海盜的故事是一個由獨立的小故事構成的故事集，裏面講述了海盜所經歷的恐怖謀殺，搶劫，痛苦和絕望，同時也描寫了他們血腥迫害和無情懲罰！　　這本書最驚險，最重要的部分則是《黃金時期的海盜》，記錄了海盜從16世紀至18世紀的生活。作者將海盜及其他的統治緊密聯繫在一起，給讀者提供了一個可以深入瞭解這個日漸滄桑的團體世界！\n\n"}
{"書名":"世界七大奇跡","書籍網站":"https:\/\/www.kingstone.com.tw\/\/basic\/2017180003880?zone=book&lid=book_class3_bbf&actid=book_class3_bbf","作者":"凱．布羅德森","出版社":"晨星      ","ISBN":9789574558100.0,"圖片網址":"https:\/\/cdn.kingstone.com.tw\/book\/images\/product\/20171\/2017180003880\/2017180003880b.jpg","書籍簡介":"\n\r\n為什麼是世界「七」大奇跡？而不是其他的數字？？ 「七」這個數字在歷史上不斷的重複出現： 古典文學作品中有「七」位聖人；聖經上記載上帝「七」天造萬物； 或者是埃及的「七」年豐收與「七」年貧瘠．．． 本書將帶領讀者探索世界「七」大奇跡的秘密，打開世界歷史未解之謎埃及金字塔、巴比倫城牆、巴比倫空中花園、奧林匹亞的宙斯神像、以弗所的阿特米絲女神廟、哈裏卡納斯城的摩索拉斯王的陵墓、羅德島的太陽神神像。世界七大奇跡象徵人類文明高度發展的里程碑。但這些傳奇的建築和藝術作品大部分都湮沒在歷史塵埃中，只存在於人們的想象世界裏。作者為讀者呈現了古希臘世界和當時世界奇跡的史實，感受人類歷史最偉大的奇跡風貌；並探詢了這些世界奇跡的發展與意義，從中解開困惑不已的歷史謎團。 \n\n"}
{"書名":"探索傳說中的千年寶藏","書籍網站":"https:\/\/www.kingstone.com.tw\/\/basic\/2017160003824?zone=book&lid=book_class3_bbf&actid=book_class3_bbf","作者":"Budd Hopkins","出版社":"可道書房  ","ISBN":9789867386076.0,"圖片網址":"https:\/\/cdn.kingstone.com.tw\/book\/images\/product\/20171\/2017160003824\/2017160003824b.jpg","書籍簡介":"\n\r\n傳說中的所羅門財寶、印加寶藏、沈睡於海底某處的黃金船……在各種考據中鐵證如山的迷人寶藏，吸引著前仆後繼的尋寶人上山下海，即使美夢成真者少之又少，他們驚險刺激的偷盜行動早已成為傳奇。\r\n                    \n"}
{"書名":"尋回失落的世界寶藏","書籍網站":"https:\/\/www.kingstone.com.tw\/\/basic\/2017160003794?zone=book&lid=book_class3_bbf&actid=book_class3_bbf","作者":"老弓等","出版社":"德威國際  ","ISBN":9789867307019.0,"圖片網址":"https:\/\/cdn.kingstone.com.tw\/book\/images\/product\/20171\/2017160003794\/2017160003794b.jpg","書籍簡介":"\n\r\n尋找失落的世界寶藏，是至今史上收集最齊全的一本「尋寶書」，它囊括歐洲、亞洲、非洲、拉丁美洲、澳洲等六大地區從古至今，所發生失落的寶藏處尋根，並引發後世人們對其興趣與好奇。　　　　　為求清晰明瞭，本書採用了增大開本編排設計，並加了珍貴的百餘幅插圖，以利讀者方便閱讀，在滿街的書叢中，希望你也換一種思維與心態，來敦勉另類的知性之旅。\r\n                    \n"}
{"書名":"夢想南極－荒冰野地的魅力","書籍網站":"https:\/\/www.kingstone.com.tw\/\/basic\/2017790000996?zone=book&lid=book_class3_bbf&actid=book_class3_bbf","作者":"陳維滄","出版社":"山岳      ","ISBN":9789572818190.0,"圖片網址":"https:\/\/cdn.kingstone.com.tw\/book\/images\/product\/20177\/2017790000996\/2017790000996b.jpg","書籍簡介":"\n\r\n我去荒野是因為我想用心地過生活，只去面對生命中最重要的事，並看我能否從生活中學到什麼，而不要到最後，發現我從來沒有活過...... \n\n"}
{"書名":"世界遺產學概論","書籍網站":"https:\/\/www.kingstone.com.tw\/\/basic\/2017180003460?zone=book&lid=book_class3_bbf&actid=book_class3_bbf","作者":"張習明著","出版社":"萬人      ","ISBN":9789574611300.0,"圖片網址":"https:\/\/cdn.kingstone.com.tw\/book\/images\/product\/20171\/2017180003460\/2017180003460b.jpg","書籍簡介":"\n\n\n 世界遺產這個新名詞,正廣泛的在國際間擴展,紛紛成立新學科,想了解其中的奧秘及學問,本書作者收羅多珍貴資料,期待與讀者一同分享。\n\n"}
{"書名":"澳洲的智慧","書籍網站":"https:\/\/www.kingstone.com.tw\/\/basic\/2017710005582?zone=book&lid=book_class3_bbf&actid=book_class3_bbf","作者":"林在勇","出版社":"新潮社    ","ISBN":9789574527755.0,"圖片網址":"https:\/\/cdn.kingstone.com.tw\/book\/images\/product\/20177\/2017710005582\/2017710005582b.jpg","書籍簡介":"\n\r\n縱觀澳洲文明史，我們一定會為這片南十字護佑下的家園而讚嘆。雖然它們各自都十分微小，不具有驚天動地的震撼力，然而，它們的意義也許就在於平凡和那些藏於背後的智慧所帶給我們的啟迪，十讓我們了解到人類文明的魅力也許正在於它的源遠流長和不斷發展。\r\n                    \n"}
{"書名":"太平洋島嶼的智慧","書籍網站":"https:\/\/www.kingstone.com.tw\/\/basic\/2017740000816?zone=book&lid=book_class3_bbf&actid=book_class3_bbf","作者":"曹峰","出版社":"新潮社    ","ISBN":9789574527076.0,"圖片網址":"https:\/\/cdn.kingstone.com.tw\/book\/images\/product\/20177\/2017740000816\/2017740000816b.jpg","書籍簡介":"0"}
{"書名":"太平洋文化史","書籍網站":"https:\/\/www.kingstone.com.tw\/\/basic\/2017740000786?zone=book&lid=book_class3_bbf&actid=book_class3_bbf","作者":"馬克斯．顧","出版社":"麥田      ","ISBN":9789574692279.0,"圖片網址":"https:\/\/cdn.kingstone.com.tw\/book\/images\/product\/20177\/2017740000786\/2017740000786b.jpg","書籍簡介":"\n\r\n作者簡介\r\n　馬克斯．顧安奇\r\n　隆．阿丹斯\r\n太平洋\r\n　在航海家一連串迷思（Fantasy）、航行（Voyage）、奇遇（Encounter）的行動中，太平洋群島在古地圖遼闊的海洋裡，一一浮現且有了命名。熱情的航海家在探險的世紀裡，浪漫地揭開了太平洋文化的神祕面紗。好奇（curiosity）、初步探索（Explore）、交換物品（Exchange）到殖民、傳教、衝突，這片外人眼中的處女地，從與世隔絕的靜謐中，成為殖民帝國競爭掠奪的是非地。\r\n\r\n　直到近百年來，政治上一直處於被動狀態的太平洋各群島，在自由民主風氣的引領下，終於起而爭取自己的獨立自治。島嶼人民從較原初的狀態到跟上世界文明的腳步，這過程壓縮在短短的三、四百年的時間裡，其中一連串的變遷、驚異與適應，相信是外人所難以想像與理解的。在這本文集裡，將分別以歐洲人和島嶼居民的角度來述說這一場屬於太平洋文化接觸的奇遇。\r\n                    \n"}
{"書名":"澳洲的智慧","書籍網站":"https:\/\/www.kingstone.com.tw\/\/basic\/2017710003458?zone=book&lid=book_class3_bbf&actid=book_class3_bbf","作者":"林在勇．邵","出版社":"林鬱文化  ","ISBN":9789577548245.0,"圖片網址":"https:\/\/cdn.kingstone.com.tw\/book\/images\/product\/20177\/2017710003458\/2017710003458b.jpg","書籍簡介":"0"}
{"書名":"太平洋島嶼的智慧","書籍網站":"https:\/\/www.kingstone.com.tw\/\/basic\/2017740000656?zone=book&lid=book_class3_bbf&actid=book_class3_bbf","作者":"曹峰","出版社":"林鬱文化  ","ISBN":9789577548146.0,"圖片網址":"https:\/\/cdn.kingstone.com.tw\/book\/images\/product\/20177\/2017740000656\/2017740000656b.jpg","書籍簡介":"0"}
{"書名":"革命的故事","書籍網站":"https:\/\/www.kingstone.com.tw\/\/basic\/2017710003298?zone=book&lid=book_class3_bbf&actid=book_class3_bbf","作者":"楊碧川","出版社":"大作      ","ISBN":9789578251175.0,"圖片網址":"https:\/\/cdn.kingstone.com.tw\/book\/images\/product\/20177\/2017710003298\/2017710003298b.jpg","書籍簡介":"\n\r\n革命的故事\r\n　一個沒有正義、不講道理的社會，一個自私、隨時出賣同胞的族群，並非一次暫時的選舉勝利就能一夕之間脫胎換骨。歷史必須清算，是非必須闡明，否則「向下沉淪」將是不可避免的。\r\n\r\n　革命是從思想開始，革命者拿自己生命為賭注，發動群眾，由下而上的推翻體制。改革是一群自命為社會精英者，從上而下與現體制妥協，終究是維護他們在現體制下的既得利益為目的。\r\n\r\n　當先烈犧牲所換來的一點進步，很快被躲在旁邊的禿鷹所瓜分。「死，死道友，不要死貧道」成為台灣聰明人的名言。這群禿鷹在飽食之餘，再回過頭來嘲笑陣亡的烈士。\r\n作者介紹\r\n楊碧川\r\n\r\n　台北市東方中學畢業。20歲涉及「飛虹盟事件」，坐政治獄曾做工維生，同時自修台灣史、社會主義思想史、世界史。現專事寫作。\r\n                    \n"}
{"書名":"澳洲簡史","書籍網站":"https:\/\/www.kingstone.com.tw\/\/basic\/2017710001874?zone=book&lid=book_class3_bbf&actid=book_class3_bbf","作者":"黃鴻釗","出版社":"書林      ","ISBN":9789575866037.0,"圖片網址":"https:\/\/cdn.kingstone.com.tw\/book\/images\/product\/20177\/2017710001874\/2017710001874b.jpg","書籍簡介":"\n\r\n認識世界系列\r\n　　二十世紀末的今天，傳播、電子、運輸各方面都進入空前的蓬勃期。隨著每個國界、每個地域間距離的快速縮小，我們可能每天都看到、聽到、接觸到相異於我們的文化類型。了解與尊重各種不同的文化將使我們更符合現今多元化社會的需求。這一套「認識世界」系列可以滿足學習、旅遊、經貿方面知的需求，豐富我們的世界觀，以更開闊的胸襟欣賞多彩多姿的各種文化、民族與歷史。\r\n　　立國不滿一百年的澳洲，以神奇的速度躋身發達國家行列。廣闊的土地、豐富的物產和怡人的氣候，皆是這南半球大國的天然優越條件。澳洲的歷史，是移民發展的歷史。早期的澳洲，在歐亞身份中徘徊不定，到現代已走出一條立足南半球，向全世界開放的道路。近年的移民政策，促使為數極多的移民遷入，加上澳洲本土人口的共同努力，更促成這個南半球的富庶國家穩步向前。 \n\n"}
{"書名":"躍昇的南方－紐澳啟示","書籍網站":"https:\/\/www.kingstone.com.tw\/\/basic\/2017710001744?zone=book&lid=book_class3_bbf&actid=book_class3_bbf","作者":"天下編輯部","出版社":"天下雜誌  ","ISBN":9789579079600.0,"圖片網址":"https:\/\/cdn.kingstone.com.tw\/book\/images\/product\/20177\/2017710001744\/2017710001744b.jpg","書籍簡介":"\n\r\n在世界銀行針對自然資源、人造資源及社會資源三項綜合評比中，澳洲排名世界首富；緊臨的紐西蘭則名列為世界第一乾淨、清廉的國家。紐澳的表現，改寫了世人對成功的定義。以紐、澳為中心的世界觀，呈現何種面貌？\r\n　　本書以不同於北半球的價值觀，從總理專訪到經濟、教育、環境、社會與人文等各個層面，為你打開紐澳之窗，探索這顆躍起的南方之星，如何掠奪全世界的目光。 \n\n"}
{"書名":"南太平洋征旅：航海家的冒險樂園","書籍網站":"https:\/\/www.kingstone.com.tw\/\/basic\/2017230000128?zone=book&lid=book_class3_bbf&actid=book_class3_bbf","作者":"Etienne Taillemite","出版社":"時報文化  ","ISBN":9789571315669.0,"圖片網址":"https:\/\/cdn.kingstone.com.tw\/book\/images\/product\/20172\/2017230000128\/2017230000128b.jpg","書籍簡介":"\n\r\n冒險之夢\r\n　15世紀以來，歐洲航海家一次次向南太平洋出發，為了尋找傳說中的「南方大陸」，也為了一圓冒險之夢。未知的南太平洋上，風雨駭人；難卜的征旅中，命運在招手……\r\n\r\n　1556年，法國海軍上將料利尼（Coligny）得到一本精確的地圖冊，上面不但有對現實的描繪，也不乏想像的虛構，堪稱16世紀地圖的傑作。它就走勒泰斯蒂（Guillaume Le Testu）參照古今航海家的經歷，給製成的《世界宇宙誌》。勒泰斯蒂曾在國王的船隊服役，且參與過法國在巴西里約熱內盧殖民地的建設。1572年，他與英國航海家德雷克（Francis Drake）到墨西哥海岸探險，途中不幸身亡。\r\n\r\n　「一路航行後,我們到達南極天52度的地方。奇蹟啊!竟然發現一處海峽。那天正逢聖女節。於是我們喚它聖女角。海岸長約440公里,寬度也大致相仿,只差兩公里。這道海峽通往和平海。」皮加費塔(Pigafetta),《麥哲倫環球首航記》\r\n作者簡介\r\nEtienne Taillemite\r\n\r\n　生於1924年，現任法國檔案館榮譽總監。他一生大部分時間從事航海史的研究，編過《布甘維爾航海日誌》及《法國航海辭典》。曾任法國航海史委員會主席。1986年出任高級航海學校校長。\r\n                    \n"}
{"書名":"從孤立中走向世界－澳大利亞文化簡論","書籍網站":"https:\/\/www.kingstone.com.tw\/\/basic\/2017710001454?zone=book&lid=book_class3_bbf&actid=book_class3_bbf","作者":"黃源深","出版社":"淑馨      ","ISBN":9789575313456.0,"圖片網址":"https:\/\/cdn.kingstone.com.tw\/book\/images\/product\/20177\/2017710001454\/2017710001454b.jpg","書籍簡介":"0"}
{"書名":"南極歸來","書籍網站":"https:\/\/www.kingstone.com.tw\/\/basic\/2017790000156?zone=book&lid=book_class3_bbf&actid=book_class3_bbf","作者":"呂一銘","出版社":"自然科學  ","ISBN":null,"圖片網址":"https:\/\/cdn.kingstone.com.tw\/book\/images\/product\/20177\/2017790000156\/2017790000156b.jpg","書籍簡介":"0"}
{"書名":"大洋洲之旅","書籍網站":"https:\/\/www.kingstone.com.tw\/\/basic\/2027710000135?zone=book&lid=book_class3_bbf&actid=book_class3_bbf","作者":"北屋      ","出版社":"停售","ISBN":null,"圖片網址":"https:\/\/cdn.kingstone.com.tw\/book\/images\/product\/20277\/2027710000135\/2027710000135b.jpg","書籍簡介":"0"}
{"書名":"大洋洲之旅","書籍網站":"https:\/\/www.kingstone.com.tw\/\/basic\/2027740000389?zone=book&lid=book_class3_bbf&actid=book_class3_bbf","作者":"瑞昇文化  ","出版社":"停售","ISBN":null,"圖片網址":"https:\/\/cdn.kingstone.com.tw\/book\/images\/product\/20277\/2027740000389\/2027740000389b.jpg","書籍簡介":"0"}
{"書名":"澳紐生活事典","書籍網站":"https:\/\/www.kingstone.com.tw\/\/basic\/2017710000952?zone=book&lid=book_class3_bbf&actid=book_class3_bbf","作者":"山泉","出版社":"香港珠海  ","ISBN":9789576570698.0,"圖片網址":"https:\/\/cdn.kingstone.com.tw\/book\/images\/product\/20177\/2017710000952\/2017710000952b.jpg","書籍簡介":"0"}
{"書名":"太平洋的故事","書籍網站":"https:\/\/www.kingstone.com.tw\/\/basic\/2017700000474?zone=book&lid=book_class3_bbf&actid=book_class3_bbf","作者":"房龍","出版社":"金楓      ","ISBN":null,"圖片網址":"https:\/\/cdn.kingstone.com.tw\/book\/images\/product\/20177\/2017700000474\/2017700000474b.jpg","書籍簡介":"0"}
{"書名":"中國孩子的世界觀大洋","書籍網站":"https:\/\/www.kingstone.com.tw\/\/basic\/2027700000367?zone=book&lid=book_class3_bbf&actid=book_class3_bbf","作者":"黃墩岩策劃","出版社":"瑞昇文化  ","ISBN":null,"圖片網址":"https:\/\/cdn.kingstone.com.tw\/book\/images\/product\/20277\/2027700000367\/2027700000367b.jpg","書籍簡介":"0"}
{"書名":"澳洲之旅","書籍網站":"https:\/\/www.kingstone.com.tw\/\/basic\/2017710000792?zone=book&lid=book_class3_bbf&actid=book_class3_bbf","作者":"楊靜文","出版社":"天龍      ","ISBN":null,"圖片網址":"https:\/\/cdn.kingstone.com.tw\/book\/images\/product\/20177\/2017710000792\/2017710000792b.jpg","書籍簡介":"0"}
