{"書名":"Game Engine Architecture","書籍網站":"https:\/\/www.kingstone.com.tw\/\/basic\/203c308569978?zone=english&lid=search&actid=WISE&kw=Game-engine&pi=0","作者":"Gregory, Jason","出版社":"A K Peters  ","ISBN":"https:\/\/cdn.kingstone.com.tw\/english\/images\/product\/0017\/9781466560017.jpg","圖片網址":9781466560017,"書籍簡介":"0"}
{"書名":"The Unreal Game Engine","書籍網站":"https:\/\/www.kingstone.com.tw\/\/basic\/203c308758154?zone=english&lid=search&actid=WISE&kw=Game-engine&pi=0","作者":"Finch, Andrew","出版社":"3Dtotal Pub ","ISBN":"https:\/\/cdn.kingstone.com.tw\/english\/images\/product\/4044\/9781909414044.jpg","圖片網址":9781909414044,"書籍簡介":"\r\n\r\nThe Unreal game engine is a versatile system that has been used to power a variety of best-selling video games. In The Unreal Game Engine, environment artist Andrew Finch looks at how to create game levels using the free Unreal Development Kit, from modeling the environment and building objects to adding those objects to the scene, texturing, and lighting. If you've ever wondered what it would be like to be a level designer, then look no further!Andrew Finch works for Codemasters games studio as an environment artist and his credits include F1 2012 and Star Wars Battlefront: Elite Squadron.\r\n\r\n"}
{"書名":"Mastering Blender Game Engine","書籍網站":"https:\/\/www.kingstone.com.tw\/\/basic\/203c308451131?zone=english&lid=search&actid=WISE&kw=Game-engine&pi=0","作者":"Felinto, Dalai","出版社":"Course Techn","ISBN":"https:\/\/cdn.kingstone.com.tw\/english\/images\/product\/6624\/9781435456624.jpg","圖片網址":9781435456624,"書籍簡介":"0"}
{"書名":"Game Engine Gems","書籍網站":"https:\/\/www.kingstone.com.tw\/\/basic\/203c308283830?zone=english&lid=search&actid=WISE&kw=Game-engine&pi=0","作者":"Lengyel, Eric (EDT)","出版社":"Ingram      ","ISBN":"https:\/\/cdn.kingstone.com.tw\/english\/images\/product\/8880\/9780763778880.jpg","圖片網址":9780763778880,"書籍簡介":"0"}
{"書名":"Multi-Threaded Game Engine Design","書籍網站":"https:\/\/www.kingstone.com.tw\/\/basic\/203c308451067?zone=english&lid=search&actid=WISE&kw=Game-engine&pi=0","作者":"Harbour, Jonathan S.","出版社":"Five Star   ","ISBN":"https:\/\/cdn.kingstone.com.tw\/english\/images\/product\/4170\/9781435454170.jpg","圖片網址":9781435454170,"書籍簡介":"0"}
{"書名":"AI Game Engine Programming","書籍網站":"https:\/\/www.kingstone.com.tw\/\/basic\/203c109346069?zone=english&lid=search&actid=WISE&kw=Game-engine&pi=0","作者":"Schwab, Brian","出版社":"Charles Ri  ","ISBN":"https:\/\/cdn.kingstone.com.tw\/english\/images\/product\/5723\/9781584505723.jpg","圖片網址":9781584505723,"書籍簡介":"0"}
{"書名":"3d Game Engine Architecture","書籍網站":"https:\/\/www.kingstone.com.tw\/\/basic\/203c112116855?zone=english&lid=search&actid=WISE&kw=Game-engine&pi=0","作者":"Eberly, David H.","出版社":"Ingram      ","ISBN":"https:\/\/cdn.kingstone.com.tw\/english\/images\/product\/0640\/9780122290640.jpg","圖片網址":9780122290640,"書籍簡介":"0"}
