{"書名":"囚犯的兩難：賽局理論、數學天才馮紐曼，以及原子彈的謎題","書籍網站":"https:\/\/www.kingstone.com.tw\/\/basic\/2017850128479?zone=book&lid=book_class3_ebh&actid=book_class3_ebh","作者":"龐士東","出版社":"左岸文化  ","ISBN":9789865727963.0,"圖片網址":"https:\/\/cdn.kingstone.com.tw\/book\/images\/product\/20178\/2017850128479\/2017850128479b.jpg","書籍簡介":"\r\n\r\n\r\n賽局理論是一門「衝突的科學」，戰爭是人類最激烈的衝突\r\n\r\n馮紐曼從對遊戲的洞察中，創建了影響深遠的賽局理論\r\n\r\n為了贏得賽局，你必須考慮對手的選擇，而對手同時也在考慮你的選擇\r\n\r\n\t \r\n\r\n\t出身奧匈帝國的馮紐曼，很早就在純數學和數理物理學的領域贏得天才的聲譽，他在二戰期間為曼哈頓計畫效力，冷戰開始之後為蘭德機構服務；他是賽局理論的主要創始人，試圖探索：在每一種利益衝突的情境下，是否都存在著合乎理性的行動方針？\r\n\r\n\t \r\n\r\n\t「囚犯的兩難」是最經典的賽局，在冷戰高峰的一九五○年代由蘭德機構提出，美蘇核武競賽即是典型案例。由於和人類的生存緊密相關，「囚犯的兩難」旋即成為二十世紀最基本的哲學和科學課題，並廣泛應用於生物演化、社會組織、政治決策等涉及利益衝突的領域。\r\n\r\n\t \r\n\r\n\t暢銷作家龐士東以淺顯易懂的語言解說賽局理論的精要，並穿插馮紐曼的個人軼事，以及理論誕生的時代脈絡。賽局理論可以幫助我們理解衝突情境的本質，進而擬定合理的決策；如何突破「囚犯的兩難」困境，創造促成共同利益的方法，則是當代賽局理論應用者尋求的目標。\r\n\r\n"}
{"書名":"超弦理論：與支配宇宙萬物的數學式－－人人伽利略18","書籍網站":"https:\/\/www.kingstone.com.tw\/\/basic\/2013310020130?zone=book&lid=book_class3_ebh&actid=book_class3_ebh","作者":"日本Newton Press","出版社":"人人      ","ISBN":9789864612277.0,"圖片網址":"https:\/\/cdn.kingstone.com.tw\/book\/images\/product\/20133\/2013310020130\/2013310020130b.jpg","書籍簡介":"\r\n\r\n\r\n宇宙之始到底是什麼樣子？\r\n\r\n物質的最小零件是弦？\r\n\r\n宇宙萬物一切能用一個數學式闡明？\r\n\r\n超弦理論就是終極理論？\r\n\r\n\t \r\n\r\n\t愛因斯坦的相對論與多位科學家建立的量子論，是20世紀物理學的兩大革命。相對論是與時間、空間和重力相關的理論，量子論則說明了原子和基本粒子等微小粒子行為，前者為宏觀，後者是微觀，但兩大理論同時使用則會出現矛盾，於是誕生了超弦理論。科學家認為，超弦理論可能是解決宇宙萬物一切現象的終極理論。\r\n\r\n\t    \r\n\r\n\t本書先從超弦理論追求的支配宇宙萬物之數學式和物質的最小零件談起，引導讀者循序漸進認識弦的本質、超弦理論世界以及終極理論等入門知識。再透過訪談6位超弦理論科學家，深入解析超弦理論的額外維度之驗證、支配宇宙萬物之數學式。最後，更深入探討支配宇宙萬物之數學式。日本牛頓以精彩的圖解帶領讀者循序漸進理解內容，對於想了解這個領域的讀者，是很好的入門科普書。\r\n\r\n\t \r\n\r\n內容分成四大部分：\r\n\r\n\t1.超弦理論入門：\r\n\r\n\t．弦的本質：涵蓋弦的性質、弦的振盪與質量。\r\n\r\n\t．超弦理論的世界：涵蓋超弦理論的歷史、高維空間、超對稱性、膜。\r\n\r\n\t．追求終極理論：涵蓋量子重力理論、宇宙之始、暗物質、超弦理論之證明及其擴展之應用例。\r\n\r\n\t2.專訪三位科學家：更深入談論超弦理論，以及額外維度之驗證。\r\n\r\n\t3.支配宇宙萬物的數學式：涵蓋重力的作用量、電磁力、弱力、強力、粒子與反粒子、質量的起源、湯川耦合、暗物質、力的統一、終極理論。\r\n\r\n\t4.最後針對支配宇宙萬物的數學式等相關問題，訪談南部陽一郎、梶田隆章和村山齊三位科學家，深入解答如力的統一、標準理論等。\r\n\r\n\t \r\n\r\n本書優點\r\n\r\n\t \r\n\r\n\t1.本書最大特色是由6位科學家，從生活舉例，以感性與理性兩個觀點解釋超弦理論，化解物理學的艱澀，讓讀者猶如進入科幻之旅。\r\n\r\n\t2.本書脈絡採用循序漸進、螺旋式學習法，有系統的鋪陳，能幫助正在學習中的學生理解超弦理論，也讓無基礎的讀者有其概念。\r\n\r\n\t3.本書難得採訪南部陽一郎與梶田隆章這兩位榮獲諾貝爾獎的科學家，除了剖析超弦理論及其研究經歷外，也啟發讀者思維，促進對物理學的興趣。\r\n\r\n\t \r\n\r\n系列特色\r\n\r\n\t \r\n\r\n\t1.本書系來自日本牛頓出版社的科普書系列，一貫以精美插圖、珍貴照片以及電腦模擬圖像，來解說科學知識，深入淺出、淺顯易懂。\r\n\r\n\t2.以一書一主題的系統化，縱向深入閱讀，橫向觸類旁通，主題涵蓋天文地理、生物、數學、物理、化學、工學、歷史、醫學藥學九大類。\r\n\r\n\t3.總以各方角度來闡明各類科學疑問，啟發讀者對科學的探究興趣。\r\n\r\n\t \r\n\r\n名人推薦\r\n\r\n\t \r\n\r\n\t★台師大物理系教授，理論物理學家 林豐利老師 審定推薦\r\n\r\n\t \r\n\r\n"}
{"書名":"反轉千數","書籍網站":"https:\/\/www.kingstone.com.tw\/\/basic\/2018630196015?zone=book&lid=book_class3_ebh&actid=book_class3_ebh","作者":"莊惟棟","出版社":"墨刻      ","ISBN":9789862895283.0,"圖片網址":"https:\/\/cdn.kingstone.com.tw\/book\/images\/product\/20186\/2018630196015\/2018630196015b.jpg","書籍簡介":"\r\n\r\n\r\n享受閱讀、推理、魔數、解謎的樂趣。\r\n\r\n\t這並不是讓人只看一次的書，而是一本會令人在無意間想起的書，會想重溫其中的故事、想複習魔數，也許在人生回望中，都能想起它曾帶出什麼魔幻驚喜，一支筆、一張紙，就能天南地北的說書變魔術，說起一本有淚有笑的奇幻「魔數」故事。\r\n\r\n\t魔數令人理性透徹，故事令人感性安和。\r\n\r\n\t【反轉千數】是繼【逆轉騙數】後的單元式創作小說，內容的時間軸安排為【逆轉騙數】—【魔數術學】—【反轉千數】，即使沒有看過前兩本，閱讀也不會有任何影響，而看過前兩本著作的讀者，會對人物彩蛋會心一笑，並較為瞭解『之前』的人物屬性。\r\n\r\n\t【反轉千數】除了保有讀者喜歡的『魔數』，更加入了親情的心靈雞湯，是改編自作者任教生涯中曾經遇到的人事物，也許有人對巧妙的連環計大呼過癮，也許有人會為劇中貼心的孩子潸然淚下，這是本部短篇小說想帶給大家的新感受。\r\n\r\n\t全書有八章組成：\r\n樹屋—數屋\r\n人心—仁心\r\n百變—百遍\r\n年限—連線\r\n衷情—終情\r\n善財—贍財\r\n行為—形偽\r\n義取—意曲\r\n\r\n\t核心思想就在每章的標題中：『樹人百年、數仁百連；衷善行義、終贍形意』。\r\n\r\n\t教育，是一個長期的投資，以仁為本的教育是千古不變的核心，這是源遠連綿不限時空的重要傳遞。\r\n\r\n\t心存善念，實行德義之事，最終必能反饋到自己的身上，讓自己心靈隨心所欲不糾結，就是善的最終表現。\r\n\r\n\t這本書還有一個小提醒，就是請不要因為數學或是魔術而駐足，請先暢快的欣賞完所有故事，再回頭一篇篇檢視遇到的數學問題、或是練習有趣的數學魔術。這並不是讓人只看一次的書，而是一本會令人在無意間想起的書，會想重溫其中的故事、想複習魔數，甚至把它變成『特色課程』、『彈性課程』，也許在人生回望中，都能想起它曾帶出什麼魔幻驚喜，一支筆、一張紙，就能天南地北的說書變魔術，說起一本有淚有笑的奇幻『魔數』故事。\r\n\r\n"}
{"書名":"骰子能扮演上帝嗎？18個不確定性的數學思考","書籍網站":"https:\/\/www.kingstone.com.tw\/\/basic\/2013190030113?zone=book&lid=book_class3_ebh&actid=book_class3_ebh","作者":"伊恩．史都華","出版社":"商周出版  ","ISBN":9789864778324.0,"圖片網址":"https:\/\/cdn.kingstone.com.tw\/book\/images\/product\/20131\/2013190030113\/2013190030113b.jpg","書籍簡介":"\r\n\r\n\r\n愛因斯坦曾說「上帝不會和宇宙擲骰子」，認為自然法則不包含隨機性。\r\n\t但骰子有個不可告人的祕密：它們並沒我們想的那麼隨機。\r\n\r\n\t \r\n\r\n最會說故事的數學家\r\n\t英國皇家學會成員、暢銷書《改變世界的17個方程式》作者伊恩・史都華\r\n\t將永遠打消你想當個賭徒的念頭！\r\n\r\n\r\n\t不確定性隨處可見。任何對未來的猜想都藏有不確定性：天氣、經濟、未出生的胎兒性別，甚至人口、行星運行這些看似能確定的量，都有誤差的可能。\r\n\r\n\t人類一直想定義、理解並限制不確定性。一開始，巫師用肝臟、茶葉和星星占卜。而後，數學家和科學家努力試圖馴服機率和統計學。時至今日，大數據與AI，又成為人類與不確定性搏鬥的最新武器。\r\n\r\n\t在本書中，當代最負盛名的數學教授伊恩．史都華，將以一貫的幽默風趣、深入淺出方式，帶你探索最迷人的不確定性歷史。包括賭博、機率、統計、金融；天氣預測、普查、醫學研究、混沌、量子物理學，以及更多主題的有趣討論。他很清楚地點出一件事：數學告訴你的合理機率就是唯一的確定性。\r\n\r\n\r\n☆☆☆各大權威媒體好評力薦☆☆☆\r\n\r\n\t「史都華是英國最傑出又多產的數學推廣大使。」\r\n\t──艾利克斯．貝洛斯（Alex Bellos）\r\n\r\n「這不是純粹的數學，這是融合了機敏、智慧與想像的數學……他帶領我們走過一趟從超小細節到深沉探索的奇幻之旅，非常引人入勝！」\r\n\t──《新科學家》（New Scientist）\r\n\r\n「既讓我們感到自身的渺小，又給予我們莫大的鼓舞。史都華以他一貫的清晰風格表達出純粹思想的力量，如何在過去兩千多年來形塑了我們的世界。」\r\n\t──吉姆．艾爾－卡利里（Jim Al-Khalili）\r\n\r\n「伊恩．史都華藉著扣人心弦的故事與招牌的清晰風格，告訴我們數學如何推動這個世界與整個宇宙的運行。」\r\n\t──史蒂芬．斯托加茨（Steven Strogatz），康乃爾大學數學教授\r\n\r\n「極具啟發性，就如同米其林等級的菜單或琳瑯滿目的開胃菜。當然，開胃菜的用意就是讓你還想吃更多！」\r\n\t──《衛報》（Guardian）\r\n\r\n"}
{"書名":"逆轉騙數","書籍網站":"https:\/\/www.kingstone.com.tw\/\/basic\/2019970381369?zone=book&lid=book_class3_ebh&actid=book_class3_ebh","作者":"莊惟棟","出版社":"墨刻      ","ISBN":9789862894743.0,"圖片網址":"https:\/\/cdn.kingstone.com.tw\/book\/images\/product\/20199\/2019970381369\/2019970381369b.jpg","書籍簡介":"\r\n\r\n\r\n這一本教你看懂騙數(術)，解開盲點和難題，並讓人生逆轉勝的勵志小說。\r\n\r\n透過文字劇情的描述，經歷懸疑、推理、觀察、破解等闖關關卡，體驗解謎的痛快感。\r\n\r\n 《逆轉騙數》是推理奇情似的電影情節，刻化人性邪惡、慾望，對比出善良、正直，再再衝擊人類價值觀的寫實奇幻小說。\r\n\r\n 內容包括「解謎推理、魔術秘密、數學驚嘆、人性省思、努力價值」，每一篇數學戰鬥都像一場舞臺劇的精彩，也許血腥、也許暗黑，但這些陰影都是由於光明被人事物阻擋所成，如果想解決恐懼必需面對恐懼，就像我們?訴孩子有白雪公主必需知道有巫婆與毒蘋果、看到小紅帽就必需知道?存在著隨時覬覦你一切的大野狼！\r\n\r\n 這部著作每一集都有伏筆，幾位劇中數學天才，將聯手打擊犯罪，留下的伏筆謎團將在下一本書呈現。若讀者還沒看騙數這本書，在此提醒大家，時間有空才進入第三章，因為閱讀第三章之後，就會停不下來整本看完了。\r\n\r\n 內容值得您一次又一次的品嚐，閱讀可以隨主角推理思考，並為家人朋友變出神奇的魔術；也可以直接瀏覽故事，享受緊張刺激的劇情。不管哪一種，我相信你會看第二次、第三次……，沈浸在這美妙的數學奇蹟中。\r\n\r\n"}
{"書名":"來吧！再也不用怕數學：實數的生存法則；上大學前你必須面掌握的數學概念","書籍網站":"https:\/\/www.kingstone.com.tw\/\/basic\/2015233100463?zone=book&lid=book_class3_ebh&actid=book_class3_ebh","作者":"王富祥、游雪玲","出版社":"八方      ","ISBN":9789863811954.0,"圖片網址":"https:\/\/cdn.kingstone.com.tw\/book\/images\/product\/20152\/2015233100463\/2015233100463b.jpg","書籍簡介":"\r\n\r\n\r\n\t本系列數學書，預計出版四冊，主題包含《實數的生存法則》、《用代數來思考》、《歡迎來到函數世界》、《形體全攻略》，收錄從國小接觸到數學開始到高中考上大學前，你會遇到的所有數學觀念與考試題型，通通一網打盡！讓你不用再多花錢四處買參考書，只要你把這4本書依序念到精通，算到透徹，任何升學考都難不倒你。\r\n\r\n\t \r\n\r\n\t1.前半段例題：依應用策略的先後次序，逐一舉例，並不厭其煩地「備註、備註、再備註」。其目的就是要「洗你的腦、又洗你的腦、再洗你的腦」，洗到你很自然地記住這些「策略及相關工具」\r\n\r\n\t2.後半段例題：打散應用策略的次序，隨機安排例題，並減少備註，以利提供在考場面對多變試題時，能在「不預期一定是某段落的某策略應用」的狀態下，有能力自行「看出解題的所以然」來！\r\n\r\n"}
{"書名":"一本書講透數學Mathematics","書籍網站":"https:\/\/www.kingstone.com.tw\/\/basic\/2013100108277?zone=book&lid=book_class3_ebh&actid=book_class3_ebh","作者":"王遠山","出版社":"知青頻道  ","ISBN":9789864882014.0,"圖片網址":"https:\/\/cdn.kingstone.com.tw\/book\/images\/product\/20131\/2013100108277\/2013100108277b.jpg","書籍簡介":"\r\n\r\n\r\n\t改變對數學的不了解\r\n\t100個故事帶你暢遊數學的廣闊世界！\r\n\r\n\t在遠古時代就誕生的數學，做為人類文明的結晶，數學和歷史一樣不斷發展，成為人類認識和改造世界的最有力工具之一，數學的發展和研究不但存在在日常生活裡，更擴大到一般人較難以理解的深奧範疇中，因此大多數人無法理解數學的宏大和瑰麗，進而感到害怕排斥。\r\n\r\n\t數學在我們的生活中無所不在，無論是簡單購買商品的算術；理財投資的財務觀念；與物理息息相關的自然現象，到宇宙中的行星及太空船運行軌道計算，數學深深影響著人類文明的發展，幫助人們知識文化愈發進步。\r\n\r\n\t本書中關於數學的一百個故事，涵蓋了傳說的遠古時代、古希臘時期、羅馬帝國時期、文藝復興時期、近代和現代，描述數學知識的誕生，發展和分化，講述上避免了抽象的陳述方式，還原當時人類對數學的思考。這些故事包含了數學中的主要學科，從早期的計數、算數、測量和數論，到中期的分析學和幾何學，再到後期的研究物件的分化和研究方法交叉使用誕生的代數拓撲學、微分幾何等。\r\n\r\n\t書中並收錄了著名的數學家和他們的精彩故事，讓讀者了解這些數學家為人類做出的不朽貢獻。無論是對數學有興趣的專業或非專業人士，或是中小學生、成年人，甚至只是為了看故事的讀者，本書都將帶給你有趣的體驗，翱翔於數學的浩瀚世界中。\r\n\r\n"}
{"書名":"賽局理論圖解（二版）","書籍網站":"https:\/\/www.kingstone.com.tw\/\/basic\/2013190028882?zone=book&lid=book_class3_ebh&actid=book_class3_ebh","作者":"清水武治","出版社":"商周出版  ","ISBN":9789864775064.0,"圖片網址":"https:\/\/cdn.kingstone.com.tw\/book\/images\/product\/20131\/2013190028882\/2013190028882b.jpg","書籍簡介":"\r\n\r\n\r\n從塞局理論的基本命題到利用方法，\r\n以易懂的圖示漸進地讓你通盤了解！\r\n\r\n\t所謂賽局理論，是指當存在競爭對手時，為了達成自己的目標，進行合理性思考應該採取何種行為的科學。\r\n\t現在，賽局理論被廣泛運用在經濟學、政治學、社會學，以及生物學等各個不同領域，成為現代知識的基本架構。\r\n\t賽局理論中發展出的各種思考模式，也常常出現在電視或報章雜誌上被提出來討論運用，\r\n\t例如：「囚犯困境」、「零合賽局」、「懦夫賽局」、「最後通牒」。\r\n\r\n\t賽局理論是在思考合理性且具有組織性事物時不容忽視的理論。\r\n\t本書不在艱澀難懂的數學理論鑽牛角尖，而是透過文字或圖解，將賽局理論思考的精髓做有效傳達。\r\n\t就算是第一次接觸賽局理論的人，只要融會貫通這本書的重點，就能在商場或是日常生活上碰到問題時提昇解答力！\r\n\r\n【本書功效】\r\n\t●圖解搭配，簡單易懂的賽局理論超級入門版！\r\n\t●了解賽局理論的重要主題\r\n\t●清楚了解賽局理論的最先端知識\r\n\t●了解賽局理論的有效範圍 \r\n\t●清楚了解賽局理論的本質\r\n\t●馬上學得問題解決能力 \r\n\t●了解商業現場的活用方法\r\n\r\n"}
{"書名":"如何進入彩虹泡泡中：100個有趣的數學實驗","書籍網站":"https:\/\/www.kingstone.com.tw\/\/basic\/2013100106433?zone=book&lid=book_class3_ebh&actid=book_class3_ebh","作者":"阿爾貝希特．波依特許巴赫","出版社":"晨星      ","ISBN":9789864433599.0,"圖片網址":"https:\/\/cdn.kingstone.com.tw\/book\/images\/product\/20131\/2013100106433\/2013100106433b.jpg","書籍簡介":"\r\n\r\n\r\n世界上第一個「摸得到的數學實驗館」\r\n\r\n\r\n打破你對數學的刻板印象，數學一點也不無聊！\r\n從館中的100個數學實驗，感受動手做數學的全新體驗！\r\n\r\n 位於德國吉森的數學博物館，是世界第一個讓遊客動手做數學的實驗館，館中有各種饒富興味的數學實驗，如袋鼠拼圖、音樂骰子、混亂鐘擺、消失的孩子、傳真鏡……等，書中透過100個章節，展示各種數學實驗的操作方式、原理，更介紹人類在數學領域中的歷史演進及許多有趣的小故事，帶領讀者們藉由不同的觀點，探索數學的全新境界！\r\n\r\n 「我從不教導孩子，而是向他們發問，他們就會找到答案。」——蘇格拉底\r\n\r\n生物、物理、化學都須要做實驗，那數學呢？\r\n\r\n 與一般自然科學實驗截然不同的是，數學實驗透過自己動手與裝置產生互動，像是「破解密碼」、「進入肥皂泡泡中」、「蓋一座橋」……等，並觀察裝置前後的狀態變化，進而重新啟發思考，找回對於數學的熱情！\r\n\r\n ※小朋友也能簡單上手的數學實驗\r\n 數學實驗操作簡單且門檻低，任何人都能輕鬆參與，無論男女老少，有無複雜的背景知識都能輕鬆上手！\r\n\r\n ※彩色相片搭配詳細解說，完整呈現館中千奇百怪的數學實驗\r\n 書中亦收錄各種實驗的照片，除了有助於理解操作過程，也能讓未到過數學博物館的讀者，宛如親臨現場般一同參與！\r\n\r\n 在博物館中，你可以知道：\r\n ◆如何被包在肥皂泡泡裡？\r\n ◆破解二次大戰時德軍傳遞軍情的密碼機\r\n ◆如何從π中找到自己的生日？\r\n ◆什麼樣的計時器完整轉動須花超過1兆年的時間？\r\n ◆莫札特發明的特殊骰子能用來作曲\r\n ◆如何讓四方型的輪子平穩地滾動？\r\n ◆於911恐怖攻擊中的喪命人數＝地球每15分鐘的人口增加數\r\n ◆如何用秤重證明畢氏定理？\r\n ◆蘇格拉底的數學課\r\n\r\n本書特色\r\n\r\n ★ 數學實驗門檻低，無論男女老少、有無知識背景都能輕鬆參與！\r\n\r\n ★ 除了各類實驗的操作方式，亦附帶解說相關數學原理及歷史故事，或結合日常生活的應用，數學也能有趣又實用！\r\n\r\n ★ 書中涵蓋各領域的數學實驗，種類豐富多樣，並貼心將實驗做完整歸類，為數學教材的首選！\r\n\r\n"}
{"書名":"A+ GRE\/GMAT 數學","書籍網站":"https:\/\/www.kingstone.com.tw\/\/basic\/2015215533524?zone=book&lid=book_class3_ebh&actid=book_class3_ebh","作者":"楊蓉昌","出版社":"城邦印書館","ISBN":9789869552646.0,"圖片網址":"https:\/\/cdn.kingstone.com.tw\/book\/images\/product\/20152\/2015215533524\/2015215533524b.jpg","書籍簡介":"\r\n\r\n\r\n任教於美國洛杉磯華裔數學老師編撰，\r\n美國Amazon、連鎖書店、學校……等，\r\n暢銷20萬冊！\r\n\r\n\r\n\t本書遵照主辦美國大學研究所入學考試GRE以及GMAT的教育測試中心（ETS）最新試題指引編撰，簡單易學！\r\n\r\n\t本書內容包括全部所需數學複習以及八份模擬試題，附詳細試題解題說明。\r\n\r\n\tGRE\/GMAT數學的測試範圍包括以下幾項：\r\n\t1. Arithmetic算術\r\n\t2. Algebra代數\r\n\t3. Geometry幾何\r\n\t4. Trigonometry三角\r\n\t5. Data Analysis資料分析\r\n\t6. Word Problems應用問題\r\n\r\n"}
{"書名":"輕鬆學好高中數學","書籍網站":"https:\/\/www.kingstone.com.tw\/\/basic\/2015240215075?zone=book&lid=book_class3_ebh&actid=book_class3_ebh","作者":"洪鋕雄","出版社":"五南      ","ISBN":9789571193267.0,"圖片網址":"https:\/\/cdn.kingstone.com.tw\/book\/images\/product\/20152\/2015240215075\/2015240215075b.jpg","書籍簡介":"\r\n\r\n\r\n\t藉說笑話、講故事、做遊戲來引導讀者進入問題核心；\r\n\t善用比喻與實例，化抽象為直觀，使讀者易於瞭解吸收。\r\n\r\n\t本書企圖將較艱深的題材，藉由實例配以笑話與故事來提高學生學習的興趣，讓讀者在聽笑話中學習數學，在看故事中培養想像力，以增進學習效果。\r\n\r\n\t書中內容共分為三部分，第一部分「聽我說數學」乃將學生較難徹底瞭解的重要觀念，配以笑話、故事或做遊戲來引導讀者進入問題核心，並能瞭解、吸收討論的內容；第二部分為「數學專題論述」，這些論述的目的在深入探討一些與高中數學有關的數學題材，研究出結果，分別列成定理。第三部分「數學學習輔導」，首先在告訴學生如何往下紮根學好數學，並且依多年教學經驗，提出學生平常解題易犯的錯誤作為借鑒，希望不要重蹈覆轍。\r\n\r\n\t讀者在研讀這本書時，要注重其中思考的「心路歷程」，而非僅記憶研究的結論，相信對數學能力的提升能有所助益。\r\n\r\n"}
{"書名":"十個最偉大的數學謎題：解讀說謊者悖論與河內塔問題","書籍網站":"https:\/\/www.kingstone.com.tw\/\/basic\/2013100105061?zone=book&lid=book_class3_ebh&actid=book_class3_ebh","作者":"馬塞爾．丹尼西","出版社":"晶冠      ","ISBN":9789865852887.0,"圖片網址":"https:\/\/cdn.kingstone.com.tw\/book\/images\/product\/20131\/2013100105061\/2013100105061b.jpg","書籍簡介":"\r\n\r\n\r\n謎題╳數學詮釋╳反思╳探索╳延伸閱讀\r\n\r\n\r\n\t最讓人瘋魔的思維遊戲！\r\n\r\n\t全世界聰明人公認的頂尖智力謎題，直到今天，人們還在妄圖解開，說謊者悖論、四色難題、柯尼斯堡橋問題、克里特迷宮、阿爾琴的渡河問題、洛書幻方……它們是一切智力題的基礎，唯有解開它們，你才能真正進入聰明人的行列。\r\n\r\n\t挑戰賽現在開始！\r\n\r\n\t你可以解決史上最令人訝異的難題嗎？\r\n\r\n\t自從獅身人面獸向傳說中的英雄伊底帕斯問起傳說的謎語來，各種矛盾和難題便一直帶給人們困惑與歡樂。為何會如此？它們是如何展現出人類的巧思？它們又能對數學研究產生什麼影響呢？\r\n\r\n\t《十個最偉大的數學謎題》解答了這些問題！你將發現世界上長久以來最吸引人的四道謎題，在形塑數學史中扮演了要角。馬塞爾．丹尼西（Marcel Danesi）在本書將向你介紹十大數學名題，詳述其背後的數學，其中也包括了習題和答案──讓你有機會對類似的問題大展身手。當你身陷於難題的迷霧之中時，透過圖形上的錯覺步步去逼近不正確的理論，你會發現堅實數學思想如何源自謎題的架構。從頑強的謎題狂到數學愛好者們，這包羅萬象的難題無疑是深具啟發、充滿娛樂而且令人印象深刻。\r\n\r\n\t獅身人面像之謎盧卡斯的河內塔問題\r\n\t阿爾琴的渡河問題勞埃德的地球轉動之謎\r\n\t斐波那契的兔子問題埃庇米尼得斯的說謊者悖論\r\n\t歐拉的柯尼斯堡橋問題洛書幻方\r\n\t古德里的四色問題克里特迷宮\r\n\r\n本書特色\r\n\r\n\t1.本書會試圖解答十道偉大的謎題，解謎的主要焦點放在某些數學的觀念原本是如何以謎題呈現的。\r\n\t2.最讓人瘋魔的思維遊戲！全世界聰明人公認的頂尖智力謎題，直到今天，人們還在妄圖解開。\r\n\r\n"}
{"書名":"全世界最多人都在學的數學速算法","書籍網站":"https:\/\/www.kingstone.com.tw\/\/basic\/2013110002732?zone=book&lid=book_class3_ebh&actid=book_class3_ebh","作者":"王擎天","出版社":"鴻漸文化  ","ISBN":9789865874872.0,"圖片網址":"https:\/\/cdn.kingstone.com.tw\/book\/images\/product\/20131\/2013110002732\/2013110002732b.jpg","書籍簡介":"\r\n\r\n\r\n想要擁有如魔法般的瞬間破題功力、計算機般的快速解題技巧，\r\n還想要體驗遊戲般的趣味學習方法，\r\n最後還能如黑馬般的征服考試嗎？\r\n這本印度速算數學，一次就能滿足你所有的願望喔！\r\n\r\n\r\n\t為什麼世界各地不同種族的人們，深深為印度數學著迷？\r\n\t到現在仍有許多專書與研究者在鑽研這其中的奧秘；\r\n\t為什麼各企業的頂尖工程師，都是來自於遙遠的印度？\r\n\t日本、韓國與歐美各國甚至將這系統納入數學的正式課程內；\r\n\t答案都是因為印度數學是一套有趣、靈活且重思考的演算方法，\r\n\t丟掉傳統學習數學那些死記、繁雜且枯燥無趣的印象，\r\n\t且看數學巨擘王擎天博士如何讓數學活起來。\r\n\t算數學，不再只是為了應付考試；\r\n\t玩數學，讓您輕鬆學習建立自信心；\r\n\t瘋數學，您會驚訝地發現數學真的好有趣！\r\n\r\n\t全世界最多人學習的數學速算法則，學一次就能用一輩子的神奇秒算法─印度數學\r\n\r\n本書特色\r\n\r\n\t眾所周知，數學是一切科學的基礎，從小培養數字感，建立邏輯思維能力，增進學習興趣，未來不論是求學或就業，都將有效地提升競爭力。美國最佳職業報告顯示，數學家是收入最令人稱羨的職業，想要賺大錢，靠的也是對數字的敏銳度。印度自古就是一個數學相當發達的國家，古印度人留下許多巧妙的解題方法，而我們熟知的印度阿拉伯數字與零，更是創始於印度後傳到阿拉伯地區而廣泛通行於世界，對於數學的發展產生了巨大的影響；而印度的教育方式，就是透過精妙的訓練方式，提高計算、記憶與統籌能力，印度數學的魔力就是這麼神奇！\r\n\r\n\t本書從最簡單的加減乘除四則運算，帶您一窺印度數學神奇之處，只要具備簡單的計算基礎，就可以跟著王博士一步步直搗印度數學的核心。王博士擁有數十年教學經驗，深知台灣學子對於學習數學的盲點與無助感，因此除了速算技巧，王博士更以其獨到的方式說明該方法的原理，讓您知其然更知其所以然。本書不只強化四則運算能力，更增強分數、平方與方根、聯立方程式、三角函數及基礎統計等方面的數學實力，無非是希望幫助同學在各階段的學習都能更有效率。當然，學子們一向擔心害怕的考試測驗，王博士也將大方公開一些征服考試的方法與增加分數的撇步，以期孩子們能正面思考考試的意義與控制恐懼的情緒。書末還收錄了三個有趣的數學遊戲，家長可以和孩子一起玩數學，建立良好的親子互動關係。\r\n\r\n\t本書不僅適合資優的高年級同學學習，更推薦中學生用來提升數學能力，至於成年人，也可以腦力激盪一下，活化僵化的思維。讀完本書，您會發現這條捷徑不僅更快速到達至終點，沿途的美麗景緻更將激盪起您塵封已久的數學魂。\r\n\r\n"}
{"書名":"撞球檯邊的數學家：拉拉雜雜扯數學","書籍網站":"https:\/\/www.kingstone.com.tw\/\/basic\/2013100095393?zone=book&lid=book_class3_ebh&actid=book_class3_ebh","作者":"黃敏晃","出版社":"開學文化  ","ISBN":9789869177955.0,"圖片網址":"https:\/\/cdn.kingstone.com.tw\/book\/images\/product\/20131\/2013100095393\/2013100095393b.jpg","書籍簡介":"\r\n\r\n\r\n\t如果你在7-11 購物結帳時，聽到下一位顧客想買 10 張A4 的白紙，櫃檯小姐說不行，他們只有整包 100 張的。但是顧客說，真的不需要這麼多，寧願貴一點，只要 10 張。於是他們就僵在那裡，無法可想…………\r\n\r\n\t那當時在現場的你，會如何處理這個僵局呢？\r\n\r\n\t在這本新書中，作者為數學正名，寫出了數學教育正向積極的一面，帶領我們體會，數學是一種充滿趣味的生活學習。\r\n\r\n\t數學原本來自生活的需要。所以，把數學的知識與技能用回到生活上去，應該是很自然的。但是，科技的進步，依賴慣了有電腦功能的機器，人反而變笨了。\r\n\r\n\t其實，數學的學習最重要的是讓思考從混亂到具有決定性的解析思維能力，而不是計算。許多人誤以為數學的重點是計算，其實數學家是最不喜歡計算的人。現代人生活所需要的計算，已經可由電算機執行，他們比較需要的是「估算」。本書的用意是從日常生活透過理解問題的意義來解決問題。\r\n\r\n"}
{"書名":"賽局好好玩","書籍網站":"https:\/\/www.kingstone.com.tw\/\/basic\/2013190027380?zone=book&lid=book_class3_ebh&actid=book_class3_ebh","作者":"張振華","出版社":"五南      ","ISBN":9789571180977.0,"圖片網址":"https:\/\/cdn.kingstone.com.tw\/book\/images\/product\/20131\/2013190027380\/2013190027380b.jpg","書籍簡介":"\r\n\r\n\r\n 曾幾何時，賽局理論的字眼已經悄悄的“蔓延”在你我周遭，報章雜誌上，政論家大聲疾呼兩岸競爭不是「零和賽局」，應該追求雙贏，甚至讀者投書都出現了「納許均衡」這種專業術語了。這些都說明身為一個現代公民，不管你是士農工商，都有必要知道賽局理論如何分析發生在我們周遭的人、事、物，並且提供何種改善、解決我們生活環境問題的見解，也許我們永遠不可能成為專家，卻可以理解並知悉事情的本質，而不至於盲從或者徬徨。\r\n 1950年代起賽局理論逐漸成長壯大，賽局專家分別獲得1994、2005年諾貝爾經濟學獎，使賽局理論成為主流研究方法之一，不僅如此，近年來在各大專院校的EMBA課程裡，賽局理論也成為管理階層搶修學分之一。\r\n 319槍擊案、家樂福大戰大潤發、倚天炒VS屠龍鏟、台灣筆電建奇功、頭文字D競飆…等，全都成為書中實際研究案例，用最直覺、最人性化的鋪陳帶出賽局理論！\r\n\r\n"}
{"書名":"隨機過程導論","書籍網站":"https:\/\/www.kingstone.com.tw\/\/basic\/2013190026758?zone=book&lid=book_class3_ebh&actid=book_class3_ebh","作者":"黃學亮","出版社":"五南      ","ISBN":9789571171364.0,"圖片網址":"https:\/\/cdn.kingstone.com.tw\/book\/images\/product\/20131\/2013190026758\/2013190026758b.jpg","書籍簡介":"\r\n\r\n本書為隨機過程提供一個基礎而清晰的理論基礎，只需微積分與少許線性代數即可研閱，對沒有機率基礎者本書第一章即有相當篇幅簡介，透過大量的例題與習題，書後附有一些證明題的提示，計算題在題後均附有答案可供讀者參考。透過作者精細的學習設計，深信讀者對隨機過程中之一些基本模式，包括卜瓦松過程、更新過程、離散時間馬可夫鏈以及連續時間馬可夫鏈有一較佳的理解，本書除可供作大學高年級或科技大學研一之隨機模型、隨機過程、應用機率學或隨機系統課程教材外，對一些用原文書的讀者而言，本書更是一本不可或缺的參考書。本書特色1.提供隨機過程的教學與讀者自修之用，寫作上力求精簡易讀。2.全書所有例題、習題均經篩選，難度適中且不脫離基本問題之框架。3.例題以題組或一題多解的方式出現，可比較各種解法上之異同並啟發學習與思考靈感。\r\n                    \r\n"}
{"書名":"策略的賽局","書籍網站":"https:\/\/www.kingstone.com.tw\/\/basic\/2013190017893?zone=book&lid=book_class3_ebh&actid=book_class3_ebh","作者":"Susan Skeath","出版社":"弘智      ","ISBN":9789570453720.0,"圖片網址":"https:\/\/cdn.kingstone.com.tw\/book\/images\/product\/20131\/2013190017893\/2013190017893b.jpg","書籍簡介":"\r\n\r\n每一章節後皆有豐富的習題，教師可以非常方便地根據教學目標指定精讀和選讀的部分，並讓學生在實例與習題中獲得最高的學習效果。\r\n本書的一個特色是適合各領域的學生閱讀。由於作者並不要求讀者具備特定學科的專業知識，因此不論是經濟，政治，商學，或生物學門的學生，皆可先由本書一探賽局理論的堂奧，繼而將之應用於其學門的相關領域。\r\n此外，學生僅需具備基礎的數學知識，即可毫無困難地理解本書﹔當然，作者也兼顧了數學程度較佳的讀者需求，而在第七張放入了較為深入具技術性的內容。\r\n\r\n"}
{"書名":"在萬里長城算數學","書籍網站":"https:\/\/www.kingstone.com.tw\/\/basic\/2013190017763?zone=book&lid=book_class3_ebh&actid=book_class3_ebh","作者":"仲田紀夫","出版社":"稻田      ","ISBN":9789867882240.0,"圖片網址":"https:\/\/cdn.kingstone.com.tw\/book\/images\/product\/20131\/2013190017763\/2013190017763b.jpg","書籍簡介":"\r\n\r\n中國的萬里長城和「量的單位」以及「初步統計」有何關係？故宮的建築和「幾何」又有什麼牽連？ \r\n作者仲田紀夫先生是日本著名的數學家，她帶著數學的思維和眼睛，造訪中國的歷史建築，當遊客沉醉於山光水色之時，她卻對歷史建築做了另類的觀察。 \r\n本書在每個章節後面附有練習題，看完數學家眼中的歷史建築，在做做這些練習題，數學的視野自然就開闊了。\r\n\r\n"}
{"書名":"類別與受限依變項的迴歸統計模式","書籍網站":"https:\/\/www.kingstone.com.tw\/\/basic\/2013190017503?zone=book&lid=book_class3_ebh&actid=book_class3_ebh","作者":"J.Scott Long","出版社":"弘智      ","ISBN":9789570453607.0,"圖片網址":"https:\/\/cdn.kingstone.com.tw\/book\/images\/product\/20131\/2013190017503\/2013190017503b.jpg","書籍簡介":"\r\n\r\n在本書中，Long教授將近年來關於受限及類別依變相最有用的幾個方法，用迴歸統計的架構（一般社會科學學者最熟悉的研究方法）整理出來。用心的讀者們將會發現，在本書中所介紹的所有統計方法，都可以用基礎的線性迴歸觀念為基本向外延伸，Long教授希望能以這種方法讓讀者更能夠親近本書。除此之外，對每一個統計方法，Long教授都清楚地依照「理論推演」，「統計結果的解釋」，「檢定與檢驗」，以及「實際研究的應用」這幾個步驟來依次說明。\r\n                    \r\n"}
{"書名":"工業數學","書籍網站":"https:\/\/www.kingstone.com.tw\/\/basic\/2014460202001?zone=book&lid=book_class3_ebh&actid=book_class3_ebh","作者":"陳金瀅","出版社":"前程出版社","ISBN":9789577041944.0,"圖片網址":"https:\/\/cdn.kingstone.com.tw\/book\/images\/product\/20144\/2014460202001\/2014460202001b.jpg","書籍簡介":"\r\n\r\n本書之編輯分為四篇，第一篇為數值計算專為國中畢業生立即接受基本職業訓練所需的實用數學部分編纂。第二篇座標圖示，係以圖畫的形式來表示數的集合，便使數的意義很容易的瞭解。第三篇幾何圖形與計算，介紹許多初等幾何的性質，對於工程畫和三角學的學習也頗有益助。第四篇實用三角學，除重點介紹一般三角學的基本函數定理及三角函數表用法，更針對機鉗方面實際計算舉例強化科技數學概念。\r\n                    \r\n"}
{"書名":"管理數學","書籍網站":"https:\/\/www.kingstone.com.tw\/\/basic\/2013190016001?zone=book&lid=book_class3_ebh&actid=book_class3_ebh","作者":"楊蓉昌","出版社":"五南      ","ISBN":9789571116648.0,"圖片網址":"https:\/\/cdn.kingstone.com.tw\/book\/images\/product\/20131\/2013190016001\/2013190016001b.jpg","書籍簡介":"0"}
{"書名":"應用線性迴歸","書籍網站":"https:\/\/www.kingstone.com.tw\/\/basic\/2013130017815?zone=book&lid=book_class3_ebh&actid=book_class3_ebh","作者":"馮文俊","出版社":"五南      ","ISBN":9789571112732.0,"圖片網址":"https:\/\/cdn.kingstone.com.tw\/book\/images\/product\/20131\/2013130017815\/2013130017815b.jpg","書籍簡介":"0"}
{"書名":"是湊巧還是機率？巧合背後的數學與迷思","書籍網站":"https:\/\/www.kingstone.com.tw\/\/basic\/2013190028592?zone=book&lid=book_class3_ebh&actid=book_class3_ebh","作者":"約瑟夫．馬祖爾","出版社":"臉譜文化  ","ISBN":9789862356357.0,"圖片網址":"https:\/\/cdn.kingstone.com.tw\/book\/images\/product\/20131\/2013190028592\/2013190028592b.jpg","書籍簡介":"\r\n\r\n\r\n 麻省理工數學博士、《啟蒙的符號》作者揭開機率的神祕面貌\r\n 用數學語言破解日常生活中對偶然、機運的迷信，\r\n 看見巧合之中不思議的數學本質。\r\n\r\n\r\n ｜機率是一種具有預測力的數學語言，看懂它就能從不可能想像可能——\r\n ｜每個巧合故事背後都藏著一個人事時地物加總的發生機率。\r\n ｜你可能會問：「怎麼可能這麼巧？」\r\n ｜但其實「巧合沒有你想像中的巧！」\r\n\r\n 如果一般人沒有約定就和親友在異地相逢，或者出差時搭計程車發現司機就是家鄉常看到的那一個，一定會覺得驚奇，或者暗自納悶：「該不會有什麼神秘力量在暗中搞鬼？」而美國名校馬爾波羅學院（Marlboro College）數學系榮譽教授約瑟夫．馬祖爾（Joseph Mazur）承認，就連數學家也常對生活中的無數巧合感到驚訝，但經過分析之後，他說從機率的觀點來看，巧合其實常常發生！\r\n\r\n 想想看：\r\n ‧一個人連中四次樂透的機率為什麼比賭場中大獎的機率還要高？\r\n ‧準確率達99.99%以上的DNA刑事證據，為什麼會變成清白人入獄的關鍵？\r\n ‧一隻在鍵盤上胡亂敲打的猴子有多高機率會寫出曠世巨作？\r\n ‧在倫敦找一本舊書有多難？也許，就跟玩撲克牌時拿到同花順時一樣！\r\n ‧在一群人中要找出有兩個人同天生日，竟然跟賭硬幣正反面一樣簡單？\r\n\r\n 相信「巧合是罕見的」其實是一種迷思——大數法則、隱藏變數理論都能解釋為什麼巧合發生的頻率遠比預期還要高。馬祖爾研究了個人體驗、小說與鄉野傳奇種種離奇情節，整理出十種經典巧合故事類型，每個故事都可先被拆解成數個簡單的算式，再算出人、事、時、地、物相遇和離別的發生機率。同時他也爬梳了中西方哲學家和詩人對「因果」的討論，以及數學家如何發明數學理論的故事，這些創新而且用途廣泛的機率模型理論也讓我們知道何以世界充滿可能性，什麼事都有可能發生。\r\n\r\n 在這本無巧不成書的機率思想實驗中，書中的每一個巧合故事不僅能用數字來分析，也能幫助讀者理解世界多層次的面貌和不確定性。馬祖爾認為，如今機率已是大數據的重要分析工具之一，如果我們對數字抱持更加理性的態度，就能找到隱身其中的重要變數，破解迷思所帶給我們的困惑和風險，更能參透金融危機訊號、樂透瘋熱潮等重大事件背後的機率真相！\r\n\r\n"}
{"書名":"思考的樂趣：誰說數學是翻不趣的高牆","書籍網站":"https:\/\/www.kingstone.com.tw\/\/basic\/2013100106273?zone=book&lid=book_class3_ebh&actid=book_class3_ebh","作者":"顧森","出版社":"上奇時代  ","ISBN":9789865000707.0,"圖片網址":"https:\/\/cdn.kingstone.com.tw\/book\/images\/product\/20131\/2013100106273\/2013100106273b.jpg","書籍簡介":"\r\n\r\n\r\n※熱銷好評-《思考的樂趣》榮獲建國中學數學科教學研究會課外閱讀推薦（103年寒假作業選讀書籍）\r\n\r\n 解放數學總是背公式狂作題的慣性；\r\n 拋開課版的束縛，用簡單詼諧的語言提味數學佳餚；\r\n 富有啟發性的討論結合生活話題；\r\n 數學是一門遊戲的藝術，重要的是思維與過程；\r\n 沒有高深的理論，只有思考的樂趣。\r\n\r\n 數學最難的地方僅僅在於你覺得它很難！\r\n\r\n 即使你從小就被數學折磨，對它一點好感都沒有，相信這本書的內容一定可以改變你的態度！\r\n\r\n 數學之美不在複雜的觀念和超強的運算能力，而是化繁為簡的思考方式！\r\n\r\n"}
{"書名":"案發現場：FBI警探和數學家的天作之合","書籍網站":"https:\/\/www.kingstone.com.tw\/\/basic\/2015480073381?zone=book&lid=book_class3_ebh&actid=book_class3_ebh","作者":"齊斯．德福林、蓋瑞．洛頓","出版社":"八旗文化  ","ISBN":9789865842901.0,"圖片網址":"https:\/\/cdn.kingstone.com.tw\/book\/images\/product\/20154\/2015480073381\/2015480073381b.jpg","書籍簡介":"\r\n\r\n\r\n解密影集背後的數學，\r\n引領百萬人以全新觀點看待數學\r\n\r\n\r\n 2005年1月，《數字搜查線》這部電視犯罪影集開始上演，引起轟動。這個故事中的兩個英雄人物一位數學家──查理──使用有力的數學技巧，協助哥哥唐（FBI警探）鎖定並捕捉罪犯，也成為家喻戶曉的人物。\r\n\r\n 本書作者為該影集背後的數學顧問，為了回應廣大聽眾對於「螢幕上顯示的數學，是否真能解決聳人聽聞的刑案？」的疑問，將影集裡面FBI與CIA警探所使用的數學推論和技巧，透過本書呈現出來。果然，影集並非虛構，數學真的可以用數學來破案，甚至影集中的故事就是出自真實案例！\r\n\r\n ●一位連續強暴犯／殺人兇手在洛杉磯逍遙法外。該如何利用數學方程式，剖析連續犯案者在犯案地理上的模式，透過回溯犯罪地點，偵破案件？\r\n\r\n ●這是個真實案例。有位護士只要值班，那天就有許多病人因心臟停止跳動而死亡，而引起同事的猜測和懷疑。這是正常的偶發事件，還是蓄謀犯罪？該如何利用統計分析來看出這與偶發事件之間的顯著差異，從而以統計打擊犯罪？\r\n\r\n ●執法機關一般把注意力放在重大犯罪上，而輕忽了輕微罪行像是商店或住家盜竊這類案件。然而，若單獨個人或是有組織的犯罪集團，定期犯下這類案件，累積起來也會成為引起警方高度重視的重大犯罪活動。該如何從每日發生的大量微罪案件中，辨識個人或幫派組織所犯下的群聚案件呢？\r\n\r\n ●如何從統計訊息上的變化，辨識出某個趨勢的改變已經發生了？數學家創造出「改變點偵測」系統，不但可以偵測出棒球選手是否開使用藥，也能廣泛應用在恐怖攻擊預測和傳染病疫情監控上。\r\n\r\n ●麻省理工學院三位數學家選用兩個大質數的乘積，作為通訊的加密金鑰，成為網路通訊安全密碼系統的重要基礎。但若在大數目的質因數分解上得到重要突破，互聯網商業系統是否將會立即崩潰，並伴隨著重大的經濟衝擊呢？\r\n\r\n ●在賭場的21點遊戲中，該如何透過算牌這個數學家的祕密武器，取得勝牌的優勢？而賭場為了防治這些算牌者，又有什麼對策防堵呢？\r\n\r\n 《案發現場：刑警和數學家的天作之合》就像一本蘊含豐富又正確物理與化學知識的優秀科幻小說。每個案件不僅有個戲劇性故事，數學更在敘事中扮演不可忽視的關鍵角色。在這本書中，你將會發現數學「可以」，而且「是」被應用在打擊真實的犯罪，並且捕捉真正的罪犯。\r\n\r\n"}
{"書名":"輕鬆學好高中數學","書籍網站":"https:\/\/www.kingstone.com.tw\/\/basic\/2015240160009?zone=book&lid=book_class3_ebh&actid=book_class3_ebh","作者":"洪銍雄","出版社":"書泉      ","ISBN":9789864510375.0,"圖片網址":"https:\/\/cdn.kingstone.com.tw\/book\/images\/product\/20152\/2015240160009\/2015240160009b.jpg","書籍簡介":"\r\n\r\n\r\n藉說笑話、講故事、做遊戲來引導讀者進入問題核心；\r\n善用比喻與實例，化抽象為直觀，使讀者易於瞭解吸收。\r\n\r\n\t \r\n\t本書企圖將較艱深的題材，藉由實例配以笑話與故事來提高學生學習的興趣，讓讀者在聽笑話中學習數學，在看故事中培養想像力，以增進學習效果。\r\n\r\n\t書中內容共分為三部分，第一部分「聽我說數學」乃將學生較難徹底瞭解的重要觀念，配以笑話、故事或做遊戲來引導讀者進入問題核心，並能瞭解、吸收討論的內容；第二部分為「數學專題論述」，這些論述的目的在深入探討一些與高中數學有關的數學題材，研究出結果，分別列成定理。第三部分「數學學習輔導」，首先在告訴學生如何往下紮根學好數學，並且依多年教學經驗，提出學生平常解題易犯的錯誤作為借鑒，希望不要重蹈覆轍。\r\n\r\n\t讀者在研讀這本書時，要注重其中思考的「心路歷程」，而非僅記憶研究的結論，相信對數學能力的提升能有所助益。\r\n\r\n"}
{"書名":"隨機法則：左右你我的命運和機會(改版)","書籍網站":"https:\/\/www.kingstone.com.tw\/\/basic\/2013190026628?zone=book&lid=book_class3_ebh&actid=book_class3_ebh","作者":"曼羅迪諾","出版社":"天下文化  ","ISBN":9789863202189.0,"圖片網址":"https:\/\/cdn.kingstone.com.tw\/book\/images\/product\/20131\/2013190026628\/2013190026628b.jpg","書籍簡介":"\r\n\r\n紐約時報Editor’s Choice編輯選書中國時報「開卷嚴選」推薦科普閱讀年　推薦「百大科普好書」Amazon暢銷書、讀者最愛的科學書紐約時報暢銷書博客來網路書店人文科普類暢銷書從學業、事業、到生活大小事，我們經常會碰到這樣的疑問：兩篇差不多的作文，為什麼其中一篇的分數比較高？為什麼某支葡萄酒在A雜誌評鑑為五顆星，在B雜誌卻評為年度最差？為什麼比爾蓋茲能成功，史蒂芬金的小說會暢銷，布魯斯威利可一炮而紅？績效能提升，投資能賺錢，電影會賣座，書會暢銷，有多少是出於運氣？現實世界發生的許多事，相當程度上受到隨機因素的影響，充滿各種出乎意料的事件；隱藏在許多事情表象底下的，其實是隨機性的法則，而不是我們習以為常的因果定律。 《隨機法則》這本書可以讓你檢視自己的盲點，你會更明白隨機、機運是怎麼一回事，重新思考「機會、命運、偶然、必然」的意義，更深度思索各種決策與結論，看穿表象，看清真相。\r\n                    \r\n"}
{"書名":"囚犯的兩難：賽局理論與數學天才馮紐曼的故事","書籍網站":"https:\/\/www.kingstone.com.tw\/\/basic\/2017850102073?zone=book&lid=book_class3_ebh&actid=book_class3_ebh","作者":"威廉．龐士東","出版社":"左岸文化  ","ISBN":9789866723612.0,"圖片網址":"https:\/\/cdn.kingstone.com.tw\/book\/images\/product\/20178\/2017850102073\/2017850102073b.jpg","書籍簡介":"\r\n\r\n賽局理論最好看的入門書！賽局理論又稱博奕論，它是經濟學的一個分支，研究人類的策略抉擇與利益衝突。數學家馮紐曼於1940年代正式提出賽局理論，很快受到經濟學家、社會科學家、軍事戰略家的重視，《美國數學學會學報》甚至認為賽局理論是二十世紀前半葉最重要的科學成就之一。事後看來，這項預測並沒有落空，賽局理論不但被學者用來解釋生物演化、社會組織、政治決策，同時也深入大眾文化，直至今日我們仍常常在電影中看到各種賽局。文筆流暢的專欄作家龐士東精於分析數理模型，本書是他的代表作，用淺顯的語言向讀者介紹賽局理論的原理，以及常見的決策困境。同時，內文也穿插描述賽局理論蓬勃發展的背景，美蘇核武競賽正是典型的囚犯兩難。而提出賽局理論的馮紐曼，這位人稱天才的數學家，在暗潮洶湧的冷戰中，充份發揮了他的影響力。\r\n                    \r\n"}
{"書名":"生活達人精算術","書籍網站":"https:\/\/www.kingstone.com.tw\/\/basic\/2013100081198?zone=book&lid=book_class3_ebh&actid=book_class3_ebh","作者":"高峰","出版社":"書泉      ","ISBN":9789861217109.0,"圖片網址":"https:\/\/cdn.kingstone.com.tw\/book\/images\/product\/20131\/2013100081198\/2013100081198b.jpg","書籍簡介":"\r\n\r\n數學不只指數學的運算，也包括數學精神：凡事客觀，講求事實。我們應養成追求真理的習慣，不要人云亦云，多用大腦想一想，尤其在這個科技發達、訊息充斥的時代，更要客觀行事，才能達成目的。對喜歡追求財富的國人來說，數學不保證會讓你發財，但不會數學的人，想要致富真是難如登天。本書教您了解數學在日常生活中的重要性及應用，並讓讀者知道數學是人類文化的產物，與語言、藝術、體育活動並無二致。在現代社會中需要透過各種數值，了解數字意義，以便真正掌握社會現況。數學的重要性與現代人有不可分割的關係，基礎數學的好壞，及追求「真實」的修養，可能決定一個人一生事業的成敗。本書特色人不理財，財不理人！房貸不可怕，不會算才頭大！想做穩賺不賠的生意嗎？應如何計算？為什麼地下錢莊不能踫？什麼是期望值、貼現率、消費者物價指數？本書教您生活中必備的精算術，讓您了解信用卡利息計算的真相！更教您股票投資必懂的數學常識！讓您成為食衣住行各方面的精算高手。\r\n\r\n"}
{"書名":"賽局理論圖解","書籍網站":"https:\/\/www.kingstone.com.tw\/\/basic\/2013190025256?zone=book&lid=book_class3_ebh&actid=book_class3_ebh","作者":"清水武治","出版社":"商周出版  ","ISBN":9789866285387.0,"圖片網址":"https:\/\/cdn.kingstone.com.tw\/book\/images\/product\/20131\/2013190025256\/2013190025256b.jpg","書籍簡介":"\r\n\r\n生活處處是賽局，你是否懂得洞燭先機？有的賽局不是你死就是我活，有的可望創造雙贏──花30分鐘了解如何綜觀事態全貌，掌握「賽局理論」的運用之道！賽局理論以明確的條理推論、預測競爭者可能的行動，是一種前瞻性的策略思考，有助於看清情境全貌，做出最佳決定。本書架構——本文：整理賽局的各種情境及特色，助讀者迅速掌握理論；圖解：以圖示漸進地推論各情境的演變，輕鬆複習本文；專欄：整理賽局發展史大事以及知名的相關事例，提升解讀能力。賽局理論發展出眾多思考模式，像是「囚犯困境」、「零合賽局」、「懦夫賽局」、「最後通牒」等，在在對應著生活乃至於商場上諸多情境，甚至已成為現代知識的基本架構，廣泛運用於經濟學、政治學、社會學乃至生物學等眾多領域。了解賽局理論的有效範圍，懂得活用，就能提升理性解決問題的能力！\r\n                    \r\n"}
{"書名":"賽局好好玩","書籍網站":"https:\/\/www.kingstone.com.tw\/\/basic\/2013190025096?zone=book&lid=book_class3_ebh&actid=book_class3_ebh","作者":"張振華","出版社":"博雅書屋  ","ISBN":9789866614477.0,"圖片網址":"https:\/\/cdn.kingstone.com.tw\/book\/images\/product\/20131\/2013190025096\/2013190025096b.jpg","書籍簡介":"\r\n\r\n曾幾何時，賽局理論的字眼已經悄悄的“蔓延”在你我周遭，報章雜誌上，政論家大聲疾呼兩岸競爭不是「零和賽局」，應該追求雙贏，甚至讀者投書都出現了「納許均衡」這種專業術語了。這些都說明身為一個現代公民，不管你是士農工商，都有必要知道賽局理論如何分析發生在我們周遭的人、事、物，並且提供何種改善、解決我們生活環境問題的見解，也許我們永遠不可能成為專家，卻可以理解並知悉事情的本質，而不至於盲從或者徬徨。1950年代起賽局理論逐漸成長壯大，賽局專家分別獲得1994、2005年諾貝爾經濟學獎，使賽局理論成為主流研究方法之一，不僅如此，近年來在各大專院校的EMBA課程裡，賽局理論也成為管理階層搶修學分之一。319槍擊案、家樂福大戰大潤發、倚天炒VS屠龍鏟、台灣筆電建奇功、頭文字D競飆…等，全都成為書中實際研究案例，用最直覺、最人性化的鋪陳帶出賽局理論！ 本書特色●《人生無處不賽局》較《賽局高手》，提供豐富生活時事應用，讓入門者輕易瞭解賽局的用法。●《人生無處不賽局》較《賽局高手》，不僅取材新穎，更切合時事。●《人生無處不賽局》較《賽局高手》，提供賽局的完整架構，且包括常見應用的優、缺點。\r\n                    \r\n"}
{"書名":"數統加強 & 計量經濟學","書籍網站":"https:\/\/www.kingstone.com.tw\/\/basic\/2013190024884?zone=book&lid=book_class3_ebh&actid=book_class3_ebh","作者":"郭明慶","出版社":"偉文      ","ISBN":9789866512193.0,"圖片網址":"https:\/\/cdn.kingstone.com.tw\/book\/images\/product\/20131\/2013190024884\/2013190024884b.jpg","書籍簡介":"\r\n\r\n本書分為兩篇：「數統加強課程講義」與「計量經濟學講義」，每個單元與每回講義皆以定義、定理與註解討論而成；而書中範題以考古題為主，使同學對於命題的背景與其基本精神，做一通盤了解。\r\n                    \r\n"}
{"書名":"茶水間的數學：熟用這些數字觀念，你一生","書籍網站":"https:\/\/www.kingstone.com.tw\/\/basic\/2013100068618?zone=book&lid=book_class3_ebh&actid=book_class3_ebh","作者":"部貞市郎","出版社":"大是      ","ISBN":9789868371101.0,"圖片網址":"https:\/\/cdn.kingstone.com.tw\/book\/images\/product\/20131\/2013100068618\/2013100068618b.jpg","書籍簡介":"\r\n\r\n數學力，是成功力，也是競爭力(商業週刊833期報導：數學力是隱藏的核心競爭力)●\t傑出的創業家、高階經理人，都對數字極為敏感，善用數字分析判斷。●\t變成富翁的人，沒有一個是數學力差的，個個都精打細算。●\t數學能力是重要的新職場技能，更是致富關鍵。《茶水間的數學》暢銷日本三十年經典巨著， 2006、2007更新版依舊闖入日本各排行榜！暨南大學資管系教授李家同、台灣聯大校長 曾志朗、王品集團董事長 戴勝益 推薦小學學歷的數學大師笹部貞市郎將告訴大家，如何從了解數學的來龍去脈，啟發你的思考活力。‧\t投資房地產一定要懂幾何，想多分遺產一定要懂分數，做生意一定要熟用乘法。‧\t分數、對數、代數、π……哪些數學你一輩子都用的到，一定要會。‧\t把數學和思考融為一體，就會變聰明，不信你看印度人。‧\t零、十進位、十二進位、六十進位的發明，為什麼是不同生活方式造成的？‧\t為什麼說︰誰的數學厲害、誰的國力就比人強？‧\t不靠西方人教，中國人和日本人的數學有多行？‧\t為什麼了解數學史會啟發你的思考活力？學校這樣教數學就好了！─畢業就把數學還給老師了嗎？或者，你唸書的時候就問過︰「數學有用嗎？」。不管是圓周率、金字塔、丟番圖、婆羅門之塔、九九乘法……每個數學公式、定理，背後都有一則動人的故事，讓人茅塞頓開立即變聰明！熟用這些數學觀念，讓你一生富足！─別再逃避，數學真的無所不在，所以懂數字敏感的人真的好處多，不信嗎？請先回答兩個問題:1. 分遺產─懂數學不吃虧一個農夫養有17頭羊，他過世前交代遺言給三個兒子，大兒子分1\/2，二兒子分1\/3，小兒子分1\/9，說完後就斷氣了。你知道該怎麼分配嗎？2. 絕地求生─懂數學還能保命15名基督教徒和15名土耳其人同乘一艘船航海，遇到暴風就要沉船時，船長宣布為了減輕重量，要將一半的人丟入海裡，以保住剩下的15人。所以30人圍成一圈，從第1人算起，每算至第9個人就要丟入海裡，這麼一來，15人陸續被丟入海裡之後，剩下的15人居然都是基督教徒。如果是你，如何判斷該站在哪個位置才能保命?數學跟財富、生存無關嗎？現在就充實自己的數學常識，解決身邊的生活難題！\r\n\r\n"}
{"書名":"人生無處不賽局","書籍網站":"https:\/\/www.kingstone.com.tw\/\/basic\/2023190024647?zone=book&lid=book_class3_ebh&actid=book_class3_ebh","作者":"張振華","出版社":"達人館    ","ISBN":9789861213286.0,"圖片網址":"https:\/\/cdn.kingstone.com.tw\/book\/images\/product\/20231\/2023190024647\/2023190024647b.jpg","書籍簡介":"\r\n\r\n親切指數 挑戰《賽局高手》 學習效果 更勝《囚犯的兩難》 ●《人生無處不賽局》較《賽局高手》，提供豐富生活時事應用，讓入門者輕易瞭解賽局的用法。 ●《人生無處不賽局》較《賽局高手》，不僅取材新穎，更切合時事。 ●《人生無處不賽局》較《賽局高手》，提供賽局的完整架構，且包括常見應用的優、缺點。 大眾新顯學－賽局風潮，悄悄蔓延… 「人生無處不權謀?生活處處是賽局」－巫和懋《賽局高手》 曾幾何時，賽局理論的字眼已經悄悄的“蔓延”在你我周遭，報章雜誌上，政論家大聲疾呼兩岸競爭不是「零和賽局」，應該追求雙贏，甚至讀者投書都出現了「納許均衡」這種專業術語了。這些都說明身為一個現代公民，不管你是士農工商，都有必要知道賽局理論如何分析發生在我們周遭的人、事、物，並且提供何種改善、解決我們生活環境問題的見解，也許我們永遠不可能成為專家，卻可以理解並知悉事情的本質，而不至於盲從或者徬徨。 諾貝爾光環加持，EMBA最“火”課程 1950年代起賽局理論逐漸成長壯大，賽局專家分別獲得1994、2005年諾貝爾經濟學獎，使賽局理論成為主流研究方法之一，不僅如此，近年來在各大專院校的EMBA課程裡，賽局理論也成為管理階層搶修學分之一。 台灣時事體驗版，人人都是賽局高手！ 319槍擊案、家樂福大戰大潤發、倚天炒VS屠龍鏟、台灣筆電建奇功、頭文字D競飆…等，全都成為書中實際研究案例，用最直覺、最人性化的鋪陳帶出賽局理論！正因為：人生無處不賽局！\r\n                    \r\n"}
{"書名":"囚犯的兩難：賽局理論與數學天才馮紐曼的故事","書籍網站":"https:\/\/www.kingstone.com.tw\/\/basic\/2017850085864?zone=book&lid=book_class3_ebh&actid=book_class3_ebh","作者":"威廉．龐士東","出版社":"左岸文化  ","ISBN":9789867174765.0,"圖片網址":"https:\/\/cdn.kingstone.com.tw\/book\/images\/product\/20178\/2017850085864\/2017850085864b.jpg","書籍簡介":"\r\n\r\n「賽局理論」就是「如何製造雙贏」的策略，廣泛的被運用在商業、科學、甚至國防科技，面對衝突時就可套用此理論，內容穿插發明者生平，更顯輕鬆生動。你也能看穿「賽局高手」！各大媒體一致好評的賽局理論入門書！一位不可思議的數學天才一間擁有眾多顯赫思想家的智庫兩個勾心鬥角的核武大國構成了一門改變20世紀的新科學，與一部精采絕倫的社會史「囚犯的兩難」的主題絕對是科學史上的重要一章，只要有利益衝突的地方，就會有這種陷入兩難困境的賽局，它已是當代最基本的哲學和科學課題。圍繞其發展的賽局理論迄今已影響了各層面的政治或企業決策，也廣泛應用於生物學、心理學、社會學、經濟學、法律等領域。但它是怎麼來的？如何改變了二十世紀？暢銷書《如何移動富士山》作者龐士東給了精采的描述。在冷戰與核武競賽的錯綜背景下，本書不僅是賽局理論的誕生與發展史，也是其發明者、現代電腦之父馮紐曼的精采小傳。即使對數學一竅不通的人，也能從本書領略邏輯思考的樂趣。\r\n                    \r\n"}
{"書名":"數學迷答集","書籍網站":"https:\/\/www.kingstone.com.tw\/\/basic\/2013190019057?zone=book&lid=book_class3_ebh&actid=book_class3_ebh","作者":"田村三郎","出版社":"益智工房  ","ISBN":9789574526819.0,"圖片網址":"https:\/\/cdn.kingstone.com.tw\/book\/images\/product\/20131\/2013190019057\/2013190019057b.jpg","書籍簡介":"0"}
{"書名":"模糊理論及其應用（精裝本）","書籍網站":"https:\/\/www.kingstone.com.tw\/\/basic\/2013000062532?zone=book&lid=book_class3_ebh&actid=book_class3_ebh","作者":"李允中．王","出版社":"全華      ","ISBN":9789572138700.0,"圖片網址":"https:\/\/cdn.kingstone.com.tw\/book\/images\/product\/20130\/2013000062532\/2013000062532b.jpg","書籍簡介":"0"}
{"書名":"認識Fuzzy-第二版（附Fuzzy控制實驗示","書籍網站":"https:\/\/www.kingstone.com.tw\/\/basic\/2013000038643?zone=book&lid=book_class3_ebh&actid=book_class3_ebh","作者":"文俊","出版社":"全華      ","ISBN":9789572133224.0,"圖片網址":"https:\/\/cdn.kingstone.com.tw\/book\/images\/product\/20130\/2013000038643\/2013000038643b.jpg","書籍簡介":"0"}
{"書名":"管理數學（修訂三版）附範例磁片","書籍網站":"https:\/\/www.kingstone.com.tw\/\/basic\/2013000024738?zone=book&lid=book_class3_ebh&actid=book_class3_ebh","作者":"王妙伶．陳","出版社":"全華      ","ISBN":9789572138946.0,"圖片網址":"https:\/\/cdn.kingstone.com.tw\/book\/images\/product\/20130\/2013000024738\/2013000024738b.jpg","書籍簡介":"0"}
{"書名":"管理數學","書籍網站":"https:\/\/www.kingstone.com.tw\/\/basic\/2013190017343?zone=book&lid=book_class3_ebh&actid=book_class3_ebh","作者":"陳耀茂","出版社":"五南      ","ISBN":9789571127514.0,"圖片網址":"https:\/\/cdn.kingstone.com.tw\/book\/images\/product\/20131\/2013190017343\/2013190017343b.jpg","書籍簡介":"\r\n\r\n管理數學主要以數學的方法解決管理上的問題，包括三大構面，即「矩陣方法」、「機率與機率過程」以及「微分方程、差分方程」。本書的規劃是理論與應用並重，內容中均附有對應的習題及例題，幫助學生學習，是一本教學即自習不可多得的好書。\r\n                    \r\n"}
{"書名":"紛紜學(第二部)","書籍網站":"https:\/\/www.kingstone.com.tw\/\/basic\/2013190016971?zone=book&lid=book_class3_ebh&actid=book_class3_ebh","作者":"湯麟武","出版社":"科技中心  ","ISBN":9789576553066.0,"圖片網址":"https:\/\/cdn.kingstone.com.tw\/book\/images\/product\/20131\/2013190016971\/2013190016971b.jpg","書籍簡介":"0"}
{"書名":"佇列系統(一)：理論","書籍網站":"https:\/\/www.kingstone.com.tw\/\/basic\/2013190016421?zone=book&lid=book_class3_ebh&actid=book_class3_ebh","作者":"LEONARD KLEI","出版社":"五南      ","ISBN":9789571119472.0,"圖片網址":"https:\/\/cdn.kingstone.com.tw\/book\/images\/product\/20131\/2013190016421\/2013190016421b.jpg","書籍簡介":"0"}
{"書名":"模糊理論","書籍網站":"https:\/\/www.kingstone.com.tw\/\/basic\/2013190016391?zone=book&lid=book_class3_ebh&actid=book_class3_ebh","作者":"井上洋","出版社":"五南      ","ISBN":9789571119151.0,"圖片網址":"https:\/\/cdn.kingstone.com.tw\/book\/images\/product\/20131\/2013190016391\/2013190016391b.jpg","書籍簡介":"\r\n\r\n本書的內容共分六章，分別是模糊集合，模糊數與歸屬函，模糊關係，模糊資訊，模糊測度與評價。每一章均附有習題與解答。循序漸進的閱讀，即可對模糊理論有相當程度的瞭解與認識。\r\n                    \r\n"}
{"書名":"管理數學","書籍網站":"https:\/\/www.kingstone.com.tw\/\/basic\/2013190016261?zone=book&lid=book_class3_ebh&actid=book_class3_ebh","作者":"葉維彰","出版社":"五南      ","ISBN":9789571115719.0,"圖片網址":"https:\/\/cdn.kingstone.com.tw\/book\/images\/product\/20131\/2013190016261\/2013190016261b.jpg","書籍簡介":"0"}
{"書名":"佇列系統(二)：計算機應用","書籍網站":"https:\/\/www.kingstone.com.tw\/\/basic\/2013190016131?zone=book&lid=book_class3_ebh&actid=book_class3_ebh","作者":"五南      ","出版社":"停售","ISBN":9789571117362.0,"圖片網址":"https:\/\/cdn.kingstone.com.tw\/book\/images\/product\/20131\/2013190016131\/2013190016131b.jpg","書籍簡介":"0"}
{"書名":"應用數值方法","書籍網站":"https:\/\/www.kingstone.com.tw\/\/basic\/2014711581978?zone=book&lid=book_class3_ebh&actid=book_class3_ebh","作者":"袁帝文","出版社":"儒林圖書  ","ISBN":9789576529689.0,"圖片網址":"https:\/\/cdn.kingstone.com.tw\/book\/images\/product\/20147\/2014711581978\/2014711581978b.jpg","書籍簡介":"0"}
{"書名":"理工科應用數學","書籍網站":"https:\/\/www.kingstone.com.tw\/\/basic\/2013190015639?zone=book&lid=book_class3_ebh&actid=book_class3_ebh","作者":"銀禾文化","出版社":"銀禾文化  ","ISBN":9789575683504.0,"圖片網址":"https:\/\/cdn.kingstone.com.tw\/book\/images\/product\/20131\/2013190015639\/2013190015639b.jpg","書籍簡介":"0"}
{"書名":"FUZZY入門：人類科學思維的新視界－模糊理","書籍網站":"https:\/\/www.kingstone.com.tw\/\/basic\/2014711246617?zone=book&lid=book_class3_ebh&actid=book_class3_ebh","作者":"張詩言","出版社":"全欣      ","ISBN":9789577262042.0,"圖片網址":"https:\/\/cdn.kingstone.com.tw\/book\/images\/product\/20147\/2014711246617\/2014711246617b.jpg","書籍簡介":"0"}
{"書名":"迴歸分析導論","書籍網站":"https:\/\/www.kingstone.com.tw\/\/basic\/2013190015509?zone=book&lid=book_class3_ebh&actid=book_class3_ebh","作者":"陳耀茂","出版社":"全華      ","ISBN":9789572107645.0,"圖片網址":"https:\/\/cdn.kingstone.com.tw\/book\/images\/product\/20131\/2013190015509\/2013190015509b.jpg","書籍簡介":"0"}
{"書名":"FUZZY控制：理論實作與應用","書籍網站":"https:\/\/www.kingstone.com.tw\/\/basic\/2013190015479?zone=book&lid=book_class3_ebh&actid=book_class3_ebh","作者":"孫宗瀛","出版社":"全華      ","ISBN":9789572107331.0,"圖片網址":"https:\/\/cdn.kingstone.com.tw\/book\/images\/product\/20131\/2013190015479\/2013190015479b.jpg","書籍簡介":"0"}
{"書名":"OH!FUZZY模糊理論分析","書籍網站":"https:\/\/www.kingstone.com.tw\/\/basic\/2014711164546?zone=book&lid=book_class3_ebh&actid=book_class3_ebh","作者":"林信成","出版社":"第三波    ","ISBN":9789572302835.0,"圖片網址":"https:\/\/cdn.kingstone.com.tw\/book\/images\/product\/20147\/2014711164546\/2014711164546b.jpg","書籍簡介":"0"}
{"書名":"灰色信息關係論","書籍網站":"https:\/\/www.kingstone.com.tw\/\/basic\/2023190015362?zone=book&lid=book_class3_ebh&actid=book_class3_ebh","作者":"史開泉","出版社":"全華      ","ISBN":9789572107126.0,"圖片網址":"https:\/\/cdn.kingstone.com.tw\/book\/images\/product\/20231\/2023190015362\/2023190015362b.jpg","書籍簡介":"0"}
{"書名":"FRACTAL導論","書籍網站":"https:\/\/www.kingstone.com.tw\/\/basic\/2014711149482?zone=book&lid=book_class3_ebh&actid=book_class3_ebh","作者":"張兆旭","出版社":"松崗      ","ISBN":9789572215654.0,"圖片網址":"https:\/\/cdn.kingstone.com.tw\/book\/images\/product\/20147\/2014711149482\/2014711149482b.jpg","書籍簡介":"0"}
{"書名":"模糊控制原理與應用","書籍網站":"https:\/\/www.kingstone.com.tw\/\/basic\/2013190015189?zone=book&lid=book_class3_ebh&actid=book_class3_ebh","作者":"溫坤禮","出版社":"全華      ","ISBN":null,"圖片網址":"https:\/\/cdn.kingstone.com.tw\/book\/images\/product\/20131\/2013190015189\/2013190015189b.jpg","書籍簡介":"0"}
{"書名":"FUZZY淺談","書籍網站":"https:\/\/www.kingstone.com.tw\/\/basic\/2014711062361?zone=book&lid=book_class3_ebh&actid=book_class3_ebh","作者":"張兆旭","出版社":"松崗      ","ISBN":9789572212806.0,"圖片網址":"https:\/\/cdn.kingstone.com.tw\/book\/images\/product\/20147\/2014711062361\/2014711062361b.jpg","書籍簡介":"0"}
{"書名":"模糊系統與專家系統","書籍網站":"https:\/\/www.kingstone.com.tw\/\/basic\/2014711024857?zone=book&lid=book_class3_ebh&actid=book_class3_ebh","作者":"鄒開其","出版社":"儒林圖書  ","ISBN":9789576525018.0,"圖片網址":"https:\/\/cdn.kingstone.com.tw\/book\/images\/product\/20147\/2014711024857\/2014711024857b.jpg","書籍簡介":"0"}
{"書名":"什麼是統計分析","書籍網站":"https:\/\/www.kingstone.com.tw\/\/basic\/2013190005722?zone=book&lid=book_class3_ebh&actid=book_class3_ebh","作者":"大村平","出版社":"建興      ","ISBN":9789578953666.0,"圖片網址":"https:\/\/cdn.kingstone.com.tw\/book\/images\/product\/20131\/2013190005722\/2013190005722b.jpg","書籍簡介":"0"}
{"書名":"不等式與極值","書籍網站":"https:\/\/www.kingstone.com.tw\/\/basic\/2015210100493?zone=book&lid=book_class3_ebh&actid=book_class3_ebh","作者":"李躍進","出版社":"一流      ","ISBN":null,"圖片網址":"https:\/\/cdn.kingstone.com.tw\/book\/images\/product\/20152\/2015210100493\/2015210100493b.jpg","書籍簡介":"0"}
{"書名":"新實用珠算","書籍網站":"https:\/\/www.kingstone.com.tw\/\/basic\/2015210137888?zone=book&lid=book_class3_ebh&actid=book_class3_ebh","作者":"鳳凰城    ","出版社":"停售","ISBN":null,"圖片網址":"https:\/\/cdn.kingstone.com.tw\/book\/images\/product\/20152\/2015210137888\/2015210137888b.jpg","書籍簡介":"0"}
{"書名":"新實用珠算","書籍網站":"https:\/\/www.kingstone.com.tw\/\/basic\/2015210137918?zone=book&lid=book_class3_ebh&actid=book_class3_ebh","作者":"鳳凰城    ","出版社":"停售","ISBN":null,"圖片網址":"https:\/\/cdn.kingstone.com.tw\/book\/images\/product\/20152\/2015210137918\/2015210137918b.jpg","書籍簡介":"0"}
{"書名":"新實用珠算","書籍網站":"https:\/\/www.kingstone.com.tw\/\/basic\/2015210138090?zone=book&lid=book_class3_ebh&actid=book_class3_ebh","作者":"鳳凰城    ","出版社":"停售","ISBN":null,"圖片網址":"https:\/\/cdn.kingstone.com.tw\/book\/images\/product\/20152\/2015210138090\/2015210138090b.jpg","書籍簡介":"0"}
{"書名":"新實用珠算","書籍網站":"https:\/\/www.kingstone.com.tw\/\/basic\/2015210138120?zone=book&lid=book_class3_ebh&actid=book_class3_ebh","作者":"鳳凰城    ","出版社":"停售","ISBN":null,"圖片網址":"https:\/\/cdn.kingstone.com.tw\/book\/images\/product\/20152\/2015210138120\/2015210138120b.jpg","書籍簡介":"0"}
{"書名":"新實用珠算","書籍網站":"https:\/\/www.kingstone.com.tw\/\/basic\/2015210138250?zone=book&lid=book_class3_ebh&actid=book_class3_ebh","作者":"鳳凰城    ","出版社":"停售","ISBN":null,"圖片網址":"https:\/\/cdn.kingstone.com.tw\/book\/images\/product\/20152\/2015210138250\/2015210138250b.jpg","書籍簡介":"0"}
{"書名":"新實用珠算","書籍網站":"https:\/\/www.kingstone.com.tw\/\/basic\/2015210138380?zone=book&lid=book_class3_ebh&actid=book_class3_ebh","作者":"鳳凰城    ","出版社":"停售","ISBN":null,"圖片網址":"https:\/\/cdn.kingstone.com.tw\/book\/images\/product\/20152\/2015210138380\/2015210138380b.jpg","書籍簡介":"0"}
{"書名":"珠算","書籍網站":"https:\/\/www.kingstone.com.tw\/\/basic\/2015210674925?zone=book&lid=book_class3_ebh&actid=book_class3_ebh","作者":"聞名      ","出版社":"停售","ISBN":null,"圖片網址":"https:\/\/cdn.kingstone.com.tw\/book\/images\/product\/20152\/2015210674925\/2015210674925b.jpg","書籍簡介":"0"}
{"書名":"珠算","書籍網站":"https:\/\/www.kingstone.com.tw\/\/basic\/2015210859933?zone=book&lid=book_class3_ebh&actid=book_class3_ebh","作者":"新保成    ","出版社":"停售","ISBN":null,"圖片網址":"https:\/\/cdn.kingstone.com.tw\/book\/images\/product\/20152\/2015210859933\/2015210859933b.jpg","書籍簡介":"0"}
{"書名":"化學應用數學","書籍網站":"https:\/\/www.kingstone.com.tw\/\/basic\/2014600002089?zone=book&lid=book_class3_ebh&actid=book_class3_ebh","作者":"正文書局  ","出版社":"停售","ISBN":null,"圖片網址":"https:\/\/cdn.kingstone.com.tw\/book\/images\/product\/20146\/2014600002089\/2014600002089b.jpg","書籍簡介":"0"}
{"書名":"數學與電腦","書籍網站":"https:\/\/www.kingstone.com.tw\/\/basic\/2013190005982?zone=book&lid=book_class3_ebh&actid=book_class3_ebh","作者":"黃敏晃","出版社":"牛頓      ","ISBN":null,"圖片網址":"https:\/\/cdn.kingstone.com.tw\/book\/images\/product\/20131\/2013190005982\/2013190005982b.jpg","書籍簡介":"0"}
{"書名":"IBM PC\/XT BASIC 語言","書籍網站":"https:\/\/www.kingstone.com.tw\/\/basic\/2013190007146?zone=book&lid=book_class3_ebh&actid=book_class3_ebh","作者":"全華      ","出版社":"停售","ISBN":null,"圖片網址":"https:\/\/cdn.kingstone.com.tw\/book\/images\/product\/20131\/2013190007146\/2013190007146b.jpg","書籍簡介":"0"}
{"書名":"最新數值分析題解–附","書籍網站":"https:\/\/www.kingstone.com.tw\/\/basic\/2013190007306?zone=book&lid=book_class3_ebh&actid=book_class3_ebh","作者":"萬克儉","出版社":"全華      ","ISBN":null,"圖片網址":"https:\/\/cdn.kingstone.com.tw\/book\/images\/product\/20131\/2013190007306\/2013190007306b.jpg","書籍簡介":"0"}
{"書名":"應用數值分析","書籍網站":"https:\/\/www.kingstone.com.tw\/\/basic\/2013190007566?zone=book&lid=book_class3_ebh&actid=book_class3_ebh","作者":"全欣      ","出版社":"停售","ISBN":null,"圖片網址":"https:\/\/cdn.kingstone.com.tw\/book\/images\/product\/20131\/2013190007566\/2013190007566b.jpg","書籍簡介":"0"}
{"書名":"時間與曆法","書籍網站":"https:\/\/www.kingstone.com.tw\/\/basic\/2013270012701?zone=book&lid=book_class3_ebh&actid=book_class3_ebh","作者":"鄭瑩","出版社":"銀禾文化  ","ISBN":9789575683443.0,"圖片網址":"https:\/\/cdn.kingstone.com.tw\/book\/images\/product\/20132\/2013270012701\/2013270012701b.jpg","書籍簡介":"0"}
{"書名":"或然率趣談","書籍網站":"https:\/\/www.kingstone.com.tw\/\/basic\/2013190001274?zone=book&lid=book_class3_ebh&actid=book_class3_ebh","作者":"自然科學  ","出版社":"停售","ISBN":null,"圖片網址":"https:\/\/cdn.kingstone.com.tw\/book\/images\/product\/20131\/2013190001274\/2013190001274b.jpg","書籍簡介":"0"}
{"書名":"CNC 工具機電腦程式教","書籍網站":"https:\/\/www.kingstone.com.tw\/\/basic\/2013190001304?zone=book&lid=book_class3_ebh&actid=book_class3_ebh","作者":"戴義圖","出版社":"中央圖書  ","ISBN":null,"圖片網址":"https:\/\/cdn.kingstone.com.tw\/book\/images\/product\/20131\/2013190001304\/2013190001304b.jpg","書籍簡介":"0"}
{"書名":"數理統計習題詳解","書籍網站":"https:\/\/www.kingstone.com.tw\/\/basic\/2013190001984?zone=book&lid=book_class3_ebh&actid=book_class3_ebh","作者":"六國      ","出版社":"停售","ISBN":null,"圖片網址":"https:\/\/cdn.kingstone.com.tw\/book\/images\/product\/20131\/2013190001984\/2013190001984b.jpg","書籍簡介":"0"}
{"書名":"數理統計學導引","書籍網站":"https:\/\/www.kingstone.com.tw\/\/basic\/2013190002066?zone=book&lid=book_class3_ebh&actid=book_class3_ebh","作者":"洪澄洋","出版社":"五南      ","ISBN":null,"圖片網址":"https:\/\/cdn.kingstone.com.tw\/book\/images\/product\/20131\/2013190002066\/2013190002066b.jpg","書籍簡介":"0"}
{"書名":"電腦測量計算實務","書籍網站":"https:\/\/www.kingstone.com.tw\/\/basic\/2013190003988?zone=book&lid=book_class3_ebh&actid=book_class3_ebh","作者":"莊天文","出版社":"宏      ","ISBN":null,"圖片網址":"https:\/\/cdn.kingstone.com.tw\/book\/images\/product\/20131\/2013190003988\/2013190003988b.jpg","書籍簡介":"0"}
{"書名":"管理數學題解","書籍網站":"https:\/\/www.kingstone.com.tw\/\/basic\/2013100005750?zone=book&lid=book_class3_ebh&actid=book_class3_ebh","作者":"楊蓉昌","出版社":"大中國    ","ISBN":null,"圖片網址":"https:\/\/cdn.kingstone.com.tw\/book\/images\/product\/20131\/2013100005750\/2013100005750b.jpg","書籍簡介":"0"}
{"書名":"商專數學","書籍網站":"https:\/\/www.kingstone.com.tw\/\/basic\/2013100010457?zone=book&lid=book_class3_ebh&actid=book_class3_ebh","作者":"王心如","出版社":"巨浪      ","ISBN":null,"圖片網址":"https:\/\/cdn.kingstone.com.tw\/book\/images\/product\/20131\/2013100010457\/2013100010457b.jpg","書籍簡介":"0"}
{"書名":"數學本質及應用","書籍網站":"https:\/\/www.kingstone.com.tw\/\/basic\/2013100012741?zone=book&lid=book_class3_ebh&actid=book_class3_ebh","作者":"正中書局  ","出版社":"停售","ISBN":null,"圖片網址":"https:\/\/cdn.kingstone.com.tw\/book\/images\/product\/20131\/2013100012741\/2013100012741b.jpg","書籍簡介":"0"}
{"書名":"應用數學","書籍網站":"https:\/\/www.kingstone.com.tw\/\/basic\/2023190000405?zone=book&lid=book_class3_ebh&actid=book_class3_ebh","作者":"賴漢卿","出版社":"文笙書局  ","ISBN":null,"圖片網址":"https:\/\/cdn.kingstone.com.tw\/book\/images\/product\/20231\/2023190000405\/2023190000405b.jpg","書籍簡介":"0"}
{"書名":"管理數學","書籍網站":"https:\/\/www.kingstone.com.tw\/\/basic\/2023190003581?zone=book&lid=book_class3_ebh&actid=book_class3_ebh","作者":"中興      ","出版社":"停售","ISBN":null,"圖片網址":"https:\/\/cdn.kingstone.com.tw\/book\/images\/product\/20231\/2023190003581\/2023190003581b.jpg","書籍簡介":"0"}
{"書名":"FUZZY工學","書籍網站":"https:\/\/www.kingstone.com.tw\/\/basic\/2013190014267?zone=book&lid=book_class3_ebh&actid=book_class3_ebh","作者":"全華      ","出版社":"停售","ISBN":null,"圖片網址":"https:\/\/cdn.kingstone.com.tw\/book\/images\/product\/20131\/2013190014267\/2013190014267b.jpg","書籍簡介":"0"}
{"書名":"知識工程中自然語義的模糊表達","書籍網站":"https:\/\/www.kingstone.com.tw\/\/basic\/2013190014137?zone=book&lid=book_class3_ebh&actid=book_class3_ebh","作者":"陳國權","出版社":"亞東書局  ","ISBN":null,"圖片網址":"https:\/\/cdn.kingstone.com.tw\/book\/images\/product\/20131\/2013190014137\/2013190014137b.jpg","書籍簡介":"0"}
{"書名":"FUZZY 理論與應用實務","書籍網站":"https:\/\/www.kingstone.com.tw\/\/basic\/2013190013925?zone=book&lid=book_class3_ebh&actid=book_class3_ebh","作者":"全華      ","出版社":"停售","ISBN":null,"圖片網址":"https:\/\/cdn.kingstone.com.tw\/book\/images\/product\/20131\/2013190013925\/2013190013925b.jpg","書籍簡介":"0"}
{"書名":"FUZZY 手法進階","書籍網站":"https:\/\/www.kingstone.com.tw\/\/basic\/2013190013895?zone=book&lid=book_class3_ebh&actid=book_class3_ebh","作者":"向殿政男","出版社":"全華      ","ISBN":null,"圖片網址":"https:\/\/cdn.kingstone.com.tw\/book\/images\/product\/20131\/2013190013895\/2013190013895b.jpg","書籍簡介":"0"}
{"書名":"實用多變量分析","書籍網站":"https:\/\/www.kingstone.com.tw\/\/basic\/2013190013635?zone=book&lid=book_class3_ebh&actid=book_class3_ebh","作者":"建興      ","出版社":"停售","ISBN":9789578953208.0,"圖片網址":"https:\/\/cdn.kingstone.com.tw\/book\/images\/product\/20131\/2013190013635\/2013190013635b.jpg","書籍簡介":"0"}
{"書名":"實用模糊數學","書籍網站":"https:\/\/www.kingstone.com.tw\/\/basic\/2013190013475?zone=book&lid=book_class3_ebh&actid=book_class3_ebh","作者":"藎壚","出版社":"亞東書局  ","ISBN":null,"圖片網址":"https:\/\/cdn.kingstone.com.tw\/book\/images\/product\/20131\/2013190013475\/2013190013475b.jpg","書籍簡介":"0"}
{"書名":"FUZZY 控制","書籍網站":"https:\/\/www.kingstone.com.tw\/\/basic\/2013190013215?zone=book&lid=book_class3_ebh&actid=book_class3_ebh","作者":"楊英魁","出版社":"全華      ","ISBN":null,"圖片網址":"https:\/\/cdn.kingstone.com.tw\/book\/images\/product\/20131\/2013190013215\/2013190013215b.jpg","書籍簡介":"0"}
{"書名":"FUZZY 實用化範例–用","書籍網站":"https:\/\/www.kingstone.com.tw\/\/basic\/2013190013185?zone=book&lid=book_class3_ebh&actid=book_class3_ebh","作者":"楊英魁校閱","出版社":"全華      ","ISBN":null,"圖片網址":"https:\/\/cdn.kingstone.com.tw\/book\/images\/product\/20131\/2013190013185\/2013190013185b.jpg","書籍簡介":"0"}
{"書名":"應用模糊數學","書籍網站":"https:\/\/www.kingstone.com.tw\/\/basic\/2013190013055?zone=book&lid=book_class3_ebh&actid=book_class3_ebh","作者":"闕頌廉編著","出版社":"科技圖書  ","ISBN":null,"圖片網址":"https:\/\/cdn.kingstone.com.tw\/book\/images\/product\/20131\/2013190013055\/2013190013055b.jpg","書籍簡介":"0"}
{"書名":"類別資料分析","書籍網站":"https:\/\/www.kingstone.com.tw\/\/basic\/2013190012423?zone=book&lid=book_class3_ebh&actid=book_class3_ebh","作者":"STEPHEN E.","出版社":"巨流      ","ISBN":null,"圖片網址":"https:\/\/cdn.kingstone.com.tw\/book\/images\/product\/20131\/2013190012423\/2013190012423b.jpg","書籍簡介":"0"}
{"書名":"管理數學","書籍網站":"https:\/\/www.kingstone.com.tw\/\/basic\/2013190010399?zone=book&lid=book_class3_ebh&actid=book_class3_ebh","作者":"羅吉榜","出版社":"天一      ","ISBN":null,"圖片網址":"https:\/\/cdn.kingstone.com.tw\/book\/images\/product\/20131\/2013190010399\/2013190010399b.jpg","書籍簡介":"0"}
{"書名":"數學物理方法","書籍網站":"https:\/\/www.kingstone.com.tw\/\/basic\/2013190010009?zone=book&lid=book_class3_ebh&actid=book_class3_ebh","作者":"陸全康","出版社":"亞東書局  ","ISBN":null,"圖片網址":"https:\/\/cdn.kingstone.com.tw\/book\/images\/product\/20131\/2013190010009\/2013190010009b.jpg","書籍簡介":"0"}
{"書名":"程式問題解析","書籍網站":"https:\/\/www.kingstone.com.tw\/\/basic\/2013190009980?zone=book&lid=book_class3_ebh&actid=book_class3_ebh","作者":"李成復","出版社":"大中國    ","ISBN":null,"圖片網址":"https:\/\/cdn.kingstone.com.tw\/book\/images\/product\/20131\/2013190009980\/2013190009980b.jpg","書籍簡介":"0"}
{"書名":"統計品質管制應用入門","書籍網站":"https:\/\/www.kingstone.com.tw\/\/basic\/2013190009430?zone=book&lid=book_class3_ebh&actid=book_class3_ebh","作者":"全華      ","出版社":"停售","ISBN":null,"圖片網址":"https:\/\/cdn.kingstone.com.tw\/book\/images\/product\/20131\/2013190009430\/2013190009430b.jpg","書籍簡介":"0"}
