{"書名":"自然生活記趣：臺灣蛇類特輯","書籍網站":"https:\/\/www.kingstone.com.tw\/\/basic\/2013880038689?zone=book&lid=book_class3_ehh&actid=book_class3_ehh","作者":"江志緯","出版社":"印斐納禔  ","ISBN":9789868921603.0,"圖片網址":"https:\/\/cdn.kingstone.com.tw\/book\/images\/product\/20138\/2013880038689\/2013880038689b.jpg","書籍簡介":"\r\n\r\n\r\n台灣47種蛇類完整介紹，七百餘張經典照片一次收錄，教您如何與蛇對話！\r\n\r\n\t南蛇：沒看到我很大隻嗎？\r\n\t露出得意笑容的北志明：不然你咬我啊笨蛋！\r\n\r\n\t擬龜殼花：我有毒，小心我咬你喔！\r\n\t大黑阿伯：我好怕喔！\r\n\t以為我不知道你是「擬」龜殼花嗎？\r\n\t你怕蛇嗎？蛇其實是一種比你我更膽小的動物！\r\n\r\n\t今日戶外甚至有許多小朋友非常喜愛蛇類，在野外觀察時還會特別想要看牠一眼，或是爭先恐後的拿在手上把玩。如果蛇類能作出表情，身陷童稚之手的牠們或許也是一臉無奈吧！\r\n\r\n\t江志緯、曾志明兩位專業攝影師，深入臺灣蛇界，上窮碧落下黃泉，攝下一幅幅優雅蜿蜒的線條及鱗甲閃耀。透過鏡頭，將每位讀者一同拉入這神秘且奇幻的世界，靜靜地體會人蛇之間，相看兩不厭、欲辯已忘言的自然真意。\r\n\r\n\t二人詼諧的口吻，深入淺出地教您具備暢遊蛇界的專業，鉅細靡遺的記錄台灣蛇類特性、生活環境，透過教育思維呈現了臺灣蛇類習性的完整記錄，活脫脫是一部臺灣蛇類的鄉土教材。舉凡蛇類的外型、習性、食物、天敵、防禦、野外記錄與觀察裝備，甚至攝影教學無所不包，不但入門學子可輕鬆習得與蛇相處的必要知識，專家學者更能增益自我拍攝專業，翻開此書，豈止熱鬧可觀，更有門道可看！\r\n\r\n\t從美學的角度視之，本書更不僅僅是生態記錄。藉由人蛇互動的唯妙氛圍，提醒著我們生態保護的重要性，冷血與熱血看似各自衝突，卻能相安無事的生存哲學更是本書所呈現的獨特自然美學。\r\n\r\n\t來吧！一同栽入與蛇對話的世界吧！\r\n\r\n本書特色\r\n\r\n\t◎不只是圖鑑！一口氣收納台灣47種蛇類專業知識，收錄照片七百餘張！透過攝影美學表現，構成一本易讀易懂風格獨特的台灣蛇類書籍。\r\n\r\n\t◎作者個人部落格榮獲全球華文部落格大獎！個人部落格點閱率突破500萬人次！20年經典畫面一次收錄！\r\n\r\n\r\n\r\n\t\t\t \r\n\r\n\r\n\r\n\t\t\t\t\t \r\n\r\n\r\n\t\t\t\t\t\t \r\n\r\n\t\t\t\t\t\t \r\n\r\n\r\n\r\n\r\n\r\n\r\n"}
{"書名":"打造爬蟲類、兩棲類的專屬生態缸","書籍網站":"https:\/\/www.kingstone.com.tw\/\/basic\/2014370167346?zone=book&lid=book_class3_ehh&actid=book_class3_ehh","作者":"川添宣","出版社":"台灣東販  ","ISBN":9789865110192.0,"圖片網址":"https:\/\/cdn.kingstone.com.tw\/book\/images\/product\/20143\/2014370167346\/2014370167346b.jpg","書籍簡介":"\r\n\r\n\r\n什麼是兩棲生態缸？\r\n\r\n\t爬蟲類與兩棲類的棲息環境依種類而異，非常多元化，因此必須依飼養的品種來布置環境。例如：用聚光燈或含紫外線的日光燈代替陽光照射、飼養棲息於樹上的物種時就要配置植物或樹枝等。兩棲生態缸即是指這類還原自然環境的飼養空間。\r\n\r\n\t \r\n\r\n用「飼養兩棲生態缸」的心態來照料\r\n\r\n\t植物能夠順利生長的環境，對動物來說也是很好的環境。反過來說，植物可以說是飼養空間的重要指標之一。\r\n\r\n\t飼養爬蟲類、兩棲類等的時候，有個術語叫做「養環境」。因為擁有一個良好的生態缸的話，植物與生物都能夠順利成長。也就是說，在飼養這類動物時，不能只將眼光放在動物身上，必須綜觀整體環境狀況才行。\r\n\r\n\t整頓好兩棲生態缸的另一大優點，是「較易看出飼養動物的狀況」。有些動物難以看出是否極端變瘦或動作變遲緩，但是注意到植物枯萎、平常的田園香氣變臭了等兩棲生態缸發出的警訊，就可能是飼養環境惡化所造成的。如此一來，就算看不出動物本身的變化，仍可將此視為指標。\r\n\r\n\t \r\n\r\n\t本書將詳細介紹兩棲生態缸裡的各種基本要素、布置技巧，以及世界各地專家們所打造的精美生態缸範例，豹紋守宮、蛙類、龜類與蛇類等均適用。\r\n\r\n\t \r\n\r\n\t附有爬蟲類、兩棲類生物與植物的全彩圖鑑，就算翻譯名稱不同也能輕鬆找到需要的元素及適合的物種！\r\n\r\n\t \r\n\r\n商品特色\r\n\r\n\t \r\n\r\n\t‧第一本針對「如何布置、打造爬蟲類與兩棲類專用的兩棲生態缸」的專業書籍。\r\n\r\n\t \r\n\r\n\t‧豹紋守宮、蛙類、龜類與蛇類均適用，應用範圍非常廣，具實用性。\r\n\r\n\t \r\n\r\n\t‧整本均為全彩照片，附有爬蟲類、兩棲類生物與植物的圖鑑，就算翻譯名稱不同也能輕鬆找到需要的元素及適合的物種！\r\n\r\n"}
{"書名":"箱龜：北美箱龜與亞洲箱龜的完全照護指南！","書籍網站":"https:\/\/www.kingstone.com.tw\/\/basic\/2014370168978?zone=book&lid=book_class3_ehh&actid=book_class3_ehh","作者":"苔絲．庫克","出版社":"晨星      ","ISBN":9789864438853.0,"圖片網址":"https:\/\/cdn.kingstone.com.tw\/book\/images\/product\/20143\/2014370168978\/2014370168978b.jpg","書籍簡介":"\r\n\r\n北美箱龜與亞洲箱龜的完全照護指南！可愛逗趣的箱龜憑藉著鮮豔的色彩和溫馴的行為，數年來一直深受歡迎。照顧箱龜並不困難，但方法必須正確。本書提供完整的照顧指南，幫助你如何飼養有趣且迷人的箱龜，內容涵蓋北美箱龜和亞洲箱龜。藉由搶眼的說明欄和圖文說明讓飼主能掌握飼養重點，本書能幫助你把箱龜照顧得健康長壽。★ 收錄物種自然史資訊★ 說明如何打造理想的棲息環境包括戶外環境設置★ 餵食、繁殖和冬眠的詳細完整指南★ 最新健康照護資訊本書特色1. 飼育全面攻略！從飼養環境、餵食、繁殖到健康照護都有介紹。2. 一次收藏箱龜無窮魅力！包含北美箱龜與亞洲箱龜的完整介紹。3. 入門超方便！資訊容易閱讀且實用，更有生動的圖片註解，輕鬆掌握飼養基本重點。4. 烏龜和一般寵物不一樣！討論正確的烏龜飼養觀念。\r\n                    \r\n"}
{"書名":"飼育箱造景","書籍網站":"https:\/\/www.kingstone.com.tw\/\/basic\/2014370168398?zone=book&lid=book_class3_ehh&actid=book_class3_ehh","作者":"菲利浦．玻瑟","出版社":"晨星      ","ISBN":9789864438983.0,"圖片網址":"https:\/\/cdn.kingstone.com.tw\/book\/images\/product\/20143\/2014370168398\/2014370168398b.jpg","書籍簡介":"\r\n\r\n將植物與動物結合，創造充滿驚奇的迷你生態系統，在家中打造專屬於你的獨特飼育箱！如果你去過動物園或植物園，那你肯定已經見識過飼育箱造景了！本書將手把手帶領讀者創造驚人的飼育箱造景，介紹關於植物、底材、水源、動物、結構等必要資訊，無論是爬行動物、兩棲動物或節肢動物，都能被飼養在仿棲地的飼育箱中！特別收錄：★ 土壤、砂子與其他底材全解析★ 岩石、木材與其他裝飾全解析★ 照顧植物的方法與各類植物的介紹★ 說明建造不同類型飼育箱的方法：包括沙漠、叢林、林地與其他★ 詳列能在各種飼育箱中繁衍生息的動物清單本書特色1. 介紹自然飼育箱的歷史與種類，提供各種關於自然飼育箱的實用知識！2. 說明自然飼育箱的各種構成要素（底材、水、植栽、石頭等），即便是初學者也能打造出充滿綠意與生機的生態環境！3. 內容深入淺出，討論各式各樣自然飼育箱的材料、構造和維護的方法，分析各種組件的搭配和影響。\r\n                    \r\n"}
{"書名":"台灣蛙類與蝌蚪圖鑑","書籍網站":"https:\/\/www.kingstone.com.tw\/\/basic\/2013880048176?zone=book&lid=book_class3_ehh&actid=book_class3_ehh","作者":"楊懿如","出版社":"貓頭鷹    ","ISBN":9789862623770.0,"圖片網址":"https:\/\/cdn.kingstone.com.tw\/book\/images\/product\/20138\/2013880048176\/2013880048176b.jpg","書籍簡介":"\r\n\r\n\r\n首次完整收錄台灣野外6科36種蛙類動物、蝌蚪型態與蛙聲的的蛙類全圖鑑！\r\n\r\n\t \r\n\r\n\t《台灣蛙類與蝌蚪圖鑑》為貓頭鷹新書系「台灣自然圖鑑」的首部作品，以大版面清楚呈現文圖資料，令閱讀更加親切，並以經典的貓頭鷹圖鑑規格，深入介紹物種特徵，令讀者能夠學習精準的辨識方法與該學門的專門知識。附有圖鑑必備的防水書套，使您在野外環境攜帶、查閱完全無障礙。\r\n\r\n\t \r\n\r\n\t本書為兩棲保育界享有盛名的「青蛙公主」楊懿如與「青蛙王子」李鵬翔老師夫妻檔，在台灣野外調查蛙類動物近30年的成果累積。包括2017年最新發表的特有種「太田樹蛙」在內，收錄了台灣全部6科36種生存於野外環境的蛙類動物，為台灣目前最新、收錄最為完整的蛙類全圖鑑。\r\n\r\n\t \r\n\r\n\t本書的特點如下：\r\n\r\n\t \r\n\r\n\r\n\t\t每種蛙類皆有清晰的成體拉線去背圖，清楚說明辨識特徵之外，也記錄了牠們的學名、別名、分布地區、食性、習性、繁殖期等詳細資料。\r\n\r\n\t\t依照2017 年兩棲類動物紅皮書標註物種瀕危等級，以及特有種、外來入侵種等。\r\n\r\n\t\t以生態圖詳實地記錄了所有蛙類動物從卵、蝌蚪、幼蛙、到交配的完整生活史。\r\n\r\n\t\t依最新的研究成果分類，更正了以往誤認、誤植，或在學名上沒有清楚分開的物種名。也更新了所有的分布地圖、近似種鑑別、蝌蚪的詳細特徵等。\r\n\r\n\t\t收錄所有蛙類在野外的鳴叫聲錄音，只要打開手機掃描QR code，即可在閱讀的同時，聽見蛙類動物在自然中的實際鳴聲，是以往圖鑑不曾包括的重要辨識資訊。\r\n\r\n\r\n\t　\r\n\r\n\t更重要的，本書還可配合2018年11月上架的「台灣蛙類圖鑑」APP使用，能夠以「兩棲保育網」資料庫相連結，令讀者能夠化身為公民科學家，將在野外觀察到的蛙類動物，上傳到兩棲保育網的蛙類分布地圖資料庫中，一起參與台灣野外的蛙類普查，請在APP Store 或Google Play搜尋：台灣蛙類圖鑑。\r\n\r\n"}
{"書名":"樹蛙：飼養環境、餵食、繁殖、健康照護一本通！","書籍網站":"https:\/\/www.kingstone.com.tw\/\/basic\/2014370162426?zone=book&lid=book_class3_ehh&actid=book_class3_ehh","作者":"德文．艾德蒙","出版社":"晨星      ","ISBN":9789864434688.0,"圖片網址":"https:\/\/cdn.kingstone.com.tw\/book\/images\/product\/20143\/2014370162426\/2014370162426b.jpg","書籍簡介":"\r\n\r\n\r\n飼養一隻樹蛙不會太困難，但方法必須正確。\r\n\r\n\r\n\t收錄紅眼樹蛙等超過20個物種的完整照護資訊！\r\n\t擁有敏捷輕快的行為和令人著迷的外表......\r\n\t魅力兩棲寵物——樹蛙完全照護指南！\r\n\r\n\t本書提供完整的照顧指南，讓你輕鬆掌握如何飼養這些有趣、繽紛又有點古怪的動物，內容涵蓋許多種類，包括紅眼樹蛙、美國綠樹蛙、白氏樹蛙及其他。醒目的圖說和對話框說明飼主須知的基本重點\r\n\r\n本書將會幫助你把樹蛙照顧得健健康康！\r\n\t★收錄物種自然史資訊\r\n\t★教你打造完美棲地，包括仿自然設計\r\n\t★詳細指南繁殖入門方法\r\n\t★包含超過20個物種的完整介紹\r\n\r\n本書特色\r\n\r\n\t★飼育全面攻略！從飼養環境、餵食、繁殖到健康照護都有介紹！\r\n\r\n\t★入門超方便！資訊容易閱讀且實用，更有生動的圖片註解，讓你輕鬆掌握飼養基本重點！\r\n\r\n\t★包含超過20個物種的完整介紹，一次收藏樹蛙無窮魅力！\r\n\r\n"}
{"書名":"開始養角蛙就上手：從飲食、飼養道具到疾病照顧的養蛙指南！","書籍網站":"https:\/\/www.kingstone.com.tw\/\/basic\/2014370161764?zone=book&lid=book_class3_ehh&actid=book_class3_ehh","作者":"角蛙飼養編輯部","出版社":"晨星      ","ISBN":9789864434466.0,"圖片網址":"https:\/\/cdn.kingstone.com.tw\/book\/images\/product\/20143\/2014370161764\/2014370161764b.jpg","書籍簡介":"\r\n\r\n\r\n蛙類中最適合飼養的入門種類\r\n 原來角蛙如此可愛又充滿魅力！\r\n\r\n  \r\n\r\n 進食時的大嘴巴、圓滾滾的身軀、顯眼美麗的迷彩外觀，\r\n 快來感受角蛙的療癒魅力吧！\r\n 在可愛的照片與插畫中認識角蛙的生態及養育知識！\r\n\r\n  \r\n\r\n ◎角蛙的壽命有多長？\r\n ◎角蛙的食物是什麼？\r\n ◎選購角蛙時該注意什麼重點？\r\n ◎可以觸摸角蛙嗎，該怎麼觸碰牠？\r\n ◎角蛙會生什麼病？\r\n ◎可以將不同角蛙飼養在一起嗎？\r\n\r\n  \r\n\r\n ◆角蛙名稱的由來\r\n 角蛙的名字之所以有個「角」字，是因為角蛙的眼睛上方有角狀突起。但角狀突起的長度和形狀會因為種類而不太一樣。\r\n\r\n  \r\n\r\n ◆養角蛙之前，先了解角蛙的生態！\r\n 角蛙屬於變溫動物，飼養角蛙時需要注意溫度管理。角蛙在成長期食慾會特別旺盛，為了牠的健康長壽，掌握正確的餵食頻率非常重要。角蛙並不好動，活動力不強，即使沒有很大的活動空間也沒關係，可以不用選用太大的飼育箱，但令人意想不到的是，牠們的運動神經常常發揮在「逃脫」時，因此飼育箱記得需要加蓋唷！\r\n\r\n  \r\n\r\n本書特色\r\n\r\n  \r\n\r\n 【角蛙圖鑑】角蛙常見種類全面收錄，幼體、變體等特殊角蛙也一應俱全！\r\n 【全彩圖解】無論是角蛙的成長過程或是飼育箱的擺放設置，實境步驟圖解一目了然！\r\n 【實用資訊】追加收錄臺灣爬蟲兩棲類餐廳、咖啡廳資訊！\r\n\r\n"}
{"書名":"綠蠵龜﹝增修版﹞跟著海龜教授尋找綠蠵龜","書籍網站":"https:\/\/www.kingstone.com.tw\/\/basic\/2013880046172?zone=book&lid=book_class3_ehh&actid=book_class3_ehh","作者":"程一駿","出版社":"晨星      ","ISBN":9789864433384.0,"圖片網址":"https:\/\/cdn.kingstone.com.tw\/book\/images\/product\/20138\/2013880046172\/2013880046172b.jpg","書籍簡介":"\r\n\r\n\r\n台灣第一本海龜專書科普書\r\n\r\n\r\n 藉由海龜專家程一駿教授執筆，以多年對綠蠵龜的研究、保育經驗，從全球觀點介紹世界的海龜、以台灣的研究經驗介紹綠蠵龜在台灣的生態與生活史，與以在地的台灣文化介紹台灣人民與綠蠵龜（海龜）的特殊關係與保育演進。\r\n\r\n 想知道即將消失的史前生物——綠蠵龜，如何洄游千里找到回家的路嗎？翻開本書就知道！\r\n\r\n本書特色\r\n\r\n 1.本書為台灣第一本海龜專書科普書。\r\n 2.由台灣研究海龜第一人的專家——程一駿教授執筆，完整介紹台灣海龜的生態背景與綠蠵龜的保育過程，內容足以比擬生態紀錄片。\r\n\r\n"}
{"書名":"珍寵當家","書籍網站":"https:\/\/www.kingstone.com.tw\/\/basic\/2014370148604?zone=book&lid=book_class3_ehh&actid=book_class3_ehh","作者":"良卷文化工作室","出版社":"上奇科技  ","ISBN":9789863754992.0,"圖片網址":"https:\/\/cdn.kingstone.com.tw\/book\/images\/product\/20143\/2014370148604\/2014370148604b.jpg","書籍簡介":"\r\n\r\n\r\n想擁有另類酷炫寵物，卻不知如何飼養？\r\n\r\n\r\n本書從兩棲爬蟲類、哺乳類到節肢軟體類\r\n選出適合人工飼育的珍奇動物\r\n以輕鬆逗趣的全彩插畫\r\n帶你體驗最好玩、最特別的寵物世界\r\n\r\n\t非洲迷你刺蝟：身材迷你，性格膽小的刺蝟超可愛，愛吃蔬菜、水果和煮熟的肉，千萬別餵食生肉。對了，刺蝟很容易發胖，記得讓牠多多運動喔！\r\n\r\n\t蜜袋鼯：長相可愛的蜜袋鼯是家裡的新寵，記得，牠們是群居動物，最好是以一對來飼養他們喔！還有，母蜜袋鼯有育兒袋，小寶寶會在裡面成長，千萬別拉開育兒袋，避免小蜜袋鼯跌落受傷。\r\n\r\n\t寵物貂：身形優雅的貂活潑頑皮，對一切充滿了好奇，不要餵食生肉跟巧克力。活動力強大，最好選擇三層的貂籠，讓貂寶貝有足夠的活動空間。\r\n\r\n\t蘇卡達陸龜：活潑又好動，食量驚人，喜歡吃高麗菜、小白菜。牠的壽命很長，好好照顧牠，可以陪你好久好久。\r\n\r\n\t還有哪些稀有古怪的珍奇動物？書裡有超可愛俏皮插畫全圖解喔！\r\n\r\n"}
{"書名":"自然生活記趣：臺灣兩棲類特輯","書籍網站":"https:\/\/www.kingstone.com.tw\/\/basic\/2013000100197?zone=book&lid=book_class3_ehh&actid=book_class3_ehh","作者":"江志緯、何俊霖、曾志明","出版社":"印斐納禔  ","ISBN":9789868921610.0,"圖片網址":"https:\/\/cdn.kingstone.com.tw\/book\/images\/product\/20130\/2013000100197\/2013000100197b.jpg","書籍簡介":"\r\n\r\n\r\n臺灣38種兩棲類介紹一次收錄，\r\n\r\n無數個夜晚與等待，只為精彩的一瞬！\r\n\r\n\t \r\n\r\n\t◎臺灣38種兩棲類專業知識，全彩照片七百餘張！透過攝影美學表現，構成一本易讀易懂風格獨特的臺灣兩棲類特輯。\r\n\r\n\t◎以輕鬆詼諧的文字敘述與生動細膩的觀察記錄，讓讀者有身臨其境。\r\n\r\n\t◎作者個人部落格榮獲全球華文部落格大獎！閱率突破600萬人次！20年經典畫面一次收錄！\r\n\r\n\t \r\n\r\n無數個夜晚與等待，只為精彩的一瞬！\r\n\r\n遇見難得一見褐樹蛙大爆發，拍到手扭傷也無怨無悔！\r\n\r\n\t \r\n\r\n\t兩棲類又稱兩生類，屬於脊椎動物亞門，主要可以分為三大類，分別為無尾目、有尾目和無足目。目前臺灣的兩棲類共38種，其中特有種有16種之多，透過野外的觀察真正看到青蛙、山椒魚的小秘密，包括打架、吃東西、相互競爭、脫皮、躲藏......等，鳴叫（吹泡泡）與下蛋更是不可缺少的觀察重點，過程非常有趣且精彩！\r\n\r\n\t \r\n\r\n\t三位作者長年在外的觀察記錄，運用大量生動清晰的影像，帶領讀者進入兩棲類的世界，搭配作者在野外遇見兩棲類的小故事，藉此拉近人類和兩棲類的距離。這本書中不僅記錄了臺灣各式蛙類，還收錄了行蹤罕見的山椒魚的生態行為，山椒魚因數量稀少且行蹤隱匿，生活史資料並未齊全，觀察不易，作者們費盡精神與體力才追尋到牠們神秘的蹤跡!\r\n\r\n\t \r\n\r\n\t此書內容的呈現與市面上的圖鑑有所區隔，主要以介紹野外觀察的搞笑經歷，並以圖文並茂的方式，提供給讀者們，也將臺灣所有蛙類的鳴叫（吹泡泡）紀錄完整呈現，希望引發大家對兩棲類的興趣，加入保育兩棲類的行列，也能為維護牠們所賴以生存的棲地共同努力。\r\n\r\n"}
{"書名":"蛙現台灣","書籍網站":"https:\/\/www.kingstone.com.tw\/\/basic\/2013880036005?zone=book&lid=book_class3_ehh&actid=book_class3_ehh","作者":"潘樵","出版社":"博客思    ","ISBN":9789866589270.0,"圖片網址":"https:\/\/cdn.kingstone.com.tw\/book\/images\/product\/20138\/2013880036005\/2013880036005b.jpg","書籍簡介":"\r\n\r\n本書以知性和感性的方式介紹現存33種蛙類，是一本追蹤蛙類息與生活全記錄的書。作者潘樵是南投縣知名的文史工作者，也是當地十分活躍的文藝術作者；近幾來，積極地進行各類生態的觀察及記錄，同時大量書寫相文章，《蛙現台灣》是作者第二本與生態相關的跨領域著作。本書詳周實地記載筆者在台灣各地尋蛙的經過，既險剌激，又精彩有趣，並且藉由生動的文字和攝影，完整地呈現台灣33種蛙類的多元面貌，除了寫蛙，書中還寫人、寫故事，因此《蛙現台灣》不同於圖鑑式的書籍，它是一本絕對值得珍藏與細細品味的人文蛙書。\r\n                    \r\n"}
{"書名":"賞蛙地圖","書籍網站":"https:\/\/www.kingstone.com.tw\/\/basic\/2013880034001?zone=book&lid=book_class3_ehh&actid=book_class3_ehh","作者":"楊胤勛","出版社":"晨星      ","ISBN":9789861773094.0,"圖片網址":"https:\/\/cdn.kingstone.com.tw\/book\/images\/product\/20138\/2013880034001\/2013880034001b.jpg","書籍簡介":"\r\n\r\n32種青蛙圖鑑及100個賞蛙私景點20年野外賞蛙達人給你最齊備的賞蛙完全指南台灣擁有許多可愛青蛙，尤其還有許多特有種。請知道台灣哪些私景點可以賞蛙嗎？一定不能錯過本書。\r\n                    \r\n"}
{"書名":"蛙類超圖鑑：品種、特徵、飼育知識統統告訴你","書籍網站":"https:\/\/www.kingstone.com.tw\/\/basic\/2013840002064?zone=book&lid=book_class3_ehh&actid=book_class3_ehh","作者":"海老沼剛","出版社":"台灣東販  ","ISBN":9789863319870.0,"圖片網址":"https:\/\/cdn.kingstone.com.tw\/book\/images\/product\/20138\/2013840002064\/2013840002064b.jpg","書籍簡介":"\r\n\r\n\r\n超豐富蛙類照片加上專業又詳盡的解說\r\n 用看的也超享受的蛙類飼養圖鑑\r\n\r\n  \r\n\r\n 明明都是蛙類，卻有各種不同的外貌，個性也非常多樣，在爬蟲兩棲類的世界是相當受歡迎的種類。本書從蛙類的品種介紹、飼育的基礎常識到其中的醍醐味，以超精彩的照片讓讀者能感受蛙類的可愛之處。\r\n  \r\n\r\n 不僅介紹人氣相當高的品種，只有專門店能看見的品種、或者是超新手及蛙迷喜愛飼養的類型，這本書統統都有。雖然是同種類，但若是亞種或地區特有種，其飼養的方式也會有差異喔！趕快翻開此書踏進多彩絢爛的蛙類世界吧！\r\n\r\n"}
{"書名":"新手專用！兩棲爬蟲類飼育書","書籍網站":"https:\/\/www.kingstone.com.tw\/\/basic\/2013880042464?zone=book&lid=book_class3_ehh&actid=book_class3_ehh","作者":"水明","出版社":"台灣東販  ","ISBN":9789863317548.0,"圖片網址":"https:\/\/cdn.kingstone.com.tw\/book\/images\/product\/20138\/2013880042464\/2013880042464b.jpg","書籍簡介":"\r\n\r\n\r\n深入淺出的文字 x 專業內容 x 精美圖鑑\r\n 超人氣的兩棲爬蟲類飼育寶典\r\n\r\n  \r\n\r\n 本書作者用淺顯易懂的文字說明包含爬蟲及兩棲類超過500種的圖鑑及群體的飼育方法及實際的飼育箱範例等。相信不管是新手還是老手，都能馬上上手。不要只是遠觀，趕快踏入兩棲爬蟲類的世界吧！\r\n\r\n  \r\n\r\n ●超人氣品種　簡單明瞭的實際飼育案例\r\n 印度星龜、巨頭麝香龜、馬來閉殼龜、豹紋壁虎、鬃獅蜥、長鬣蜥、圓鼻巨蜥、高冠變色龍、王蛇、球蟒、鐘角蛙、白氏樹蛙、虎紋鈍口螈、墨西哥鈍口螈\r\n\r\n  \r\n\r\n ●找找在意的品種！　分門別類的圖鑑\r\n 陸龜、海龜、淡水龜、壁虎、陸蜥、樹蜥、巨蜥、變色龍、游蛇科、蚺‧蟒、蛙類、有尾目、棲息在日本的爬蟲兩棲類等\r\n\r\n  \r\n\r\n ●為了牠們的生長　分門別類的飼育方法\r\n 烏龜的飼養法、變色龍的飼養法、蛇類的飼養法、蛙類的飼養法、有尾目的飼養法、棲息在日本的爬蟲兩棲類的飼養法\r\n\r\n  \r\n\r\n ●飼育者要知道的知識\r\n 「CITES」的規範、爬蟲兩棲類的法規、索引\r\n\r\n"}
{"書名":"科學揭祕動物世界04：兩棲爬行類","書籍網站":"https:\/\/www.kingstone.com.tw\/\/basic\/2013800038485?zone=book&lid=book_class3_ehh&actid=book_class3_ehh","作者":"于今昌、于越姝、王偉","出版社":"麗文文化  ","ISBN":9789577486097.0,"圖片網址":"https:\/\/cdn.kingstone.com.tw\/book\/images\/product\/20138\/2013800038485\/2013800038485b.jpg","書籍簡介":"\r\n\r\n《科學揭祕動物世界》共六卷，分別介紹了無脊椎類、海洋類、魚類、兩棲爬行類、鳥類、哺乳類動物。由科普作家精心編撰，透過生動的故事、詳實的例證、具體的資料來引起閱讀的積極性並啟發想像力，實現對知識的融會貫通。從而使讀者能夠快樂閱讀、輕鬆學習，是青少年讀者瞭解動物世界奧祕的最佳讀物。\r\n                    \r\n"}
{"書名":"烏龜飼育圖鑑百科","書籍網站":"https:\/\/www.kingstone.com.tw\/\/basic\/2013880041092?zone=book&lid=book_class3_ehh&actid=book_class3_ehh","作者":"朱哲助、楊佳霖","出版社":"晨星      ","ISBN":9789861778990.0,"圖片網址":"https:\/\/cdn.kingstone.com.tw\/book\/images\/product\/20138\/2013880041092\/2013880041092b.jpg","書籍簡介":"\r\n\r\n\r\n\t從認識、飼養、相處、清潔、照顧，\r\n\t讓你成為最了解烏龜的好主人。\r\n\r\n\r\n\t不同於愛黏人的貓貓狗狗，烏龜是相當獨立、安靜的動物，雖然偶爾（如發情期）會發出聲音，但大多時候都不吵不鬧，也不需要廣大的飼育空間，特別適合小家庭飼養。只要妥善安排烏龜的飼育環境，配合正確的照顧方法，烏龜就能陪伴飼主長長久久\r\n\r\n\t認識烏龜，從說故事開始\r\n\r\n\t在古代，中國人一直將「龜」視為靈獸，在《禮記‧禮運》篇中曾將「麟、鳳、龜、龍」視為「四靈」，龜的尊貴可見一斑。不過「四靈」是哪四種神獸，一直以來並沒有固定的說法，有時是「龍、鳳、虎、龜」，有時是「龍、鳳、虎、龜蛇」，不過不管怎麼組合，基本上都會有「龜」的身影。\r\n\r\n\t臺灣與烏龜的邂逅\r\n\r\n\t臺灣從很久以前就開始有跟烏龜有關的文化習俗傳承下來。像是拜拜要吃的麵龜、紅龜粿等。還有許多地名和烏龜有關，像是宜蘭外海的龜山島，有著噶瑪蘭公主為愛付出的愛情故事，還有高雄的六龜，也有著六隻龜精和十八羅漢山上的羅漢鬥法的傳說。其他還有為什麼我們說一個人很愛吹毛求疵時會用「龜毛」來形容呢？這個詞的來源可能和台灣的原住民有關唷！\r\n\r\n\t烏龜的自我介紹\r\n\r\n\t其實烏龜和人類一樣都是用肺來呼吸的唷！不像魚可以用鰓從水中獲取氧氣，烏龜一定要固定浮出水面換氣。\r\n\r\n\t你知道如果烏龜的殼破損，烏龜是會感覺到痛的嗎？烏龜的殼有軟硬之分，因為龜殼上還是有些微的神經分布，因此龜殼如果破損，牠還是會感覺到痛的！而且烏龜的骨骼和龜甲長在一起，因此卡通裡面烏龜可以把殼拿下來的動作都是錯的唷！\r\n\r\n\t其他還有烏龜的冬眠特性與清潔方式，各種你不知道的祕密，讓這本書一一幫你破解！\r\n\r\n\t世界烏龜比一比\r\n\r\n\t無論雜食草食、溫馴兇猛，稀有或常見，每一種烏龜都有一個屬於自己的故事。本書幫你整理出台灣常見的寵物烏龜圖鑑，由專家針對每一種烏龜的特徵做講解，你就會知道為什麼烏龜會有輻射龜、太陽龜、緣翹龜、豬鼻龜、楓葉龜等各種可愛的名稱。\r\n\r\n\t烏龜迷思大破解\r\n\r\n\t烏龜祕密真多，你知道烏龜是如何縮入殼中的嗎？烏龜縮入殼中的方法還各有不同！烏龜聽得到聲音嗎？牠們的耳朵藏在哪裡？烏龜怎麼交配？烏龜喝不喝水？烏龜怎麼翻身？更多烏龜的私密事，通通能在本書中得到解答。\r\n\r\n\t本書特色\r\n\r\n\t1.臺灣第一本由國內專家與獸醫師共同編排的烏龜飼育圖鑑，兼具實用與知識的分享，滿足各種需求。\r\n\t2.整合臺灣各種與烏龜有關的習俗介紹，包含原住民與烏龜的文化，從日常生活開始認識烏龜\r\n\t3.針對烏龜習性及飼養方式，採用圖文搭配的介紹方式，讓人輕鬆上手。\r\n\t4.匯集各種寵物烏龜圖鑑，每一張照片都值得珍藏與知識性！\r\n\t5.破除養烏龜的迷思，讓養烏龜的新手或是已經有經驗的飼主都能從中學習到更新的知識。\r\n\r\n"}
{"書名":"兩棲特攻隊","書籍網站":"https:\/\/www.kingstone.com.tw\/\/basic\/2013880036425?zone=book&lid=book_class3_ehh&actid=book_class3_ehh","作者":"施信鋒","出版社":"天下文化  ","ISBN":9789862167755.0,"圖片網址":"https:\/\/cdn.kingstone.com.tw\/book\/images\/product\/20138\/2013880036425\/2013880036425b.jpg","書籍簡介":"\r\n\r\n台灣的兩棲類包括各種蛙類及山椒魚，目前確認的紀錄種共有38種，奇特的生活型態讓兩棲類在生物世界獨樹一格，成功橫跨了水與陸地的兩個世界。作者常年記錄台灣兩棲類的生態，拍攝了許多難得一見的畫面和行為，從蛙卵、蝌蚪到求偶行為、夜間交響樂等珍貴過程，一應俱全，同時也提供最實用的38種台灣兩棲類簡易鑑別圖鑑。\r\n                    \r\n"}
{"書名":"吃恐龍的史前巨蛙：61場驚心動魄的生存競爭","書籍網站":"https:\/\/www.kingstone.com.tw\/\/basic\/2013800027946?zone=book&lid=book_class3_ehh&actid=book_class3_ehh","作者":"劉易斯．史密斯","出版社":"大石國際  ","ISBN":9789868692756.0,"圖片網址":"https:\/\/cdn.kingstone.com.tw\/book\/images\/product\/20138\/2013800027946\/2013800027946b.jpg","書籍簡介":"\r\n\r\n在已經絕滅消失的物種背後，有著錯綜複雜的故事，每個故事都是場驚心動魄的生存競爭，不是你死，就是我亡。科學家對遠古生物所做的最新研究，不只讓我們逐漸認識那些物種存活當時的世界，也告訴我們牠們為了克服挑戰而演化出的特徵與行為，以及導致牠們消失的最終原因。史前有巨蛙能夠一口吞下小恐龍？劍齒虎原來是成群結伴，而不是獨來獨往？在史前海洋中有恐怖怪獸，能夠直接撂倒鯨魚？有牙齒的鵝媽媽是什麼樣的動物？達爾文的失落環節又在哪裡？這些都是當年曾經主宰地球的掠食者，但牠們具有的利器卻無法讓牠們生存到今天。現在是我們對這些地球生物興趣最濃厚的時候，卻也正是許多物種危急存亡的關鍵時刻。因為人類的行為－不論是直接或是間接─都影響了生物的現在與未來。我們的旅遊會害死蝴蝶、為了滿足口腹之慾，有許多物種消失。人類的食衣住行育樂，成為生物絕滅的最大原因。那麼，我們也得負起責任、從事保育工作！本書特色本系列書籍榮獲2010美國獨立出版人協會銀牌獎從天文學到動物學，【科學輕鬆讀】系列收集了最迷人的科學新發現。透過簡單的文字與豐富的圖片，讓您上知天文下知地理、輕輕鬆鬆成為科學達人！《吃恐龍的史前巨蛙》收錄61場驚心動魄的生存競爭，從入侵物種、已消失的古代生物、到面臨滅絕威脅的現生物種，以及人類為保育而努力的成果。劉易斯．史密斯用生花妙筆搭配珍貴影像完成的這本書，不只引爆想像力，也絕對會擄獲讀者的心！\r\n                    \r\n"}
{"書名":"輕輕鬆鬆養烏龜：68個飼養小常識","書籍網站":"https:\/\/www.kingstone.com.tw\/\/basic\/2013880036395?zone=book&lid=book_class3_ehh&actid=book_class3_ehh","作者":"迷你寵物俱樂部","出版社":"漢宇國際  ","ISBN":9789862282359.0,"圖片網址":"https:\/\/cdn.kingstone.com.tw\/book\/images\/product\/20138\/2013880036395\/2013880036395b.jpg","書籍簡介":"\r\n\r\n你也是愛龜一族嗎？什麼樣的烏龜適合你呢？本書詳細介紹34種可愛的人氣烏龜，從挑選烏龜到住家佈置，完整的飼養介紹，讓你家的烏龜寶貝舒適、健康的成長。養烏龜一點都不難烏龜真的很好養，本書收集了各種飼養烏龜的詳細資訊：健康飼養烏龜的重點、舒適的飼養環境佈置、烏龜疾病的處理方法…等，無論你是剛迷上烏龜的飼養新手還是已經和烏龜親密生活多年的烏龜迷，跟著這些訣竅做，就可以和烏龜快樂的生活。本書有68個不可不知飼養小訣竅，讓你的烏龜健康、舒適的長大，只要好好地照顧，烏龜是相當長壽的動物，可以成為一生的好朋友，內容配合輕鬆逗趣的漫畫，飼養烏龜簡單易懂，一起進入烏龜的悠哉世界吧！本書特色本書是一群喜愛寵物的專家組織將多年的經驗彙整，詳細介紹世界各地的人氣烏龜種類；並且收集了68個不可不知的烏龜飼養小常識，從挑選烏龜、健康飼養、舒適的環境佈置到烏龜的疾病處理一應俱全，是你不可錯過的一本好書。\r\n                    \r\n"}
{"書名":"綠蠵龜","書籍網站":"https:\/\/www.kingstone.com.tw\/\/basic\/2013880035923?zone=book&lid=book_class3_ehh&actid=book_class3_ehh","作者":"程一駿","出版社":"晨星      ","ISBN":9789861772905.0,"圖片網址":"https:\/\/cdn.kingstone.com.tw\/book\/images\/product\/20138\/2013880035923\/2013880035923b.jpg","書籍簡介":"\r\n\r\n台灣第一本海龜專書科普書。藉由海龜專家程一駿教授執筆，以多年對綠蠵龜的研究、保育經驗，從全球觀點介紹世界的海龜、以台灣的研究經驗介紹綠蠵龜在台灣的生態與生活史，與以在地的台灣文化介紹台灣人民與綠蠵龜（海龜）的特殊關係與保育演進。想知道即將消失的史前生物──綠蠵龜，如何洄游千里找到回家的路嗎？翻開本書就知道！◎綠蠵龜洄游的祕密大公開綠蠵龜在海中悠游百年，洄游大海數千萬公里，牠可以在海中生活20-30年後再度回到出生的地方，也有著科學家尚未解答的「迷失的歲月」，綠蠵龜還有什麼奇特之處與等待解答的謎題，帶您一探究竟。 ◎台灣即將消失的史前生物──綠蠵龜綠蠵龜長年在台灣恆春半島的東岸、澎湖、蘭嶼都有上岸產卵的紀錄，但近年卻僅有數十隻甚至個位數的上岸個體，是誰謀殺了綠蠵龜？！本書特色1.本書為台灣第一本海龜專書科普書。2.由台灣研究海龜第一人的專家——程一駿教授執筆，完整介紹台灣海龜的生態背景與綠蠵龜的保育過程，內容足以比擬生態紀錄片。\r\n                    \r\n"}
{"書名":"青蛙不喝水？蛇類瞎了眼！──51個你不知道的兩棲爬蟲新常識","書籍網站":"https:\/\/www.kingstone.com.tw\/\/basic\/2013880033929?zone=book&lid=book_class3_ehh&actid=book_class3_ehh","作者":"星雄一三雄","出版社":"晨星      ","ISBN":9789861772998.0,"圖片網址":"https:\/\/cdn.kingstone.com.tw\/book\/images\/product\/20138\/2013880033929\/2013880033929b.jpg","書籍簡介":"\r\n\r\n原來！兩棲爬蟲這麼可愛 ~青蛙為什麼呱呱叫？蜥蜴如何斷尾求生？溫度如何決定爬蟲的性別？變色龍如何變色？......兩棲爬蟲類是脊椎動物從水域走向陸域的演化實證，在牠們身上你可以發現牠們獨特的身體構造與特殊的行為。本書以珍貴的照片與生動的插圖介紹兩棲爬蟲的基本知識，告訴你如何分辨兩棲、爬蟲類，並告訴你這看似奇怪多樣生物的大不可思議。想要知道青蛙如何育幼、變色龍如何變色嗎？51個兩棲爬蟲常識馬上告訴你。本書以淺顯易懂的角度、搭配插圖詳細解說兩棲爬蟲類的分類、各種特色與特殊的生態習性，讓讀者可以從中獲取兩棲爬蟲的基本知識，甚至因而喜歡上他們。\r\n\r\n"}
{"書名":"和青蛙做朋友","書籍網站":"https:\/\/www.kingstone.com.tw\/\/basic\/2013880031475?zone=book&lid=book_class3_ehh&actid=book_class3_ehh","作者":"吳立萍","出版社":"人人      ","ISBN":9789867112590.0,"圖片網址":"https:\/\/cdn.kingstone.com.tw\/book\/images\/product\/20138\/2013880031475\/2013880031475b.jpg","書籍簡介":"\r\n\r\n提起青蛙，你是想到披著一身綠外衣、有一雙圓圓凸眼的可愛大眼蛙？還是全身長滿疙瘩、其貌不揚的田雞？沒錯！牠們都是青蛙，不管是綠的、灰的或褐色的，大家都習慣統稱牠們為「青」蛙，就連俗稱癩蛤蟆的蟾蜍，也都是蛙類家族的一員。 在以往的農業社會中，青蛙是池塘、溪溝、田間最常見的動物，還會幫助農民除掉田裡的害蟲；每當夜幕低垂，此起彼落的蛙鳴聲，更是伴隨人們入眠的自然交響樂。但在現代工商社會中，由於人類的建設擴張太快，許多環境不再適合蛙類生存，想在夜裡傾聽蛙鳴或一窺牠們的真容，不像以往這麼容易。 人類常在不經意間破壞了青蛙的棲地，也會刻意傷害牠們的族群，濫捕、非法飼養之事時有所聞。如果你真的愛蛙，希望擁有一處和蛙兒共有的祕密境地，不需要綁架牠們，只要了解牠們的生活習性，不管在山林野溪，或在人類聚落中的池塘、水田及小溪溝裡，甚至只是在菜園裡放個水桶，都可以輕而易舉地觀察到這群小生物，以及聆聽牠們為延續族群生命所唱出的悅耳歌聲。 作者在自序中寫到，這是一本將賞蛙經驗及感動與讀者分享的書，希望藉此吸引更多人喜歡青蛙，進而知道如何不破壞牠們的棲地，使牠們年年繁衍，人們隨時有蛙可賞，那麼，擁有一處只有自己和蛙兒知道的祕密境地，也就不是什麼困難的事了。 \r\n\r\n"}
{"書名":"青蛙巫婆－動物魔法廚房","書籍網站":"https:\/\/www.kingstone.com.tw\/\/basic\/2013830012073?zone=book&lid=book_class3_ehh&actid=book_class3_ehh","作者":"張東君","出版社":"遠流      ","ISBN":9789573261001.0,"圖片網址":"https:\/\/cdn.kingstone.com.tw\/book\/images\/product\/20138\/2013830012073\/2013830012073b.jpg","書籍簡介":"\r\n\r\n本書特色 鳥類學家劉小如博士、科學人總編輯李家維教授、親子專欄作家傅娟小姐 ◎好評推薦 大家在看故事書時，不是很常看見巫婆站在一個大鍋前面熬煮什麼怪東西嗎？誰曉得鍋裡煮的是救人的萬靈藥，還是能夠把王子變青蛙、南瓜變馬車的魔藥呢？所有的解答，都存乎巫婆的一心。而以「吃」來加深記憶、用「五官六感」來學習動物知識的魔法廚房，應該可以說是青蛙巫婆熱愛動物的極致展現吧！《動物魔法廚房》的食譜靈感來源千奇百怪，故事勁爆搞笑，但卻是隱藏著許多不為人知的動物觀察祕辛。要體驗靈長類專用的猴米糕口感嗎？想知道怎樣揭發偷吃鴨子飼料的紅鶴犯人？如何製造讓刺蝟為之瘋狂的健康跑步機呢？……只要照著這本巫婆祕笈調製，這些困惑保證會迎刃而解囉！ PART 1 動物吃吃喝喝 愛動物，就想和動物同化、一起吃喝。 最快的方法，是和牠們「共食」！？ 怎麼吃得好又吃得巧，可是一門大學問喔！ PART 2 動物沒事找事 動物和人都一樣， 一旦茶來伸手、飯來張口的日子過久了， 每天吃飽飽沒事做可能會代誌大條…… PART 3 動物五花八門 熟悉動物的叫聲、氣味、排遺， 可是解讀動物的身體密碼、行為暗號的最佳方法。 當然，偶爾也會有誤解或意外…… \r\n\r\n"}
{"書名":"台灣賞蛙記","書籍網站":"https:\/\/www.kingstone.com.tw\/\/basic\/2013880030263?zone=book&lid=book_class3_ehh&actid=book_class3_ehh","作者":"潘智敏","出版社":"天下文化  ","ISBN":9789864178971.0,"圖片網址":"https:\/\/cdn.kingstone.com.tw\/book\/images\/product\/20138\/2013880030263\/2013880030263b.jpg","書籍簡介":"\r\n\r\n輕鬆拜訪生動逗趣的青蛙花園由於蛙類的生動逗趣，我們希望用最輕鬆的方式，讓老少讀者都能歡欣進入青蛙世界。這是一本充滿視覺享受與生態知性的書，它不僅具有賞心悅目的閱讀效果，更設計了野外實用的觀察功能--「等比例的蛙類圖鑑」及「棲地尋蛙指南」。在350張攝影的精彩解說下，相信你將更熟悉台灣這塊土地上的青蛙花園。本書主要內容與特色：◆ 欣賞【蛙之美】蛙一定有什麼令人著迷的奇特魅力，才能成為兩棲動物中最普遍受歡迎的小可愛。透過攝影家的鏡頭，我們來一一欣賞牠獨特的外型，分解牠逗趣的動作，檢視牠每一個與眾不同的感覺器官--牠的眼睛、鼻子、耳朵、皮膚與鳴囊。這絕對是你第一次如此清晰、貼近地欣賞蛙之美。◆ 瞭解【蛙之生】雄蛙緊緊抱住雌蛙，正式展開求偶的熱烈儀式…，那些在體外完成受精的卵慢慢形成蝌蚪的雛形…，最後爬上陸地變態成蛙。蛙的一生都與水發生關係，牠們如何獵食？如何面對天敵？有什麼防衛求生的本能？如何維持皮膚的濕潤？蛙之生像戲劇一般，兩棲生活更增加神秘色彩，本章獵取許多難得的鏡頭，讓你一窺蛙的私生活，瞭解蛙之生的繁複有趣。◆ 成為【賞蛙探險家】如何在野外進行賞蛙活動？如何找到青蛙藏匿的地點？如何找尋蝌蚪與卵粒？如何分辨蛙聲、分辨雌蛙與雄蛙？……要成為賞蛙探險家，必須具備野外觀察能力，本章提供作者多年的野外經驗，並且精心製作「棲地尋蛙指南」，讓你成為知識廣博的賞蛙探險家。◆ 進入台灣【賞蛙歲時記】台灣30種蛙類家譜圖，在本章節中以1比1、實物大的方式完整呈現；並且依成蛙主要的繁殖期安排在春夏秋冬不同的歲時登場。因此，當你歷經「春季賞蛙」、「夏季賞蛙」、「秋季賞蛙」、「冬季賞蛙」的行腳，也就看盡了台灣30種蛙類的全貌，不論是牠們的外型特徵，或是棲息環境、生活形態，在精彩的圖片引導下，台灣的蛙兒，你絕不再陌生。◆ 在自家庭院、陽台【創造青蛙花園】如何布置青蛙溫馨的家？用什麼食物照顧青蛙與蝌蚪？本章特別推薦給想親手DIY一個青蛙花園的讀者，透過親自飼養的經驗，不僅更瞭解蛙的生活，還能經常聆聽青蛙美妙的大合唱！\r\n                    \r\n"}
{"書名":"烏龜的輕鬆飼養竅門","書籍網站":"https:\/\/www.kingstone.com.tw\/\/basic\/2014370102804?zone=book&lid=book_class3_ehh&actid=book_class3_ehh","作者":"迷你寵物俱","出版社":"漢宇國際  ","ISBN":9789867046260.0,"圖片網址":"https:\/\/cdn.kingstone.com.tw\/book\/images\/product\/20143\/2014370102804\/2014370102804b.jpg","書籍簡介":"\r\n\r\n詳細介紹大家都認識的綠龜、金錢龜，還有悠哉的陸龜……等人氣相當旺的烏龜種類。從舒適的住家到照顧方法、飼養方法，本書有『68項』飼養烏龜不可不知的小常識，讓烏龜們的魅力發揮得淋漓盡致。本書特色本書的精心取材，收集了各種飼養烏龜的資訊。不管是對剛剛產生「我也要養烏龜」想法的新手，還是「已經和烏龜親密生活多年」的烏龜迷，都將是你們不可錯過的一本書喔!\r\n\r\n"}
{"書名":"青蛙大浩劫","書籍網站":"https:\/\/www.kingstone.com.tw\/\/basic\/2013880027850?zone=book&lid=book_class3_ehh&actid=book_class3_ehh","作者":"威廉．邵","出版社":"經典傳訊  ","ISBN":9789574764136.0,"圖片網址":"https:\/\/cdn.kingstone.com.tw\/book\/images\/product\/20138\/2013880027850\/2013880027850b.jpg","書籍簡介":"\r\n\r\n美國有畸形蛙，台灣有秘雕魚生命的精巧設計已運行百萬年，如今為何會失靈？按時序變遷的生態週期，會不會被人造的環境和化學物質打亂？青蛙已遇大浩劫，下一個要遭殃的該是誰？問題究竟出在哪？又該如何解決？1995年夏，一群學生發現池塘裡的青蛙出現畸形。他們很快就了解這事非同小可，一定是水裡有什麼化學物質造成蛙類的大浩劫，再說這種可怕的事既然已有先例，說不定連人類也會受到波及。這幾條推論其實並不複雜，可是各種官僚和科學研究部門耗費好幾年工夫，卻遲遲不敢承認這個顯而易見的事實……跟著本書作者深入第一現場，你將會清楚看見這團人造迷霧中的駭人真相。\r\n                    \r\n"}
{"書名":"賞蛙呱呱叫（精）","書籍網站":"https:\/\/www.kingstone.com.tw\/\/basic\/2023880026661?zone=book&lid=book_class3_ehh&actid=book_class3_ehh","作者":"楊懿如","出版社":"聯經      ","ISBN":9789570826630.0,"圖片網址":"https:\/\/cdn.kingstone.com.tw\/book\/images\/product\/20238\/2023880026661\/2023880026661b.jpg","書籍簡介":"\r\n\r\n台灣蛙類有31種，從海平面到三千公尺都能發現牠們的蹤跡，棲息的環境也非常多樣，包括都市、稻田、平原、池塘、森林、溪流等，容易觀察及接近，是最佳的保育教育教材。\r\n　　而蛙類成體用皮膚呼吸，蝌蚪在水中生活，都直接與自然環境接觸，也迅速反應各種環境變化，是環境監測的利器。因此不論在生態教學還是自然體驗活動，蛙類都是深受歡迎的小動物。　　\r\n　　蛙類雖然容易親近，也不難辨認，但牠們在夜間活動，體型小又善於躲藏，因此要找到牠們，也得花一番功夫，這時候經驗就很重要了。而「賞蛙呱呱叫」這本書，就是要帶領讀者，跟著有十幾年賞蛙經驗的青蛙公主楊懿如的筆、青蛙王子李鵬翔的鏡頭，一起觀察台灣的蛙類。\r\n　　 　　如果您是賞蛙新手，閱讀「賞蛙呱呱叫」將是您深入認識台灣蛙類的一個很好的機會。希望您耐心的從頭閱讀，從了解蛙類的一般習性開始，然後您會發現，蛙類這群小動物，和您想像的不太一樣。以青蛙下蛋來說，除了像粉圓冰之外，居然還有像棉花糖及珍珠奶茶。　　\r\n　　賞蛙就是要到野外，所以「賞蛙呱呱叫」在編排上，盡量讓您有身歷其境的野外感覺。先從我們所熟悉的蟾蜍開始，然後觀察樹林裡的小精靈，跟著青蛙公主走入學術調查的領域，看看研究到底是怎麼一回事。\r\n　　之後瞧瞧溪流裡有哪些蛙類，看看牠們在忙些什麼，有哪些小秘密。而平地常見的蛙類，則是介紹善於跳躍的赤蛙家族及小頭銳面的狹口蛙家族，牠們都是捉迷藏高手，常常聽得到聲音卻看不到蹤影，讓賞蛙人不甘心。\r\n　　海島蛙類談台灣蛙類哪裡來，台灣能有如此多采多姿的蛙類世界，決不是一件偶然的事，所以更需要我們的珍惜與保育。而保育蛙類的理想，是全書所有文章共同之處。最後青蛙公主談青蛙漫談一些有趣的野外經驗，相信會引起許多賞蛙人的共鳴。　　\r\n　　這本書雖然以賞蛙的故事為主，但也是一本小圖鑑，賞蛙小秘訣及台灣蛙類快速鑑定，將幫助您找尋及辨認台灣的31種蛙類。　　\r\n　　您想賞蛙嗎？請跟著《賞蛙呱呱叫》走吧！ \r\n\r\n"}
{"書名":"台灣賞蛙記","書籍網站":"https:\/\/www.kingstone.com.tw\/\/basic\/2013880023272?zone=book&lid=book_class3_ehh&actid=book_class3_ehh","作者":"潘智敏","出版社":"大樹      ","ISBN":9789578792555.0,"圖片網址":"https:\/\/cdn.kingstone.com.tw\/book\/images\/product\/20138\/2013880023272\/2013880023272b.jpg","書籍簡介":"\r\n\r\n◆ 欣賞【蛙之美】 \r\n蛙一定有什麼令人著迷的奇特魅力，才能成為兩棲動物中最普遍受歡迎的小可愛。透過攝影家的鏡頭，我們來一一欣賞牠獨特的外型，分解牠逗趣的動作，檢視牠每一個與眾不同的感覺器官--牠的眼睛、鼻子、耳朵、皮膚與鳴囊。這絕對是你第一次如此清晰、貼近地欣賞蛙之美。 \r\n◆ 瞭解【蛙之生】 \r\n雄蛙緊緊抱住雌蛙，正式展開求偶的熱烈儀式…，那些在體外完成受精的卵慢慢形成蝌蚪的雛形…，最後爬上陸地變態成蛙。蛙的一生都與水發生關係，牠們如何獵食？如何面對天敵？有什麼防衛求生的本能？如何維持皮膚的濕潤？蛙之生像戲劇一般，兩棲生活更增加神秘色彩，本章獵取許多難得的鏡頭，讓你一窺蛙的私生活，瞭解蛙之生的繁複有趣。 \r\n◆ 成為【賞蛙探險家】 \r\n如何在野外進行賞蛙活動？如何找到青蛙藏匿的地點？如何找尋蝌蚪與卵粒？如何分辨蛙聲、分辨雌蛙與雄蛙？……要成為賞蛙探險家，必須具備野外觀察能力，本章提供作者多年的野外經驗，並且精心製作「棲地尋蛙指南」，讓你成為知識廣博的賞蛙探險家。 \r\n◆ 進入台灣【賞蛙歲時記】 \r\n台灣30種蛙類家譜圖，在本章節中以1比1、實物大的方式完整呈現；並且依成蛙主要的繁殖期安排在春夏秋冬不同的歲時登場。因此，當你歷經「春季賞蛙」、「夏季賞蛙」、「秋季賞蛙」、「冬季賞蛙」的行腳，也就看盡了台灣30種蛙類的全貌，不論是牠們的外型特徵，或是棲息環境、生活形態，在精彩的圖片引導下，台灣的蛙兒，你絕不再陌生。 \r\n◆ 在自家庭院、陽台【創造青蛙花園】 \r\n如何布置青蛙溫馨的家？用什麼食物照顧青蛙與蝌蚪？本章特別推薦給想親手DIY一個青蛙花園的讀者，透過親自飼養的經驗，不僅更瞭解蛙的生活，還能經常聆聽青蛙美妙的大合唱！ \r\n\r\n"}
{"書名":"賞蛙圖鑑","書籍網站":"https:\/\/www.kingstone.com.tw\/\/basic\/2013880021698?zone=book&lid=book_class3_ehh&actid=book_class3_ehh","作者":"楊懿如","出版社":"自然與生態","ISBN":9789579894012.0,"圖片網址":"https:\/\/cdn.kingstone.com.tw\/book\/images\/product\/20138\/2013880021698\/2013880021698b.jpg","書籍簡介":"0"}
{"書名":"小青蛙系列","書籍網站":"https:\/\/www.kingstone.com.tw\/\/basic\/2013080078805?zone=book&lid=book_class3_ehh&actid=book_class3_ehh","作者":"智茂      ","出版社":"停售","ISBN":null,"圖片網址":"https:\/\/cdn.kingstone.com.tw\/book\/images\/product\/20130\/2013080078805\/2013080078805b.jpg","書籍簡介":"0"}
{"書名":"青蛙和蟾蜍","書籍網站":"https:\/\/www.kingstone.com.tw\/\/basic\/2023080021909?zone=book&lid=book_class3_ehh&actid=book_class3_ehh","作者":"圖文      ","出版社":"停售","ISBN":null,"圖片網址":"https:\/\/cdn.kingstone.com.tw\/book\/images\/product\/20230\/2023080021909\/2023080021909b.jpg","書籍簡介":"0"}
{"書名":"蛙樹蟾","書籍網站":"https:\/\/www.kingstone.com.tw\/\/basic\/2023080024955?zone=book&lid=book_class3_ehh&actid=book_class3_ehh","作者":"夏元瑜","出版社":"美化家庭  ","ISBN":null,"圖片網址":"https:\/\/cdn.kingstone.com.tw\/book\/images\/product\/20230\/2023080024955\/2023080024955b.jpg","書籍簡介":"0"}
{"書名":"彩色自然世界蛙蜻蜓","書籍網站":"https:\/\/www.kingstone.com.tw\/\/basic\/2013080098889?zone=book&lid=book_class3_ehh&actid=book_class3_ehh","作者":"夏元瑜","出版社":"胡氏      ","ISBN":null,"圖片網址":"https:\/\/cdn.kingstone.com.tw\/book\/images\/product\/20130\/2013080098889\/2013080098889b.jpg","書籍簡介":"0"}
{"書名":"蛙樹蟾","書籍網站":"https:\/\/www.kingstone.com.tw\/\/basic\/2013080024932?zone=book&lid=book_class3_ehh&actid=book_class3_ehh","作者":"胡氏      ","出版社":"停售","ISBN":null,"圖片網址":"https:\/\/cdn.kingstone.com.tw\/book\/images\/product\/20130\/2013080024932\/2013080024932b.jpg","書籍簡介":"0"}
