{"書名":"世界第一簡單電磁學","書籍網站":"https:\/\/www.kingstone.com.tw\/\/basic\/2013380009400?zone=book&lid=book_class3_ecd&actid=book_class3_ecd","作者":"遠藤雅守","出版社":"世茂      ","ISBN":9789866097904.0,"圖片網址":"https:\/\/cdn.kingstone.com.tw\/book\/images\/product\/20133\/2013380009400\/2013380009400b.jpg","書籍簡介":"\r\n\r\n磁學之所以被認為是門難懂得學問，不外乎是其含有大量的公式與定律。但本書則是從周遭的現象切入，以漫畫的方式，來說明這些發生在我們日常生活中、隨處可見的電磁學定律與現象。讓學習電磁學變得更簡易、輕鬆。本書特色看漫畫學電磁學！「磁軌砲」是什麼？它是怎麼製作出來的？它能摧毀其他行星？毀滅世界？是世上最終極的武器？！電磁學因為有許多定律與公式，所以常被人認為是門難懂的學問。可是偏偏，電磁學又是理工科系的必修！本書正是為了解決這令人頭痛的問題而生。本書以漫畫形式，講解發生在生活周遭的電磁學現象，包括庫倫定律、馬克士威方程式、勞倫茲力等，希望藉由輕鬆的漫畫、簡易的說明以及實際、具體又切身的範例講解，讓你輕輕鬆鬆學會電磁學！想知道關於電磁學中的所有奧秘嗎？不論你是對電磁學有興趣的初入門者，還是不得不學習電磁學卻不得其門而入的理工科系學生，透過本書漫畫式的講解，相信一定能讓你輕鬆學會電磁學！\r\n                    \r\n"}
{"書名":"圖解電波與光的基礎和運用","書籍網站":"https:\/\/www.kingstone.com.tw\/\/basic\/2013380010819?zone=book&lid=book_class3_ecd&actid=book_class3_ecd","作者":"井上伸雄","出版社":"台灣東販  ","ISBN":9789865110185.0,"圖片網址":"https:\/\/cdn.kingstone.com.tw\/book\/images\/product\/20133\/2013380010819\/2013380010819b.jpg","書籍簡介":"\r\n\r\n\r\n從技術的歷史講起，最適合入門者的一本書！\r\n\r\n\t當今世界可說是由「電波」建構而成。我們的周遭隨處可見電波的存在，如廣播、電視、手機、Wi-fi、藍牙等。與電波同屬電磁波的「光」也一樣。除了照明用的燈光之外，我們也會將光的各種特性應用在我們的日常生活中。\r\n\r\n\t各種「電波與光」的尖端技術支持著現代社會，要瞭解這些技術的原理，就必須學會基礎知識才行。\r\n\r\n\t \r\n\r\n將高中物理的內容簡化，\r\n\r\n一本搞懂「電波與光」的誕生與應用！\r\n\r\n\t本書會盡量擺脫複雜難解的數學公式，結合最新、最切身的具體實例，簡單說明各種生活中的物理現象。\r\n\r\n\t不同於一般教科書將各個理論拆開說明，讓我們從起點「電波的發現」開始，隨著簡潔直白的文字，循序漸進認識這個世界吧！\r\n\r\n\t \r\n\r\n\t \r\n\r\n\t第一章 生活中不可或缺的電波\r\n\r\n\t第二章 電磁波的本質\r\n\r\n\t第三章 電波和光是同樣的東西\r\n\r\n\t第四章 光的各種性質\r\n\r\n\t第五章 接下來是光子學的時代\r\n\r\n"}
{"書名":"觀念物理5電磁學?核物理","書籍網站":"https:\/\/www.kingstone.com.tw\/\/basic\/2015240230689?zone=book&lid=book_class3_ecd&actid=book_class3_ecd","作者":"休伊特","出版社":"天下文化  ","ISBN":9789864795109.0,"圖片網址":"https:\/\/cdn.kingstone.com.tw\/book\/images\/product\/20152\/2015240230689\/2015240230689b.jpg","書籍簡介":"\r\n\r\n\r\n與其每個月花幾千元去補習，\r\n不如一套《觀念物理》寶典在手，妙用無窮！\r\n\r\n\r\n\t大家都知道電磁學與核物理很重要，\r\n\t不只在物理考試中是決定分數高低的關鍵，\r\n\t而且處在這個電子時代、核能時代，\r\n\t若缺少了相關常識，旦夕福禍經常就在一念之間。\r\n\r\n\t可是在物理課堂上，這些知識的傳授總是壓軸演出，\r\n\t學生往往來不及學會多少招式，就匆匆忙忙綁赴考場了；\r\n\t出了考場，只憑還記得的一招半式就這麼闖蕩險惡的江湖……\r\n\t你也是這樣對待決定你人生前途的緊要觀念嗎？\r\n\r\n\t如果你的家教老師告訴你，在核反應中，原子核轉變為能量，\r\n\t你聽到之後，就應該另找一位家教老師才對。為什麼？\r\n\t你看到鳥兒兩腳站在一條幾萬伏特的高壓電線上，\r\n\t卻不會觸電烤焦；而你有時候碰觸到不過110伏特的家用電器，\r\n\t卻被電得哇哇叫。為什麼？\r\n\t如果你知道發電廠並不出售電子，而是要由你自己提供，\r\n\t那你為什麼還要乖乖繳電費？\r\n\t請看這本《觀念物理》第5冊吧！\r\n\r\n"}
{"書名":"費曼物理學講義 II：電磁與物質（共5冊，平裝版）","書籍網站":"https:\/\/www.kingstone.com.tw\/\/basic\/2013300048762?zone=book&lid=book_class3_ecd&actid=book_class3_ecd","作者":"理查．費曼、羅伯．雷頓","出版社":"天下文化  ","ISBN":9789864794362.0,"圖片網址":"https:\/\/cdn.kingstone.com.tw\/book\/images\/product\/20133\/2013300048762\/2013300048762b.jpg","書籍簡介":"\r\n\r\n\r\n費曼留給世人最寶貴的遺產\r\n歷久彌新的跨世紀經典巨獻\r\n\r\n\r\n\t《費曼物理學講義》共有三大卷，\r\n\t展現了最偉大的物理教師——費曼博士的獨到見解，\r\n\t以及縱覽物理學的非凡功力。\r\n\t第 II 卷的主題為電磁與物質，共有5冊。\r\n\r\n\t第 1 冊闡明靜電與高斯定律的觀念與現象：向量場的微積分、靜電學、高斯定律的應用、靜電能量、大氣的電學。\r\n\t第 2 冊解釋介電質、磁與感應定律的觀念：介電質、靜電類比、靜磁學、向量位勢、感應電流與定律。\r\n\t第 3 冊完整介紹馬克士威方程，並涵蓋相關的主題：交流電路、空腔共振器、波導、相對論觀點下的電動力學。\r\n\t第 4 冊著重於電磁場能量動量、折射與反射等相關主題：場能量與場動量、電磁質量、晶體、緻密材料的折射、表面反射。\r\n\t第 5 冊闡釋磁性、彈性與流體等主題：順磁性與反磁性、鐵磁性、彈性學與彈性材料、乾水與濕水之流動、彎曲時空。\r\n\r\n"}
{"書名":"圖解電磁學","書籍網站":"https:\/\/www.kingstone.com.tw\/\/basic\/2013380009950?zone=book&lid=book_class3_ecd&actid=book_class3_ecd","作者":"坤禮、張簡士琨","出版社":"五南      ","ISBN":9789571174235.0,"圖片網址":"https:\/\/cdn.kingstone.com.tw\/book\/images\/product\/20133\/2013380009950\/2013380009950b.jpg","書籍簡介":"\r\n\r\n\r\n 在電機及電子領域中電磁學是一們非常重要的學科，坊間已有許多不同的相關系列問世，但是在深入及廣度的教材上，並沒有看到一套有系列介紹，並且白話的教材存在。此外，對於電磁學而言，相關的教材及專書似乎太過於專門及艱深，使得欲學習此項科目的學生不能夠得心應手的加以學習及了解。因此，本書主要鎖定在此一領域，分成兩大部分：第一部分是針對基本電磁學的重要領域-向量分析，庫倫定律，靜電學，靜磁學及馬克斯威爾方程式，以深入淺出的白話及圖文並貌的說明的方式，將內容加以呈現。第二部份是收集及整合基本電磁學相關的考題，內容從庫倫定律開始，涵蓋了電場、電位、電容、電流、電阻、磁場及電磁力等領域，總共160題，經由作者詳細的加以解析。提供學習者之十地練習之用。完成了一套易懂及具有白話文說明的基本電磁學教學系統，並且更一步發展成電機專業課程的輔助教材。\r\n\r\n本書特色\r\n\r\n 1.輕易理解電磁學的相關理論\r\n 2.簡潔的說明方式能快速的記憶重點\r\n 3.以圖表方式加深記憶\r\n\r\n"}
{"書名":"太陽電池","書籍網站":"https:\/\/www.kingstone.com.tw\/\/basic\/2014480840207?zone=book&lid=book_class3_ecd&actid=book_class3_ecd","作者":"佐藤勝昭","出版社":"瑞昇文化  ","ISBN":9789865957339.0,"圖片網址":"https:\/\/cdn.kingstone.com.tw\/book\/images\/product\/20144\/2014480840207\/2014480840207b.jpg","書籍簡介":"\r\n\r\n未來能源的終極王牌，太陽光發電技術認識半導體是理解太陽電池技術的關鍵，實現低碳社會，高效率化的新興太陽電池科技擺脫對化石燃料、核能的依賴，阻止地球暖化……新興自然能源中最受人期待的是太陽電池。目前的太陽電池，尚無法取代舊有能源，然而在半導體科技的發展下，未來必能製造出效率更高，成本更低，能夠節省能源的太陽電池。為了推廣太陽電池的開發，一本適合普羅大眾閱讀，且富有專業知識的書籍相當重要！ 本書將搭配圖解，循序漸進的解說太陽電池、半導體、以及半導體元件的基礎知識。不論是對環保新能源有興趣的高中生、專科生、大學生，或是需要瞭解能源知識的相關工作者，相信本書一定可以幫助你更瞭解太陽電池。本書特色搭配全彩圖解，專業知識輕鬆學。  認識太陽電池與半導體技術，涵蓋基礎與專業知識。推論太陽電池會往什麼樣的方向進行技術開發，認識太陽電池未來的動向。\r\n                    \r\n"}
{"書名":"圖解簡明電磁學","書籍網站":"https:\/\/www.kingstone.com.tw\/\/basic\/2013380008908?zone=book&lid=book_class3_ecd&actid=book_class3_ecd","作者":"高橋寬","出版社":"建興      ","ISBN":9789578179271.0,"圖片網址":"https:\/\/cdn.kingstone.com.tw\/book\/images\/product\/20133\/2013380008908\/2013380008908b.jpg","書籍簡介":"\r\n\r\n\r\n\t本書內容，藉由第1章「直流電路」說明電路之構成要素及基本概念。第2章「電與磁」帶領大家學習有關電流與磁力線之關係的諸定律。第3章「靜電」探討電容器之性質及基本概念。第4章「交流電路」說明電力之利用。\r\n\r\n"}
{"書名":"電磁學天堂祕笈（2019新版）：輕鬆解析最實用的馬克士威方程式","書籍網站":"https:\/\/www.kingstone.com.tw\/\/basic\/2013380010949?zone=book&lid=book_class3_ecd&actid=book_class3_ecd","作者":"夫雷胥","出版社":"天下文化  ","ISBN":4713510946695.0,"圖片網址":"https:\/\/cdn.kingstone.com.tw\/book\/images\/product\/20133\/2013380010949\/2013380010949b.jpg","書籍簡介":"\r\n\r\n馬克士威方程式是有史以來最具影響力、最實用的方程式，是我們每天都在使用的電子科技產品的基石！「所有電磁學理論的內容，都包含在馬克士威方程式中。」──費曼「馬克士威的理論是自牛頓以來，最出色、最有影響力的理論。」──愛因斯坦「馬克士威電磁方程式……包羅一切光、電的現象，是更高一個層次的美。」──楊振寧在所有名聲響亮的科學方程式當中，馬克士威方程式可說是有史以來最具影響力、最實用的方程式，是我們每天都在使用的電子科技產品的基石。馬克士威方程式包含四道著名的方程式：電場的高斯定律、磁場的高斯定律、法拉第定律、以及安培－馬克士威定律。在這本《電磁學天堂祕笈》裡，每一道方程式都是單獨一章的主題，作者夫雷胥教授用簡單易懂的語言，仔細拆解方程式中每一個符號的物理意義，清晰描述各個方程式的積分形式與微分形式，並且提供解題的範例。你不需要讀過幾百頁的物理教科書或電磁學教科書，就能得到電磁學最主要的觀念。\r\n                    \r\n"}
{"書名":"圖解電磁學","書籍網站":"https:\/\/www.kingstone.com.tw\/\/basic\/2013380009240?zone=book&lid=book_class3_ecd&actid=book_class3_ecd","作者":"溫坤禮","出版社":"五南      ","ISBN":9789571167749.0,"圖片網址":"https:\/\/cdn.kingstone.com.tw\/book\/images\/product\/20133\/2013380009240\/2013380009240b.jpg","書籍簡介":"\r\n\r\n在電機及電子領域中電磁學是一們非常重要的學科，坊間已有許多不同的相關系列問世，但是在深入及廣度的教材上，並沒有看到一套有系列介紹，並且白話的教材存在。此外，對於電磁學而言，相關的教材及專書似乎太過於專門及艱深，使得欲學習此項科目的學生不能夠得心應手的加以學習及了解。因此，本書主要鎖定在此一領域，分成兩大部分：第一部分是針對基本電磁學的重要領域-向量分析，庫倫定律，靜電學，靜磁學及馬克斯威爾方程式，以深入淺出的白話及圖文並貌的說明的方式，將內容加以呈現。第二部份是收集及整合基本電磁學相關的考題，內容從庫倫定律開始，涵蓋了電場、電位、電容、電流、電阻、磁場及電磁力等領域，總共160題，經由作者詳細的加以解析。提供學習者之十地練習之用。完成了一套易懂及具有白話文說明的基本電磁學教學系統，並且更一步發展成電機專業課程的輔助教材。  本書特色1.能夠輕易理解著作權法的相關理論2.用簡潔的說明方式能快速的記憶重點3.以圖表方式來加深記憶  \r\n\r\n"}
{"書名":"電磁學：宏觀電磁學，光學和狹義相對論","書籍網站":"https:\/\/www.kingstone.com.tw\/\/basic\/2014000020935?zone=book&lid=book_class3_ecd&actid=book_class3_ecd","作者":"林清涼","出版社":"五南      ","ISBN":9789571162973.0,"圖片網址":"https:\/\/cdn.kingstone.com.tw\/book\/images\/product\/20140\/2014000020935\/2014000020935b.jpg","書籍簡介":"\r\n\r\n本書具有下列四個特色：一、參照西洋物理學史，簡單介紹一些我們的祖先在物理方面曾經做過的貢獻。二、彰顯物理學本質：「和生活相關的實驗科學」，故盡量從日常生活中切入，敘述歷史淵源及當時背景來逼近問題核心和推導因子。三、展示科學家們如何整理歸納實驗結果或物理現象、創造數學工具和符號的過程，同時以分析方式逐步詳細解析各章節的基本題目，誘導讀者自然體會到科學的嚴謹性，數學和物理的互動性。四、因應生物和電子的二十一世紀，將物理學應用到我們最關心的人體，以加深親近感。\r\n                    \r\n"}
{"書名":"電磁學天堂祕笈：輕鬆解析最實用的馬克士威方程式","書籍網站":"https:\/\/www.kingstone.com.tw\/\/basic\/2013380009080?zone=book&lid=book_class3_ecd&actid=book_class3_ecd","作者":"夫雷胥","出版社":"天下文化  ","ISBN":9789862166208.0,"圖片網址":"https:\/\/cdn.kingstone.com.tw\/book\/images\/product\/20133\/2013380009080\/2013380009080b.jpg","書籍簡介":"\r\n\r\n在所有名聲響亮的科學方程式當中，馬克士威方程式可說是有史以來最具影響力、最實用的方程式，是我們每天都在使用的電子科技產品的基石。馬克士威方程式包含四道著名的方程式：電場的高斯定律、磁場的高斯定律、法拉第定律、以及安培－馬克士威定律。在這本《電磁學天堂祕笈》裡，每一道方程式都是單獨一章的主題，作者夫雷胥教授用簡單易懂的語言，仔細拆解方程式中每一個符號的物理意義，清晰描述各個方程式的積分形式與微分形式，並且提供解題的範例。你不需要讀過幾百頁的物理教科書或電磁學教科書，就能得到電磁學最主要的觀念。\r\n\r\n"}
{"書名":"費曼物理學講義II：電磁與物質(4)電磁場能量動量、折射與反射","書籍網站":"https:\/\/www.kingstone.com.tw\/\/basic\/2023300037956?zone=book&lid=book_class3_ecd&actid=book_class3_ecd","作者":"理查．費曼","出版社":"天下文化  ","ISBN":9789862164761.0,"圖片網址":"https:\/\/cdn.kingstone.com.tw\/book\/images\/product\/20233\/2023300037956\/2023300037956b.jpg","書籍簡介":"\r\n\r\n從化學反應到生命現象，從電力系統、電視廣播、到行動通訊科技，都必須透過電磁學來瞭解，就讓費曼帶領我們探究電磁學的世界。本書的內容囊括：■ 場能量與場動量：場能量守恆與場動量守恆不能分開考慮，因為在相對論中，它們是同一個四維向量方程式的不同面向。■ 晶體：眾多原子以某個特定圖樣，在空間中重複排列。■ 空腔共振器：高頻率下的共振電路，可由場在其中共振的空腔來替代。■ 緻密材料的折射：原子中的電荷除了受到入射波的驅動之外，還受到材料中所有其他原子的輻射波的影響。■ 表面反射：表面反射的振幅純然是一種「表面性質」，完完全全由表面的結構決定，不像折射率是由材料的性質所決定。《費曼物理學講義》共有三大卷，展現了最偉大的物理教師——費曼博士的獨到見解，以及縱覽物理學的非凡功力。第II卷的主題為電磁與物質，共有五冊，第4冊著重於電磁場能量動量、折射與反射等相關主題，例如：場能量與場動量、電磁質量、晶體、緻密材料的折射、表面反射。\r\n                    \r\n"}
{"書名":"費曼物理學講義II：電磁與物質(5)磁性、彈性與流體","書籍網站":"https:\/\/www.kingstone.com.tw\/\/basic\/2023300038038?zone=book&lid=book_class3_ecd&actid=book_class3_ecd","作者":"理查．費曼","出版社":"天下文化  ","ISBN":9789862164778.0,"圖片網址":"https:\/\/cdn.kingstone.com.tw\/book\/images\/product\/20233\/2023300038038\/2023300038038b.jpg","書籍簡介":"\r\n\r\n從化學反應到生命現象，從電力系統、電視廣播、到行動通訊科技，都必須透過電磁學來瞭解，就讓費曼帶領我們探究電磁學的世界。本書的內容涵蓋：■ 順磁性與反磁性：非鐵磁材料的物質，都帶有這種微弱的磁性效應，強度只有鐵磁材料的千分之一至百萬分之一。■ 鐵磁性：對鐵磁材料而言，外加磁場所引發的磁矩非常巨大，這些磁矩所產生的磁場竟然遠遠大於外加磁場。■ 彈性學與彈性材料：提供廣義的彈性理論，及檢視彈性材料內部的一般特性。■ 水與濕水之流動：除了分析不具黏滯性的理想流體（乾水）的問題之外，並探討真實流體（濕水）的行為。■ 彎曲時空：愛因斯坦的重力理論認為，空間與時間必須合併起來構成時空，而此時空在巨大的質量附近是彎曲的。\r\n                    \r\n"}
{"書名":"費曼物理學講義II電磁與物質(3)馬克士威方程","書籍網站":"https:\/\/www.kingstone.com.tw\/\/basic\/2013300037643?zone=book&lid=book_class3_ecd&actid=book_class3_ecd","作者":"理查．費曼","出版社":"天下文化  ","ISBN":9789862164662.0,"圖片網址":"https:\/\/cdn.kingstone.com.tw\/book\/images\/product\/20133\/2013300037643\/2013300037643b.jpg","書籍簡介":"\r\n\r\n從化學反應到生命現象，從電力系統、電視廣播、到行動通訊科技，都必須透過電磁學來瞭解，就讓費曼帶領我們探究電磁學的世界。本書的內容涵蓋■ 馬克士威方程組：提供最完整且正確的理論，讓我們掌握隨時間任意變化的電磁場，並可求出馬克士威方程組在自由空間中及在有電流與電荷時的解。■ 交流電路：先從低頻率下的電路特性著手，進入技術應用性的主題。■ 空腔共振器：高頻率下的共振電路，可由場在其中共振的空腔來替代。■ 波導：電磁能量在高頻率時，如何在兩物體之間有效傳輸？這時候就需要用到波導。■ 相對論觀點下的電動力學：使用四維向量的語言，關於世界的各種方程都可化成簡單的形式，包括馬克士威方程。\r\n\r\n"}
{"書名":"費曼物理學講義II：電磁與物質(1)靜電與高斯定律","書籍網站":"https:\/\/www.kingstone.com.tw\/\/basic\/2013300036431?zone=book&lid=book_class3_ecd&actid=book_class3_ecd","作者":"理查．費曼","出版社":"天下文化  ","ISBN":9789862162309.0,"圖片網址":"https:\/\/cdn.kingstone.com.tw\/book\/images\/product\/20133\/2013300036431\/2013300036431b.jpg","書籍簡介":"\r\n\r\n費曼講課，精采無比費曼是理論物理學家加上馬戲團的吆喝招徠員的一個不可思議的組合。各式各樣的肢體語言與聲效，能用的全給他用上啦！—《紐約時報》當上課鈴一響，費曼就準時開講。每一堂課都是仔細籌劃的一場戲……通常先有一段介紹，然後推演，接下來是高潮，最後是大結局。而他能精準掌握時間，最讓人驚嘆佩服，通常他都能在一小時完畢的那一剎那剛好講完，過早或超過一分鐘以上的狀況極為罕見……但最大的樂趣在於親眼目睹，原來一長串的點子如何推演出來，既清楚易懂又富有格調。—山德士（Matthew Sands），本書作者之一我記得，在我讀加州理工學院的那些年頭，從未有學生在正規課程上課時鼓掌，但我卻記得，在費曼講完課，學生們常會情不自禁的叫好，而且相當常見……—沙特斯懷特（Bill Satterthwaite）從化學反應到生命現象，從電力系統、電視廣播、到行動通訊科技，都必須透過電磁學來瞭解，就讓費曼帶領我們探究電磁學的世界。本書的內容包含：■ 向量場的微積分：不只是在電磁學非常重要，在各個物理領域中也很有用。■ 靜電學：是與時間沒有關係的電學，這裡面的問題比較簡單，然後，我們再來考慮更複雜的問題。■ 高斯定律的應用：高斯定律可以用來解一些具有特別對稱性質的靜電場，而且可以很快求出答案。■ 靜電能量：在靜電學中，能量守恆原理一樣有用，可以幫助我們發現一些有趣的事。■ 大氣的電學：雷雨是如何為地球充電的呢？為什麼閃電總是打在高的物體上？且讓電磁學為你解開其中的奧祕。\r\n                    \r\n"}
{"書名":"費曼物理學講義II：電磁與物質(2)介電質、磁與感應定","書籍網站":"https:\/\/www.kingstone.com.tw\/\/basic\/2013300036561?zone=book&lid=book_class3_ecd&actid=book_class3_ecd","作者":"理查．費曼","出版社":"天下文化  ","ISBN":9789862162316.0,"圖片網址":"https:\/\/cdn.kingstone.com.tw\/book\/images\/product\/20133\/2013300036561\/2013300036561b.jpg","書籍簡介":"\r\n\r\n從化學反應到生命現象，從電力系統、電視廣播、到行動通訊科技，都必須透過電磁學來瞭解，就讓費曼帶領我們探究電磁學的世界。．介電質：絕緣的介電質，為什麼能引發電效應？如何從原子的觀點來解釋介電常數的起源？．靜電類比：許多物理問題的方程式都有相同的形式，我們可以把靜電學的知識運用在其他領域上。．靜磁學：這個主題若改稱為「穩定電流的磁場研究」會更加恰當，畢竟總得有電流，才能得到磁場。．向量位勢：可以用來解磁場與電流之間的基本方程式。然而它是真實的場嗎？或只是有用的數學工具？．感應電流與定律：描述感應電流現象所導致的發明：電動機、發電機、變壓器等，並討論支配這些效應的基本原理。《費曼物理學講義》共有三大卷，展現了最偉大的物理教師——費曼博士的獨到見解，以及縱覽物理學的非凡功力。第II卷的主題為電磁與物質，共有五冊，第2冊解釋介電質、磁與感應定律的觀念，包括：介電質、靜電類比、靜磁學、向量位勢、感應電流與定律。\r\n                    \r\n"}
{"書名":"電的故事","書籍網站":"https:\/\/www.kingstone.com.tw\/\/basic\/2023080233012?zone=book&lid=book_class3_ecd&actid=book_class3_ecd","作者":"派克","出版社":"貓頭鷹    ","ISBN":9789867415837.0,"圖片網址":"https:\/\/cdn.kingstone.com.tw\/book\/images\/product\/20230\/2023080233012\/2023080233012b.jpg","書籍簡介":"\r\n\r\n你知道鯊魚獵食靠的就是電嗎？從前查電表的方法竟然是取出銅片來秤重？為什麼電視螢光幕總是很快就滿布灰塵？目擊者百科《電的故事》要帶你了解發現電的過程和影響文明生活的各種科技應用，包括： ．什麼是電荷、電阻、電流 ．應用廣泛的電磁鐵 ．最早的電燈 ．貝爾發明的第一具電話 ．摩斯電碼改變資訊的傳播 ．古怪的電療法 《電的故事》讓你目擊各種珍貴的古董科學儀器，用各種角度認識電的強大威力，從科學、歷史、科技到醫學，還有更多更多！ 與英國倫敦科學博物館合作出版的《電的故事》，是「目擊者百科」系列的第十七本，目擊者百科是英國DK出版社的代表作，有 三大特色： ‧單一主題、多種角度 目擊者百科把百科全書裡的條目獨立成冊，旁徵博引，用歷史、科學、文化等各種面向探討一個主題，你可以在書的每個小角落裡獲得驚喜小知識。 ‧圖片精彩、內容深入淺出 四百張彩色圖片，張張讓你身歷其境、現場目擊，有百科全書的深度，沒有百科全書的單調乏味，再專業的知識也能愉快學習。 ‧主題包羅萬象，學習永不停止 目擊者百科系列包羅萬象，涵蓋人文、地理、歷史、科學，每年還會出版更多主題，無限擴充你的知識寶庫。 現在就開始蒐集，建立你專屬的一套目擊者百科！ ◎目擊者百科行銷全球八十八個國家，四十一種語言版本的總銷量已經超過五千萬冊 ◎至今累積一百三十幾種書目，是英國DK出版社最重要、最成功的書系 ◎彩色實物照片取自各國博物館、珍貴私人收藏或深入野外拍攝，最具視覺震撼力 ◎小野、何傳坤、李家同、林良、金惟純、孫大偉、孫維新、徐薇、郝廣才、張大春、黃光男、溫小平、葉李華、詹宏志、漢寶德等愛書人熱情推薦 ◎國外媒體好評推薦\r\n                    \r\n"}
{"書名":"電磁學－宏觀電磁學.光學和狹義相對論（","書籍網站":"https:\/\/www.kingstone.com.tw\/\/basic\/2013380008748?zone=book&lid=book_class3_ecd&actid=book_class3_ecd","作者":"林清涼","出版社":"五南      ","ISBN":9789571135892.0,"圖片網址":"https:\/\/cdn.kingstone.com.tw\/book\/images\/product\/20133\/2013380008748\/2013380008748b.jpg","書籍簡介":"\r\n\r\n本書具有下列四個特色：（一）參照西洋物理學史，簡單地介紹一些我們的祖先在物理方面曾經做過的貢獻：（二）彰顯物理學的本質：「和生活相關的實驗科學」，故盡量從日常生活中切入，敘述歷史淵源及當時背景來逼近問題核心和推導式子：（三）展示科學家們如何整理歸納實驗結果或物理現象、創造數學工具和符號的過程，同時以分析方式逐步地詳細解析各章節的基本題目，誘導讀者自然地體會到科學的嚴謹性，數學和物理的互動性：（四）因應生物和電子的二十一世紀，將物理學盡量應用到我們最關心的人體，以加深親近感。\r\n                    \r\n"}
{"書名":"無所不在的磁：粒子磁矩與個體磁性","書籍網站":"https:\/\/www.kingstone.com.tw\/\/basic\/2013380008618?zone=book&lid=book_class3_ecd&actid=book_class3_ecd","作者":"李國棟","出版社":"世潮      ","ISBN":9789577766953.0,"圖片網址":"https:\/\/cdn.kingstone.com.tw\/book\/images\/product\/20133\/2013380008618\/2013380008618b.jpg","書籍簡介":"\r\n\r\n透過現代科學的多方面研究發現，近至我們的身體、周圍的生物和我們居住的地球，遠至月球、太陽、各種天體和宇宙空間，所有構成它們的物質都具有或弱或強的磁性；不論遠近的空間，都存在或低或高的磁場。因而可以說，磁是普遍存在的，我們是生活在磁的世界裡。20世紀有關磁的大事記，本書中有充分說明與釋疑。\r\n                    \r\n"}
{"書名":"天才博士的電磁學探險","書籍網站":"https:\/\/www.kingstone.com.tw\/\/basic\/2013380008328?zone=book&lid=book_class3_ecd&actid=book_class3_ecd","作者":"飯野睦毅","出版社":"世茂      ","ISBN":9789577765420.0,"圖片網址":"https:\/\/cdn.kingstone.com.tw\/book\/images\/product\/20133\/2013380008328\/2013380008328b.jpg","書籍簡介":"\r\n\r\n健一和太一是一對對自然科學非常好奇且有濃厚興趣的兄弟，藉由他們在夢中與天才博士的相遇，帶領我們探索電與磁之間不可思議卻又饒富趣味的關係。書中用語淺顯，明白曉暢，又以詼諧可愛的漫畫方式呈現，更能讓讀者輕鬆吸收，享受一趟奇妙的電磁學之旅。\r\n                    \r\n"}
{"書名":"EMC的基礎和實踐","書籍網站":"https:\/\/www.kingstone.com.tw\/\/basic\/2013000059389?zone=book&lid=book_class3_ecd&actid=book_class3_ecd","作者":"卓聖鵬","出版社":"全華      ","ISBN":9789572122587.0,"圖片網址":"https:\/\/cdn.kingstone.com.tw\/book\/images\/product\/20130\/2013000059389\/2013000059389b.jpg","書籍簡介":"0"}
{"書名":"交換式電源手冊","書籍網站":"https:\/\/www.kingstone.com.tw\/\/basic\/2013000043630?zone=book&lid=book_class3_ecd&actid=book_class3_ecd","作者":"鄭振東","出版社":"全華      ","ISBN":9789572132524.0,"圖片網址":"https:\/\/cdn.kingstone.com.tw\/book\/images\/product\/20130\/2013000043630\/2013000043630b.jpg","書籍簡介":"0"}
{"書名":"電磁干擾防制與量測（修訂版）","書籍網站":"https:\/\/www.kingstone.com.tw\/\/basic\/2013000045924?zone=book&lid=book_class3_ecd&actid=book_class3_ecd","作者":"董光天","出版社":"全華      ","ISBN":9789572136935.0,"圖片網址":"https:\/\/cdn.kingstone.com.tw\/book\/images\/product\/20130\/2013000045924\/2013000045924b.jpg","書籍簡介":"0"}
{"書名":"詳解EMC觀念與對策","書籍網站":"https:\/\/www.kingstone.com.tw\/\/basic\/2013000046136?zone=book&lid=book_class3_ecd&actid=book_class3_ecd","作者":"李世興","出版社":"全華      ","ISBN":9789572134382.0,"圖片網址":"https:\/\/cdn.kingstone.com.tw\/book\/images\/product\/20130\/2013000046136\/2013000046136b.jpg","書籍簡介":"0"}
{"書名":"交換式電源設計入門","書籍網站":"https:\/\/www.kingstone.com.tw\/\/basic\/2013000037271?zone=book&lid=book_class3_ecd&actid=book_class3_ecd","作者":"白中和","出版社":"全華      ","ISBN":9789572129364.0,"圖片網址":"https:\/\/cdn.kingstone.com.tw\/book\/images\/product\/20130\/2013000037271\/2013000037271b.jpg","書籍簡介":"0"}
{"書名":"交換式穩壓電源的高諧波干擾對策","書籍網站":"https:\/\/www.kingstone.com.tw\/\/basic\/2013000039305?zone=book&lid=book_class3_ecd&actid=book_class3_ecd","作者":"鄭振東","出版社":"全華      ","ISBN":9789572134184.0,"圖片網址":"https:\/\/cdn.kingstone.com.tw\/book\/images\/product\/20130\/2013000039305\/2013000039305b.jpg","書籍簡介":"0"}
{"書名":"濾波器分析與設計","書籍網站":"https:\/\/www.kingstone.com.tw\/\/basic\/2013000027944?zone=book&lid=book_class3_ecd&actid=book_class3_ecd","作者":"何中庸","出版社":"全華      ","ISBN":9789572124802.0,"圖片網址":"https:\/\/cdn.kingstone.com.tw\/book\/images\/product\/20130\/2013000027944\/2013000027944b.jpg","書籍簡介":"0"}
{"書名":"電波吸收體入門","書籍網站":"https:\/\/www.kingstone.com.tw\/\/basic\/2013000029498?zone=book&lid=book_class3_ecd&actid=book_class3_ecd","作者":"何中庸","出版社":"全華      ","ISBN":9789572136294.0,"圖片網址":"https:\/\/cdn.kingstone.com.tw\/book\/images\/product\/20130\/2013000029498\/2013000029498b.jpg","書籍簡介":"0"}
{"書名":"高頻與微波量測","書籍網站":"https:\/\/www.kingstone.com.tw\/\/basic\/2013000030517?zone=book&lid=book_class3_ecd&actid=book_class3_ecd","作者":"卓聖鵬","出版社":"全華      ","ISBN":9789572132548.0,"圖片網址":"https:\/\/cdn.kingstone.com.tw\/book\/images\/product\/20130\/2013000030517\/2013000030517b.jpg","書籍簡介":"0"}
{"書名":"電磁場理論基礎","書籍網站":"https:\/\/www.kingstone.com.tw\/\/basic\/2013380008298?zone=book&lid=book_class3_ecd&actid=book_class3_ecd","作者":"王薔","出版社":"五南      ","ISBN":9789571131245.0,"圖片網址":"https:\/\/cdn.kingstone.com.tw\/book\/images\/product\/20133\/2013380008298\/2013380008298b.jpg","書籍簡介":"0"}
{"書名":"觀念物理V電磁學．植物理","書籍網站":"https:\/\/www.kingstone.com.tw\/\/basic\/2015240033693?zone=book&lid=book_class3_ecd&actid=book_class3_ecd","作者":"休伊特","出版社":"天下文化  ","ISBN":9789576218729.0,"圖片網址":"https:\/\/cdn.kingstone.com.tw\/book\/images\/product\/20152\/2015240033693\/2015240033693b.jpg","書籍簡介":"\r\n\r\n大家都知道電磁學與核物理很重要，不只在物理考試中是決定分數高低的關鍵，而且處在這個電子時代、核能時代，若缺少了相關常識，旦夕福禍經常就在一念之間。可是在物理課堂上，這些知識的傳授總是壓軸演出，學生往往來不及學會多少招式，就匆匆忙忙綁赴考場了；出了考場，只憑還記得的一招半式就這麼闖蕩險惡的江湖……你也是這樣在對待決定你人生前途的緊要觀念嗎？ 如果你的家教老師告訴你，在核反應中，原子核轉變為能量。你聽到之後，就應該另找一位家教才對，為什麼？你看到鳥兒兩腳站在一條幾萬伏特的高壓電線上，卻不會觸電烤焦；而你有時候觸到不過110伏特的家用電器，卻被電得哇哇叫，為什麼？你知道發電廠並不出售電子，而是要由你自己提供，那你為什麼還要乖乖繳電費？請看這本《觀念物理》第V冊吧！與其每個月花數千元去補習，不如一套《觀念物理》寶典在手，妙用無窮。\r\n                    \r\n"}
{"書名":"電磁學：宏觀電磁學．光學和狹義相對論","書籍網站":"https:\/\/www.kingstone.com.tw\/\/basic\/2013380008038?zone=book&lid=book_class3_ecd&actid=book_class3_ecd","作者":"林清涼","出版社":"五南      ","ISBN":9789571124537.0,"圖片網址":"https:\/\/cdn.kingstone.com.tw\/book\/images\/product\/20133\/2013380008038\/2013380008038b.jpg","書籍簡介":"\r\n\r\n本書包括宏觀電磁學、光學和狹義相對論；相對論由Maxwell方程組切入，以呈現電磁學的本質。物質的最小單元叫原子，它有質量同時帶電，正電是構成原子核的質子，普通生活沒游離的質子，於是帶正電的是原子核，而帶負電的是電子，電子是可從原子游離出來。電子是1897年Thomson發現的，而原子核是Rutherford在1911年發現的，肯定了電磁學的正悍婦電的來源。今日生活上所用的電磁學理論是1865年Maxwell整理分析，綜合加上創造完成的。\r\n                    \r\n"}
{"書名":"應用電磁學","書籍網站":"https:\/\/www.kingstone.com.tw\/\/basic\/2013380008168?zone=book&lid=book_class3_ecd&actid=book_class3_ecd","作者":"楊國輝","出版社":"五南      ","ISBN":9789571121499.0,"圖片網址":"https:\/\/cdn.kingstone.com.tw\/book\/images\/product\/20133\/2013380008168\/2013380008168b.jpg","書籍簡介":"\r\n\r\n近年來，由於科技的突飛猛進，使得半導體技術、雷射科技、網路通信、特殊電子材料、化合物半導體元件等，在產業界成為重要的明星，在學術界更是熱門的研究領域。而這些相關的研究，無一不與電磁學的理論互相關連，因此，電磁學不僅是物理科系的重要課程，亦是攻讀電機、電子工程科系的學生建立電磁理論的重要課程。\r\n                    \r\n"}
{"書名":"微波工程","書籍網站":"https:\/\/www.kingstone.com.tw\/\/basic\/2013370066338?zone=book&lid=book_class3_ecd&actid=book_class3_ecd","作者":"S.R.PENNOCK","出版社":"五南      ","ISBN":9789571120782.0,"圖片網址":"https:\/\/cdn.kingstone.com.tw\/book\/images\/product\/20133\/2013370066338\/2013370066338b.jpg","書籍簡介":"\r\n\r\n由於較低的頻率都已經被使用殆盡，因此在通訊領域中許多未來的新發展都會出現在微波頻率中。連同在微波及毫米波頻率操作以連接電腦及其他設備的無線區域網路，無線通訊已經復活，而且再度在現代工程中取得非常大的重要性。\r\n                    \r\n"}
{"書名":"基礎電磁學","書籍網站":"https:\/\/www.kingstone.com.tw\/\/basic\/2014480790151?zone=book&lid=book_class3_ecd&actid=book_class3_ecd","作者":"吳劍秋","出版社":"全華      ","ISBN":9789572115244.0,"圖片網址":"https:\/\/cdn.kingstone.com.tw\/book\/images\/product\/20144\/2014480790151\/2014480790151b.jpg","書籍簡介":"0"}
{"書名":"電磁學","書籍網站":"https:\/\/www.kingstone.com.tw\/\/basic\/2013380000742?zone=book&lid=book_class3_ecd&actid=book_class3_ecd","作者":"徐氏文教  ","出版社":"停售","ISBN":null,"圖片網址":"https:\/\/cdn.kingstone.com.tw\/book\/images\/product\/20133\/2013380000742\/2013380000742b.jpg","書籍簡介":"0"}
{"書名":"低溫．超導．磁浮","書籍網站":"https:\/\/www.kingstone.com.tw\/\/basic\/2013350008594?zone=book&lid=book_class3_ecd&actid=book_class3_ecd","作者":"何健民","出版社":"臺灣書店  ","ISBN":9789575671082.0,"圖片網址":"https:\/\/cdn.kingstone.com.tw\/book\/images\/product\/20133\/2013350008594\/2013350008594b.jpg","書籍簡介":"0"}
{"書名":"微波工程實習","書籍網站":"https:\/\/www.kingstone.com.tw\/\/basic\/2013370060886?zone=book&lid=book_class3_ecd&actid=book_class3_ecd","作者":"黃進芳編著","出版社":"全華      ","ISBN":9789572107485.0,"圖片網址":"https:\/\/cdn.kingstone.com.tw\/book\/images\/product\/20133\/2013370060886\/2013370060886b.jpg","書籍簡介":"0"}
{"書名":"最新電池工學","書籍網站":"https:\/\/www.kingstone.com.tw\/\/basic\/2013380000322?zone=book&lid=book_class3_ecd&actid=book_class3_ecd","作者":"吉澤四郎","出版社":"復漢      ","ISBN":9789577490476.0,"圖片網址":"https:\/\/cdn.kingstone.com.tw\/book\/images\/product\/20133\/2013380000322\/2013380000322b.jpg","書籍簡介":"0"}
{"書名":"淺談電磁干擾","書籍網站":"https:\/\/www.kingstone.com.tw\/\/basic\/2013380007826?zone=book&lid=book_class3_ecd&actid=book_class3_ecd","作者":"全華      ","出版社":"停售","ISBN":null,"圖片網址":"https:\/\/cdn.kingstone.com.tw\/book\/images\/product\/20133\/2013380007826\/2013380007826b.jpg","書籍簡介":"0"}
{"書名":"電磁學與原子物理","書籍網站":"https:\/\/www.kingstone.com.tw\/\/basic\/2015210236567?zone=book&lid=book_class3_ecd&actid=book_class3_ecd","作者":"建宏      ","出版社":"停售","ISBN":null,"圖片網址":"https:\/\/cdn.kingstone.com.tw\/book\/images\/product\/20152\/2015210236567\/2015210236567b.jpg","書籍簡介":"0"}
{"書名":"物理一光學．電磁學","書籍網站":"https:\/\/www.kingstone.com.tw\/\/basic\/2015210514122?zone=book&lid=book_class3_ecd&actid=book_class3_ecd","作者":"林祺璿","出版社":"精準      ","ISBN":null,"圖片網址":"https:\/\/cdn.kingstone.com.tw\/book\/images\/product\/20152\/2015210514122\/2015210514122b.jpg","書籍簡介":"0"}
{"書名":"電磁與量子力學","書籍網站":"https:\/\/www.kingstone.com.tw\/\/basic\/2015210534076?zone=book&lid=book_class3_ecd&actid=book_class3_ecd","作者":"蕭冬然","出版社":"聯大      ","ISBN":null,"圖片網址":"https:\/\/cdn.kingstone.com.tw\/book\/images\/product\/20152\/2015210534076\/2015210534076b.jpg","書籍簡介":"0"}
{"書名":"基本電學總結","書籍網站":"https:\/\/www.kingstone.com.tw\/\/basic\/2015210818893?zone=book&lid=book_class3_ecd&actid=book_class3_ecd","作者":"郭信昌","出版社":"明統      ","ISBN":null,"圖片網址":"https:\/\/cdn.kingstone.com.tw\/book\/images\/product\/20152\/2015210818893\/2015210818893b.jpg","書籍簡介":"0"}
{"書名":"工程電磁學","書籍網站":"https:\/\/www.kingstone.com.tw\/\/basic\/2014400010734?zone=book&lid=book_class3_ecd&actid=book_class3_ecd","作者":"W.H.HAYT-J","出版社":"大中國    ","ISBN":null,"圖片網址":"https:\/\/cdn.kingstone.com.tw\/book\/images\/product\/20144\/2014400010734\/2014400010734b.jpg","書籍簡介":"0"}
{"書名":"工程電磁學","書籍網站":"https:\/\/www.kingstone.com.tw\/\/basic\/2014400010864?zone=book&lid=book_class3_ecd&actid=book_class3_ecd","作者":"W.H.HAYT-J","出版社":"大中國    ","ISBN":null,"圖片網址":"https:\/\/cdn.kingstone.com.tw\/book\/images\/product\/20144\/2014400010864\/2014400010864b.jpg","書籍簡介":"0"}
{"書名":"電磁測定與儀表","書籍網站":"https:\/\/www.kingstone.com.tw\/\/basic\/2014480022719?zone=book&lid=book_class3_ecd&actid=book_class3_ecd","作者":"謝麟兆","出版社":"大中國    ","ISBN":null,"圖片網址":"https:\/\/cdn.kingstone.com.tw\/book\/images\/product\/20144\/2014480022719\/2014480022719b.jpg","書籍簡介":"0"}
{"書名":"工程電磁學","書籍網站":"https:\/\/www.kingstone.com.tw\/\/basic\/2014480091906?zone=book&lid=book_class3_ecd&actid=book_class3_ecd","作者":"WOLLIAM H.","出版社":"國家      ","ISBN":null,"圖片網址":"https:\/\/cdn.kingstone.com.tw\/book\/images\/product\/20144\/2014480091906\/2014480091906b.jpg","書籍簡介":"0"}
{"書名":"工程電磁學","書籍網站":"https:\/\/www.kingstone.com.tw\/\/basic\/2014480140970?zone=book&lid=book_class3_ecd&actid=book_class3_ecd","作者":"謝芳生","出版社":"東華      ","ISBN":null,"圖片網址":"https:\/\/cdn.kingstone.com.tw\/book\/images\/product\/20144\/2014480140970\/2014480140970b.jpg","書籍簡介":"0"}
{"書名":"舊型微波元件資料手冊","書籍網站":"https:\/\/www.kingstone.com.tw\/\/basic\/2013370040642?zone=book&lid=book_class3_ecd&actid=book_class3_ecd","作者":"全華      ","出版社":"停售","ISBN":null,"圖片網址":"https:\/\/cdn.kingstone.com.tw\/book\/images\/product\/20133\/2013370040642\/2013370040642b.jpg","書籍簡介":"0"}
{"書名":"微波元件資料手冊","書籍網站":"https:\/\/www.kingstone.com.tw\/\/basic\/2013370040802?zone=book&lid=book_class3_ecd&actid=book_class3_ecd","作者":"全欣      ","出版社":"停售","ISBN":null,"圖片網址":"https:\/\/cdn.kingstone.com.tw\/book\/images\/product\/20133\/2013370040802\/2013370040802b.jpg","書籍簡介":"0"}
{"書名":"G場磁力與光子旅行","書籍網站":"https:\/\/www.kingstone.com.tw\/\/basic\/2013380000162?zone=book&lid=book_class3_ecd&actid=book_class3_ecd","作者":"希代      ","出版社":"停售","ISBN":null,"圖片網址":"https:\/\/cdn.kingstone.com.tw\/book\/images\/product\/20133\/2013380000162\/2013380000162b.jpg","書籍簡介":"0"}
{"書名":"電磁學","書籍網站":"https:\/\/www.kingstone.com.tw\/\/basic\/2013380000292?zone=book&lid=book_class3_ecd&actid=book_class3_ecd","作者":"吳大猷","出版社":"聯經      ","ISBN":9789570804577.0,"圖片網址":"https:\/\/cdn.kingstone.com.tw\/book\/images\/product\/20133\/2013380000292\/2013380000292b.jpg","書籍簡介":"0"}
{"書名":"電磁學力分析","書籍網站":"https:\/\/www.kingstone.com.tw\/\/basic\/2013380000582?zone=book&lid=book_class3_ecd&actid=book_class3_ecd","作者":"復漢      ","出版社":"停售","ISBN":null,"圖片網址":"https:\/\/cdn.kingstone.com.tw\/book\/images\/product\/20133\/2013380000582\/2013380000582b.jpg","書籍簡介":"0"}
{"書名":"基礎電磁學","書籍網站":"https:\/\/www.kingstone.com.tw\/\/basic\/2013380000612?zone=book&lid=book_class3_ecd&actid=book_class3_ecd","作者":"復漢      ","出版社":"停售","ISBN":null,"圖片網址":"https:\/\/cdn.kingstone.com.tw\/book\/images\/product\/20133\/2013380000612\/2013380000612b.jpg","書籍簡介":"0"}
{"書名":"電磁波","書籍網站":"https:\/\/www.kingstone.com.tw\/\/basic\/2013380000872?zone=book&lid=book_class3_ecd&actid=book_class3_ecd","作者":"徐氏文教  ","出版社":"停售","ISBN":null,"圖片網址":"https:\/\/cdn.kingstone.com.tw\/book\/images\/product\/20133\/2013380000872\/2013380000872b.jpg","書籍簡介":"0"}
{"書名":"新編電磁學","書籍網站":"https:\/\/www.kingstone.com.tw\/\/basic\/2013380000902?zone=book&lid=book_class3_ecd&actid=book_class3_ecd","作者":"徐氏文教  ","出版社":"停售","ISBN":null,"圖片網址":"https:\/\/cdn.kingstone.com.tw\/book\/images\/product\/20133\/2013380000902\/2013380000902b.jpg","書籍簡介":"0"}
{"書名":"應用電磁學","書籍網站":"https:\/\/www.kingstone.com.tw\/\/basic\/2013380001374?zone=book&lid=book_class3_ecd&actid=book_class3_ecd","作者":"全華      ","出版社":"停售","ISBN":null,"圖片網址":"https:\/\/cdn.kingstone.com.tw\/book\/images\/product\/20133\/2013380001374\/2013380001374b.jpg","書籍簡介":"0"}
{"書名":"電磁學","書籍網站":"https:\/\/www.kingstone.com.tw\/\/basic\/2013380001534?zone=book&lid=book_class3_ecd&actid=book_class3_ecd","作者":"林森雄","出版社":"建宏      ","ISBN":null,"圖片網址":"https:\/\/cdn.kingstone.com.tw\/book\/images\/product\/20133\/2013380001534\/2013380001534b.jpg","書籍簡介":"0"}
{"書名":"應用電磁學","書籍網站":"https:\/\/www.kingstone.com.tw\/\/basic\/2013380001794?zone=book&lid=book_class3_ecd&actid=book_class3_ecd","作者":"張持忠","出版社":"全華      ","ISBN":null,"圖片網址":"https:\/\/cdn.kingstone.com.tw\/book\/images\/product\/20133\/2013380001794\/2013380001794b.jpg","書籍簡介":"0"}
{"書名":"電磁學一大學物理學","書籍網站":"https:\/\/www.kingstone.com.tw\/\/basic\/2013380002166?zone=book&lid=book_class3_ecd&actid=book_class3_ecd","作者":"陳錫桓","出版社":"中央圖書  ","ISBN":null,"圖片網址":"https:\/\/cdn.kingstone.com.tw\/book\/images\/product\/20133\/2013380002166\/2013380002166b.jpg","書籍簡介":"0"}
{"書名":"工程電磁學","書籍網站":"https:\/\/www.kingstone.com.tw\/\/basic\/2013380002296?zone=book&lid=book_class3_ecd&actid=book_class3_ecd","作者":"東華      ","出版社":"停售","ISBN":null,"圖片網址":"https:\/\/cdn.kingstone.com.tw\/book\/images\/product\/20133\/2013380002296\/2013380002296b.jpg","書籍簡介":"0"}
{"書名":"工程電磁學","書籍網站":"https:\/\/www.kingstone.com.tw\/\/basic\/2013380002456?zone=book&lid=book_class3_ecd&actid=book_class3_ecd","作者":"東華      ","出版社":"停售","ISBN":null,"圖片網址":"https:\/\/cdn.kingstone.com.tw\/book\/images\/product\/20133\/2013380002456\/2013380002456b.jpg","書籍簡介":"0"}
{"書名":"工程電磁學","書籍網站":"https:\/\/www.kingstone.com.tw\/\/basic\/2013380002616?zone=book&lid=book_class3_ecd&actid=book_class3_ecd","作者":"東華      ","出版社":"停售","ISBN":null,"圖片網址":"https:\/\/cdn.kingstone.com.tw\/book\/images\/product\/20133\/2013380002616\/2013380002616b.jpg","書籍簡介":"0"}
{"書名":"應用電磁學","書籍網站":"https:\/\/www.kingstone.com.tw\/\/basic\/2013380002876?zone=book&lid=book_class3_ecd&actid=book_class3_ecd","作者":"張啟陽","出版社":"東華      ","ISBN":null,"圖片網址":"https:\/\/cdn.kingstone.com.tw\/book\/images\/product\/20133\/2013380002876\/2013380002876b.jpg","書籍簡介":"0"}
{"書名":"應用電磁學","書籍網站":"https:\/\/www.kingstone.com.tw\/\/basic\/2013380003118?zone=book&lid=book_class3_ecd&actid=book_class3_ecd","作者":"科技圖書  ","出版社":"貨到通知我","ISBN":null,"圖片網址":"https:\/\/cdn.kingstone.com.tw\/book\/images\/product\/20133\/2013380003118\/2013380003118b.jpg","書籍簡介":"0"}
{"書名":"應用電磁學","書籍網站":"https:\/\/www.kingstone.com.tw\/\/basic\/2013380003378?zone=book&lid=book_class3_ecd&actid=book_class3_ecd","作者":"科技圖書  ","出版社":"貨到通知我","ISBN":null,"圖片網址":"https:\/\/cdn.kingstone.com.tw\/book\/images\/product\/20133\/2013380003378\/2013380003378b.jpg","書籍簡介":"0"}
{"書名":"電磁學解析","書籍網站":"https:\/\/www.kingstone.com.tw\/\/basic\/2013380003408?zone=book&lid=book_class3_ecd&actid=book_class3_ecd","作者":"彭總瓊","出版社":"超級科技  ","ISBN":null,"圖片網址":"https:\/\/cdn.kingstone.com.tw\/book\/images\/product\/20133\/2013380003408\/2013380003408b.jpg","書籍簡介":"0"}
{"書名":"電磁學原理與範例","書籍網站":"https:\/\/www.kingstone.com.tw\/\/basic\/2013380003798?zone=book&lid=book_class3_ecd&actid=book_class3_ecd","作者":"陳錫桓","出版社":"中央圖書  ","ISBN":null,"圖片網址":"https:\/\/cdn.kingstone.com.tw\/book\/images\/product\/20133\/2013380003798\/2013380003798b.jpg","書籍簡介":"0"}
{"書名":"電磁學原理與應用","書籍網站":"https:\/\/www.kingstone.com.tw\/\/basic\/2013380003958?zone=book&lid=book_class3_ecd&actid=book_class3_ecd","作者":"科技圖書  ","出版社":"貨到通知我","ISBN":null,"圖片網址":"https:\/\/cdn.kingstone.com.tw\/book\/images\/product\/20133\/2013380003958\/2013380003958b.jpg","書籍簡介":"0"}
{"書名":"電場磁場與電磁波","書籍網站":"https:\/\/www.kingstone.com.tw\/\/basic\/2013380004160?zone=book&lid=book_class3_ecd&actid=book_class3_ecd","作者":"王孟公","出版社":"復文書局  ","ISBN":null,"圖片網址":"https:\/\/cdn.kingstone.com.tw\/book\/images\/product\/20133\/2013380004160\/2013380004160b.jpg","書籍簡介":"0"}
{"書名":"工程電磁學","書籍網站":"https:\/\/www.kingstone.com.tw\/\/basic\/2013380004320?zone=book&lid=book_class3_ecd&actid=book_class3_ecd","作者":"單溥","出版社":"復文書局  ","ISBN":null,"圖片網址":"https:\/\/cdn.kingstone.com.tw\/book\/images\/product\/20133\/2013380004320\/2013380004320b.jpg","書籍簡介":"0"}
{"書名":"電磁學","書籍網站":"https:\/\/www.kingstone.com.tw\/\/basic\/2013380004580?zone=book&lid=book_class3_ecd&actid=book_class3_ecd","作者":"蘇炎坤","出版社":"復文書局  ","ISBN":null,"圖片網址":"https:\/\/cdn.kingstone.com.tw\/book\/images\/product\/20133\/2013380004580\/2013380004580b.jpg","書籍簡介":"0"}
{"書名":"磁性應用工學","書籍網站":"https:\/\/www.kingstone.com.tw\/\/basic\/2013380004740?zone=book&lid=book_class3_ecd&actid=book_class3_ecd","作者":"賴耿陽","出版社":"復文書局  ","ISBN":null,"圖片網址":"https:\/\/cdn.kingstone.com.tw\/book\/images\/product\/20133\/2013380004740\/2013380004740b.jpg","書籍簡介":"0"}
{"書名":"基本電磁學題解","書籍網站":"https:\/\/www.kingstone.com.tw\/\/basic\/2013380004900?zone=book&lid=book_class3_ecd&actid=book_class3_ecd","作者":"黃而樂","出版社":"復文書局  ","ISBN":null,"圖片網址":"https:\/\/cdn.kingstone.com.tw\/book\/images\/product\/20133\/2013380004900\/2013380004900b.jpg","書籍簡介":"0"}
{"書名":"電磁學分析","書籍網站":"https:\/\/www.kingstone.com.tw\/\/basic\/2013380005112?zone=book&lid=book_class3_ecd&actid=book_class3_ecd","作者":"復漢      ","出版社":"停售","ISBN":null,"圖片網址":"https:\/\/cdn.kingstone.com.tw\/book\/images\/product\/20133\/2013380005112\/2013380005112b.jpg","書籍簡介":"0"}
{"書名":"核磁共振之實用","書籍網站":"https:\/\/www.kingstone.com.tw\/\/basic\/2013380005372?zone=book&lid=book_class3_ecd&actid=book_class3_ecd","作者":"復漢      ","出版社":"停售","ISBN":null,"圖片網址":"https:\/\/cdn.kingstone.com.tw\/book\/images\/product\/20133\/2013380005372\/2013380005372b.jpg","書籍簡介":"0"}
{"書名":"核磁共振的基礎","書籍網站":"https:\/\/www.kingstone.com.tw\/\/basic\/2013380005532?zone=book&lid=book_class3_ecd&actid=book_class3_ecd","作者":"復漢      ","出版社":"停售","ISBN":null,"圖片網址":"https:\/\/cdn.kingstone.com.tw\/book\/images\/product\/20133\/2013380005532\/2013380005532b.jpg","書籍簡介":"0"}
{"書名":"電磁學","書籍網站":"https:\/\/www.kingstone.com.tw\/\/basic\/2013380005792?zone=book&lid=book_class3_ecd&actid=book_class3_ecd","作者":"王怡鈞","出版社":"超級科技  ","ISBN":null,"圖片網址":"https:\/\/cdn.kingstone.com.tw\/book\/images\/product\/20133\/2013380005792\/2013380005792b.jpg","書籍簡介":"0"}
{"書名":"固態物理學","書籍網站":"https:\/\/www.kingstone.com.tw\/\/basic\/2013380005822?zone=book&lid=book_class3_ecd&actid=book_class3_ecd","作者":"復文書局  ","出版社":"停售","ISBN":null,"圖片網址":"https:\/\/cdn.kingstone.com.tw\/book\/images\/product\/20133\/2013380005822\/2013380005822b.jpg","書籍簡介":"0"}
{"書名":"電磁盪波動與輻射","書籍網站":"https:\/\/www.kingstone.com.tw\/\/basic\/2013380006294?zone=book&lid=book_class3_ecd&actid=book_class3_ecd","作者":"徐氏文教  ","出版社":"停售","ISBN":null,"圖片網址":"https:\/\/cdn.kingstone.com.tw\/book\/images\/product\/20133\/2013380006294\/2013380006294b.jpg","書籍簡介":"0"}
{"書名":"基本電磁學","書籍網站":"https:\/\/www.kingstone.com.tw\/\/basic\/2013370011543?zone=book&lid=book_class3_ecd&actid=book_class3_ecd","作者":"大行      ","出版社":"停售","ISBN":null,"圖片網址":"https:\/\/cdn.kingstone.com.tw\/book\/images\/product\/20133\/2013370011543\/2013370011543b.jpg","書籍簡介":"0"}
{"書名":"電磁學","書籍網站":"https:\/\/www.kingstone.com.tw\/\/basic\/2013370035655?zone=book&lid=book_class3_ecd&actid=book_class3_ecd","作者":"林雲海","出版社":"銀禾文化  ","ISBN":null,"圖片網址":"https:\/\/cdn.kingstone.com.tw\/book\/images\/product\/20133\/2013370035655\/2013370035655b.jpg","書籍簡介":"0"}
{"書名":"基本電磁理論附題解","書籍網站":"https:\/\/www.kingstone.com.tw\/\/basic\/2023370006319?zone=book&lid=book_class3_ecd&actid=book_class3_ecd","作者":"王家騏","出版社":"文笙書局  ","ISBN":null,"圖片網址":"https:\/\/cdn.kingstone.com.tw\/book\/images\/product\/20233\/2023370006319\/2023370006319b.jpg","書籍簡介":"0"}
{"書名":"電磁學","書籍網站":"https:\/\/www.kingstone.com.tw\/\/basic\/2023380000215?zone=book&lid=book_class3_ecd&actid=book_class3_ecd","作者":"吳大猷","出版社":"聯經      ","ISBN":null,"圖片網址":"https:\/\/cdn.kingstone.com.tw\/book\/images\/product\/20233\/2023380000215\/2023380000215b.jpg","書籍簡介":"0"}
{"書名":"最新電池工學","書籍網站":"https:\/\/www.kingstone.com.tw\/\/basic\/2023380000345?zone=book&lid=book_class3_ecd&actid=book_class3_ecd","作者":"賴耿陽","出版社":"復漢      ","ISBN":null,"圖片網址":"https:\/\/cdn.kingstone.com.tw\/book\/images\/product\/20233\/2023380000345\/2023380000345b.jpg","書籍簡介":"0"}
{"書名":"電磁學力分析","書籍網站":"https:\/\/www.kingstone.com.tw\/\/basic\/2023380000505?zone=book&lid=book_class3_ecd&actid=book_class3_ecd","作者":"復漢      ","出版社":"停售","ISBN":null,"圖片網址":"https:\/\/cdn.kingstone.com.tw\/book\/images\/product\/20233\/2023380000505\/2023380000505b.jpg","書籍簡介":"0"}
{"書名":"基礎電磁學","書籍網站":"https:\/\/www.kingstone.com.tw\/\/basic\/2023380000635?zone=book&lid=book_class3_ecd&actid=book_class3_ecd","作者":"復漢      ","出版社":"停售","ISBN":null,"圖片網址":"https:\/\/cdn.kingstone.com.tw\/book\/images\/product\/20233\/2023380000635\/2023380000635b.jpg","書籍簡介":"0"}
{"書名":"電磁波","書籍網站":"https:\/\/www.kingstone.com.tw\/\/basic\/2023380003551?zone=book&lid=book_class3_ecd&actid=book_class3_ecd","作者":"江寧清博士","出版社":"超級科技  ","ISBN":null,"圖片網址":"https:\/\/cdn.kingstone.com.tw\/book\/images\/product\/20233\/2023380003551\/2023380003551b.jpg","書籍簡介":"0"}
{"書名":"電磁學","書籍網站":"https:\/\/www.kingstone.com.tw\/\/basic\/2015211077633?zone=book&lid=book_class3_ecd&actid=book_class3_ecd","作者":"必成      ","出版社":"停售","ISBN":null,"圖片網址":"https:\/\/cdn.kingstone.com.tw\/book\/images\/product\/20152\/2015211077633\/2015211077633b.jpg","書籍簡介":"0"}
{"書名":"電磁測定及電儀表","書籍網站":"https:\/\/www.kingstone.com.tw\/\/basic\/2014480754771?zone=book&lid=book_class3_ecd&actid=book_class3_ecd","作者":"鄭漢榮","出版社":"中國電機  ","ISBN":null,"圖片網址":"https:\/\/cdn.kingstone.com.tw\/book\/images\/product\/20144\/2014480754771\/2014480754771b.jpg","書籍簡介":"0"}
{"書名":"用C 語言分析微波電晶","書籍網站":"https:\/\/www.kingstone.com.tw\/\/basic\/2014710852284?zone=book&lid=book_class3_ecd&actid=book_class3_ecd","作者":"戴奎生","出版社":"全華      ","ISBN":null,"圖片網址":"https:\/\/cdn.kingstone.com.tw\/book\/images\/product\/20147\/2014710852284\/2014710852284b.jpg","書籍簡介":"0"}
{"書名":"電磁學","書籍網站":"https:\/\/www.kingstone.com.tw\/\/basic\/2013380007796?zone=book&lid=book_class3_ecd&actid=book_class3_ecd","作者":"李大衛編著","出版社":"儒林圖書  ","ISBN":null,"圖片網址":"https:\/\/cdn.kingstone.com.tw\/book\/images\/product\/20133\/2013380007796\/2013380007796b.jpg","書籍簡介":"0"}
{"書名":"應用電磁學","書籍網站":"https:\/\/www.kingstone.com.tw\/\/basic\/2013380007666?zone=book&lid=book_class3_ecd&actid=book_class3_ecd","作者":"曹大鵬編著","出版社":"全華      ","ISBN":null,"圖片網址":"https:\/\/cdn.kingstone.com.tw\/book\/images\/product\/20133\/2013380007666\/2013380007666b.jpg","書籍簡介":"0"}
{"書名":"電磁場與電磁波解題方","書籍網站":"https:\/\/www.kingstone.com.tw\/\/basic\/2013380007406?zone=book&lid=book_class3_ecd&actid=book_class3_ecd","作者":"羅澄候","出版社":"亞東書局  ","ISBN":null,"圖片網址":"https:\/\/cdn.kingstone.com.tw\/book\/images\/product\/20133\/2013380007406\/2013380007406b.jpg","書籍簡介":"0"}
{"書名":"電磁學","書籍網站":"https:\/\/www.kingstone.com.tw\/\/basic\/2013380007246?zone=book&lid=book_class3_ecd&actid=book_class3_ecd","作者":"賈起民","出版社":"亞東書局  ","ISBN":null,"圖片網址":"https:\/\/cdn.kingstone.com.tw\/book\/images\/product\/20133\/2013380007246\/2013380007246b.jpg","書籍簡介":"0"}
{"書名":"工程電磁學","書籍網站":"https:\/\/www.kingstone.com.tw\/\/basic\/2013380007536?zone=book&lid=book_class3_ecd&actid=book_class3_ecd","作者":"POPOVIC","出版社":"東華      ","ISBN":null,"圖片網址":"https:\/\/cdn.kingstone.com.tw\/book\/images\/product\/20133\/2013380007536\/2013380007536b.jpg","書籍簡介":"0"}
{"書名":"電磁學","書籍網站":"https:\/\/www.kingstone.com.tw\/\/basic\/2013380007086?zone=book&lid=book_class3_ecd&actid=book_class3_ecd","作者":"賈起民","出版社":"亞東書局  ","ISBN":null,"圖片網址":"https:\/\/cdn.kingstone.com.tw\/book\/images\/product\/20133\/2013380007086\/2013380007086b.jpg","書籍簡介":"0"}
{"書名":"電磁學思考題分析與解","書籍網站":"https:\/\/www.kingstone.com.tw\/\/basic\/2013380006904?zone=book&lid=book_class3_ecd&actid=book_class3_ecd","作者":"張茂柏","出版社":"臺灣高等教","ISBN":null,"圖片網址":"https:\/\/cdn.kingstone.com.tw\/book\/images\/product\/20133\/2013380006904\/2013380006904b.jpg","書籍簡介":"0"}
{"書名":"電磁學入門","書籍網站":"https:\/\/www.kingstone.com.tw\/\/basic\/2013380007376?zone=book&lid=book_class3_ecd&actid=book_class3_ecd","作者":"建宏      ","出版社":"停售","ISBN":null,"圖片網址":"https:\/\/cdn.kingstone.com.tw\/book\/images\/product\/20133\/2013380007376\/2013380007376b.jpg","書籍簡介":"0"}
{"書名":"應用電磁學","書籍網站":"https:\/\/www.kingstone.com.tw\/\/basic\/2013380006874?zone=book&lid=book_class3_ecd&actid=book_class3_ecd","作者":"楊慶祥","出版社":"全華      ","ISBN":null,"圖片網址":"https:\/\/cdn.kingstone.com.tw\/book\/images\/product\/20133\/2013380006874\/2013380006874b.jpg","書籍簡介":"0"}
{"書名":"磁性流體理論應用","書籍網站":"https:\/\/www.kingstone.com.tw\/\/basic\/2013380006744?zone=book&lid=book_class3_ecd&actid=book_class3_ecd","作者":"黃忠良","出版社":"復漢      ","ISBN":null,"圖片網址":"https:\/\/cdn.kingstone.com.tw\/book\/images\/product\/20133\/2013380006744\/2013380006744b.jpg","書籍簡介":"0"}
{"書名":"磁性流體理論應用","書籍網站":"https:\/\/www.kingstone.com.tw\/\/basic\/2023380006767?zone=book&lid=book_class3_ecd&actid=book_class3_ecd","作者":"黃忠良","出版社":"復漢      ","ISBN":null,"圖片網址":"https:\/\/cdn.kingstone.com.tw\/book\/images\/product\/20233\/2023380006767\/2023380006767b.jpg","書籍簡介":"0"}
{"書名":"應用電磁學","書籍網站":"https:\/\/www.kingstone.com.tw\/\/basic\/2014480233030?zone=book&lid=book_class3_ecd&actid=book_class3_ecd","作者":"黃永清","出版社":"松崗      ","ISBN":null,"圖片網址":"https:\/\/cdn.kingstone.com.tw\/book\/images\/product\/20144\/2014480233030\/2014480233030b.jpg","書籍簡介":"0"}
{"書名":"電磁學","書籍網站":"https:\/\/www.kingstone.com.tw\/\/basic\/2013380006614?zone=book&lid=book_class3_ecd&actid=book_class3_ecd","作者":"DAVID K.CH","出版社":"國家      ","ISBN":null,"圖片網址":"https:\/\/cdn.kingstone.com.tw\/book\/images\/product\/20133\/2013380006614\/2013380006614b.jpg","書籍簡介":"0"}
{"書名":"電磁干擾與防護","書籍網站":"https:\/\/www.kingstone.com.tw\/\/basic\/2013380006454?zone=book&lid=book_class3_ecd&actid=book_class3_ecd","作者":"徐氏文教  ","出版社":"停售","ISBN":null,"圖片網址":"https:\/\/cdn.kingstone.com.tw\/book\/images\/product\/20133\/2013380006454\/2013380006454b.jpg","書籍簡介":"0"}
{"書名":"圖解電磁學原理與應用","書籍網站":"https:\/\/www.kingstone.com.tw\/\/basic\/2013380006584?zone=book&lid=book_class3_ecd&actid=book_class3_ecd","作者":"建興      ","出版社":"停售","ISBN":9789578953178.0,"圖片網址":"https:\/\/cdn.kingstone.com.tw\/book\/images\/product\/20133\/2013380006584\/2013380006584b.jpg","書籍簡介":"0"}
{"書名":"磁單極","書籍網站":"https:\/\/www.kingstone.com.tw\/\/basic\/2013380006324?zone=book&lid=book_class3_ecd&actid=book_class3_ecd","作者":"銀禾文化  ","出版社":"停售","ISBN":9789575681142.0,"圖片網址":"https:\/\/cdn.kingstone.com.tw\/book\/images\/product\/20133\/2013380006324\/2013380006324b.jpg","書籍簡介":"0"}
{"書名":"電磁學","書籍網站":"https:\/\/www.kingstone.com.tw\/\/basic\/2013380006164?zone=book&lid=book_class3_ecd&actid=book_class3_ecd","作者":"DAVID K.","出版社":"欣技      ","ISBN":null,"圖片網址":"https:\/\/cdn.kingstone.com.tw\/book\/images\/product\/20133\/2013380006164\/2013380006164b.jpg","書籍簡介":"0"}
{"書名":"核磁共振之實用","書籍網站":"https:\/\/www.kingstone.com.tw\/\/basic\/2023380005395?zone=book&lid=book_class3_ecd&actid=book_class3_ecd","作者":"通和夫","出版社":"復漢      ","ISBN":null,"圖片網址":"https:\/\/cdn.kingstone.com.tw\/book\/images\/product\/20233\/2023380005395\/2023380005395b.jpg","書籍簡介":"0"}
{"書名":"核磁共振的基礎","書籍網站":"https:\/\/www.kingstone.com.tw\/\/basic\/2023380005555?zone=book&lid=book_class3_ecd&actid=book_class3_ecd","作者":"益田義賀","出版社":"復漢      ","ISBN":null,"圖片網址":"https:\/\/cdn.kingstone.com.tw\/book\/images\/product\/20233\/2023380005555\/2023380005555b.jpg","書籍簡介":"0"}
{"書名":"電磁干擾及控制","書籍網站":"https:\/\/www.kingstone.com.tw\/\/basic\/2013380006034?zone=book&lid=book_class3_ecd&actid=book_class3_ecd","作者":"林國榮","出版社":"全華      ","ISBN":null,"圖片網址":"https:\/\/cdn.kingstone.com.tw\/book\/images\/product\/20133\/2013380006034\/2013380006034b.jpg","書籍簡介":"0"}
{"書名":"電磁學習題解析","書籍網站":"https:\/\/www.kingstone.com.tw\/\/basic\/2013380005952?zone=book&lid=book_class3_ecd&actid=book_class3_ecd","作者":"王怡鈞","出版社":"超級科技  ","ISBN":null,"圖片網址":"https:\/\/cdn.kingstone.com.tw\/book\/images\/product\/20133\/2013380005952\/2013380005952b.jpg","書籍簡介":"0"}
