{"書名":"源來如此：形塑韓國文化DNA的經典傳說","書籍網站":"https:\/\/www.kingstone.com.tw\/\/basic\/2015390169051?zone=book&lid=book_class3_hcd&actid=book_class3_hcd","作者":"李正珉","出版社":"凌宇      ","ISBN":9789860680201,"圖片網址":"https:\/\/cdn.kingstone.com.tw\/book\/images\/product\/20153\/2015390169051\/2015390169051b.jpg","書籍簡介":"\r\n\r\n\r\n☆神靈．儒學倫理．由來．慾望．愛情\r\n\r\n☆0到99歲韓國人都知道的23篇傳說故事！\r\n\r\n☆韓綜、韓劇都在提！\r\n\r\n☆把握韓國文化的經典教材！\r\n\r\n\t \r\n\r\n\t從前從前……\r\n\r\n\t流傳在韓國民間的傳說故事\r\n\r\n\t每個韓國人都知道、都朗朗上口\r\n\r\n\t代代相傳，形塑韓國文化與民族性的基本教材\r\n\r\n\t \r\n\r\n本書特色\r\n\r\n\t \r\n\r\n\t第一， 本書所記載的傳說故事，是記載於韓國的小學課本，所以只要是韓國人，沒有人不知道這些故事。而透過這些故事，可以理解韓國的社會文化、風俗民情與韓國人的精神象徵。\r\n\r\n\t \r\n\r\n\t第二， 本書以韓文故事與中文翻譯雙語方式刊行，對韓語學習者可學習到講故事的語體、詞彙與句型。\r\n\r\n\t \r\n\r\n\t第三， 本書按故事類型分為五個主題：神靈、儒學倫理、由來、慾望及愛，並由韓語文教學、韓國研究專家撰寫五個主題的「解說與評論」，深入介紹韓國經典傳說故事的形成背景、背後意涵、並說明現在在韓國如何應用等。\r\n\r\n\t \r\n\r\n"}
{"書名":"韓國人不想讓你知道的事：揭開65個韓國特有的「潛規則」，韓國社會文化觀察報告","書籍網站":"https:\/\/www.kingstone.com.tw\/\/basic\/2015400104201?zone=book&lid=book_class3_hcd&actid=book_class3_hcd","作者":"吳昌翼","出版社":"馬可孛羅  ","ISBN":9789865509651,"圖片網址":"https:\/\/cdn.kingstone.com.tw\/book\/images\/product\/20154\/2015400104201\/2015400104201b.jpg","書籍簡介":"\r\n\r\n\r\n從搖籃到墳墓，都要靠裝錢的信封袋\r\n\t不需要第二名，勝利者擁有一切\r\n\t勸酒社會的特產，炸彈酒與代理駕駛\r\n\r\n\t隱藏在光鮮亮麗的韓流風潮背後，究竟何謂「韓國人」？\r\n集韓國社會百態於一冊的觀察報告，透悉最現實的韓國人性\r\n\r\n\r\n\t一九八〇年代後的韓國歷經數起重大事件，光州民主化運動、亞洲金融風暴、陽光政策、燭火革命等，都對政經局勢影響深遠。諸如對共分室開始進行全面性的廢除、設置女性軍人保護制度等新措施，也讓韓國社會往民主與平權的方向逐步邁進。\r\n\t然而，在韓國人權運動者吳昌益的觀察中，韓國社會根深蒂固的問題依舊難以撼動，充滿不公不義與荒謬虛偽，奇妙的是，廣大韓國人民卻視為理所當然地概括承受，像是把人僅僅視為勞動力的教育體制、以住居規模論階級、種族與性別歧視、整形風氣、瘋狂關注藝人私生活，以及政府助長監視風氣、財閥會長宛如皇帝、臂章文化等。藉由描繪韓國形形色色社會樣態，作者揭露這些荒謬現象的本質，可說是一本精準且獨到的「韓國人論」。\r\n\r\n【本書特色】\r\n\t★重量收錄：3大主題，65則韓國獨特文化，道破韓國社會光怪陸離的諸多現象。\r\n\t★趣味插圖：圖文並茂，一針見血，原來韓國人腦中是這麼想的！\r\n\r\n"}
{"書名":"衝吧！台灣人的地獄韓國求生記","書籍網站":"https:\/\/www.kingstone.com.tw\/\/basic\/2017320032909?zone=book&lid=book_class3_hcd&actid=book_class3_hcd","作者":"Fion","出版社":"新銳數位  ","ISBN":9789869346481,"圖片網址":"https:\/\/cdn.kingstone.com.tw\/book\/images\/product\/20173\/2017320032909\/2017320032909b.jpg","書籍簡介":"\r\n\r\n\r\n財閥壟斷市場、青年失業率高居高不下，職場文化論資排輩、超長工時和性別歧視惡名昭彰，韓國人用「地獄朝鮮」稱呼自己的國家……為什麼外國人還要去這個國度奮鬥？\r\n\r\n\t前往韓國打工度假的台灣人大多有嚮往，提到去韓國的動機眼睛都閃著光芒。可是在韓國正式工作的人呢？\r\n\r\n\t有人哈韓，也有人對韓流無感。有人看中市場商機，有人只是失戀了來散心。有人期望落地生根，也有人試過了就想離開。有人抱著韓國夢，有人抱的則是賺錢夢、世界夢。\r\n\r\n\t這些人不一定是大眾認定的勝利組，就算對韓國沒有憧憬，實現夢想的渴望仍在心底。他們都期待在韓國轉變人生。儘管起點不同、結果各異，在韓國職場、生活上面對的挑戰和困難，卻像是主題連貫的熱血組曲。\r\n\r\n\t長期在海外工作、生活的Fion，目前定居韓國，曾經訪談前往韓國打工度假的女孩，出版了《她們的韓國夢︰打工度假的美好與幻滅》。這次她把焦點轉向在韓國職場正式工作的台灣人，經由朋友輾轉介紹，接觸到踏入韓國各行各業奮鬥的上班族、創業家和自由工作者，分享他們的人生和視野，勇氣與辛酸。\r\n\r\n\tFion筆下不但記錄了這些台灣人遠離家鄉負海外闖蕩的動機、思索方向的過程、付諸行動的契機，和奮鬥途中的感想，並且透過後續的回訪，看看他們在半年、一年後的心境轉折，甚至職涯與人生方向的變化，讓讀者對這些選擇未來的可能或限制都有更清晰的線索。\r\n\r\n\t此外，還針對每位收訪者耕耘的不同產業，在「產業情報站」深入介紹韓國的工作環境、職場文化、產業生態和韓國企業在亞洲市場的角色，比較台韓相關工作的內容差異、收入結構，分析台灣人的優勢與劣勢。\r\n\r\n\t衝出去或者留下來？別急著下結論。買東西都要上網看開箱心得文，職涯人生，也該先看看別人的拚搏掙扎，或許你能發現一條景色絕妙的求生路徑。\r\n\r\n\t精彩篇章：\r\n•嫁到韓國的轉業網紅：台灣妞和喜娜\r\n\t擁四十萬粉絲，在不得不創業的道路上摸索\r\n\r\n•從「神話」粉絲到成為李昇基的學妹\r\n\t理直氣壯追星，迷妹變身特約記者\r\n\r\n•從旅遊部落客到韓商主管\r\n\t無心插柳的部落客，斜槓人生更加多彩\r\n\r\n•不懂韓文的韓國企業顧問\r\n\t市場分析高階人才，放眼國際舞台\r\n\r\n•台灣薪水兩倍以上的遊戲轉譯者\r\n\t繁體中文帶來的工作機會，沒有階級文化的職場生活\r\n\r\n"}
{"書名":"她們的韓國夢：打工度假的美好與幻滅","書籍網站":"https:\/\/www.kingstone.com.tw\/\/basic\/2017320031247?zone=book&lid=book_class3_hcd&actid=book_class3_hcd","作者":"Fion","出版社":"時報文化  ","ISBN":9789571373997,"圖片網址":"https:\/\/cdn.kingstone.com.tw\/book\/images\/product\/20173\/2017320031247\/2017320031247b.jpg","書籍簡介":"\r\n\r\n\r\n｜韓國打工度假熱潮下，她們追夢、圓夢或夢碎的冒險旅程｜\r\n\r\n\r\n 在這個被韓國年輕人形容為「地獄」的國度，\r\n 為什麼臺灣女孩們仍趨之若騖？\r\n 似乎每個人都想聽聽別人的說法，來映照自己的動機並不孤單。\r\n\r\n ◆曼菱／東大門批市買手\r\n 擺脫不負責任的代辦找的爛工作後，輾轉踏進東大門，白天在貨運行驗貨，半夜當追貨小幫手，月收近十萬，「不當臺勞」的初衷已經轉變……\r\n\r\n ◆絭璟／餐廳廚房助手\r\n 用半工半讀辛苦存的錢來到韓國，徹底貫徹「打工度假」精神，打過三、四種工，比手畫腳和同事搏感情，薪水省吃儉用，努力玩遍韓國……\r\n\r\n ◆佳瑩／百貨公司櫃姐\r\n 為實現開店夢想，帶著二級程度的韓文到韓國闖蕩。從明洞的百貨公司到韓國人為主的購物中心，漸漸對韓國產生歸屬感，原本的夢想不斷推遲……\r\n\r\n ◆小璐／自由工作者\r\n 做什麼都好，就是想留在韓國！用過語言簽、打工簽，正式工作簽太難拿，直到在「搭訕居酒屋」認識男友後，結婚似乎成為留在韓國的唯一解……\r\n\r\n ◆Emily／遊學公司職員\r\n 人生目標是「交歐巴男友」！到韓國談了幾次被分手的戀愛，面試超過20次，進入代辦菲律賓遊學的公司不但做得有聲有色，更一舉成為臺灣支社長……\r\n\r\n ◆郁涵／民宿清掃職員\r\n 嚮往到韓國生活一段日子，卻遇上速食店愛監控員工又偏心的慣老闆、花言巧語想占便宜的韓國男人，在民宿清掃還得躲警察盤問……\r\n\r\n 2016年，韓國打工度假簽證600個名額，在短短4天內申請一空。\r\n 2017年，辦事處首度發放號碼牌，才能紓解排隊申請人潮。\r\n 2018年，名額增至800個，有人徹夜排隊，且仍在開放申請當天發光號碼牌。\r\n\r\n 最低時薪7,530韓元（約臺幣210元），薪資水準不如澳洲，政府限制外國人打工時數……韓國條件不是最優渥，為何仍有如此大的魅力？\r\n\r\n 求職碰壁、差別待遇、低薪高物價，加上要克服語言門檻、複雜的職場文化……實際上又在韓國過著怎麼樣的生活？\r\n\r\n 在韓國做過地陪、上班族的Fion，根據自己與其他在韓工作者的親身經驗，分享出國逐夢該有的認知，在韓國職場打滾需注意的潛規則。更實地採訪到韓國打工度假的臺灣女孩，她們帶著各自的目標或動機，走出韓劇美好泡泡，踏入冷酷的現實。有些人找到生存之道，或開啟了人生另一個方向，也有人仍在迷惘之中。\r\n\r\n 寫下她們的故事，不只為了分享經驗，更希望鼓勵心中有夢的每個人--夢想幻滅並不可懼，空想卻不行動才是。\r\n\r\n  \r\n\r\n※此書內頁之所有照片、圖片均僅為裝飾、美化版面，與文中所談論之議題或內容無關。\r\n\r\n"}
{"書名":"韓流是這樣煉成的！","書籍網站":"https:\/\/www.kingstone.com.tw\/\/basic\/2017320035665?zone=book&lid=book_class3_hcd&actid=book_class3_hcd","作者":"伍麒匡","出版社":"天窗      ","ISBN":9789888599493,"圖片網址":"https:\/\/cdn.kingstone.com.tw\/book\/images\/product\/20173\/2017320035665\/2017320035665b.jpg","書籍簡介":"\r\n\r\n《上流寄生族》獲奧斯卡最佳電影，韓國政府如何在背後策軍？「地獄式」造星工廠，如何由「文化界總統」李秀滿一手開創？民營有線台，如何瓦解無線電視台霸權，創出一部部人氣韓劇？韓國流行文化，征服了億萬韓迷，帶動韓國經濟及軟實力突飛猛進，更開始撼動歐美流行文化的全球霸主地位！「韓流」，何止是俊俏嬌美的男神女神、引領潮流的K-pop、令人怦然心動的韓劇、直面現實的「貼地」電影；翻開此書，你會發現，韓國政府、財閥及製作團隊之間的恩怨情仇，正是令「韓流」高速進化的非凡動力。韓流達人伍麒匡，多年來研究韓國文化，他在書中以多部超人氣作品為引子，檢視韓國如何於短短二十多年間，將文化育成國家重要的經濟產業，剖析其成功因素及陰暗面，綜論電影、音樂、電視劇、綜藝節目等領域，也檢視韓流如何結合網絡漫畫、影視串流平台、數碼及社交媒體，席捲全球，大大提升韓國經濟以及軟實力。韓流的煉成，絕對是大韓民族最耐人尋味的地方。\r\n                    \r\n"}
{"書名":"北韓迷宮（增訂版）","書籍網站":"https:\/\/www.kingstone.com.tw\/\/basic\/2015000044792?zone=book&lid=book_class3_hcd&actid=book_class3_hcd","作者":"Pazu薯伯伯","出版社":"天窗      ","ISBN":9789888599486,"圖片網址":"https:\/\/cdn.kingstone.com.tw\/book\/images\/product\/20150\/2015000044792\/2015000044792b.jpg","書籍簡介":"\r\n\r\n北韓，一場拆不穿的魔術、一台看不透的戲、一個進退不得的迷宮。Pazu薯伯伯，深入謎之迷宮，窺看朝鮮之冬；於增訂版中，再記下四次在朝鮮境外遇上北韓人的小故事。從谷歌地球的夜景圖俯瞰北韓，東亞地區四周燈火通明，僅有朝鮮半島上半部分形成一處暗角……剛好勾畫出朝鮮民主主義人民共和國的邊疆版圖。在這國度裡，有一位被人民尊稱為「太陽」的永遠領導人，他的教導句句發金光，照亮後世，普照萬民。太陽底下，鑊鑊新鮮鑊鑊甘，光怪陸離，難分真與假。旅人們，歡迎來到光明的暗角。如何在金光籠罩下看見陰暗；如何在千篇一律中找出不同；如何在核心的外圍窺見內圍，才是這迷宮的真正玩法。\r\n                    \r\n"}
{"書名":"兩韓競合與強權政治","書籍網站":"https:\/\/www.kingstone.com.tw\/\/basic\/2015780085824?zone=book&lid=book_class3_hcd&actid=book_class3_hcd","作者":"李明","出版社":"五南      ","ISBN":9789865220662,"圖片網址":"https:\/\/cdn.kingstone.com.tw\/book\/images\/product\/20157\/2015780085824\/2015780085824b.jpg","書籍簡介":"\r\n\r\n\r\n名人推薦\r\n\r\n\t朝鮮半島事務不僅是李明教授在學術生涯上的「初戀」，從他數十年來持續不斷關注、評析朝鮮半島事務及相關地緣政治來看，韓國事務仍然是他學術上的「摯愛」。《兩韓競合與強權政治》又是一個愛的結晶，獻給了讀者，讓我們仔細的品味吧！\r\n\t張京育\r\n\r\n\t這本書集結李明教授研究南北韓幾十年的心血。非本行的讀者看完它，一定會對我們這個重要鄰居有個比較完整的認識。本行的專家看了它，相信也能吸收很多別處不易取得的營養。看完本書後，最起碼大家都把南北韓情勢放到我們平日觀察國內外時事的雷達網上，因為它對台灣太重要了！\r\n\t蘇　起\r\n\r\n"}
{"書名":"韓國人和你想的不一樣+愛上韓國歐巴，和你想的不一樣（太咪瘋韓國套書共2冊）","書籍網站":"https:\/\/www.kingstone.com.tw\/\/basic\/2017320034323?zone=book&lid=book_class3_hcd&actid=book_class3_hcd","作者":"太咪","出版社":"時報文化  ","ISBN":4712966623679,"圖片網址":"https:\/\/cdn.kingstone.com.tw\/book\/images\/product\/20173\/2017320034323\/2017320034323b.jpg","書籍簡介":"\r\n\r\n\r\n34萬人氣部落客 太咪瘋韓國\r\n\t「韓國人和你想的不一樣」暢銷破10000本系列\r\n\r\n\r\n《韓國人和你想的不一樣》：有趣文化差異，了解韓國大小事必看書籍！\r\n\r\n\t瘋韓劇、追偶像、學韓文，也要了解韓國人的一切；\r\n\t對韓國有成見？也許你對他們有些誤會！\r\n\t打破種種迷思，發現特殊習慣！\r\n\t★愛吃狗肉？其實不吃的人更多！\r\n\t★習慣坐地上，在咖啡廳也愛盤腿、翹腳？\r\n\t★什麼都是韓國的？韓國人表示：冤枉啊！\r\n\t★餐具各司其職，筷子只能夾菜，湯匙只能吃飯？\r\n\t★用地址找路永遠回不了家，必須認地標！\r\n\r\n《愛上韓國歐巴，和你想的不一樣》：異國戀真心話，韓國戀愛點滴赤裸大公開！\r\n\r\n\t韓劇裡溫柔深情、體貼入微的歐巴真實存在嗎？\r\n\t太咪帶你深入日常生活，從此對他們瞭若指掌，\r\n\t愛情觀大解密，感受有趣文化！\r\n\t★聯誼是日常休閒，相親是家常便飯！\r\n\t★女友是我的所有物？大男人獨有的霸道與溫柔\r\n\t★交往時絕不帶回家，好像在談祕密戀愛！\r\n\t★擇偶條件很明確，聽父母的準沒錯？\r\n\t★追求愛情要快、狠、準，這個不行，馬上換一個！\r\n\r\n\t臺灣人看韓國，情緒實在很複雜：熱愛偶像明星、流行時尚的粉絲迷戀她，被國際賽事、網路流言影響的人則敵視她。韓國離我們那麼近卻又如此遠，也許我們從未真正懂得她。\r\n\r\n\t了解一個國家，就先從理解他們的生活開始吧！太咪打破網路流言，詳細介紹各種韓國奇妙生活習慣，更藉由自己與身邊朋友的臺韓戀經驗，寫下韓國男女的愛情觀，說出愛上外國人的酸甜苦辣。\r\n\r\n暢銷記錄\r\n\t◆2015年博客來高中職師長百大閱讀推薦TOP71\r\n\t◆2014年度金石堂人文歷史TOP14\r\n\t◆2014年博客來「年度百大」銷售榜吃喝玩樂TOP81\r\n\r\n"}
{"書名":"非軍事區之北：北韓社會與人民的日常生活","書籍網站":"https:\/\/www.kingstone.com.tw\/\/basic\/2017320033401?zone=book&lid=book_class3_hcd&actid=book_class3_hcd","作者":"安德烈．蘭科夫","出版社":"麥田      ","ISBN":9789863446453,"圖片網址":"https:\/\/cdn.kingstone.com.tw\/book\/images\/product\/20173\/2017320033401\/2017320033401b.jpg","書籍簡介":"\r\n\r\n\r\n我們這時代的「最強大腦」，兩位神級讀書人，\r\n二十多年閲讀長河中，淘金之金粒篩選下來的精選書單。\r\n\r\n重點文學人文新書系——書癮PLUS\r\n童偉格‧房慧真 聯合選書\r\n駱以軍 特別推薦\r\n\r\n首波強打：《非軍事區之北》\r\n童偉格 選書‧房慧真 專文導讀\r\n\r\n\r\n\t我們人生黃金期二十年，可能擁有時間、智力、真正思索的好書，也就兩百多本。沒有我們以為的多，我們以為我們可以東讀讀西摸摸，有那麼多的「時光點數」。我覺得這兩位長期安靜認真閲讀的神級讀書人，願意幫我們開一兩書單，那真是我們極幸福之事啊。\r\n\t──駱以軍\r\n\r\n\t這個書系是一個平台，計畫邀請文學創作者，將他們各自喜愛、也從中受益的書，以兼顧個人化與普及性的角度，介紹給讀者。——童偉格\r\n\r\n\t／關於本書《非軍事區之北》\r\n\r\n\t關於我所選擇的《非軍事區之北》一書。過往幾年，我讀著各種關於北韓的著作，倒沒有什麼特別的目的，只是想對這個陌生鏡像，有多一點的了解：在同一個冷戰框架的兩邊，有關北韓的既驗史實，說不定，也對照性地解釋了關於台灣，隱密的未知。而我猜想，反之亦然。\r\n\t《非軍事區之北》以素描簿般的簡樸形式報導現場，不獵奇、亦不渲染地，直述了北韓民眾的所謂「日常生活」，提出了一種平實的見證。——童偉格\r\n\r\n世界如果真的存在瘋狂，北韓一定是那個杜鵑窩，也是最孤立無援的那個星球。\r\n研究北韓近三十年、曾在北韓生活多年的俄裔北韓研究專家，\r\n有關北韓社會及人民日常生活最素樸真實的第一現場記錄。\r\n\r\n\t●北韓的男孩女孩滿十二歲時，便須將金日成徽章佩戴在身上，每次出門都必須戴著，若沒有，通常下場不會太好。\r\n\t●北韓金日成和金正日的肖像無所不在，每間客廳、辦公室、鐵路和地鐵車廂都必須掛上。\r\n\t●當一個北韓家庭喬遷到新居時，第一件事便是將金氏家族的肖像掛在牆上。官方不時會進行突擊檢查，確保每一幅肖像都得到應有的照料。\r\n\t●在北韓，每位成年人都隸屬於某個「組織」，而所有的集會都由「組織」安排。每次的集會都是強迫性的，從小學生到退休的農婦都必須參加。\r\n\t●北韓人民還須參加一些政治讀書會，以學習（通常是死背）偉大的領袖的箴言為目標。\r\n\t●在北韓的書籍中，你／妳可以讀到根本沒發生過的偉大戰役與重大會議。\r\n\t●若你有機會在北韓跟當地人說話，你一定會注意到，他們對一部電影最棒的評語就是「裡頭沒什麼思想教化呢，特別有意思」。\r\n\t●一個母親哭泣對著被監禁身亡的兒子說：「你怎麼這麼快就走了？你為什麼要離開這個被詛咒的世界呢？」但當這位母親發現被監視後立即改口：「你為什麼要離開這個在偉大領袖的英明領導下，變得如此幸福的世界呢？」\r\n\t……\r\n\r\n\t這是一個傾斜的國度，一群人茫然無向，不知道是否有可能扶正的一天。原本以為並沒有看見什麼恐怖或壓迫的畫面；原本以為所看到的，和一場活生生的歐威爾式夢魘天差地遠。而原來我所看見的這些或那些，只是他們的日常。——安德烈･蘭科夫（Andrei Lankov）\r\n\r\n\t1984 年九月的一個晴天，本書作者安德烈･蘭科夫抱著複雜的心情，首次踏上北韓領土。他說：自從我第一次踏上北韓領土，我就對它充滿興趣，當時（1984年）世界對北韓幾乎漠不關心。\r\n\r\n\t本書不談國際政治，不談核武議題，不揣測兩韓是否會統一或何時統一。這本書想談談北韓的社會、這個社會裡的習俗和規範，以及它數十年來的歷史變革。書中詳細介紹作者在北韓生活所看到接觸到的人民日常，以及他多年研究所發現的這個國度裡的生活事物——從火車票到廣播節目；從娛樂時尚到婚姻愛情；從脫北者到生活在北韓的外籍人士；從各個城市裡分配食物的方式到這個國家的體制以及它實際上的運作……\r\n\r\n\t本書英文原著出版於二○○七年，是較早的一本有關北韓的著作。作者廣泛書寫北韓社會與人民的日常生活，以及它近數十年的歷史變革。全書旨在訴說這個國家的人民如何度過他們的生命，有些情節如今仍在上演。\r\n\r\n\t所有的社會中，統治階級的菁英都亟欲控制歷史，這彷彿是個定律：當一個政權愈嚴厲，就愈渴望掌控過去，而且操弄得更加露骨。這本書所帶給我們啟示，縱使事隔多年，現在仍值得反思——世界仍然以相同的模式在運轉著，強勢政權爭奪權利，平凡百姓只能載浮載沉，人類真正的平等與和平，仍需有賴繼續的反思與努力。\r\n\r\n◎書癮PLUS書單——\r\n\r\n\t《非軍事區之北——北韓社會與人民的日常生活》(North of the DMZ：Essays on Daily Life in North Korea)／安德烈‧蘭科夫（Andrei Lankov）著／陳湘陽‧范堯寬／譯\r\n\t【以素描簿般的簡樸形式報導，不獵奇、不渲染地直述北韓人民的「日常生活」】\r\n\r\n\t《愛與戰爭的日日夜夜》(Días y noches de amor y de guerra)／愛德華多•加萊亞諾（Eduardo Galeano）著／汪天艾‧陳湘陽譯\r\n\t【烏拉圭文學大師最重要的記實散文，充滿殘酷血淚的時代記憶之書】\r\n\r\n\t《內心活動》(Inner Workings: Literary Essays)／柯慈（John Maxwell Coetzee）著／黃燦然譯\r\n\t【諾貝爾文學獎得主二十年文學評論精選】\r\n\r\n\t《小於一》(Less Than One)／約瑟夫‧布羅茨基（Joseph Brodsky）著／黃燦然譯\r\n\t【諾貝爾文學獎得主經典散文集】\r\n\r\n\t《短暫的一生》(Novelas de Santa María)／胡安‧卡洛斯‧奧內蒂（Juan Carlos Onetti）著／葉淑吟譯\r\n\t【尤薩﹝Mario Vargas Llosa﹞特別推薦：拉丁美洲文學最具大膽實驗和原創性小說，媲美二十世紀最優秀說故事高手作品】\r\n\r\n\t《薩哈林旅行記》（Остров Сахалин）／契訶夫（Anton Pavlovich Chekhov）著／鄢定嘉譯\r\n\t【契訶夫畢生至為自豪的作品；索忍尼辛在本書啟發下，寫出了煌煌巨著《古拉格群島》】\r\n\r\n"}
{"書名":"平壤冷麵（改版）：一位法國記者暗訪北韓的見聞紀實","書籍網站":"https:\/\/www.kingstone.com.tw\/\/basic\/2017320033241?zone=book&lid=book_class3_hcd&actid=book_class3_hcd","作者":"尚—路加．葛達廉","出版社":"商周出版  ","ISBN":4717702905620,"圖片網址":"https:\/\/cdn.kingstone.com.tw\/book\/images\/product\/20173\/2017320033241\/2017320033241b.jpg","書籍簡介":"\r\n\r\n\r\n以法國自由精神之眼審視獨裁政治\r\n\t來到平壤，彷彿離開了地球表面，我們有如鼠疫傳染源，分分秒秒都受到監視……\r\n\r\n\t北韓，地球上最神祕的國度，若未取得官方允許，理論上沒有人能夠自由進出。\r\n\t法國知名記者葛達廉為撰寫報導前往北韓，朋友克洛漢決定同行。為了能夠合法入境，葛達廉隱瞞實際身分，冒充旅行社負責人，假開發觀光市場之名取得入境簽證，在二○一一年成功進入平壤。還在巴黎的時候，他們已經必須經過疑心重重的北韓官員一關又一關的面談，在進入平壤之後還有三名金先生以「導遊」之名如影隨形，全天候跟監。\r\n\t雖然在此之前，葛達廉已經走遍南太平洋、中南半島、巴拉圭，甚至塔斯馬尼亞，旅行過地球上八十個國家，但北韓還是讓他大吃一驚……\r\n\t每天晚上，葛達廉只能把自己關在廁所裡，用暗號寫日記。他用略帶挖苦的筆調記錄下這趟五味雜陳的旅程，也算是他對遠方國度的幾位「金」先生致意。\r\n\t \r\n各界讚譽\r\n\t看北韓，切勿只看金氏王朝給你看到的，要看，就看我們這些冒著生命危險、隱藏各種身分而進入北韓的故事，那是記者最真實的游擊戰報導，是親身處於沒有民主人權與新聞自由的國度裡，所奮戰出來的最真實的聲音與影像。\r\n\t——三立新聞台總編輯、知名主播  陳雅琳\r\n\t \r\n\t《平壤冷麵》比書市上其他北韓相關書籍更有人味些，也比其他記者客觀理性書寫、脫北者的自述，更主觀又「酸味」，甚至比其他北韓遊記來得更深入且豐富些。\r\n\t——文字工作者  阿潑\r\n\t \r\n\t葛達廉作品的力量源自於近距離觀察北韓……到處都像是一個模子印出來的，結果就像是一個清醒的惡夢：「在這個沒有存在感的國家，無論我們去了哪裡，其實什麼地方都沒去過。」\r\n\t——《快訊》雜誌（L’Express）\r\n\t \r\n\t作者長期於亞洲各地旅行並擅長旅行文學，為讀者呈現出金氏王朝版本的《資深記者化身底層階級180天》。\r\n\t——《論點》週刊（Le Point）\r\n\t \r\n\t充滿諷刺挖苦意味，令讀者會心一笑。\r\n\t——《閱讀》雜誌（Lire）\r\n\t \r\n\t字裡行間描述的現象有時會令讀者驚異、焦慮不安，覺得荒唐可笑。\r\n\t——《世界報》（Le Monde）\r\n\t \r\n\t並非新聞記者的冰冷紀實，而是作家的溫暖筆觸成就這部震撼人心的作品。\r\n\t——《解放報》（Libération）\r\n\r\n"}
{"書名":"新韓國人：從稻田躍進矽谷的現代奇蹟創造者","書籍網站":"https:\/\/www.kingstone.com.tw\/\/basic\/2017320032459?zone=book&lid=book_class3_hcd&actid=book_class3_hcd","作者":"麥可．布林","出版社":"聯經      ","ISBN":9789570852035,"圖片網址":"https:\/\/cdn.kingstone.com.tw\/book\/images\/product\/20173\/2017320032459\/2017320032459b.jpg","書籍簡介":"\r\n\r\n\r\n是統一或和平相處？我們都很想知道。\r\n\r\n這是一本理解韓國人性格及文化的必讀之作！\r\n韓國──一個令人又愛又恨的國家，從蕞爾小國躍進世界舞台，\r\n不斷創造經濟、文化奇蹟，讓世人無法忽視它的影響力。\r\n《新韓國人：從稻田躍進矽谷的現代奇蹟創造者》是最深入、最全面的韓國觀察報告，\r\n從宏觀角度探索歷史、觀察社會、剖析文化，刻劃最真實的南韓面貌！\r\n來自首爾現場的剖析與未來預言；看過這本書，你會比韓國人更了解韓國！\r\n\r\n\t韓國人是什麼人？他們是什麼樣子？韓國是已開發國家中生育率最低、自殺率最高的國家，為什麼韓國人不快樂？《新韓國人》檢視外界如何看待他們，而其「國民性格」受到什麼影響，又是如何從落後、貧窮和殘酷經歷中崛起？作者麥可‧布林提供來自首爾現場的深入觀察，帶領讀者了解南韓這個迷人國家的歷史、特色，以及未來的發展，並跨越非軍事區，到北韓一探究竟。\r\n\r\n\t不過幾十年前，南韓還是貧窮的農業國家，卻在短短一個世代內從田野走到矽谷。這是經由三個出人意料的奇蹟實現：經濟發展、民主化，以及受到全球關注的文化新勢力。如今南韓不僅是人們出國旅遊的熱門選項，韓劇、流行音樂、電視節目、飲食等文化的輸入，更已浸潤至台灣人生活的日常。而這個國度歷史發展十分複雜，造就了他們寧願遺忘某些過往，專注未來、剛烈鮮明的民族性。\r\n\r\n\t本書作者麥可‧布林自1980年代起即擔任美國《華盛頓時報》的駐首爾記者，長期觀察南北韓情勢，以及社會、文化、政治等議題，於《衛報》、《華盛頓時報》、《泰晤士報》分析韓國脈動。此後定居首爾，對於韓國一路的轉變與發展，持續有第一線的直接觀察。不僅出版許多韓國主題作品，於2004年出版的《韓國人》（The Koreans），在英語國家被公認是理解韓國人性格及文化的必讀作品。\r\n\r\n\t《新韓國人》是布林根據近年韓國轉變所寫成的更新版。舉凡對於權威的服從、企業與國家合一的保護主義、高自殺率與貧富不均等現象，均有深度的觀察與外國觀點，著眼於新韓國人的民族性，以及他們如何從落後、貧窮與戰爭的背景中崛起。是什麼驅動這個國家，它又朝向何方前進？透過深富洞察力的趣聞軼事與觀察，布林描繪出亞洲最矛盾與兩極化的國家。南韓人透過對立激起動機，布林認為：他們與對立的鄰國──北韓，是以己身的歷史與國際輿論抗衡。他也將帶領讀者跨越非軍事區一探究竟，聚焦韓國未來的展望。而前總統朴槿惠遭罷免下台、三星與現代等全球品牌陷入獻金風暴等議題，這個國家與人民又將如何轉變？這本書是理解「新韓國人」不容錯過的傑作。\r\n\r\n"}
{"書名":"他人即地獄：韓國人寂靜的自殺","書籍網站":"https:\/\/www.kingstone.com.tw\/\/basic\/2015480083618?zone=book&lid=book_class3_hcd&actid=book_class3_hcd","作者":"陳慶德","出版社":"逗點文創社","ISBN":9789869609449,"圖片網址":"https:\/\/cdn.kingstone.com.tw\/book\/images\/product\/20154\/2015480083618\/2015480083618b.jpg","書籍簡介":"\r\n\r\n\r\n「自殺共和國」是如何煉成的？\r\n——直視韓國人的自殺，思索台灣人未來的活路。\r\n\r\n\t \r\n\t「我們」的社會，為何把我們逼上絕路？\r\n\r\n\t被辱罵「抹布女」的音樂系女大生、身陷貪污醜聞的前總統、無法阻止傳染病蔓延的政務官、讀書讀到快死掉的中學生、光鮮亮麗的明星偶像、窮苦的老年人、終日爛醉的上班族、遭受霸凌的軍隊菜鳥、才藝競賽中的第二名、迷戀偶像的小維特……生前喧嘩的韓國人正無聲走上絕路，一個接著一個，一場無法阻斷的自殺進行式。\r\n\r\n\t什麼都要學韓國，自殺也要學嗎？\r\n\t生前習慣大聲喧嘩、奪人目光的韓國人，為什麼往往悶不吭聲安靜地尋死？\r\n\r\n\t韓國文化研究者陳慶德，著手調查韓國人自殺場域，從是誰自殺（who），如何自殺（how），哪裡自殺（where），再到為何自殺（why），以實際案例說明韓國文化中的集體壓迫與高自殺率背後的成因，為台灣讀者提供最沉痛的借鏡。\r\n\r\n本書特色\r\n\r\n\t1.重量收錄：8則自殺案例 3則背景分析 1則日本自殺研究番外篇 16p銀色油墨精印首爾街拍照片。\r\n\r\n\t2.以實際案例出發，窺看韓國的高壓社會，找出形成其高自殺率的線索。\r\n\r\n\t3.文庫本尺寸：方便攜帶，印刷精美，一本適合隨身閱讀的議題概念書。\r\n\r\n"}
{"書名":"我相信世界可以改變：韓國MBC記者提供的鏡子","書籍網站":"https:\/\/www.kingstone.com.tw\/\/basic\/2015400093741?zone=book&lid=book_class3_hcd&actid=book_class3_hcd","作者":"李容馬","出版社":"網路與書  ","ISBN":9789862138953,"圖片網址":"https:\/\/cdn.kingstone.com.tw\/book\/images\/product\/20154\/2015400093741\/2015400093741b.jpg","書籍簡介":"\r\n\r\n\r\n沒有理想的現實，就像沒有未來的現在；\r\n選擇未來，唯有改變。\r\n讀懂韓國！了解台灣！\r\n\r\n\r\n\t由韓國獨立媒體「打破新聞」製作的紀錄片《共犯們》，報導韓國兩大公共電視台的罷工實況，在影片的最後，本書作者、長期參與罷工的李容馬，被問到行動的意義時，回答說：「在黑暗的時代，我們沒有選擇沈默，這就是意義了。」書中也提到有人問他為何不退出工會，他回答：「我沒有那樣活過⋯⋯」\r\n\r\n\t韓國兩任總統李明博與朴槿惠以政治力干預新聞編播，促使KBS和MBC兩家公共電視台記者為爭取新聞自由大舉抗爭。雖然有強勢的工會力量做為後盾，但記者們付出的代價卻是將近十年的青春年華，還有往後的新聞生涯。一直到2017年12月初工會的發聲與抗爭終於獲得逆轉勝，全員復職。\r\n\r\n\t本書為2012年，身為MBC工會宣傳局長的李容馬記者，為了訴求公平報導，與其他工會成員一同策畫為期170天的罷工活動，最後卻因此遭到解雇。爾後，他又被醫師診斷為腹膜癌末期。即使是重病纏身，仍未澆熄李容馬記者的希望，他一邊奮力地與病魔抗戰，一邊著手為兩個雙胞胎兒子寫的書。\r\n\r\n\t透過本書，李容馬訴說自己一路以來所生活的世界，以及這個世界未來該有的走向；記述著他曾經歷過的韓國現代史（如民主化運動等），並以將近二十年的記者角度，融合曾經採訪過經濟、文化、外交、司法、政治等領域的經驗，分析韓國社會與媒體的弊病所在，除此之外，也向讀者傳遞「為了讓下一代可以在更加自由平等、充滿人情味的社會生活，韓國國民必須團結起來」的信念，自始至終他堅持相信「世界可以改變」，變得更好！\r\n\r\n\t近代史上與韓國有著許多相同軌跡的台灣，作者所看到的韓國歷史與社會糾結，以及他為什麼要奮鬥打破的熱情和動力，不啻是提供給台灣的鏡子，可以讓我們對照現況，思索如何改變自己的世界。\r\n\r\n"}
{"書名":"一枚銅板也很幸福的雜貨店時光","書籍網站":"https:\/\/www.kingstone.com.tw\/\/basic\/2018620069411?zone=book&lid=book_class3_hcd&actid=book_class3_hcd","作者":"李美京","出版社":"馬可孛羅  ","ISBN":9789578759107,"圖片網址":"https:\/\/cdn.kingstone.com.tw\/book\/images\/product\/20186\/2018620069411\/2018620069411b.jpg","書籍簡介":"\r\n\r\n\r\n幸福很簡單的兒時回憶，你還記得嗎？\r\n\r\n\t \r\n\r\n韓國插畫家歷時20年，手繪紀錄即將消逝的雜貨店風景。\r\n\r\n帶我們重溫充滿歡樂記憶的美好年代！\r\n\r\n\t \r\n\r\n走訪韓國巷弄\r\n\r\n畫下那些即將消逝的雜貨店\r\n\r\n\t20年來從不間斷的畫筆，從觀音里雜貨店為始，到一路畫來的這些雜貨店：\r\n\r\n\t有即將結束營業的、韓戰以前就存在的、由高齡八九十歲爺爺奶奶堅守的、40年來不曾打烊的、或只能留在回憶中的……那一間間老舊雜貨店，不僅守護著兒時記憶，也陪伴著居民的日常生活。\r\n\r\n\t以抒情懷舊的筆調回憶舊時光，一窺韓國古早的社會風情，也讓人回過頭看看，那些被遺忘的、重要的、充滿情感的回憶與童心。\r\n\r\n\t \r\n\r\n聽各種人生故事\r\n\r\n看見生活的痕跡與溫度\r\n\r\n\t書中收錄80張插畫，皆專注於透過畫筆挖掘每個微小角落的美麗。\r\n\r\n\t木頭做的拉門、長有苔蘚的褪色紅瓦片屋頂、掛在牆上的小郵筒、堆疊的蔬菜水果箱、停放的腳踏車、以及一年四季小賣部門前的樹木，歲月的痕跡完整收藏於畫作之中，並輔以溫暖人心的文字記錄老店的人事物。\r\n\r\n\t簡單、日常、質樸，它們整體都在呢喃細語著美麗的故事。\r\n\r\n"}
{"書名":"當日本OL變成了韓國不良主婦","書籍網站":"https:\/\/www.kingstone.com.tw\/\/basic\/2017320031667?zone=book&lid=book_class3_hcd&actid=book_class3_hcd","作者":"NANA","出版社":"臺灣商務  ","ISBN":9789570531442,"圖片網址":"https:\/\/cdn.kingstone.com.tw\/book\/images\/product\/20173\/2017320031667\/2017320031667b.jpg","書籍簡介":"\r\n\r\n\r\n「可是，我討厭韓國人耶……」\r\n一碗辛拉麵，意外地讓NANA踏上韓國人妻之路。\r\n用翻譯軟體與婆婆溝通、適應長男家族的繁瑣禮儀，\r\n還有年節的洗碗地獄……\r\n一本衝撞韓國傳統的歪國小媳婦「不良」日記，\r\n最直白＆逗趣的韓國文化觀察書！\r\n\t \r\n\r\n★日本OL＋韓文初學者，用日本人的「規矩」挑戰韓國人的「隨性」──\r\n\t坐地鐵時長者插隊，走路撞到人也不道歉，或是覺得大韓民國什麼都是最好的！一般人對韓國人的印象是「魯莽」、「態度差」、「自大狂妄」。但是，全韓國的人都這樣嗎？\r\n\t．沒禮貌！幹嘛叫我姐姐？韓國人初次見面就問年紀？\r\n\t．不能等！公車司機猛踩油門，但時刻表只是參考用？\r\n\t．王初步！發音文法零基礎，當地有哪些免費韓文學習管道？\r\n\r\n★韓國歐爸好浪漫，小媳婦的現實生活卻是無限挑戰──\r\n\t「不能達到您心目中理想的媳婦樣子，真是對不起……」嫁進傳統大家庭，講究古禮的年節祭拜讓小媳婦有煎不完的食物、洗不盡的碗，近百年的韓屋沒有廁所、少婦時尚裝瞬間變大嬸家事服……嫁到韓國的第一個農曆年夜，NANA傷心地離開了婆家。\r\n\t．規矩多！傳統婚宴儀式像闖關，臉頰和眉心還要貼上小紅點？\r\n\t．煎尖艱！年節壓力讓韓國媳婦們情緒潰堤，爆發離婚潮？\r\n\t．翻滾爬！韓國人在中秋節祭祖，掃墓就像叢林大冒險？\r\n\r\n★靠韓流明星席捲全世界，背後卻有和台灣一樣的社會問題──\r\n\t戰後快速發展的美麗哀愁籠罩南韓，功利主義社會更是讓不少人喘不過氣。\r\n\t同工不同酬、生計型創業、高房價……公司裡是戰場，出了公司更是地獄！\r\n\t．瘋創業！高勞動低薪資，炸雞店社長滿街跑？\r\n\t．防北韓！不對外公開地圖情報，想找美食名店Google大神卻失靈？\r\n\t．愛比較！男生女生都愛美，比學歷比外貌的氛圍讓人活得好累？\r\n\r\n"}
{"書名":"北韓，下一步？！國際經濟學家所觀察的北韓現況與未來","書籍網站":"https:\/\/www.kingstone.com.tw\/\/basic\/2017320030615?zone=book&lid=book_class3_hcd&actid=book_class3_hcd","作者":"陸迪格．法蘭克","出版社":"商周出版  ","ISBN":9789864774241,"圖片網址":"https:\/\/cdn.kingstone.com.tw\/book\/images\/product\/20173\/2017320030615\/2017320030615b.jpg","書籍簡介":"\r\n\r\n\r\n\t＊金正恩不是獨裁者而是改革者\r\n\t＊北韓會成為亞洲新小龍\r\n\t＊兩韓統一有其可行性\r\n\t這些是世界迫切需要知道的真相！\r\n\r\n\t北韓是地球上最與世隔絕的國家，在金氏家族統治下，世人鮮少能得知北韓的消息，一旦獲知消息，大多是報紙頭條的負面新聞：糧食短缺、濫用人權、殘忍的集中營、核彈試射、軍火交易、兩韓衝突。北韓人民意識形態同步性高，顯然對他們的政權毫無怨言。\r\n\t \r\n\r\n\t陸迪格．法蘭克這本書可以讓你了解北韓，改變對北韓的認知。陸迪格．法蘭克出生於東德時期，經歷過東德、蘇聯、北韓三種集權政體。世界上數一數二的北韓專家，鑽研北韓問題已有四分之一世紀，能夠固定訪問北韓，在南北韓都有影響力。他在書中為一般讀者介紹北韓的權力結構、經濟關係、北韓史觀與當地的日常生活，也從他多年經驗中觀察出北韓近年來的轉變。他的深入介紹能幫助我們去了解，為什麼北韓要這樣做？北韓會有哪些驚人的「下一步」？\r\n\r\n\t \r\n\r\n\t本書特色：\r\n\r\n\t    獨家收錄最新作者序，提點台灣在東亞情勢的角色\r\n\r\n\t    作者以經濟專長解說北韓的經濟發展\r\n\r\n\t    預言北韓未來，談論兩韓統一問題\r\n\r\n\t    不以獵奇角度陳述，是易讀的政經著作\r\n\r\n\t    附北韓地圖、北韓現況彩照\r\n\r\n"}
{"書名":"韓國人，你「潮」什麼？台灣大叔臥底首爾，掀開連在地人都不知道的奇事、夯事、威事！","書籍網站":"https:\/\/www.kingstone.com.tw\/\/basic\/2017320030455?zone=book&lid=book_class3_hcd&actid=book_class3_hcd","作者":"王天中","出版社":"時報文化  ","ISBN":9789571372990,"圖片網址":"https:\/\/cdn.kingstone.com.tw\/book\/images\/product\/20173\/2017320030455\/2017320030455b.jpg","書籍簡介":"\r\n\r\n\r\n神出鬼沒的第一手臥底街拍照\r\n網路爬文也找不到的流行情報\r\n在地人才知道的最潮娛樂之道\r\n\r\n\r\n\t獨家照片與KUSO文字帶你快速融入韓式生活、掌握最新趨勢、秒懂歐巴和歐妮的內心世界！\r\n\r\n\t台灣大叔首爾臥底筆記曝光～\r\n\t●10句話，完解大韓國民心理：犀利觀察與幽默剖析，讓你和歐巴歐妮相處毫無違和感。\r\n\t●24現象，玩轉首爾新潮流：獨家第一手私房照，讓你看圖就想親自去嘗試！\r\n\t●3觀點，完爆台韓不了情：好想贏韓國？讓你一次認識、理解、學習韓國的軟硬體優勢。\r\n\r\n\t重視外表的泡菜民族上完廁所不洗手？\r\n\t首爾男人搭地鐵為何像西施一樣「捧心」？\r\n\t比屍速列車更恐怖的「失態列車」在搞什麼鬼？\r\n\t韓國人的「正義使者」竟然是中國古代的那一位！\r\n\r\n\t想要搞懂韓國人在想什麼？夯什麼？威什麼？\r\n\t前天龍國記者搬去首爾Long Stay～\r\n\r\n\t原來，\r\n\t一邊釣魚一邊喝咖啡才叫做潮，\r\n\t到地下街血拼才是王道，\r\n\t冬天吃冰最能接地氣，\r\n\t在路邊野餐不是假掰裝文青，\r\n\t還有還有，一定要讓Ryan陪你喝杯咖啡才過癮。\r\n\r\n"}
{"書名":"再寫韓國—臺灣青年的第一手觀察","書籍網站":"https:\/\/www.kingstone.com.tw\/\/basic\/2015410264032?zone=book&lid=book_class3_hcd&actid=book_class3_hcd","作者":"陳慶德","出版社":"月熊      ","ISBN":9789869512619,"圖片網址":"https:\/\/cdn.kingstone.com.tw\/book\/images\/product\/20154\/2015410264032\/2015410264032b.jpg","書籍簡介":"\r\n\r\n\r\n◇從「被害意識」出發，深入瞭解韓國文化\r\n◇第一本從臺灣文化研究者角度省思韓國社會之專書。\r\n\r\n 擱置偏見，帶著臺灣的文化DNA\r\n 親自進入韓國生活，轉身回頭看看自己的「轉變」\r\n\r\n 以臺灣人的眼睛，看「太極虎」的社會現實－\r\n 求快、整容、爭第一，\r\n 從表層現象看透韓國民族性的根源\r\n 發生在朝鮮半島的百種現象，皆能一以貫之地以被害意識串連、觀看！\r\n\r\n 臺灣也總愛與韓國相比拚，你知道現今韓國也在瘋臺灣嗎？\r\n 文化並非單行道，也會互相影響！\r\n\r\n 認識花美男偶像劇、旅遊景點之外的韓國，\r\n 就從咖啡、泡麵、香蕉牛奶，與發呆大會開始\r\n\r\n ■什麼都是韓國人發明的？\r\n ■自殺率世界第一高的國家？\r\n ■喜歡在運動比賽上耍小動作？\r\n ■愛國排外、愛美愛整型、愛喝酒吃辣配泡菜？\r\n 關於韓國，不論正面或負面，這些關鍵字瞬間浮現，\r\n 除了網路謠言與刻板印象，我們對於韓國的瞭解太過表象。\r\n\r\n 媒體興高采烈報導：\r\n 臺灣各式飲料、古早味蛋糕在韓國颳起陣陣旋風，\r\n 同樣反映著高度競爭意識社會下，\r\n 韓國人亟需在短時間內補充熱量再回到「戰場」的日常\r\n\r\n 唯有看透現象的意義，我們才能真正理解韓國。\r\n\r\n重要事件    \r\n 一九四五年八月二戰結束，朝鮮半島獨立建國\r\n 一九五○至五三年，韓戰爆發\r\n 一九五三年七月二十七日，停火協議\r\n\r\n本書特色\r\n\r\n 嚴肅的國際關係、政治分析，韓國人妻的粉絲團文章、迷妹的聖地巡禮，或者是英日文的翻譯書；在臺灣，如果想閱讀韓國社會文化的相關書籍，多半屬於這些類型。\r\n\r\n 我們希望能夠找到臺灣人的觀點，用臺灣人的角度，深入韓國社會，一探東北亞的這個重要國度。由一個在這座島嶼成長、就學，理解臺灣文化，同時浸淫韓國文化已久的研究者，來告訴我們種種現象之下，韓國人何以成為韓國人。\r\n\r\n"}
{"書名":"離別韓國","書籍網站":"https:\/\/www.kingstone.com.tw\/\/basic\/2017320029336?zone=book&lid=book_class3_hcd&actid=book_class3_hcd","作者":"吳祥輝","出版社":"蝴蝶蘭文創","ISBN":9789868918146,"圖片網址":"https:\/\/cdn.kingstone.com.tw\/book\/images\/product\/20173\/2017320029336\/2017320029336b.jpg","書籍簡介":"\r\n\r\n\r\n 韓國，三面環海，三面強敵包圍，不幸的國家地理。\r\n 國內財團宰制，被霸凌的人民。霸凌是韓國內外無所不在的文化根基。\r\n\r\n  \r\n\r\n 經濟中國，軍事美國，似乎合理。本質上是認知失調。\r\n 中國工廠和市場崛起，但要真正掌握世界經濟戰略格局，恐怕還有長遠的路。\r\n 南韓的兩手策略，只是沙灘上的建築。\r\n\r\n  \r\n\r\n 韓國被霸凌在中日俄東北亞霸權的爭奪。獨立之路還要走完南北統一，才算初步成就。\r\n 韓國的歷史不幸，造就台灣脫離中國。這是台灣人對韓國應有而未有的重要認知。\r\n\r\n  \r\n\r\n 《離別韓國》是現實上的韓國人心描述，也是一位台灣作家對自己母土的深刻警示和祝福。\r\n\r\n"}
{"書名":"北韓非請勿入區：北韓綁架計畫的真實故事","書籍網站":"https:\/\/www.kingstone.com.tw\/\/basic\/2015480078911?zone=book&lid=book_class3_hcd&actid=book_class3_hcd","作者":"羅伯特．博因頓","出版社":"遠足文化  ","ISBN":9789869423373,"圖片網址":"https:\/\/cdn.kingstone.com.tw\/book\/images\/product\/20154\/2015480078911\/2015480078911b.jpg","書籍簡介":"\r\n\r\n\r\n\t━北韓當代史中最令人震撼的篇章━\r\n\r\n一場北韓綁架事件的探索之旅，揭開日韓百年歷史的愛恨情仇\r\n\r\n\t \r\n\r\n\t \r\n\r\n\t1977年到1983年間，北韓在日本、歐洲各地秘密進行綁架計畫，當年遭綁架的對象來自南韓、日本、羅馬尼亞、黎巴嫩等國，其中最知名的是南韓明星崔銀姬與導演申相玉。北韓政府將被綁架者集中在平壤附近「非請勿入」的區域，讓北韓情治人員與他們朝夕生活，觀察、學習他們國家的習俗和語言，藉以訓練北韓特工。\r\n\r\n\t數十年來，北韓一直否認他們與1970年代晚期數十位在日本濱海城鎮與城市消失的日本人事件有關。而這些失蹤案一開始被日本媒體當成都市傳說來談論，就像外星人綁架地球人一樣。直到1987年11月大韓航空發生空難，人們才從北韓間諜金賢姬身上找到端倪──她承認自己從一位1978年6月遭綁架的日本女性那裡學習日語。到了2002年，北韓瀕臨崩潰，金正日為尋求外援，首次邀請日本首相小泉純一郎訪問北韓，在雙方會談中首次坦承曾經綁架十三名日本人，其中八人已經死亡，並釋放了五人，藉此換取日本的援助。\r\n\r\n\t作者博因頓因為《紐約時報》一張五位遭綁架日本人返國的新聞照片，而對這個荒誕離奇的故事感到好奇。他追隨這些年輕時被強行帶離家園的人的生命足跡，他們在陌生、封閉且受監視的環境下生活了四分之一個世紀，並結婚生子。他試圖解開綁架事件背後的原因，對被綁架者進行廣泛的訪談，也與民族主義者、左派分子、在日韓國人、間諜、脫北者、外交人員、漁夫等人對談，藉此重建被綁架者在北韓的生活樣貌，探討此事件對其個人的傷害及對日本的影響，並一路追溯一百多年來韓國與日本之間文化與歷史的關係。\r\n\r\n\t《北韓非請勿入區》是一部深入報導與研究透徹的作品，書中描述東亞歷史、政治及北韓渴望在現代世界維持自身地位的故事，非常吸引人。\r\n\r\n"}
{"書名":"歐巴當道憑什麼？全方位解析韓國文化產業崛起的祕密","書籍網站":"https:\/\/www.kingstone.com.tw\/\/basic\/2015400090405?zone=book&lid=book_class3_hcd&actid=book_class3_hcd","作者":"洪又妮","出版社":"麥浩斯    ","ISBN":9789864082896,"圖片網址":"https:\/\/cdn.kingstone.com.tw\/book\/images\/product\/20154\/2015400090405\/2015400090405b.jpg","書籍簡介":"\r\n\r\n\r\n ◎Amazon 2014.08 當月選書\r\n ◎Amazon 讀者四.六顆星推薦\r\n ◎政治大學韓國語文系主任郭秋雯審定\r\n\r\n  \r\n\r\n 一個有計畫性的文化攻堅戰，一場動員全國人民的造神運動，韓國政府精心籌畫多年，就是為了要讓韓流一舉攻佔世界！\r\n\r\n 在台灣人還在大談文創時，你是否注意到了來自他國最大的文化侵襲－－韓流入侵！\r\n 在現在政府打著創意經濟的口號時，其實韓國從二十年前就開始利用政府力量全面培植韓流發展，你可能感覺到韓劇、流行音樂、電影、電玩等韓國文化侵入了我們的生活，但你不知道的是這可能是一場由韓國政府精心策畫針對全世界的文化侵略。\r\n\r\n 》金融危機激盪出韓流\r\n 1997年亞洲經融風暴重創韓國經濟背負龐大國際債務，也在此同時韓國總統金大中下定決心開啟前所未有的國家品牌重塑運動。從全國密布的高速網路設置、大筆國庫資金投入娛樂產業，甚至為了經濟發展韓國政府干預民營企業和國民生活，矢志要讓21世紀成為韓國的世紀。\r\n\r\n 》辛辣筆觸挖掘韓流真相\r\n 本書的採訪工程浩大，包括政府與企業高層、韓國駐外代表、知名作家、導演、偶像團體，揭露韓國造神運動後的秘辛，以各種不同的角度顛覆你對韓流的看法，深入探討韓流發展與成功的原因。\r\n\r\n ✦發展流行文化是拯救經濟垮台後的韓國一帖特效藥，韓國政府就算窮到脫褲子也要執行的首要任務，孤注一擲的結果是反敗為勝？\r\n\r\n ✦韓國文化部重金打造虛擬實境技術和超現實雷射立體圖像技術，不是為了發動戰爭或操作間諜活動，而是為了開演唱會？\r\n\r\n ✦韓國人如何打造國際巨星？隱藏在光鮮外表下是壓縮時間、財力跟勞力的血汗工廠，過勞被稱作「在所難免」？\r\n\r\n ✦韓國成功的背後，自殺率高居世界首位，除了嚴以律已的韓國人無法承受失敗，更因為韓國民族性裡深埋著復仇的「恨」？\r\n\r\n 》軟實力出口文化商品\r\n 韓國靠國家的力量計畫性培養文化軟實力，獲得極大的成功並以侵略般的速度蔓延。為什麼韓國人也承認自己不是最有創意的，但玩創意卻成功了？不搞發明，卻讓品牌行銷全世界？韓國文化甚至是封閉的，卻成為文化輸出大國？\r\n\r\n 從落後到世人追捧，韓國的轉變只有短短二十年。\r\n\r\n 無論你是不是韓飯，都該了解這個強大驚人的流行工業與文化輸出計畫！\r\n\r\n"}
{"書名":"韓國，原來如此！前美國記者的第一手社會與職場觀察","書籍網站":"https:\/\/www.kingstone.com.tw\/\/basic\/2015530067506?zone=book&lid=book_class3_hcd&actid=book_class3_hcd","作者":"法蘭克．阿倫斯","出版社":"商周出版  ","ISBN":9789864772292,"圖片網址":"https:\/\/cdn.kingstone.com.tw\/book\/images\/product\/20155\/2015530067506\/2015530067506b.jpg","書籍簡介":"\r\n\r\n\r\n當自由奔放的美式作風遇上層級分明的儒家思想，會擦出什麼樣的火花？\r\n 爆笑逗趣卻富含見解的阿豆仔韓國闖蕩記，帶你了解意想不到的韓國！\r\n\r\n 「太咪瘋韓國」粉絲團版主 太咪\r\n 人氣部落客 老小姐\r\n 韓半島新聞台記者 楊虔豪\r\n 政大國際關係研究中心教授 蔡增家\r\n 聯合推薦（依姓氏筆畫序 ）\r\n\r\n 法蘭克．阿倫斯原是《華盛頓郵報》商業線記者，因為太太考上外交官即將派任南韓，決定中年轉職，進入韓國第二大財閥現代汽車國際公關部工作，成為現代汽車總部極少數的外國人。\r\n\r\n\r\n 在這個烤肉不用烤肉醬、燒酒當水喝、進入「SKY」大學是王道、充滿「金李朴」同事、長官前輩是神的異域星球，這個初次接觸東方職場、不會讀空氣的外國人，開始遭遇一連串的趣事與衝擊。\r\n\r\n\r\n 比方說：韓國人的英文用法有點特別，Diary不叫日記，外套一律都叫Burberry；寫信給職等較低的同事不是被已讀不回，就是被說造成困擾；以為女同事忘了拆掉大衣的手工製吊牌好心提醒，結果對方是故意要讓人看見；公司登山會明明爬的是座小山，大家卻穿著專業得好似要去攀登K2峰……\r\n\r\n\r\n 除了面對大大小小的文化與職場衝擊，阿倫斯也必須盡快熟悉從未接觸過的公關業務：招待來自世界各地的汽車記者、到處參展、拜訪當地工廠和客戶，更要建立現代汽車的國際形象。他甚至不惜衝撞體制，要求建立公司總部英文網頁、雇用專職英文潤稿員，最後還學會用PPT幫自己爭取外國人不曾升任的副社長職位，以及實質考核部屬的權利……\r\n\r\n\r\n 本書幽默自嘲、行文歡樂，不只是了解韓國社會與職場的絕佳入門書，作者對韓國與日本、中國和北韓之間的糾葛，與韓國追求西化、高科技和維護傳統的反差矛盾，也有深刻觀察。\r\n\r\n"}
{"書名":"控訴：第一位目前仍然生活在北韓的異議作家的血淚之作！冒險夾帶偷渡南韓，終於公諸於世！","書籍網站":"https:\/\/www.kingstone.com.tw\/\/basic\/2018620065253?zone=book&lid=book_class3_hcd&actid=book_class3_hcd","作者":"潘迪","出版社":"平安文化  ","ISBN":9789869455244,"圖片網址":"https:\/\/cdn.kingstone.com.tw\/book\/images\/product\/20186\/2018620065253\/2018620065253b.jpg","書籍簡介":"\r\n\r\n\r\n如果不是冒著生命危險，\r\n 你無法看到這部作品！\r\n\r\n  \r\n\r\n 韓國kyobo、英國Amazon書店讀者★★★★★驚世推薦！\r\n\r\n\r\n 如果北韓是綻放笑容的地獄，\r\n 他就是在地獄裡幽微閃爍的螢火蟲之光……\r\n\r\n\r\n我不是用筆和墨水寫這本書，我用的是血淚和骨頭。或許這些故事像沙漠一樣貧瘠、像荒野雜草一樣粗糙，或是像石製工具一樣不堪，但親愛的讀者，請您讀它吧！\r\n ──潘迪\r\n\r\n  \r\n\r\n 在這裡，「階級成分」不好的人，連努力的資格都沒有；孩子害怕馬克思肖像，父母就等著被流放；即使一輩子忠黨愛國，死前卻依舊一無所有；就算父母臨終，想見最後一面，沒有「通行證」也寸步難行；甚至表達情感的自由都是一種奢求，偉大領袖駕崩，連你致哀的次數都有人偷偷記錄……\r\n 對生活在這裡的人來說，這個地獄就叫作「北韓」。歷經無數次生離死別，作者潘迪親眼目睹諸多不公不義，決心為同胞發聲，暗地裡將他的所見所聞記錄下來。不同於坊間關於北韓的書籍多由西方新聞記者採訪撰寫或是「脫北」者的回憶錄，潘迪是第一位目前仍然生活在北韓的作者。他冒著生命危險，將秘密撰寫多年的手稿小心收藏，最後夾帶在《金日成選集》中才得以「偷渡」到南韓公諸於世。\r\n 七篇故事，也是對北韓的七個控訴，潘迪用生命凝鍊，以憤怒提筆，一手揭發北韓五十年來的專制、謊言與民不聊生的真相，也帶領我們深入這個外人難以想像的險惡國度。儘管沉痛到讓人不忍卒讀，但只要多一個人看到，就能為這個墨一般黑的地獄深淵，點燃一絲希望之光。\r\n\r\n"}
{"書名":"北韓迷宮","書籍網站":"https:\/\/www.kingstone.com.tw\/\/basic\/2017320025208?zone=book&lid=book_class3_hcd&actid=book_class3_hcd","作者":"Pazu薯伯伯","出版社":"天窗      ","ISBN":9789888395095,"圖片網址":"https:\/\/cdn.kingstone.com.tw\/book\/images\/product\/20173\/2017320025208\/2017320025208b.jpg","書籍簡介":"\r\n\r\n\r\n北韓，一場拆不穿的魔術、一台看不透的戲、一個進退不得的迷宮。\r\n\r\n\r\n\t從谷歌地球的夜景圖俯瞰北韓，東亞地區四周燈火通明，僅有朝鮮半島上半部分形成一處暗角……剛好勾畫出朝鮮民主主義人民共和國的邊疆版圖。\r\n\r\n\t在這國度裡，有一位被人民尊稱為「太陽」的永遠領導人，他的教導句句發金光，照亮後世，普照萬民。太陽底下，鑊鑊新鮮鑊鑊甘，光怪陸離，難分真與假。\r\n\r\n\t旅人們，歡迎來到光明的暗角。\r\n\r\n\t如何在金光龐罩下看見陰暗；\r\n\t如何在千篇一律中找出不同；\r\n\t如何在核心的外圍窺見內圍，\r\n\t才是這迷宮的真正玩法。\r\n\r\n\t《風轉西藏》作者Pazu薯伯伯，深入謎之迷宮，窺看朝鮮之冬。\r\n\r\n本書特點\r\n\r\n\t※作者薯伯伯親身到訪北韓，記錄第一手遊記。\r\n\t※作者在官方旅行團的批准下，拍下大量北韓的實況照片。\r\n\t※北韓這個封閉的國度，一直很少人前往；薯伯伯有豐富旅遊經歷，亦為這本著作閱讀了大量北韓書籍及資料，助讀者更了解北韓一切人與事。\r\n\r\n"}
{"書名":"我們最偉大：一個德國喜劇作家的北韓奇遇記","書籍網站":"https:\/\/www.kingstone.com.tw\/\/basic\/2017320024416?zone=book&lid=book_class3_hcd&actid=book_class3_hcd","作者":"克利斯提昂．艾瑟特","出版社":"平安文化  ","ISBN":9789869308328,"圖片網址":"https:\/\/cdn.kingstone.com.tw\/book\/images\/product\/20173\/2017320024416\/2017320024416b.jpg","書籍簡介":"\r\n\r\n\r\n這個國家，就是最棒的喜劇！\r\n\r\n  \r\n\r\n 德國熱門話題書，盤據暢銷排行榜長達70週！\r\n Amazon書店讀者★★★★捧腹叫好！\r\n\r\n\r\n 在偉大領袖的舞台上，我們就是為期五天的臨時演員。\r\n 這裡不見得美麗，卻絕對令你終生「難忘」……\r\n\r\n\r\n 25年前，一部電影中的彩虹滑水道「煞」到了12歲的我；\r\n 25年後，我和我的摯友橫跨1500公里，踏上尋找彩虹滑水道的夢想旅程……\r\n\r\n  \r\n\r\n 這聽起來好像很熱血，但如果，我們要去的是一個喝酒會被抓，隨便說話會被關，打國際電話、出國旅遊、看韓劇會被處死的瘋狂國度呢？那還真不是開玩笑的！\r\n 為了以防萬一，我們先立好了遺囑，喬裝成老師及口譯等「安全」的職業，才懷著忐忑的心情踏上北韓這個「有能力粉碎地球千百次」的宇宙強國。\r\n 在這個高速公路上沒有車、飯店裡沒有5樓、寺廟裡沒有和尚，旅館房間裡卻有冰淇淋機的詭異世界裡，我們先後造訪了世界最大的平壤凱旋門、存放超過21萬種禮物的交儀廳、高達170公尺的主體思想塔、專門販售金氏父子著作各種語言版本的「外文書店」，還品嘗了道地的北韓烤肉和6星級飯店的即溶咖啡。\r\n 五天下來，我們意外地發現，這個舉手投足都是戲的「主人」其實很好客，不但指派兩位導遊24小時不間斷的「關愛」，還有保管手機、檢查郵件等貼心服務。在偉大領袖的注視下，這裡充滿幸福與和平，滿溢榮耀與喜悅……\r\n 至於……這是真的嗎？我只能說，真正的北韓，你去過了就知道！\r\n\r\n"}
{"書名":"憤怒的數字 ： 韓國隱藏的不平等報告書","書籍網站":"https:\/\/www.kingstone.com.tw\/\/basic\/2015420072351?zone=book&lid=book_class3_hcd&actid=book_class3_hcd","作者":"新社會研究院","出版社":"高寶      ","ISBN":9789863612872,"圖片網址":"https:\/\/cdn.kingstone.com.tw\/book\/images\/product\/20154\/2015420072351\/2015420072351b.jpg","書籍簡介":"\r\n\r\n\r\n強勢的發展隱藏了危機，憤怒的數字背後是悲哀！\r\n 看見韓國，回望台灣：穿透韓國的社會實象，台灣也必須明白領悟。\r\n 不婚、不育、不養、不活，沒有未來的韓國與台灣。\r\n 對於韓國，你無需羨慕；憤怒是為了改變，吶喊是為了幸福。\r\n  \r\n\r\n彭明輝教授推薦序〈血淚交織的韓國奇蹟〉，郭秋雯教授〈憤怒是為了守護幸福〉導讀！\r\n  \r\n\r\n在韓國，在冷血的競爭之間，不管你再怎麼努力，99%的人生活也不會變好。\r\n 在韓國，企業經營者和股東們霸占了大部份經濟市場果實──利潤。\r\n 在韓國，屋奴、薪貧族、教育奴、貧窮銀髮族、婚奴、孩奴才是社會常態。\r\n\r\n  \r\n\r\n 如果你認為韓國經濟比台灣強，只能說，你看到的只是金字塔頂端的1%。如果你認為韓國比台灣落後，只能說，你沒看到台灣的弱勢族群。那麼，你還能說你了解韓國嗎？你真的了解台灣嗎？到頭來，我們將明白，原來我們都只看到我們想看到的東西，不想面對那些會讓我們心痛的現實。「憤怒的數字」不再只是因為這些數字的無情而憤怒，但「憤怒的數字」也提醒我們，我們可以為守護自己的幸福而做些什麼，只要我們願意站出來。\r\n\r\n ——政治大學韓文系系主任 郭秋雯\r\n  \r\n\r\n 旅遊只看見片面的韓國，韓劇呈現了美化的韓國；從三歲開始，韓國的不平等現象就滲透了全民。本書製作詳細的圖表，藉由具體的數據，直接展現韓國人民的生活品質。從小孩到老人，根據人生各階段來解釋：\r\n 1.發生了什麼不平等事情。\r\n 2.相關的具體原因為何。\r\n 3.解決方法是什麼。\r\n  \r\n\r\n35.1%的家庭體驗過貧窮，低收入戶家庭負債是年收入的2倍，家庭負債是OECD國家的 2倍，教育水準最棒，幸福指數最低，女性10人中4人為低薪勞工……這才是韓國。\r\n  \r\n\r\n 這本書細微觀察了一般韓國人的「生活」，並努力透過簡易的數字，傳達韓國人親身感受到的社會問題，更提出解方。使韓國社會「從搖籃到墳墓」的不是福利，而是不平等現象的壓榨。這本《憤怒的數字：國家隱藏的不平等報告書》，從數字揭露了韓國的真實：貧富不均、新階級分化、自殺率、社會安全網的破洞與各式的不平等。從出生到年老，絕大部分韓國人承受著各式巨大壓力，本書指出的韓國，也是台灣社會的縮影與借鏡。\r\n  \r\n\r\n 透過剖析韓國的經濟面、政策面及社會面，從男女老幼面臨的生活困境，本書揭露韓國進入新自由主義世界經濟秩序後的社會分化動盪。另外，在憂心忡忡之外，韓國的研究機構與社會觀察家依舊秉持「夢想著嶄新韓國」的強大意志力，不放棄「變強」，更期待社會能在強盛的路上，以追求「幸福」的可能性喚醒社會，以警言照亮並指向國家的未來，而這正是當前台灣最最需要的。\r\n  \r\n\r\n■救救衰亡消失的孩子\r\n 沒錢就不得不放棄生育，孩子出生後到大學畢業為止，平均要花費超過3億韓元（約新台幣833萬元）。\r\n\r\n  \r\n\r\n■追求經濟第一，兒童及家庭福利卻最後一名\r\n 韓國的兒童及家庭福利支出只占GDP的0.8%，屬於OECD國家中的後段班。2009年OECD國家的兒童及家庭福利支出水準平均占GDP的2.2%，高出韓國許多。\r\n\r\n  \r\n\r\n■選擇死亡的人們\r\n 韓國正背負著自殺率世界第一的臭名，自殺率高到被公然稱為「中斷生命的社會」。\r\n\r\n  \r\n\r\n■朱門酒肉臭，1%股市富翁擁有81.8%的市價總值\r\n 股票市價總額1,263兆韓元中，外國人持有32%，一般企業法人是24.5%、金融機關15.89%，占了總投資人98%的個人投資者持有剩下的24%市價總額。\r\n\r\n  \r\n\r\n■有龐大的收入，卻沒有龐大的稅金\r\n 企業營業利益增加、稅金卻未增加的原因在於，政府實施有利於大企業的抵減稅額，或是下調法人稅率等減稅政策。\r\n\r\n  \r\n\r\n■大企業是剝奪人民幸福的巨獸，勞動者代價高\r\n 大企業壟斷經濟成長利益的現象，主要往兩個大方向前進著：一個是減少了勞工薪資，另一個是霸占中小企業、包商、供應商的利潤。必須打破「大企業的神話」。\r\n\r\n  \r\n\r\n■居住正義何在？\r\n 買了房子反而更窮。以2012年末為基準，首爾地區的公寓平均年租金達到2.7億韓元（約新台幣750萬元），是當時平均每人實質所得的18倍。\r\n\r\n  \r\n\r\n■醫療保障性低，嚴重的醫療商業化\r\n 韓國發生的健康不平等現象中，最大的原因是健康保險的保障性太低。韓國人民連「健康」都不平等，儘管所有國民都有健保，但是連全部醫療費中的60%都無法保障，個人必須負擔的部分超過了40%。\r\n\r\n  \r\n\r\n■手術大國，癌症大國\r\n 韓國女性甲狀腺癌症發生率是美國的5倍、日本的15倍之多。每年約兩萬名韓國人被診斷為甲狀腺癌。從2006年到2010年間，韓國手術件數成長率最高的依序是甲狀腺手術、膝關節置換手術、一般脊椎手術。例如手術成長率最高的甲狀腺手術，從2006年的23,119件，到2011年44,234件，五年之間增加了91.3%。\r\n\r\n  \r\n\r\n■生而為奴，不同世代的多重壓力\r\n 因房屋貸款和住宅費用而過得很貧窮的叫「屋奴」，不管做什麼工作都很難脫離貧窮的叫「薪貧族」，為了支付孩子大量教育費而生活拮据的是「教育奴」，無法準備晚年生活而老年很貧窮的叫「貧窮銀髮族」，因結婚花費而貸款的是「婚奴」，為了養孩子而背債的是「孩奴」，各種貧窮階層在韓國社會像傳染病那樣蔓延開來。\r\n\r\n"}
{"書名":"上一堂最好玩的韓國學：政大超人氣教授帶你從韓劇看韓國社會、政治、外交與兩韓關係","書籍網站":"https:\/\/www.kingstone.com.tw\/\/basic\/2017320023754?zone=book&lid=book_class3_hcd&actid=book_class3_hcd","作者":"蔡增家","出版社":"先覺      ","ISBN":9789861342733,"圖片網址":"https:\/\/cdn.kingstone.com.tw\/book\/images\/product\/20173\/2017320023754\/2017320023754b.jpg","書籍簡介":"\r\n\r\n\r\n《上一堂最好玩的日本學》作者創意披露，最獨到的韓國觀察！\r\n24部最夯韓劇＋生動彩色插圖＋獨到又幽默的分析，帶你一次看透韓國！\r\n\r\n\r\n 《未生》《來自星星的你》《商道》《愛在異鄉》《海德、哲基爾與我》……這些熱門韓劇背後，究竟隱含多少關於韓國的實際樣態？隱藏了多少韓劇沒說的真相？\r\n\r\n ●為什麼晉身已開發國家的韓國，竟認為吃泡菜能抗MERS？\r\n ●為什麼韓國人事事都要爭第一？\r\n ●為什麼《來自星星的你》都教授的漢文這麼好，多數韓國人卻只認得名字裡的漢字？\r\n ●為什麼東方特色鮮明的韓國有這麼多基督徒？\r\n ●為什麼大剌剌的韓國人就是不喜歡一個人吃飯？\r\n ●韓國也有一條畫分政治立場的濁水溪？\r\n\r\n 韓國，這個台灣年輕人熱愛、運動迷痛恨、企業家氣得牙癢癢，充滿衝突魅力的國家，究竟是哪些特質讓人又愛又恨？政大超人氣教授蔡增家將韓國從裡到外徹底分析一番，不僅分析有趣的社會現象，年輕人關心的話題，更深入觸及韓國政治現實、中台日韓關係，以及南北兩韓間的糾葛。\r\n\r\n 知己知彼，百戰百勝！從韓國看台灣，可以發現其實兩國有很多相似之處。跟隨本書，從有趣的韓劇細細體會韓國，也許你將認為：其實韓國泡菜，不如想像中嗆辣。\r\n\r\n"}
{"書名":"用心了解韓國：通往韓式心靈的十二個關鍵字","書籍網站":"https:\/\/www.kingstone.com.tw\/\/basic\/2015410231775?zone=book&lid=book_class3_hcd&actid=book_class3_hcd","作者":"小倉紀藏","出版社":"聯經      ","ISBN":9789570844733,"圖片網址":"https:\/\/cdn.kingstone.com.tw\/book\/images\/product\/20154\/2015410231775\/2015410231775b.jpg","書籍簡介":"\r\n\r\n\r\n一本讓台灣讀者同時深入了解\r\n韓國與日本這兩個東亞鄰國\r\n迥異性格的絕妙好書\r\n\r\n\r\n ‧日本人有著「真心話」和「場面話」的雙重性，經常因此被韓國人討厭，日本人自己很清楚這一點；但是，「白天的韓國人」和「夜晚的韓國人」這種令人不知該如何應對的雙重性也確實存在著，而且韓國人並沒有自覺！\r\n\r\n ‧韓國人是充滿「道德意向」的人們。無論是運動選手、歌星，還是演員，都不會僅憑他們自身的「技術」來論斷，還要用這個人的品德如何來評價他，韓國就是這樣的社會。所以，以日本人的角度來看韓國人的交流方式，怎樣都會覺得「太可疑」了—─為什麼必須三不五時就強調自己是「好人」、「有道德的人」呢？\r\n\r\n ‧韓國足球代表隊的球風粗魯、蠻幹、一點都不聰明，但是在世界盃裡終於攻破義大利球門時，球評這麼說：「不顧後果、全力以赴，運氣就是會落在這種人身上啊！」而這裡頭竟深藏著來自古中國的儒教精神？\r\n\r\n ‧深具儒教性格的韓國社會，在整形這件事情上，為什麼違背了《孝經》「身體髮膚，受之父母，不敢毀傷」的訓示呢？其實，他們也深信《孝經》裡另一段話：「立身行道，揚名於後世，以顯父母，孝之終也。」如果可以用整形換取成功的人生，這才是大孝啊。\r\n\r\n ‧一旦發現眼前的大門深鎖，日本人可能就垂頭喪氣地回去了，韓國人則是眼神一變，非撬開它不可；如果是日本男性就絕對幹不來的事情，韓國男人也能毫無顧忌地做出來，韓國就是這樣勇猛進取的社會吧。\r\n\r\n ‧日本已經進入「後現代」太久了，幾乎完全拋棄了「前現代」和「現代」階段裡正面的、進取的倫理價值，變成飄散著虛無氣味的沉悶社會；而韓國卻正處於「前現代」、「現代」、「後現代」三者激盪競爭的階段，是個活力充沛的儒教性格上進社會。\r\n\r\n 韓國人與日本人是如此的不同，追根究柢到底是甚麼深層因素造成的呢？作者小倉紀藏深通韓國文化、社會、思想、哲學，他選取「心」、「身體」、「愛」、｢美｣、「文化」、｢人際關係｣、｢社會｣、「語言」、「宗教」、｢空間｣、｢時間｣、｢他者｣等十二個關鍵字切入，從十二個面向徹底剖析這個鄰國的謎團，對於「為什麼？怎麼會這樣？」這類因韓國人而產生的疑問，《用心了解韓國》充滿了啟發。\r\n\r\n"}
{"書名":"韓瘋—讓世人瘋狂的韓國現象","書籍網站":"https:\/\/www.kingstone.com.tw\/\/basic\/2017320019269?zone=book&lid=book_class3_hcd&actid=book_class3_hcd","作者":"鍾樂偉","出版社":"天窗      ","ISBN":9789888292066,"圖片網址":"https:\/\/cdn.kingstone.com.tw\/book\/images\/product\/20173\/2017320019269\/2017320019269b.jpg","書籍簡介":"\r\n\r\n\r\n廿一世紀初，韓「瘋」襲地球！\r\n\r\n\t \r\n\t由K-Pop、韓劇、「星星熱」、炸雞啤酒、香蕉奶、服飾打扮、韓式整容，到三星電子；全世界都在為這個泡菜國而瘋狂！過去數十年，韓國更成為擁有「軟實力」的文化工業強國。然而，韓流文化背後，有鮮為人知的種種黑暗面……\r\n\t \r\n\t韓國研究學人鍾樂偉，自小對韓國文化著迷，藉著探討K-Pop軍訓式排練、「邊拍邊播」的電視台競爭風氣、韓國人瘋狂整容、不愛用避孕套、縱容性騷擾 和強姦、朝七晚四的職場文化、政府與貪婪財閥勾結等瘋狂現象，透視韓國高速發展背後的內在張力與矛盾、扭曲了的社會價值，給讀者分析當下韓「瘋」現象背後 的因由，把韓流以外的社會危機赤裸裸地展現，讓更多人立體地理解這個充滿矛盾的泡菜國。\r\n\t \r\n\t這本既是韓國文化解讀，也是韓「瘋」解毒秘方！\r\n\t \r\n本書特點\r\n\t \r\n\t1.韓風勁吹，本書深入探討韓流現象和韓國文化，涉及話題包括明星的培育與成長、情色電影文化、韓劇導演自殺現象、炸雞配啤酒的來源等等。\r\n\r\n\t2.本港罕有透徹討論韓國文化的書籍，內容生活化之餘，又以專業視野分析，是深入了解韓國的捷徑，十分適合研究韓國文化的學生、即將在韓國旅居或旅行的朋友和對韓國文化有興趣的讀者閱讀。\r\n\r\n\t3.圖文並茂，彩色印刷，製作精美。\r\n\r\n"}
{"書名":"韓國人和你想的不一樣：人妻太咪的韓國有趣文化×特殊習慣×超妙生活觀察","書籍網站":"https:\/\/www.kingstone.com.tw\/\/basic\/2017320019139?zone=book&lid=book_class3_hcd&actid=book_class3_hcd","作者":"太咪","出版社":"時報文化  ","ISBN":9789571360324,"圖片網址":"https:\/\/cdn.kingstone.com.tw\/book\/images\/product\/20173\/2017320019139\/2017320019139b.jpg","書籍簡介":"\r\n\r\n\r\n瘋韓劇、追偶像、學韓文，也要了解韓國人的一切；\r\n\r\n對韓國有成見？也許你對他們有些誤會！\r\n\r\n太咪帶你深入日常生活，從此對他們瞭若指掌，\r\n\r\n就算第一次走跳韓國也能立刻上手！\r\n\r\n  \r\n\r\n打破種種迷思！\r\n\r\n ．韓劇好浪漫～你該不會以為韓國人都這樣談戀愛吧？\r\n\r\n ．什麼都是韓國的？韓國人表示：冤枉啊！\r\n\r\n ．演藝圈光鮮亮麗，背後辛酸誰人知。\r\n\r\n  \r\n\r\n發現特殊習慣！\r\n\r\n ．吃飯就是要一起用泡菜湯「洗湯匙」！\r\n\r\n ．餐具各司其職，筷子只能夾菜，湯匙只能吃飯？\r\n\r\n ．湯麵、炸雞、生魚片，說得出的食物都能外送到你家！\r\n\r\n  \r\n\r\n感受有趣文化！\r\n\r\n ．「相親」是韓國男女的家常便飯？\r\n\r\n ．用地址找路永遠回不了家，必須認地標！\r\n\r\n ．親兄弟明算帳，在這裡行不通啊！\r\n\r\n  \r\n\r\n 臺灣人看韓國，情緒實在很複雜：熱愛偶像明星、流行時尚的粉絲迷戀她，被國際賽事、網路流言影響的人則敵視她。韓國離我們那麼近卻又如此遠，也許我們從未真正懂得她。\r\n\r\n 了解一個國家，就先從理解他們的生活開始吧！太咪首先打破網路流言，告訴你事實真相，更詳細介紹各種韓國奇妙生活習慣，讓你無論是去旅遊、求學打工或長住，都不再對他們的行為感到莫名奇妙，還能對有趣文化如數家珍！\r\n\r\n"}
{"書名":"平壤冷麵：一位法國記者暗訪北韓的見聞紀實","書籍網站":"https:\/\/www.kingstone.com.tw\/\/basic\/2017320018927?zone=book&lid=book_class3_hcd&actid=book_class3_hcd","作者":"尚—路加．葛達廉","出版社":"商周出版  ","ISBN":9789862726129,"圖片網址":"https:\/\/cdn.kingstone.com.tw\/book\/images\/product\/20173\/2017320018927\/2017320018927b.jpg","書籍簡介":"\r\n\r\n\r\n\t北韓，地球上最神秘的國度。法國知名記者尚．路加計畫前往北韓撰寫報導，朋友克洛漢決定同行，前進這全世界最獨裁的政治實體。在北韓，外國記者沒有政府邀請不得進入國境。為了能夠合法入境，尚．路加隱瞞實際身分，冒充旅行社人員，假開發觀光市場之名取得簽證。\r\n\r\n\t哪裡知道踏上北韓的土地以後半點不由人，作者並沒有因為考察的身分獲得更多探訪風土民情的機會。他們被迫得和大部分北韓人民一樣，抵達平壤的第一站就 是要去萬壽台金氏父子的巨大銅像前獻花致敬。而且在出發前為既定行程所做的事前準備，這下幾乎全泡了湯，因為絕大部分都因故更改變動。在氣憤之餘，他還要 小心翼翼地注意自己的一言一行，以免被敏感的北韓政府發現他的真實身分與目的。\r\n\r\n\t他非常忠實地向讀者報導出他在北韓的所見所聞，同時也清楚描寫出這個國家特有的氣氛：當地人們臉上缺乏生氣的表情、和觀光客之間輕微緊張的關係、隨行 導遊和遊客的制式互動、無處不在的領導人形象、隨處可見的軍人和警察。從作者對食衣住行的詳細描寫，我們可以徹底感受到北韓在物質上的困窘；雖然他有語言 上的限制，內心卻為北韓人民發出最深的同情和哀愁。從偌大卻幾乎無人寄住的飯店、寬闊卻無車行駛的大道，作者帶領我們一步步地走進這個國家無所不在的各樣 矛盾。\r\n\r\n\t作者做足功課，因此在遊記中不時穿插對北韓政經史地的相關介紹，讓讀者更能身歷其境。他略帶詼諧的筆調，常能為平淡的景色和人物增加趣味。有時加入奇幻的筆法，將小說的情節帶入現實的處境。他那驚人的想像力，帶領讀者經歷一場心靈的旅遊。\r\n\r\n本書特色\r\n\r\n\t◎在北韓政權交替之際，作者以偽造身分去北韓旅遊的第一手記錄。\r\n\t◎除了親身的旅遊經歷、個人感觸與奇想之外，並深入淺出介紹北韓政經社會人文背景。\r\n\t◎在旅遊紀實上文字風格平實，在深思內省時文字細膩，風格流暢優美。是遊記，也是可讀性高的散文。\r\n\t◎用歐洲文明之眼審視北韓的意識型態與社會現況，針砭時弊。理性上體現出法國的自由精神，感性上充溢著法式浪漫與豐沛的情感。\r\n\t◎行李箱裡帶著梅爾維爾的南太平洋冒險小說踏上旅途，在北韓閱讀著金日成的「主體思想」。在小說、虛構神話與史觀之間，呈現北韓的現況。\r\n\r\n【國外媒體好評】\r\n\r\n\t葛達廉作品的力量源自於近距離觀測北韓：人民好似玩具摩比人（Playmobil），─個個理著平頭並且穿著藍色制服，彼此嚴禁交談，甚至也無法交換 眼神！一個大腦己經被切除的社會，沒有欲望，沒有商店，沒有咖啡廳，時時刻刻都受到飢荒的威脅，即便是觀光客都得忍受辦家家酒式麻雀般分量的供餐，擴音器 整天不斷複誦播放黨的政策，一整天聽下來令人暈頭轉向，這是一個將自己封閉在北緯三十八度線之後的國家……到處都像是一個模子印出來的，結果就像是一個清 醒的惡夢：「在這個沒有存在感的國家，無論我們去了那裡，其實什麼地方都沒去過。」——傑侯．杜皮（Jérôme Dupuis），《快訊》雜誌（L’Express）\r\n\r\n\t作者長期於亞洲各地旅行並擅長「旅行文學」，為讀者呈現出金氏王朝版本的《資深記者化身底層階級180天》。十分精采的遊記，呈現出北韓人六十年來所承受的痛苦。——傑森．威爾（Jason Wiels），《論點》週刊（Le Point）\r\n\r\n\t風格充滿諷刺挖苦的意味，令讀者會心一笑。——提斯坦．薩馮（Tristan Savin），《閱讀》雜誌（Lire）\r\n\r\n\t北韓具備發展觀光的絕佳潛力，很難相信這種說法嗎？本書作者葛達廉卻用這個理由取得北韓的入境簽證。假冒成旅行社經營者，卻是一位真正的旅行者，這位 作家去年有機會踏遍朝鮮民主主義人民共和國空蕩蕩的道路，在一群人簇擁下依著官方路線暢遊北韓，在兩位官方導遊（彼此互相監視）及一位司機（監視兩位官方 導遊）的帶領下，執拗地找尋觀光景點，依著沒有任何理由的官方許可及禁令，由著時尚的藝術愛好者好友克洛漢陪同，開始在這個國家漂泊……字裡行間描述的現 象有時會令讀者驚異、焦慮不安，覺得荒唐可笑。——迪迪耶．普喀里（Didier Pourquery），《世界報》（Le Monde）\r\n\r\n\t並非新聞記者的冰冷記實，而是作家的溫暖筆觸成就這部震撼人心的作品。——尚─皮耶．柏瀚（Jean-Pierre Perrin），《解放報》（Libération）\r\n\r\n"}
{"書名":"角力‧韓國：只記得第一名的社會","書籍網站":"https:\/\/www.kingstone.com.tw\/\/basic\/2015400068770?zone=book&lid=book_class3_hcd&actid=book_class3_hcd","作者":"佐藤大介","出版社":"暖暖書屋  ","ISBN":9789868860360,"圖片網址":"https:\/\/cdn.kingstone.com.tw\/book\/images\/product\/20154\/2015400068770\/2015400068770b.jpg","書籍簡介":"\r\n\r\n韓國亮麗成就的背後竟是如此憂鬱！韓國冬季奧運女子花式滑冰冠軍 金妍兒說：「當我是第二名的時候，沒有人會恭喜我。」韓國某藝人說：「這是個只記得第一名的世界。」韓國經濟學者、暢銷書作者禹晳熏說：「人們普遍認為『勝利者擁有一切』是正確的。但只要有勝利者，必然會有失敗者。如果有『敗部復活戰』倒是還好，不過韓國社會並沒有這種東西。只能朝著『贏過別人』的方向邁進，這就是現在的韓國。」2012年成為全球第7個邁入「20-50」的已開發國家。全國近二百萬人參加選秀當明星子女教育補習費佔家庭收入的二分之一第一流大學畢業生整形是為了找工作大學畢業生實際就業的只有一半四十五歲就得退休，五十六歲還不退就是老賊想買房子必須先存錢二百年前百分之二十的高所得層擁有全國土地的百分之九十先進國家中自殺率第一名但韓國亮麗成就的背後竟是如此憂鬱！韓國在1997年的金融風暴中崩潰，恥辱地被IMF接管，但是僅用了一年多的時間，經濟成長率就從1998年的-5.7%攀升到1999年的10.7%，堪稱浴火重生。近十年來，韓國更是繳出一份讓世界驚艷的成績單。韓國戲劇及明星風靡亞洲各國，甚至歐美也深受這股韓流的影響；韓國大企業不斷在全球市場上攻城掠地，韓國產品鋪天蓋地而來，三星手機隨處可見。昔日排在台灣之後的亞洲四小龍之末，在2012年成為全球第七個邁入「20-50」的已開發國家，已是台灣必須努力追趕的目標，甚至是日本都必須高喊「看齊」的對象。但是，世人眼中光彩絢爛、羨慕仰望的韓國，它自己的國民又是怎麼感受的呢？本書作者從長年實地調查、親身體驗中，得到的答案顯然出乎一般人的想像。作者從韓國社會普遍受歡迎的選秀節目、教育補習支出、教育改革及菁英學校熱、正職與約聘人員的薪資差距、大企業與中小企業的不平等關係、青年高失業及勞工抗爭、貧富差距已變得難以解決、都更對抗與不動產神話、已開發國家中的自殺第一大國等等現象，全面的檢視了韓國亮麗成績下的實況。書中所提韓國所發生和正在面對的種種困境和問題，台灣也有著程度不一的困擾。像是我們即將推行的高中免入學考的十二年國教以及如何解決明星高中的問題，在韓國都已推動多年，其成效好壞及所造成的影響，絕對是我們要認真掌握和思考的。他山之石可以攻玉，韓國的光與影就猶如一面鏡子，既要看到正面的華麗風景，也要慎思其背面的殘酷幽黯。韓國社會各領域相關數據：經濟表現．1997年金融風暴中經濟崩潰，恥辱地被IMF接管。．1998年經濟成長率為-5.7%。．1999年的經濟成長率為10.7%。．2012年成為全球第7個邁入「20-50」的已開發國家。韓流娛樂．2011年「Super Star K」選秀節目第三季，參加選秀人數為197萬人。韓國總人口約4900萬人，大約相當於韓國總人口的4％。．2010年針對小學生未來志願調查，第一名為「演藝人員」，佔20.5%。教育補習．2010年學生有上補習班的比例，小學生86.8%，國中生72.2%，高中生61.1%。．韓國統計廳的資料，高所得家長所投資的子女補習費，是低所得家長的8倍，有高中小孩的家庭，支出的差距甚至高達12.2倍。就業實況．2011年8月，韓國非典型雇用人數約為599萬5千人，約為全體勞動者的34.2%，表示每3人就有1人是「非典型雇用者」。．2010年6月，韓國非典型雇用者的平均時薪，只有正職員工的57.2%。．2010年韓國大學畢業的24萬8千多人中，實際就業的只有51.9%。．1990年，韓國整體雇用人員中，每4人有1名（27.7%）青年，2000年是每5人中有1名（22.99%），2010年則降到每7人中有1名（15.3%）。企業結構．2010年韓國中小企業佔整體的99.9%；從整體雇用人數看來，約79%是中小、微型企業。．2000年中小企業勞工（正職員工）的薪資水準約為大企業的71.3%。到了2002年，中小企業的薪資水準為大企業的67.5%，已經不到7成。2011年成了63.2%。購屋大不易．2012年，按照韓國兩人以上的家庭平均月收入，在完全不花一毛錢的情況下，想購買全國平均水準的住宅要存五年八個月，首爾則要存十年六個月。若以韓國的平均家計儲蓄率為2.8%（2011年）來計算，平均月薪的家庭，購買房屋大約要花二百年。．韓國前20%的高所得層持有全國土地90.3%。土地持有者之中，前10%的高所得層每戶平均持有的土地約10215坪。另一方面，所得層為倒數10%者，持有面積則為每戶僅約5.5坪。自殺率．根據經濟合作暨發展組織（ＯＥＣＤ）於2010年發表的統計，以主要工業國家為中心的30個成員國中，自殺率每10萬人為21.5人的韓國位居第一。本書特色第一本親身直擊、深刻剖析韓國社會各層面現象與問題的書籍，讓人得以看到韓國在令人驚艷讚嘆的成績之下，是一張張憂鬱無奈的臉孔。\r\n                    \r\n"}
{"書名":"韓流重襲！韓劇、K：POP、男神、女子天團用娛樂征服全球的軟實力","書籍網站":"https:\/\/www.kingstone.com.tw\/\/basic\/2017320020388?zone=book&lid=book_class3_hcd&actid=book_class3_hcd","作者":"洪又妮","出版社":"麥浩斯    ","ISBN":9789865680923,"圖片網址":"https:\/\/cdn.kingstone.com.tw\/book\/images\/product\/20173\/2017320020388\/2017320020388b.jpg","書籍簡介":"\r\n\r\n\r\n韓流種子是在神祕的外交郵袋裡發芽的？\r\n\r\n金大中是成就韓流旋風的民族大英雄？\r\n\r\n韓國人因為有「恨」，所以成功？\r\n\r\n韓國流行文化其實才是南北韓統一的關鍵？\r\n\r\n\t \r\n\r\n\t有人說，韓國文化部是世上最酷最炫的文化部，監督程度鉅細靡遺，連KTV都不放過。也有人說，「少女時代」分秒一致的舞蹈，其實是娛樂界血汗工廠的成果。原來透過韓劇的風靡全球，不論是手機、汽車、化妝品、泡麵還是整形技術，韓國都能巧妙地宣揚韓國價值、形象和品味！\r\n\r\n\t \r\n\r\n\t本書作者洪又妮採訪韓流關鍵人物：文化部部長、韓國媒體帝國CJ娛樂集團、MNET娛樂公司總經理申亨冠，以輕鬆暢快的筆法，剖析韓國如何自我改造，劣勢轉優勢，成為二十一世紀流行文化的全球發動機。\r\n\r\n\t \r\n\r\n\t為什麼被亞洲金融風暴重創後的韓國，會放棄半導體，把國家發展重心轉移到無形又變化快速的內容產業？又為什麼是流行文化？已經籠罩在巨額債務中的韓國，何來餘裕打造一個全新又陌生的產業？從青瓦台下達的韓流造神運動又是怎麼回事？\r\n\r\n\t \r\n\r\n\t《韓流重襲》是第一本從流行文化視角透視韓國如何變強的專著，從政治策略、文化環境、商業對策……讓你全方位了解韓國人打造韓流的關鍵，不但直搗Rain、PSY、東方神起、少女時代、Super Junior、BIGBANG的成名血淚，讓你一次弄懂韓流席捲全球的真相，還會讓你恍然大悟──原來一部韓劇就是韓國各產業的最強大代言廣告，也只有娛樂業足以打敗三星、LG等科技產業，成為韓國最嗆勁的狂銷產品，而史上最重大的國家品牌重塑運動，更要從大眾文化開始！\r\n\r\n"}
{"書名":"阿拉搜！韓國：從韓劇看韓國人生活大小事","書籍網站":"https:\/\/www.kingstone.com.tw\/\/basic\/2015380085378?zone=book&lid=book_class3_hcd&actid=book_class3_hcd","作者":"康熙奉","出版社":"商周出版  ","ISBN":9789862723470,"圖片網址":"https:\/\/cdn.kingstone.com.tw\/book\/images\/product\/20153\/2015380085378\/2015380085378b.jpg","書籍簡介":"\r\n\r\n哈韓瘋韓，不如知韓識韓！熱門韓劇描繪了什麼樣有趣的社會現象？一本概括韓國食衣住行細節的關鍵報告，解開韓劇公式中的文化祕密！融入韓式生活必讀！剖析浪漫韓劇背後的現實韓國社會。★韓國女生的妹妹心理，讓人難以抗拒的OPPA浪漫？浪漫韓劇下真實的韓國男女戀愛浮世繪！★家家戶戶的自製泡菜有多讓韓國人自豪？做泡菜還要看氣象預報？沒有泡菜就活不下去的韓國人，連人氣偶像少女時代也得邊哭邊醃泡菜！★從《天國的階梯》到《祕密花園》，難道韓國滿街都是富二代公子哥？五大財閥掌控韓國經濟！根深柢固的世襲家傳企業文化。★難道韓國人都姓金？三順這名字到底有多俗氣？從《我叫金三順》看韓國的命名傳統。★《冬季戀歌》複雜的身世之謎，隱含著什麼樣的家庭觀？韓國同宗同源不婚原則！八等遠親法律明定不得結婚。★二月要送情人節巧克力，三月白色情人節要送糖果，為什麼到了四月還有黑色情人節？看愛熱鬧的韓國人樂此不疲慶祝每個月十四日的各種情人節！★為什麼韓式居酒屋的桌上總是擺滿空酒瓶？炸彈酒入喉馬上不省人事？不但愛喝能喝，還喝出創意的韓國飲酒文化！★江南Style到底是什麼style？江南新市鎮v.s. 江北舊城區：新舊首爾的衝突融合，蛻變出驚人新樣貌。主角突然喪失記憶！複雜的身世之謎！還有糾葛不清的三角戀愛！這些似乎都是韓劇固定的劇情公式。最近的韓劇反映了韓國新世代特有的社會現象，像是婚活聯誼的需求增加、單親媽媽、企業大批遣散員工、社會貧富差距加大等問題。韓劇回到故事打動人心的根本，將每個人物在社會中的掙扎刻畫地活靈活現。這個世代的韓國人受到傳統生活習慣和人際關係的影響很深，一方面自滿於傳統，另一方面又想要對抗舊習努力探索新道路，於是造就了韓劇中充滿故事性的衝突場景。本書從人際關係、戀愛觀、新世代、食生活和政治等五個主題談韓劇，讓喜愛韓劇的讀者，看戲不但只看熱鬧還能從中看門道，一窺韓國社會文化中迷人的面貌。\r\n                    \r\n"}
