{"書名":"最完整跨平台網頁設計：HTML + CSS + JavaScript + jQuery + Bootstrap + Google Maps王者歸來（第二版）（全彩印刷）","書籍網站":"https:\/\/www.kingstone.com.tw\/\/basic\/2013120599642?zone=book&lid=search&actid=WISE&kw=Bootstrap&pi=0","作者":"洪錦魁","出版社":"深智數位  ","ISBN":9789860776331,"圖片網址":"https:\/\/cdn.kingstone.com.tw\/book\/images\/product\/20131\/2013120599642\/2013120599642b.jpg","書籍簡介":"\r\n\r\n\r\n★★★★★2021年8月Mybest網站推薦網頁設計類第1名★★★★★\r\n\t☆☆☆☆☆【6大主題】、【821個網頁實例】☆☆☆☆☆\r\n\r\n\r\n\t這是目前市面上內容最完整的跨平台、響應式網頁設計圖書，讀者研讀本書可以學會【HTML】、【CSS】、【JavaScrpt】、【jQuery】、【Bootstrap】、【Google Maps】等相關主題，從入門到進階、從元件到完整網頁設計。\r\n\r\n\t這也是一本從零開始帶領讀者完整學習網頁設計的書籍，共有34個章節。完整講解【基礎網頁內容】、【網頁版型設計】、【動態網頁設計】、【跨平台網頁實作】。每個觀念皆有實例輔助解說，可以增進讀者學習效率。\r\n\r\n\t研讀本書讀者可以學會下列的應用。\r\n\t☆ 認識與使用網路【免費資源】\r\n\t☆ 增加【網頁配色】知識\r\n\t☆ 解說與實作【完整的網頁設計】\r\n\t☆ 設計完整【響應式網頁】實例\r\n\t☆ 設計含【下拉式清單】的【響應式網頁】\r\n\t☆ 設計含【動態特效】、【輪播】、【警報】與【卡片】的【響應式網頁】\r\n\t☆ 設計含【旋轉特效】、【Google地圖】的【響應式網頁】\r\n\r\n\t有了上述知識，讀者可以輕鬆將上述觀念應用在建立【部落格】、【企業】、【行銷】、【新聞】、【購物網】等相關網站的應用。\r\n\r\n"}
{"書名":"學好跨平台網頁設計（第三版）：HTML5、CSS3、JavaScript、jQuery與Bootstrap 5超完美特訓班（附範例\/RWD影音教學）","書籍網站":"https:\/\/www.kingstone.com.tw\/\/basic\/2014713619792?zone=book&lid=search&actid=WISE&kw=Bootstrap&pi=0","作者":"鄧文淵、文淵閣工作室","出版社":"碁峰資訊  ","ISBN":9789865029074,"圖片網址":"https:\/\/cdn.kingstone.com.tw\/book\/images\/product\/20147\/2014713619792\/2014713619792b.jpg","書籍簡介":"\r\n\r\n最熱門的跨平台網頁設計技術大集合！ 6大主題、300個立即可套用範例，全新Bootstrap 5來襲， 最適合全面學習、現學現用的21堂經典關鍵課！ HTML5是最主流的跨平台網頁開發技術，書中以HTML5為主體，綜合當今最經典的跨平台網頁程式設計工具，完整解鎖各項技術，提供最佳學習途徑，現學現用！ 【結合最新前端技術】 全面引進最新的前端框架與技術，無論是HTML5、CSS3、JavaScript、jQuery、jQuery Mobile或是Bootstrap 5，都能銜接學習而快速上手，打造符合新一代標準的跨平台網站。 全新Bootstrap 5更是新一代RWD網站開發中的熱門焦點，能讓網頁因應不同大小的螢幕自動改變內容的配置，確保每個平台的使用者都能得到最好的操作體驗。無論是框架的安裝方式、格線系統的使用、網頁的元件、表單及工具的應用，一直到網頁互動程式的開發，Bootstrap 5都能提供簡單但功能強大的幫助！ 【徹底掌握開發語法】 透過詳細語法解說、大量圖表示意，引領了解各主題的核心概念與重點技術，並利用最適合的開發工具進行範例實作，徹底掌握語法與應用。 【立即套用海量範例】 提供大量範例應用，每個主題都依功能別加入實用範例，可依架構學習，也可以依功能主題立即尋找可套用的範例。 【跨越平台行動優先】 面對行動裝置的普及，網頁就必須跨越不同螢幕尺寸，因應不同作業平台。書中將RWD網頁建置技術徹底解構，進而掌握從電腦到手機版網頁的設計心法，讓跨平台網頁製作更簡單！ 【超值RWD影音教學】 提供RWD(Responsive Web Design，響應式網頁設計)使用Bootstrap 5的實戰影音教學，利用Bootstrap 5引導您從無到有快速打造一個跨平台的RWD網站，快速強化開發實力！ 【超值學習資源】範例程式檔、RWD網頁快速開發：使用Bootstrap 5實戰影音教學\r\n                    \r\n"}
{"書名":"設計師一定要學的 Bootstrap 5 RWD 響應式網頁設計：行動優先的前端技術","書籍網站":"https:\/\/www.kingstone.com.tw\/\/basic\/2013120590564?zone=book&lid=search&actid=WISE&kw=Bootstrap&pi=0","作者":"陳惠貞","出版社":"旗標      ","ISBN":9789863126591,"圖片網址":"https:\/\/cdn.kingstone.com.tw\/book\/images\/product\/20131\/2013120590564\/2013120590564b.jpg","書籍簡介":"\r\n\r\n\r\n\t本書是秉持著行動優先 (mobile first) 的概念所撰寫，在設計網站的過程中優先考量網頁在行動裝置的操作性與可讀性，而不是將過去的 PC 網頁直接移植到行動裝置，畢竟行動裝置和 PC 的特點不同，比較明顯的差異如下：\r\n\r\n\t□ 行動裝置的螢幕較小\r\n\t□ 行動裝置的執行速度較慢\r\n\t□ 行動裝置的上網頻寬較小\r\n\t□ 行動裝置的操作方式不同\r\n\t□ 行動裝置不支援 Flash 等外掛程式\r\n\r\n\t為了開發適用於不同裝置的網頁，響應式網頁設計 (RWD，Responsive Web Design) 逐漸主導了近年來的網頁設計趨勢，目的是根據使用者的瀏覽器環境自動調整網頁的版面配置，以提供最佳的顯示結果，換句話說，只要設計單一版本的網頁，就能完整顯示在 PC、平板電腦、智慧型手機、遊戲機等不同裝置。\r\n\r\n\t本書的目標就是要讓您快速成為響應式網頁設計高手，不僅要學會靈活運用 HTML、CSS、Bootsrtap、JavaScript 等程式語法，還要懂得掌握網頁 UI 元素的設計原則與網頁設計風格，主要內容如下：\r\n\r\n\t□ 首先，第 1 章會介紹行動上網對網頁設計的影響、行動優先的概念、網站建置過程、響應式網頁設計的優點、缺點、主要技術與設計考量；第 2 章會介紹撰寫與測試網頁的工具；第 3 章會介紹網頁的 UI 組成、UI 元素的設計原則、網頁設計風格、網頁設計趨勢、網站類型與風格，這是值得深入閱讀的章節，因為一般的網頁設計書籍往往著重於程式語法，而忽略了網頁的視覺設計。\r\n\r\n\t□ 接著，第 4 章會介紹 HTML5 基本語法與常用元素；第 5 章會介紹 CSS3 基本語法與常用屬性，您只要依照本書的指引做練習，無須熟背這些語法，日後有需要時再來查詢即可。\r\n\r\n\t□ 繼續，第 6 ~ 10 章會以比較詳盡的篇幅介紹 Bootstrap，包括 Bootstrap 網格系統、Bootstrap 內容樣式、Bootstrap 公用類別與表單，以及 Bootstrap 元件，這是目前最受歡迎的 HTML、CSS 與 JavaScript 框架之一，用來開發響應式、行動優先的網頁，使用者無須撰寫 CSS 或 JavaScript 程式碼，就可以輕鬆設計出響應式網頁。\r\n\r\n\t□ 再來，第 11 ~ 13 章會以「我的旅遊日記」網站、「日光旅遊」網站、「日光美食部落」網站等實際的例子示範如何運用 HTML、CSS 和 Bootstrap 開發響應式網頁，讓您瞭解這些程式語法如何落實在網頁設計，而且這些網頁設計得相當精美，對於學生製作專題、參加競賽或設計人員開發網頁都極具參考價值。\r\n\r\n\t□ 最後，第 14 章會介紹 JavaScript 基本語法；第 15 章會介紹 jQuery 基本語法，讓想進一步學習 JavaScript 的人能先有初步的認識。\r\n\r\n\t為讓初學者快速入門，本書包含 HTML5\/CSS3\/JavaScript\/jQuery 簡易教學。\r\n\r\n本書特色\r\n\t \r\n\t最新 Bootstrap 5！\r\n\t就算是網頁設計新手, 也要避開不合時宜、落伍的設計方式。\r\n\r\n\t●Bootstrap 最新版本教學, 要學就學最新版\r\n\t●掌握網頁 UI 的設計鐵則, 不怕視覺風格出差錯\r\n\t●提供不同類型的專業網站範本, 新手臨摹最速成\r\n\t●用網格系統快速解決不同裝置的版面規劃, 怎麼切換都不跑版\r\n\t●新手必學的 HTML5 基本語法與 CSS3 常用屬性\r\n\t●JavaScript、jQuery 網頁技術基礎, 網頁功力再提升\r\n\r\n\t響應式網頁設計(RWD) 主導了目前的網頁設計趨勢\r\n\t提供各種裝置最佳的顯示結果。\r\n\r\n"}
{"書名":"Introducing Bootstrap 4","書籍網站":"https:\/\/www.kingstone.com.tw\/\/basic\/203c200908730?zone=english&lid=search&actid=WISE&kw=Bootstrap&pi=0","作者":"J繹rg,Krause","出版社":"Apress      ","ISBN":9781484262023,"圖片網址":"https:\/\/cdn.kingstone.com.tw\/english\/images\/product\/2023\/9781484262023.jpg","書籍簡介":"\r\n\r\nGet introduced to front-end CSS frameworks using the latest version of Bootstrap. Through easy-to-follow instructions and examples, this book will prepare you to create powerful web applications using Bootstrap 4.5. This updated second edition of Introducing Bootstrap 4 builds your understanding of the basic rules of CSS, the SASS pre-compiler, Bootstrap, and how they work together. After learning to set up CSS on both Linux (Ubuntu) and Windows, you will discover how you can make use of templates and themes written for Bootstrap, and how to refine the user interface. You will also find out how you can utilize and activate components. Numerous screenshots and code snippets are provided to help explain and reinforce the concepts discussed in the book. CSS frameworks give front-end developers the capability to create responsible and adaptive web designs that are able to accommodate the various variations of modern browsers. Start front-end development using Bootstrap 4.5 with this book  What You Will Learn Explore the Bootstrap features required to create web applicationsUnderstand the basics of responsive web design using CSS 3Install the SASS framework and understand how to use itMaster practical aspects of using Bootstrap in real-life scenarios   Who This Book Is ForThis book is intended for beginner-level web designers and developers interested in front-end development.\r\n                    \r\n"}
{"書名":"Randomization, Bootstrap and Monte Carlo Methods in Biology","書籍網站":"https:\/\/www.kingstone.com.tw\/\/basic\/203c004219487?zone=english&lid=search&actid=WISE&kw=Bootstrap&pi=0","作者":"Bryan F J,Manly","出版社":"CRC Press","ISBN":9780367349943,"圖片網址":"https:\/\/cdn.kingstone.com.tw\/english\/images\/product\/9943\/9780367349943.jpg","書籍簡介":"\r\n\r\nModern computer-intensive statistical methods play a key role in solving many problems across a wide range of scientific disciplines. Like its bestselling predecessors, the fourth edition of Randomization, Bootstrap and Monte Carlo Methods in Biology illustrates a large number of statistical methods with an emphasis on biological applications. The focus is now on the use of randomization, bootstrapping, and Monte Carlo methods in constructing confidence intervals and doing tests of significance. It provides comprehensive coverage of computer-intensive applications, with datasets available online.  Features   Presents an overview of computer-intensive statistical methods and applications in biology   Covers a wide range of methods including bootstrap, Monte Carlo, ANOVA, regression and Bayesian methods   Makes it easy for biologists, researchers, and students to understand the methods used   Provides information about computer programs and packages to implement calculations, particularly using R code   Includes a large number of real examples from a range of biological disciplines   Written in an accessible style, with minimal coverage of theoretical details, this book provides an excellent introduction to computer-intensive statistical methods for biological researchers. It can be used as a course text for graduate students, as well as a reference for researchers from a range of disciplines. The detailed worked examples of real applications will enable practitioners to apply the methods to their own biological data.\r\n                    \r\n"}
{"書名":"最完整跨平台網頁設計：HTML + CSS + JavaScript + jQuery + Bootstrap + Google Maps","書籍網站":"https:\/\/www.kingstone.com.tw\/\/basic\/2013120553262?zone=book&lid=search&actid=WISE&kw=Bootstrap&pi=0","作者":"洪錦魁","出版社":"深智數位  ","ISBN":9789865501433,"圖片網址":"https:\/\/cdn.kingstone.com.tw\/book\/images\/product\/20131\/2013120553262\/2013120553262b.jpg","書籍簡介":"\r\n\r\n\r\n本書特色\r\n\r\n\t這是一本極詳細、超清楚、最完整的跨平台網頁設計書籍，整本書一步一步將HTML元素與CSS屬性依功能分類，詳細的用程式實例做解說，期待讀者以最輕鬆方式學會網頁設計基礎知識，當讀者有了HTML和CSS知識後，本書將更進一步帶領讀者設計動態網頁、響應式網頁、Google地圖網頁，邁向網頁設計高手之路。\r\n\r\n這本書分成三篇：\r\n\r\n□第一篇：HTML5完整學習\r\n\t這是學習網頁設計的基礎，筆者幾乎將所有HTML的元素(Element)依功能分類，分成10個章節，用了約160個程式實例與圖檔做說明，相信讀者可以由此建立HTML的紮實基礎。\r\n\r\n□第二篇：CSS3完整學習\r\n\t這是學習網頁編輯與美化，筆者幾乎將所有CSS的屬性(Properties)依功能分類，分成14個章節，用了約249個程式實例與圖檔做說明，在此讀者可以徹底學會網頁編輯與美化的基礎與技巧。\r\n\r\n□第三篇：邁向網頁設計高手之路\r\n\t筆者在這篇使用約353個程式實例講解了下列知識：\r\n\tJavaScript：網頁結構的DOM與BOM。\r\n\tjQuery(包含jQuery Mobile)：動畫與特效。\r\n\tBootstrap：響應式網頁設計。\r\n\tGoogle Map：將Google Map嵌入網頁，這將是設計網路導航的入門。\r\n\r\n\t此外：這本書包含280頁的Word檔案電子書，全書有第1-24章的是非和選擇題習題解答，以及第1 – 34章實作題習題(此部分不含習題解答)，這些習題可以協助讀者更進一步學習。\r\n\r\n"}
{"書名":"跟著實務學習 Bootstrap 4、JavaScript：第一次設計響應式網頁就上手－MTA試題增強版","書籍網站":"https:\/\/www.kingstone.com.tw\/\/basic\/2013120540149?zone=book&lid=search&actid=WISE&kw=Bootstrap&pi=0","作者":"蔡文龍、歐志信、蔡捷雲","出版社":"碁峰資訊  ","ISBN":9789865024291,"圖片網址":"https:\/\/cdn.kingstone.com.tw\/book\/images\/product\/20131\/2013120540149\/2013120540149b.jpg","書籍簡介":"\r\n\r\nBuild School創辦人暨執行長 吳典璋／資策會資深講師 王淳平、林俊昌、蘇國鈞 聯合推薦! 以前端技術框架Bootstrap為主，配合JavaScript、jQuery、jQueryMobile與Cordoav前端技術，並以實例教學方式由淺入深一步步帶領初學者運用Bootstrap快速打造行動優先的響應式網站，讓網站能依據不同裝置尺寸與瀏覽器自動調整成適合的內容與排版(RWD)，讓後端開發人員或網頁開發初學者能快速掌握前端技術，此外，可配合Cordova將網站轉換成行動裝置App，以達到讓瀏覽網站與App的使用者都能得到最佳的使用與瀏覽體驗。 *MTA試題增強版：新增流程控制、陣列、函式與物件...等最新試題。 *收錄微軟MTA JavaScript國際認證模擬試題，讓您除了擁有實作的能力，更擁有國際認證證明自己。 *易學：初學者可快速套用Bootstrap框架完成響應式網站前端網頁，按圖索驥，可以完整重現書中範例。並配合大量範例了解Bootstrap與JavaScript、jQuery與Cordova如何整合運用。 *易教：本書經過與初學者或開發人員試教，修改內容與作法，去蕪存菁，教師免備課。 *易懂：以圖文並茂方式逐步解說，易學易懂。\r\n                    \r\n"}
{"書名":"響應式網頁設計驚嘆號：Dreamweaver CC* ╳ Bootstrap 4 ╳ JavaScript 範例大全","書籍網站":"https:\/\/www.kingstone.com.tw\/\/basic\/2013120525825?zone=book&lid=search&actid=WISE&kw=Bootstrap&pi=0","作者":"優勢數位  李啟宏","出版社":"悅知文化  ","ISBN":9789865100377,"圖片網址":"https:\/\/cdn.kingstone.com.tw\/book\/images\/product\/20131\/2013120525825\/2013120525825b.jpg","書籍簡介":"\r\n\r\n\r\n★最新！響應式網頁設計趨勢實用書！★\r\n 透過Bootstrap4打造適用於各行動裝置的完美網站\r\n\r\n  \r\n\r\n 變動區塊編排 | 滑動瀏覽 | 折疊內容 | 互動視窗 | 滾動監聽 | 響應式導覽列 | 一頁式網站……等最詳盡的Bootstrap 4功能大解析，響應式網頁範例製作過程全公開。讓企業、購物、美食網站在行動裝置中完美呈現，一次掌握熱門的響應式網頁技術，提高網站好用度與流量！\r\n\r\n ●必備程式碼下載。\r\n ●適用Dreamweaver CC 2018之後版本。\r\n\r\n 輕鬆掌握適用於各式行動裝置的酷炫響應式網站版面技巧╳CSS進階編排方法，快速學會Bootstrap模組化範例，開發出具設計感的響應式網頁！\r\n\r\n 兼具技術及視覺兩大觀點，本書以 Bootstrap技術框架為基礎，在 Dreamweaver 程式碼操作環境中配合CSS3、HTML5與JavaScrip，透過最簡便的工具及最詳盡的Bootstrap組件範例應用說明，引領大家進入響應式網頁的專業領域。\r\n\r\n掌握最新網站設計12大趨勢\r\n ●超吸睛的全畫面式滿版背景\r\n ●可綜觀全局的一頁式網站設計\r\n ●隨時都能使用的開合式導覽列\r\n ●微互動大升級的捲軸設計\r\n\r\n響應式網站給使用者最佳瀏覽畫面，大幅縮減維護成本\r\n ●節省網站設計成本，並有利於搜尋引擎最佳化\r\n ●方便使用者瀏覽，降低網頁跳離率，更利於網路行銷\r\n ●避免使用者找不到內容，提高網頁可用性\r\n ●使用網格系統解決不同裝置的版面規劃，畫面尺寸怎麼切換都OK\r\n\r\n史上最詳盡的Bootstrap功能說明，酷炫範例現學現用\r\n ●16大類Bootstrap 組件素材完整示範\r\n ●15種齊全而多樣化的導覽列按鈕與必備的7種滑動瀏覽新花樣\r\n ●6款絕不無聊的大圖瀏覽方式\r\n ●8種精彩的網頁內容展示效果\r\n\r\n方便好用的程式碼編輯器與響應式網頁參考版型\r\n ●使用Visual Studio Code程式碼編輯器設計開發響應式網頁\r\n ●16個馬上可供練習的參考版型\r\n\r\n"}
{"書名":"Java RWD Web企業網站開發指南|使用Spring MVC與Bootstrap","書籍網站":"https:\/\/www.kingstone.com.tw\/\/basic\/2014713582836?zone=book&lid=search&actid=WISE&kw=Bootstrap&pi=0","作者":"曾瑞君","出版社":"碁峰資訊  ","ISBN":9789865021955,"圖片網址":"https:\/\/cdn.kingstone.com.tw\/book\/images\/product\/20147\/2014713582836\/2014713582836b.jpg","書籍簡介":"\r\n\r\n行動應用大趨勢，企業網站新主流 由前端到後端，由基礎程式到應用框架，本書一次蒐錄！ 行動應用的潮流裡，隨著前端技術的成熟，響應式網頁設計(RWD)為企業提供比APP更快速、更具成本競爭力的解決方案，是不可忽視的趨勢。 作者結合實務開發與課堂教學經驗，由淺入深地介紹掌握這波趨勢必要知能： ‧前端網頁應用程式：包含HTML、CSS、JavaScript、JQuery與Bootstrap。本書著重已知元件和函式庫的應用，美編設計與前端程式開發不在包含範圍。 ‧Sevlet、JSP與網站伺服器：說明Java EE的容器元件架構，並以網站開發的Model-View-Controller思維貫穿篇章，縷述元件開發細節。 ‧Java網站框架：包含Spring的DI、AOP、JDBCTemplate，Spring MVC與SiteMesh。 最後，著眼於現代網站多具備亮眼的使用者介面(User Interface)，本書以合法授權的Bootstrap企業級模板為基礎綜合實作，完整呈現建構Java RWD Web必備的知識與技能。\r\n                    \r\n"}
{"書名":"Bootstrap Reference Guide","書籍網站":"https:\/\/www.kingstone.com.tw\/\/basic\/203c101228228?zone=english&lid=search&actid=WISE&kw=Bootstrap&pi=0","作者":"Jacob,Lett","出版社":"Ingram      ","ISBN":9781732205833,"圖片網址":"https:\/\/cdn.kingstone.com.tw\/english\/images\/product\/5833\/9781732205833.jpg","書籍簡介":"0"}
{"書名":"Vue.js 2前端漸進式建構框架實戰應用|完美搭配Bootstrap 4與Firebase","書籍網站":"https:\/\/www.kingstone.com.tw\/\/basic\/2014713575425?zone=book&lid=search&actid=WISE&kw=Bootstrap&pi=0","作者":"黃聰明","出版社":"碁峰資訊  ","ISBN":9789865021061,"圖片網址":"https:\/\/cdn.kingstone.com.tw\/book\/images\/product\/20147\/2014713575425\/2014713575425b.jpg","書籍簡介":"\r\n\r\n‧Bootstrap及Vue.js熱門前端技術一手掌握 ‧Firebase資料庫功能與Web應用程式的Authentication一次到位 ‧沒有Node.js套件管理及Vue-CLI模組一樣搞定SPA 現今前端工程師所必備的能力，已經不是個別學會HTML、CSS與JavaScript而已，除了要對不同尺寸的載具設計出RWD頁面外，更需要學會運用不同框架的整合，才能讓專案得心應手並展現前端工程師的價值。 目前普遍運用Bootstrap的CSS框架來呈現版面並達成RWD，而Vue.js則是近年來三大JavaScript框架中的後起之秀。本書將以Vue.js框架為主體搭配Bootstrap做為UI的呈現，並讓讀者具有駕馭前端框架的實力。 以往資料的儲存需要搭配後端資料庫，在後端即服務(Backend as a Service; BaaS)逐漸普及使用後，前端工程師已可以直接在前述框架中使用Firebase，取代原本後端資料庫建置。本書針對如何使用Firebase資料庫提供詳細的說明，同時說明使用Firebase建置出像是手機簡訊的認證機制。\r\n                    \r\n"}
{"書名":"跟著實務學習 Bootstrap 4：第一次設計響應式網頁就上手","書籍網站":"https:\/\/www.kingstone.com.tw\/\/basic\/2014713578501?zone=book&lid=search&actid=WISE&kw=Bootstrap&pi=0","作者":"蔡文龍、歐志信、蔡捷雲等","出版社":"碁峰資訊  ","ISBN":9789865021405,"圖片網址":"https:\/\/cdn.kingstone.com.tw\/book\/images\/product\/20147\/2014713578501\/2014713578501b.jpg","書籍簡介":"\r\n\r\nBuild School創辦人暨執行長 吳典璋／資策會資深講師 王淳平、林俊昌、蘇國鈞 聯合推薦! 以前端技術框架Bootstrap為主，配合JavaScript、jQuery、jQueryMobile與Cordoav前端技術，並以實例教學方式由淺入深一步步帶領初學者用運Bootstrap快速打造行動優先的響應式網站，讓網站能依據不同裝置尺寸與瀏覽器自動調整成適合的內容與排版(RWD)，讓後端開發人員或網頁開發初學者能快速掌握前端技術，此外，可配合Cordova將網站轉換成行動裝置App，以達到讓瀏覽網站與App的使用者都能得到最佳的使用與瀏覽體驗。 *收錄微軟MTA JavaScript國際認證模擬試題，讓您除了擁有實作的能力，更擁有國際認證證明自己。 *易學：初學者可快速套用Bootstrap框架完成響應式網站前端網頁，按圖索驥，可以完整重現書中範例。並配合大量範例了解Bootstrap與JavaScript、jQuery與Cordova如何整合運用。 *易教：本書經過與初學者或開發人員試教，修改內容與作法，去蕪存菁，教師免備課。 *易懂：以圖文並茂方式逐步解說，易學易懂。\r\n                    \r\n"}
{"書名":"跨裝置網頁設計（第四版）－ HTML5、CSS3、JavaScript、jQuery、Bootstrap","書籍網站":"https:\/\/www.kingstone.com.tw\/\/basic\/2014713566690?zone=book&lid=search&actid=WISE&kw=Bootstrap&pi=0","作者":"陳惠貞","出版社":"碁峰資訊  ","ISBN":9789864769506,"圖片網址":"https:\/\/cdn.kingstone.com.tw\/book\/images\/product\/20147\/2014713566690\/2014713566690b.jpg","書籍簡介":"\r\n\r\n★快速打造行動優先的響應式網頁！隨著無線通訊的蓬勃發展，行動上網的比例大幅超越PC上網，網站推出「行動版」已經成為時勢所趨，而且一個現代化的網站應該導入行動優先 (mobile first) 的概念，也就是以優化行動裝置體驗為主要考量，其它裝置次之。本書所要介紹的就是建置跨平台、跨裝置網站的重要技術。 ■ 使用HTML5的元素和各種表單輸入類型，讓網頁的結構條理分明。 ■ 使用CSS3的Box Model、定位方式，以及字型、文字、清單、色彩、背景、漸層、表格、陰影、邊界、留白、框線、多欄位排版、2D\/3D變形處理、媒體查詢等屬性，以根據PC或行動裝置的特徵設計網頁。 ■ 使用JavaScript的核心語法和瀏覽器端的應用，讓靜態網頁具有動態效果，包括DOM、JavaScript內建的物件、事件處理等。 ■ 使用jQuery的核心語法、事件與特效，讓網頁設計更便利快速。 ■ 使用Bootstrap 4開發行動優先的響應式網頁，讓網頁完整呈現在PC、平板、手機等裝置，達到One Web One URL (一網站一網址) 的目標。 ■ 使用jQuery Mobile建立行動網頁的介面，將跨平台、跨裝置所面臨的相容性問題交給jQuery Mobile處理。\r\n                    \r\n"}
{"書名":"跟著實務學習HTML5、CSS3、JavaScript、jQuery、jQuery Mobile、Bootstrap 4－增訂版","書籍網站":"https:\/\/www.kingstone.com.tw\/\/basic\/2014713570895?zone=book&lid=search&actid=WISE&kw=Bootstrap&pi=0","作者":"蔡文龍、蔡捷雲、歐志信等","出版社":"碁峰資訊  ","ISBN":9789865020149,"圖片網址":"https:\/\/cdn.kingstone.com.tw\/book\/images\/product\/20147\/2014713570895\/2014713570895b.jpg","書籍簡介":"\r\n\r\nBuild School創辦人暨執行長 吳典璋／資策會資深講師 王淳平、林俊昌、蘇國鈞 聯合推薦! *增訂版，含微軟Introduction to Programming using HTML and CSS(MTA 98-383)國際認證模擬試題。*快速上手網頁語法：使用大量範例輔助初學者學習HTML5與CSS，使初學者快速進入網頁開發領域。 *CSS3排版與動畫設計：以實際豐富的案例介紹CSS3特效、排版與動畫技巧。 *訓練JavaScript：從零開始學習JavaScript、由變數宣告、選擇結構、重複結構、陣列到函式，沒有艱澀的專業用詞，讓初學者不在害怕程式設計。 *jQuery互動應用：透過jQuery函式快速選擇元素進行互動、選取表單資料、呼叫動畫函式與替換樣式，打造酷炫的互動網頁。 *RWD響應式網頁：以全新的Bootstrap 4元件建立行動優先的跨平台網頁。 *跨平台行動網頁：建置支援ios,Android,Windows Phone的行動網頁。 *跨平台App設計：使用jQueryMobile與Cordova建製原生Android App，並部署到手機實機上。 *全端應用：整合前端Bootstrap與後端ASP.NET MVC，建製擁有CRUD功能的員工系統。\r\n                    \r\n"}
{"書名":"學好跨平台網頁設計（第二版）－－HTML5、CSS3、JavaScript、jQuery與Bootstrap 4超完美特訓班","書籍網站":"https:\/\/www.kingstone.com.tw\/\/basic\/2014713570475?zone=book&lid=search&actid=WISE&kw=Bootstrap&pi=0","作者":"鄧文淵總監製、文淵閣工作室編","出版社":"碁峰資訊  ","ISBN":9789865020323,"圖片網址":"https:\/\/cdn.kingstone.com.tw\/book\/images\/product\/20147\/2014713570475\/2014713570475b.jpg","書籍簡介":"\r\n\r\n6大主題，300個立即可套用範例，最熱門的跨平台網頁設計技術大集合， 最適合初學入門、現學現用的21堂關鍵課！ 經典改版、全新Bootstrap 4降臨 HTML5早已成為許多人首選的跨平台工具，新一代智慧手機作業系統大量運用來開發應用程式，許多設備都支援HTML5，成為最主流的學習技術。本書以HTML5為主體，綜合當今熱門的跨平台網頁程式設計工具。不繞遠路，完整解秘各項技術，立即可用，提供最佳學習途徑！ 【結合最新前端技術】 全面引進最新的前端框架與技術，無論是HTML5、CSS3、JavaScript、jQuery、jQuery Mobile或是Bootstrap 4，都能銜接學習而快速上手，打造符合新一代標準的跨平台網站。 全新Bootstrap 4為響應式網頁提供最亮眼的開發模式，全面更新開發工具、元件與擴增套件，讓跨平台網站擁有更好的使用接受度。改用Sass樣式語法，重寫所有JS的應用套件，加速網頁建構與讀取，更支援新一代的flexbox盒子模式，為網頁排版與版型配置提供無比的彈性。 【徹底掌握語法基礎】 透過詳細語法解說、大量圖表示意，引領了解各主題的核心概念與重點技術，並利用最適合的開發工具進行範例實作，徹底掌握語法與應用。 【立即套用海量範例】 每個主題都依功能別加入實用範例，可依架構學習，也可以依功能主題立即尋找可套用的範例。 【跨越平台行動優先】 面對行動裝置的普及，網頁就必須跨越不同螢幕尺寸，因應不同作業平台。書中將RWD網頁建置技術徹底解構，進而掌握從電腦到手機版網頁的設計心法，讓跨平台網頁製作更簡單！ 【超值RWD影音教學】 提供RWD(Responsive Web Design，響應式網頁設計)使用Bootstrap 4的實戰影音教學，利用Bootstrap 4帶領您從無到有快速打造一個跨平台的RWD網站，快速提升開發實力！ 超值學習資源：範例程式檔、100分鐘RWD網頁快速開發：使用Bootstrap 4實戰影音教學\r\n                    \r\n"}
{"書名":"讓響應式(RWD)網頁設計變簡單：Bootstrap開發速成(第二版)","書籍網站":"https:\/\/www.kingstone.com.tw\/\/basic\/2014713560308?zone=book&lid=search&actid=WISE&kw=Bootstrap&pi=0","作者":"呂國泰","出版社":"碁峰資訊  ","ISBN":9789864765706,"圖片網址":"https:\/\/cdn.kingstone.com.tw\/book\/images\/product\/20147\/2014713560308\/2014713560308b.jpg","書籍簡介":"\r\n\r\n以4個整合性實例一探業界極為流行的響應式網頁框架Bootstrap 從遊戲活動網頁、部落格、活動報名網頁，到企業型購物網站， 依Bootstrap 4功能大幅改版，一次搞懂主流的RWD設計！ 新一代網頁設計師與網頁工程師必備技 Bootstrap響應式網頁的快速開發力！ 熱門的Bootstrap讓全世界許多企業在徵求網頁設計師時都將之列為必備的技能條件，Bootstrap採用了模組化設計，最新Bootstrap 4的功能更加強化，簡易到只要懂得如何套用，就可以快速開發出具有美感的響應式(RWD)網頁。 對於許多不擅長視覺設計的網頁工程師來說，省去了許多美化的時間與困惱，而對於視覺設計師來說，也能依著自己設計的版型建置網頁，同時支援市面上大部份的主流瀏覽器，而對於想踏入響應式網頁領域的初學者來說，則可以在短時間就學習到RWD設計技能。 書中從認識響應式網頁與網站開發流程開始，詳細解說響應式網頁設計思維，並導入視覺設計與網頁製作兩個不同領域的專業知識與技巧，最終以4個案例製作響應式網頁以具備實戰技能。 ‧完整的響應式網頁概念解說與Bootstrap 4運用方式，迅速跨入響應式設計領域。 ‧以淺顯易懂的網頁範例，融入佈局、HTML5、CSS3、元件與JavaScript的使用技巧。 ‧4種不同類型的整合性範例，一次掌握主流RWD版面設計，展現Bootstrap 4的強大效果。 書附DVD： 近150分鐘網格佈局、CSS、JavaScript與元件使用影音教學 活動報名版型與部落格版型PDF\/範例檔\r\n                    \r\n"}
{"書名":"最漂亮動感的前端框架：Bootstrap讓你的網站與眾不同","書籍網站":"https:\/\/www.kingstone.com.tw\/\/basic\/2013120471801?zone=book&lid=search&actid=WISE&kw=Bootstrap&pi=0","作者":"楊旺功","出版社":"佳魁數位  ","ISBN":9789863796657,"圖片網址":"https:\/\/cdn.kingstone.com.tw\/book\/images\/product\/20131\/2013120471801\/2013120471801b.jpg","書籍簡介":"\r\n\r\n\r\n\tBootstrap 是由Twitter 公司推出的一款前端開發架構，在目前的Web 和行動Web 應用設計領域中非常受歡迎。基於Bootstrap 架構可以實現前端UI設計與後台業務邏輯設計的協作開發，可以完美地實現響應式版面配置介面，可以無縫轉換如PC、平板和手機等多種裝置終端，可以說Bootstrap 是所有前端開發架構中的集大成者。\r\n\r\n\t \r\n\r\n\t本書首先從Bootstrap 架構的基礎入手，讓讀者了解Bootstrap 架構究竟如何使用。然後針對Bootstrap 架構的內容由淺入深一一進行說明，尤其是在行動開發中的應用，讓讀者能夠掌握Bootstrap 架構的核心內容。最後再說明以Bootstrap 架構為基礎的開發實戰，透過大量的程式實例與專案實例，讓讀者全面、深入、透徹地了解Bootstrap 架構開發的各種熱門技術及各種主流架構及其整合使用，加強實際開發水準和專案實戰能力，讓讀者可以快速成為一位高效而專業的開發者。   \r\n\r\n\t \r\n\r\n\t適用：Bootstrap 初學者、Web 開發人員、Web 前端開發工程師，行動應用程式、瀏覽器開發人員。\r\n\r\n"}
{"書名":"Twitter Bootstrap for Newbies","書籍網站":"https:\/\/www.kingstone.com.tw\/\/basic\/203c712813293?zone=english&lid=search&actid=WISE&kw=Bootstrap&pi=0","作者":"Cecil, Megan","出版社":"Ingram      ","ISBN":9781545430415,"圖片網址":"https:\/\/cdn.kingstone.com.tw\/english\/images\/product\/0415\/9781545430415.jpg","書籍簡介":"0"}
{"書名":"跟著實務學習HTML5、CSS3、JavaScript、jQuery、jQuery Mobile、Bootstrap 4&Cordova第一次開發跨平台網頁與APP就上手","書籍網站":"https:\/\/www.kingstone.com.tw\/\/basic\/2014713560988?zone=book&lid=search&actid=WISE&kw=Bootstrap&pi=0","作者":"蔡文龍、蔡捷雲、歐志信等","出版社":"碁峰資訊  ","ISBN":9789864768974,"圖片網址":"https:\/\/cdn.kingstone.com.tw\/book\/images\/product\/20147\/2014713560988\/2014713560988b.jpg","書籍簡介":"\r\n\r\nBuild School創辦人暨執行長 吳典璋 資策會資深講師 王淳平\/林俊昌\/蘇國鈞 聯合推薦!!*快速上手網頁語法：使用大量範例輔助初學者學習HTML5與CSS，使初學者快速進入網頁開發領域。 *CSS3排版與動畫設計：以實際豐富的案例介紹CSS3特效、排版與動畫技巧。 *訓練JavaScript：從零開始學習JavaScript、由變數宣告、選擇結構、重複結構、陣列到函式，沒有艱澀的專業用詞，讓初學者不在害怕程式設計。 *jQuery互動應用：透過jQuery函式快速選擇元素進行互動、選取表單資料、呼叫動畫函式與替換樣式，打造酷炫的互動網頁。 *RWD響應式網頁：以全新的Bootstrap 4元件建立行動優先的跨平台網頁。 *跨平台行動網頁：建置支援ios,Android,Windows Phone的行動網頁。 *跨平台App設計：使用jQueryMobile與Cordova建製原生Android App，並部署到手機實機上。 *全端應用：整合前端Bootstrap與後端ASP.NET MVC，建製擁有CRUD功能的員工系統。\r\n                    \r\n"}
{"書名":"快速精通Bootstrap","書籍網站":"https:\/\/www.kingstone.com.tw\/\/basic\/2013120402324?zone=book&lid=search&actid=WISE&kw=Bootstrap&pi=0","作者":"Snig Bhaumik","出版社":"博碩文化  ","ISBN":9789864341511,"圖片網址":"https:\/\/cdn.kingstone.com.tw\/book\/images\/product\/20131\/2013120402324\/2013120402324b.jpg","書籍簡介":"\r\n\r\n\r\nBootstrap Essentials\r\n\r\n\r\n\t引 領你熟悉所有的 Bootstrap 特色功能及基礎知識，從中探索「行動優先」設計哲學，並進一步發揮 Bootstrap 的多樣潛能。內容從 Bootstrap 架構及元件的介紹開始，接著搭配 LESS 語法編譯，以及運用 Bootstrap CSS 來建構響應式佈局。此外更利用眾多的 Bootstrap 擴充元件，使網站功能更加豐富。\r\n\r\n\t本書也含括了自訂 Bootstrap 的整套流程，包含編譯、建構及擴充 Bootstrap 內容，藉此開發出對行動裝置友善的極致網站環境。\r\n\r\n你能夠從本書學習到\r\n\r\n\t•    充分瞭解 Bootstrap 的內部架構及運作模式。\r\n\t•    為網頁專案下載及設定 Bootstrap。\r\n\t•    熟悉 Bootstrap CSS 及其元件。\r\n\t•    編譯及建構 Bootstrap 程式碼。\r\n\t•    運用 Bootstrap 的 JavaScript 物件及 CSS 預處理器。\r\n\t•    對 Bootstrap 加以自訂及擴充，以滿足特定需求。\r\n\r\n"}
{"書名":"Bootstrap & PHP & MySQL & jQuery－網頁&資料庫應用超速開發設計指南","書籍網站":"https:\/\/www.kingstone.com.tw\/\/basic\/2013120456297?zone=book&lid=search&actid=WISE&kw=Bootstrap&pi=0","作者":"許立民","出版社":"上奇科技  ","ISBN":9789865000752,"圖片網址":"https:\/\/cdn.kingstone.com.tw\/book\/images\/product\/20131\/2013120456297\/2013120456297b.jpg","書籍簡介":"\r\n\r\n\r\n【本書具備】\r\n\t◆「Twitter Bootstrap」-超強力快速開發網站之前端設計工具\r\n\t◆PHP最佳範例教學\r\n\t◆MySQL資料庫超新手入門與SQL結合應用\r\n\t◆PHP連結MySQL專案建構示範\r\n\t◆JavaScript與jQuery網頁互動製作\r\n\t◆Google map網路地圖相簿實作範本\r\n\t◆翻頁電子書系統製作示例\r\n\t◆汽車保修管理系統開發\r\n\t◆雲端隨身碟系統設計\r\n\r\n\t說到程式您想到的是什麼呢？是日日夜夜爆肝、帶著厚重眼鏡坐在電腦前面，時尚一點就啜一杯咖啡、local一點就拽一瓶台啤，輸入只有電腦才懂的語言，然後創造出無數驚人的數據系統、商業的進存銷、教育的學習平台、內容管理系統…等等，若您的想法是這樣那程式當然離您很遠。\r\n\r\n\t本書協助讀者篩選資訊，在循序漸進的學習過程，精確掌握PHP要項與關鍵，透過和資料庫管理系統MySQL與處理跨裝置問題的jQuery，將語法規則、函數甚至是物件，運用程式開發的邏輯進行結合，應用在各類實例及應用服務系統上，就連初學者都可以快速上手，輕鬆學習。\r\n\r\n\tPHP程式應用其實不如想像中困難，學習初期時如能掌握住最重要的功能，而非把心思放在少用或冷僻語法，以及好高騖遠的殷殷期待，這才是決定您能否獨當一面的關鍵；更要緊的是能改變面對程式設計的心智模式、轉換邏輯與思考方式，就能利用程式開發來成就自己的課業、工作與生活，遨遊在PHP的世界中慢慢精進自我。\r\n\r\n\t書附光碟內容：DVD\/書中\/本書範例檔案\r\n\r\n"}
{"書名":"Bootstrap 3.3","書籍網站":"https:\/\/www.kingstone.com.tw\/\/basic\/203c607420761?zone=english&lid=search&actid=WISE&kw=Bootstrap&pi=0","作者":"Lyn, Kevin","出版社":"Ingram      ","ISBN":9781522722274,"圖片網址":"https:\/\/cdn.kingstone.com.tw\/english\/images\/product\/2274\/9781522722274.jpg","書籍簡介":"0"}
{"書名":"跨裝置網頁設計(第三版)： HTML5、CSS3、JavaScript、jQuery、Bootstrap、jQuery Mobile","書籍網站":"https:\/\/www.kingstone.com.tw\/\/basic\/2014713530677?zone=book&lid=search&actid=WISE&kw=Bootstrap&pi=0","作者":"陳惠貞","出版社":"碁峰資訊  ","ISBN":9789864765393,"圖片網址":"https:\/\/cdn.kingstone.com.tw\/book\/images\/product\/20147\/2014713530677\/2014713530677b.jpg","書籍簡介":"\r\n\r\n★快速學會最潮、最in的響應式網頁設計！以簡易的範例進行語法教學，佐以整合的範例開發響應式網頁與行動網頁 破除初學者見樹不見林、無法靈活運用各項技術的迷思！ ■ 使用HTML5的元素和各種表單輸入類型，讓網頁的結構條理分明。 ■ 使用CSS3的Box Model、定位方式，以及字型、文字、清單、色彩、背景、漸層、表格、陰影、邊界、留白、框線、多欄位排版、2D\/3D變形處理、媒體查詢等屬性，以根據PC或行動裝置的特徵設計網頁。 ■ 使用JavaScript的核心語法和瀏覽器端的應用，讓靜態網頁具有動態效果，包括DOM、JavaScript內建的物件、事件處理等。 ■ 使用jQuery的核心語法、事件與特效，讓網頁設計更便利快速。 ■ 使用Bootstrap開發行動優先的響應式網頁，讓網頁完整呈現在PC、平板、手機等裝置，達到One Web One URL (一網站一網址) 的目標。 ■ 使用jQuery Mobile建立行動網頁的介面，將跨平台、跨裝置所面臨的相容性問題交給jQuery Mobile處理。\r\n                    \r\n"}
{"書名":"前端&行動網頁設計速成班：Bootstrap 4 + CSS3 + HTML5 + JavaScript","書籍網站":"https:\/\/www.kingstone.com.tw\/\/basic\/2013120412941?zone=book&lid=search&actid=WISE&kw=Bootstrap&pi=0","作者":"Silvio Moreto","出版社":"松崗      ","ISBN":9789572246146,"圖片網址":"https:\/\/cdn.kingstone.com.tw\/book\/images\/product\/20131\/2013120412941\/2013120412941b.jpg","書籍簡介":"\r\n\r\n\r\n不論是簡單的頁面還是複雜的頁面，透過Bootstrap架構就足以應付了！\r\n基本網頁架構︱自適應式網頁（RWD）︱行動網頁︱外部程式庫整合︱網頁應用程式︱管理主控台︱自訂Bootstrap外掛程式\r\n\r\n深入了解Bootstrap，精通前端架構更易上手\r\n\t適合想快速進入前端網頁開發工作的你\r\n\t初學者－學習基本功能，打造簡易網頁與RWD行動網頁\r\n\t進階者－結合JavaScript與外掛，開發出類似於twitter的網頁App以及管理主控台App\r\n\r\n最棒的前端架構Bootstrap，大幅節省原始碼Coding時間\r\n\t包含基本CSS樣式表，維持HTML元素的美觀與一致性\r\n\t元件只需以拷貝、貼上原始碼的方式就能重複利用\r\n\t支援JavaScript與自訂外掛，無限擴充網頁應用程式功能\r\n\r\n\t透過本書，你可以用Bootstrap開發出一些常見的應用實例，包括基本的登陸頁面、網頁應用程式，以及每個網頁開發人員都想開發的主控台網頁應用程式。\r\n\r\n\t每單元都透過實際案例來教導，附有詳細的圖解與程式碼解說。學習如何充分運用Bootstrap的最佳潛能，包括元件自訂、事件處理，還有外部程式庫整合等。看完本書您便可以完整的製作出適合多螢幕檢視的網頁應用程式。\r\n\r\n本書特色\r\n\r\n\t可下載範例檔案跟著操作，透過完整實例，按部就班學習\r\n\r\n\t由淺入深實作Bootstrap，涵蓋CSS、HTML、JavaScript\r\n\r\n\t一本書搞定基本登入頁面、RWD與行動網頁、網頁App與管理主控台、以及Bootstrap自訂外掛\r\n\r\n"}
{"書名":"秒懂行動網頁設計： Sublime + Bootstrap + CSS3 + HTML5 + Cordova專案實作","書籍網站":"https:\/\/www.kingstone.com.tw\/\/basic\/2014713528346?zone=book&lid=search&actid=WISE&kw=Bootstrap&pi=1","作者":"蕭國倫、姜琇森、朱珮儀等","出版社":"碁峰資訊  ","ISBN":9789864764235,"圖片網址":"https:\/\/cdn.kingstone.com.tw\/book\/images\/product\/20147\/2014713528346\/2014713528346b.jpg","書籍簡介":"\r\n\r\n最容易理解、讓初學者秒懂的範例解說！ 最關鍵的完整範例，一個抵十個，重點觀念一次搞懂。 最實務的程式碼練習，別再說網頁設計難以上手。．神級跨平台的Sublime Text網頁編輯器入門教學：快速熟悉網頁設計師必備開發工具，善用擴充套件提升網頁建置效率 ．清楚圖文說明網頁架構，讓初學者一次上手：以最淺顯易懂的架構說明，觀念正確便能舉一反三 ．超實務響應式網頁設計範例（RWD, Responsive Web Design）：多個簡單的範例比不上一個完整的應用，關鍵完整範例讓你徹底深入瞭解 ．掌握常見響應式版面設計：企業網頁、多欄式網頁、視差網頁、側欄固定網頁，一次搞懂主流RWD版面設計技巧\r\n                    \r\n"}
{"書名":"Rails, Angular, Postgres, and Bootstrap","書籍網站":"https:\/\/www.kingstone.com.tw\/\/basic\/203c511987129?zone=english&lid=search&actid=WISE&kw=Bootstrap&pi=1","作者":"Copeland, David Bryant","出版社":"Pragmatic   ","ISBN":9781680501261,"圖片網址":"https:\/\/cdn.kingstone.com.tw\/english\/images\/product\/1261\/9781680501261.jpg","書籍簡介":"0"}
{"書名":"學好跨平台網頁設計：HTML5、CSS3、JavaScript、jQuery與Bootstrap超完美特訓班","書籍網站":"https:\/\/www.kingstone.com.tw\/\/basic\/2014713522504?zone=book&lid=search&actid=WISE&kw=Bootstrap&pi=1","作者":"鄧文淵總監製、文淵閣工作室","出版社":"碁峰資訊  ","ISBN":9789864764129,"圖片網址":"https:\/\/cdn.kingstone.com.tw\/book\/images\/product\/20147\/2014713522504\/2014713522504b.jpg","書籍簡介":"\r\n\r\n6大主題，300個立即可套用範例， 最熱門的跨平台網頁設計技術大集合， 最適合初學入門、現學現用的21堂關鍵課！ 2010年，當時Apple的CEO賈伯斯發表了一篇文章，讓HTML5成為關注的焦點。時至今日，HTML5早已成為許多人首選的跨平台工具，新一代智慧手機作業系統大量運用來開發應用程式，而現在許多設備都支援HTML5，成為主流的學習技術。 本書以HTML5為主體，綜合當今熱門的跨平台網頁程式設計工具。不繞遠路，完整解秘各項技術，立即可用，提供最佳學習途徑！ 【結合最新前端技術】 全面引進最新的前端框架與技術，無論是HTML5、CSS3、JavaScript、jQuery、jQuery Mobile或是Bootstrap，都能銜接學習而快速上手，打造符合新一代標準的跨平台網站。 【徹底掌握語法基礎】 透過詳細語法解說、大量圖表示意，引領了解各主題的核心概念與重點技術，並利用最適合的開發工具進行範例實作，徹底掌握語法與應用。 【立即套用海量範例】 每個主題都依功能別加入實用範例，可依架構學習，也可以依功能主題立即尋找可套用的範例。 【跨越平台行動優先】 面對行動裝置的普及，網頁就必須跨越不同螢幕尺寸，因應不同作業平台。書中將RWD網頁建置技術徹底解構，進而掌握從電腦到手機版網頁的設計心法，讓跨平台網頁製作更簡單！ 【超值RWD影音教學】 提供RWD(Responsive Web Design，響應式網頁設計)使用Bootstrap的實戰影音教學，利用Bootstrap帶領您從無到有快速打造一個跨平台的RWD網站，快速提升開發實力！ 超值學習資源：範例程式檔\/RWD網頁快速開發：使用Bootstrap實戰影音教學\r\n                    \r\n"}
{"書名":"Twitter Bootstrap 3","書籍網站":"https:\/\/www.kingstone.com.tw\/\/basic\/203c509696447?zone=english&lid=search&actid=WISE&kw=Bootstrap&pi=1","作者":"Hicks, Thomas A.","出版社":"Ingram      ","ISBN":9781512122909,"圖片網址":"https:\/\/cdn.kingstone.com.tw\/english\/images\/product\/2909\/9781512122909.jpg","書籍簡介":"0"}
{"書名":"Twitter Bootstrap Handbook","書籍網站":"https:\/\/www.kingstone.com.tw\/\/basic\/203c507551781?zone=english&lid=search&actid=WISE&kw=Bootstrap&pi=1","作者":"Fry, James A.","出版社":"Ingram      ","ISBN":9781508614425,"圖片網址":"https:\/\/cdn.kingstone.com.tw\/english\/images\/product\/4425\/9781508614425.jpg","書籍簡介":"0"}
{"書名":"Twitter Bootstrap 3 in 30 Days","書籍網站":"https:\/\/www.kingstone.com.tw\/\/basic\/203c508225236?zone=english&lid=search&actid=WISE&kw=Bootstrap&pi=1","作者":"Tyler, Mohammed L.","出版社":"Ingram      ","ISBN":9781512122893,"圖片網址":"https:\/\/cdn.kingstone.com.tw\/english\/images\/product\/2893\/9781512122893.jpg","書籍簡介":"0"}
{"書名":"The Joy of Bootstrap","書籍網站":"https:\/\/www.kingstone.com.tw\/\/basic\/203c503696768?zone=english&lid=search&actid=WISE&kw=Bootstrap&pi=1","作者":"Forbes, Alan","出版社":"Ingram      ","ISBN":9781502712004,"圖片網址":"https:\/\/cdn.kingstone.com.tw\/english\/images\/product\/2004\/9781502712004.jpg","書籍簡介":"0"}
{"書名":"讓響應式(RWD)網頁設計變簡單：Bootstrap開發速成 (附135分鐘專題影音教學)","書籍網站":"https:\/\/www.kingstone.com.tw\/\/basic\/2014713493774?zone=book&lid=search&actid=WISE&kw=Bootstrap&pi=1","作者":"呂國泰、何昇隆、曾偉凱","出版社":"碁峰資訊  ","ISBN":9789863479659,"圖片網址":"https:\/\/cdn.kingstone.com.tw\/book\/images\/product\/20147\/2014713493774\/2014713493774b.jpg","書籍簡介":"\r\n\r\n附DVD一片以3大實例一探業界極為流行的響應式網頁框架！ 熱門的Bootstrap讓許多企業在徵求網頁設計師時都將之列為必備的技能條件，Bootstrap採用了模組化設計，簡易到只要懂得如何套用，就可以快速開發出具有美感的響應式(RWD)網頁。 對於許多不擅長視覺設計的網頁工程師來說，省去了許多美化的時間與困惱，而對於視覺設計師來說，也能依著自己設計的版型建置出網頁，同時支援市面上大部份的主流瀏覽器，而對於想踏入響應式網頁領域的初學者來說，則可以在短時間就學習到實務的響應式網頁設計技能。 書中從認識響應式網頁與Bootstrap開始，詳解網站開發流程、響應式網頁設計思維、SEO設定，以及網頁設計趨勢，導入視覺設計與網頁製作兩個不同領域的專業知識，並提供120多個Bootstrap功能範例網頁檔，說明如何使用Bootstrap框架所提供的各種CSS與組件等內容，最終再以3個完整實例製作出響應式網頁，以具備實務的設計技能。 書附超值DVD： 135分鐘網站實作專題影音教學\/範例檔\r\n                    \r\n"}
{"書名":"The Joy of Bootstrap","書籍網站":"https:\/\/www.kingstone.com.tw\/\/basic\/203c411666434?zone=english&lid=search&actid=WISE&kw=Bootstrap&pi=1","作者":"Forbes, Alan","出版社":"Ingram      ","ISBN":9781500768546,"圖片網址":"https:\/\/cdn.kingstone.com.tw\/english\/images\/product\/8546\/9781500768546.jpg","書籍簡介":"0"}
{"書名":"Jump Start Bootstrap","書籍網站":"https:\/\/www.kingstone.com.tw\/\/basic\/203c408379411?zone=english&lid=search&actid=WISE&kw=Bootstrap&pi=1","作者":"Rahman, Syed Fazle","出版社":"Sitepoint   ","ISBN":9780992279431,"圖片網址":"https:\/\/cdn.kingstone.com.tw\/english\/images\/product\/9431\/9780992279431.jpg","書籍簡介":"\r\n\r\nGet a Jump Start on building applications with Bootstrap today!Originally developed by Twitter, Bootstrap is a framework that making the once-arduous process of crafting fully responsive web designs a breeze! Discover why Bootstrap is fast becoming a favorite tool of top web designers.In just one weekend with this hands-on tutorial, you'll learn how to: Integrate Bootstrap into your projectsUnderstand the basic Bootstrap templateWork with Bootstrap's gridCustomize Bootstrap to work with any project\r\n                    \r\n"}
{"書名":"Bootstrap Yourself With Linux-usb Stack","書籍網站":"https:\/\/www.kingstone.com.tw\/\/basic\/203c312434649?zone=english&lid=search&actid=WISE&kw=Bootstrap&pi=1","作者":"Regupathy, Rajaram","出版社":"Course Techn","ISBN":9781435457867,"圖片網址":"https:\/\/cdn.kingstone.com.tw\/english\/images\/product\/7867\/9781435457867.jpg","書籍簡介":"0"}
{"書名":"An Introduction to the Bootstrap","書籍網站":"https:\/\/www.kingstone.com.tw\/\/basic\/203c510511463?zone=english&lid=search&actid=WISE&kw=Bootstrap&pi=1","作者":"Efron, Bradley","出版社":"Ingram      ","ISBN":9780412042317,"圖片網址":"https:\/\/cdn.kingstone.com.tw\/english\/images\/product\/2317\/9780412042317.jpg","書籍簡介":"0"}
{"書名":"The Jackknife, the Bootstrap, and Other Resampling Plans","書籍網站":"https:\/\/www.kingstone.com.tw\/\/basic\/203c807850523?zone=english&lid=search&actid=WISE&kw=Bootstrap&pi=1","作者":"Efron, Bradley","出版社":"Ingram      ","ISBN":9780898711790,"圖片網址":"https:\/\/cdn.kingstone.com.tw\/english\/images\/product\/1790\/9780898711790.jpg","書籍簡介":"0"}
