{"書名":"我在動物孤兒院，看見愛：犀牛、樹懶、棕熊、亞洲象、台灣黑熊、石虎，愛的庇護所紀實","書籍網站":"https:\/\/www.kingstone.com.tw\/\/basic\/2015480094447?zone=book&lid=book_class3_heb&actid=book_class3_heb","作者":"白心儀","出版社":"有方文化  ","ISBN":9789869792196,"圖片網址":"https:\/\/cdn.kingstone.com.tw\/book\/images\/product\/20154\/2015480094447\/2015480094447b.jpg","書籍簡介":"\r\n\r\n\r\n從台灣到南非、哥斯大黎加、俄羅斯、斯里蘭卡，\r\n\r\n一位台灣記者在動物孤兒院現場的深度觀察\r\n\r\n犀牛、樹懶、棕熊、亞洲象、台灣黑熊與石虎的生存困境中\r\n\r\n看見愛與重生的真實故事\r\n\r\n\t \r\n\r\n\t二○一六年在南非的犀牛孤兒院，因為無意間被犀牛寶寶撞了一下，開啟了白心儀與瀕危動物的緣分，製播了台灣第一個以「全球瀕危物種」為主題的自然紀實節目《地球的孤兒》。她與兩位攝影走遍世界七大洲，包括零下三十度的俄羅斯森林、高溫四十度的哥斯大黎加熱帶雨林，以及地球上最難抵達的南極，從台灣的觀點出發，探討人類與野生動物的關係，深入犀牛、樹懶、棕熊，亞洲象、台灣黑熊、石虎等動物孤兒院，記錄動物面臨的生存危機。\r\n\r\n\t \r\n\r\n\t．南非／犀牛孤兒院：目前在南非，平均每天有四頭犀牛慘死在盜獵者刀下。如果獵殺犀牛的行為沒有遏止，最快在二○二六年，將面臨滅絕的命運。犀牛孤兒院收容了超過五十頭小犀牛，最終目標是讓這些失去母親的犀牛孤兒有朝一日重回棲地，但為了讓牠們能夠生存下去，野放前卻必須「去角」。\r\n\r\n\t \r\n\r\n\t．哥斯大黎加／樹懶孤兒院：誤入鐵絲網，野狗攻擊，高壓電線電擊，是樹懶送進孤兒院救傷安置的三大主因。在哥斯大黎加，許多原始林地都被剷平，這個永遠帶著微笑、地球上最慢的動物遭遇了前所未有的生存挑戰。\r\n\r\n\t \r\n\r\n\t．俄羅斯／棕熊：二○一一年以前，俄羅斯的獵人可以合法把棕熊從冬眠的洞穴挖出來獵殺！當母熊遭殺害，幼熊就被隨意丟棄。被幸運發現的，就會送到棕熊孤兒院照養。而曾是獵熊人的生物學家瓦倫丁．帕基特諾夫在原始森林成立棕熊孤兒院，救援失去母親的棕熊寶寶。至今一家三代全部投入在照護工作，已經成功野放超過250頭小棕熊。\r\n\r\n\t \r\n\r\n\t．斯里蘭卡／亞洲象：在全世界亞洲象密度最高的國家斯里蘭卡，一個小鎮家族扭轉亞洲象的命運。他們把自家十五英畝的土地騰出來，成立大象收容中心，提供救傷和庇護，保育全球數量不到五萬頭的瀕危亞洲象。二十年來，收容中心已經照養超過八十頭象。\r\n\r\n\t \r\n\r\n\t．台灣／台灣黑熊、石虎：許多斷掌斷趾，無法再野放回山林的台灣黑熊，被送到特生保育中心低海拔試驗站收容照養，這一群再也回不了家的落難黑熊，總是鬱悶悲傷，有的甚至還會自殘；特生中心三隻失親的石虎寶寶，從照養、訓練到順利野放，但在此同時，傷殘的石虎卻在野放後仍難逃死亡劫難……。\r\n\r\n\t \r\n\r\n\t製作生態保育節目，很累、很遠、很貴，收視挑戰更大。各種艱鉅挑戰，濃縮起來就是五個字：吃力不討好。不僅要兼任製作人、主持人、執行企劃、攝影助理，還得自己安排交通、住宿、找受訪者，找經費……但觀眾的肯定與回饋，就是讓她堅持下去最大的動力。\r\n\r\n\t \r\n\r\n\t跟隨白心儀動第一手的觀察與動人的文字，你將深刻感受到每一個瀕危物種的生存困境，以及因為人類的過度消費、開發，已經造成多少地球生物逐漸消失，甚至走向滅絕；而看到動物孤兒院裡的保育人士的用心用情、盡心照養，也讓人感動不已。白心儀希望透過這本書，能喚醒大家的保育共識，因「現在不做，以後真的什麼都沒有了。」\r\n\r\n"}
{"書名":"在零撲殺之後，永不放棄的愛","書籍網站":"https:\/\/www.kingstone.com.tw\/\/basic\/2015480089320?zone=book&lid=book_class3_heb&actid=book_class3_heb","作者":"麥嫂","出版社":"動物保護  ","ISBN":9789869680325,"圖片網址":"https:\/\/cdn.kingstone.com.tw\/book\/images\/product\/20154\/2015480089320\/2015480089320b.jpg","書籍簡介":"\r\n\r\n\r\n\t動物與人類最大的不同是，人在遭受苦難之後，\r\n\t容易產生扭曲的價值觀與性格，但是動物永遠是用清澈的眼神凝視著人們，無論受過多少傷害，依舊企盼「愛」能再次降臨，你喜歡的事情可以很多，\r\n\t但是牠只喜歡你！\r\n\r\n\t【本書簡介】\r\n\t雖然本聯盟倡議的公立動物收容所零撲殺，最終經由立法挽回了他們的生命，終結了台灣18年來以撲殺為手段來處理流浪貓狗的殘暴年代。\r\n\t然而這並不是我們所追求的最終目標。\r\n\t他們是被我們稱為毛小孩的同伴動物，他們最適合的歸宿，自然是一個可以接納、給他們溫暖的家。\r\n\t公立收容所在各項條件限制下，想要把目前中途的工作做好，將所有貓狗送養出去實屬非常困難、艱辛。如果是長相可愛的小狗小貓，機會通讓奇蹟散播出去通常高些，至於那些年紀老的、有些殘疾的貓狗，則常因乏人問津而被安置在所內，一般訪客難以留意到的偏僻角落。若無奇蹟出現，他們大約就只能如此悲淒的度過餘生。\r\n\t人們常說人間有愛就會有奇蹟發生。奇蹟不只是發生在我們人類社會，也會發生在公立收容所內的毛小孩身上。\r\n\r\n"}
{"書名":"為動物請命：建立善待眾生的正見","書籍網站":"https:\/\/www.kingstone.com.tw\/\/basic\/2015480093525?zone=book&lid=book_class3_heb&actid=book_class3_heb","作者":"馬修．李卡德","出版社":"早安財經  ","ISBN":9789869888004,"圖片網址":"https:\/\/cdn.kingstone.com.tw\/book\/images\/product\/20154\/2015480093525\/2015480093525b.jpg","書籍簡介":"\r\n\r\n\r\n「世界上最快樂的人」馬修．李卡德最新作品！\r\n\t珍．古德(動物保育人士)、彼得．辛格(動物解放運動發起人)、\r\n\t駱以軍(知名作家)、彭啟明(氣象達人)、黃宗慧(台大外文系教授) 、\r\n\t林清盛(廣播節目《阿貓阿狗逛大街》主持人)、劉慧君(自然食氣導引師)大力推薦！\r\n\r\n\r\n\t駱以軍：非常值得你收藏在書架的好書！\r\n\t《出版人週刊》：鏗鏘有力！ 《今日心理學》（Psychology Today）：必讀！\r\n\r\n\t這是一場人類歷史上空前的大屠殺──我們每年殺害多達六百億的陸生動物和上兆的海洋動物，藉此滿足人類的口腹之欲。我們的過度消費，加劇全球饑荒，引發生態失衡，並且傷害了我們的身體健康。我們還因為利欲薰心，走私野生動物；為了科學研究或娛樂，剝削各種動物。\r\n\r\n\t本書作者馬修．李卡德（Matthieu Ricard），曾在François Jacob實驗室擔任分子生物學研究員，四十年前出家成為佛教僧侶，並與達賴喇嘛私交甚篤。在書中，李卡德試圖解答許多人心中都有的疑問：為什麼我們如此呵護家中寵物，卻忍心大啖各種肉類？我們都有惻隱之心，也都知道桌上每一盤肉食都以屠殺為始，為什麼卻對如此大規模殺害、欺辱動物無動於衷？\r\n\r\n\t這部發人深省的作品以深入淺出的方式，帶領讀者認識人類對待動物的方式，並呼籲世人改變自己的行為和心態。李卡德旁徵博引，從科學到宗教，從屠宰場到實驗室，從國際政治到人類心智，讓我們看見這場動物大屠殺的真相，並藉由本書大聲呼籲：停止殺戮，請善待眾生，我們生活在一個相互依存的世界裡，每個人的命運，都與其他人的命運密切相關。\r\n\r\n\t「要知道，」疫情期間，李卡德接受《金融時報》專訪時說：「未來，是不會（應該說，尚未）讓你感覺到痛楚的。環境危機最大的麻煩是，等到你身受其害，將為時已晚……」\r\n\r\n\t動物是我的朋友……，我不會吃我的朋友。──蕭伯納（George Bernard Shaw）\r\n\r\n\t人無法將心一分為二：一個愛護動物，一個愛護人類；\r\n\t人只有一顆心或是沒有心。──阿爾方斯．德拉馬丁（Alphonse De Lamartine）\r\n\r\n"}
{"書名":"讓我陪你等家：來自浪浪別哭的領養故事，終養不棄養的無悔約定","書籍網站":"https:\/\/www.kingstone.com.tw\/\/basic\/2015480091521?zone=book&lid=book_class3_heb&actid=book_class3_heb","作者":"浪浪別哭","出版社":"幸福文化  ","ISBN":9789578683914,"圖片網址":"https:\/\/cdn.kingstone.com.tw\/book\/images\/product\/20154\/2015480091521\/2015480091521b.jpg","書籍簡介":"\r\n\r\n\r\n\t別讓自己的善意領養成了「棄退養」的開始！\r\n\t領養是負責浪浪一生的盟約，需要接納、理解還有耐心教育。\r\n\t有心領養浪狗貓的你，這本書要幫助你三思再三思所有盲點，\r\n\t浪狗貓視你為唯一的真摯眼神，你是否真能用一生來回應？\r\n\r\n\t中途咖啡館「浪浪別哭」是從城市小巷弄的一間老屋開始的，腦闆Allen和闆娘譚柔和團隊夥伴們，用五年寫下一則又一則送養故事，而故事主角正是無家可歸、生活被迫擔心受怕的浪狗浪貓。他們希望從台北開始，讓浪浪有一個找家的紮根起點。五年後，他們的足跡從台北跨到了台中，更在2019年走到了台南，這些年裡，成功陪伴600隻毛孩順利找到專屬家人。\r\n\r\n\t走進「浪浪別哭」，你會發現所有米克斯都有自己的名字，個性也截然不同，許多人看了網路資訊會來此領養浪浪，然而，回家卻不是一條容易且平坦的單行道…浪浪別哭想透過這本書分享，陪毛孩等家的路上除了有令人動容的暖心故事，卻有更多被棄退養的傷心經歷，送養有如一場跑不盡的長程馬拉松……。\r\n\r\n\t『你的棄退養決定，極可能造成毛孩二度身心傷害！』\r\n\t．領養者感覺責任過大\r\n\t．領養後才遭到家人反對\r\n\t．領養者無法學習教育狗狗\r\n\t．情侶領養者因分手而退養\r\n\t．與領養者家中毛孩處不來\r\n\t．領養者年齡太輕而無法承擔責任\r\n\t………而以上，還只是一部份的棄退養原因\r\n\r\n\t領養浪狗貓就像迎接新家人，需要磨合與彼此適應，領養者必須全心全意、不離不棄地接納身心曾經受過傷的牠們。領養，不只是一個動詞，得先了解承載的是有情緒、需好好相處的珍貴生命。對於浪浪們來說，牠們眼中的你，是牠生命中的全部，但你與自己的家人，真的準備好了嗎？\r\n\r\n\t『無論你的外表和個性如何，我都想給你最好的現在和未來！』\r\n\t──────—領養浪浪應該是伴他一生、不離不棄的無悔約定\r\n\r\n\t★「棄退養」著實讓人灰心，但仍有願意「自我能力升級」無私領養人！\r\n\r\n\t【Story01】浪秀秀是天生有殘疾但勇敢的小女孩，遇見了無畏難纏疾病、甚至費心為毛孩學食療、年年辦生日趴的領養人Seven…\r\n\r\n\t【Story02】有身孕的領養人遇見了浪拉比和浪阿努，即便懷孕後期也不離不棄，與先生一起擔起三個生命的重任，完全是神力女超人媽媽…\r\n\r\n\t【Story03】來自收容所的浪阿甘是逃家慣犯，但領養人小敏卻給他最大最安全的愛，讓阿甘逐漸安定不再逃跑、更從此明白幸福在哪裡…\r\n\r\n\t【Story04】浪阿喜有著大大的甜笑，但個性不親狗以致找不到家，這時遇見了已有兩隻浪浪的領養人Jean母女，逐漸融化了阿喜不親狗的個性…\r\n\r\n\t【Story05】原生環境不佳導致個性害羞、不相信愛會降臨的浪小囧，遇見了能完全包容她的領養人徐皮，從此讓小囧做回最無憂的純真小孩…\r\n\r\n\t本書也收錄「終養不棄養」的成功案例，以及特別收錄故事後續的生活追蹤，分享領養者如何陪伴照顧浪浪們的身心與生活，用包容和堅固的愛為毛孩打造安穩港灣。\r\n\r\n本書特色\r\n\r\n\t★想領養浪浪的你…作者為你剖析、再三評估自己\r\n\t這本書的送養案例能幫助你三思再三思，審視自己的能力。從身心準備、家庭環境、經濟狀況、生活起居、浪貓狗可能有的情緒和反應…等實際面做一次全面整理和深度思考。\r\n\r\n\t★領養浪浪前…腦闆把拔親授陪伴與訓練毛孩的方法\r\n\t浪狗貓都曾身心受創，可能原生環境不佳、被二度棄養…等，因此需要更多時間適應新家。只要願意耐心陪伴，沒有教不來的狗貓！腦闆把拔分享動物專業訓練知識，包含散步、如廁、籠內訓練、召回、玩耍、安全措施準備、怎麼應對怕聲響怕分離愛亂叫愛搞破壞的狗狗…等，用對方法，就能「教他不用放棄他」！\r\n\r\n\t★想幫助路上浪浪的你…先了解正確SOP並協助中途者\r\n\t想幫助路上的浪狗貓，不是打通電話給中途之家就立即解決…浪浪別哭教你用正確SOP幫浪浪們發聲找家、如何用自己現有的能力幫助浪浪守護者－愛爸愛媽，共同為減少路上浪浪盡一份力。\r\n\r\n"}
{"書名":"動物保護的公共治理（第二版）","書籍網站":"https:\/\/www.kingstone.com.tw\/\/basic\/2015480090159?zone=book&lid=book_class3_heb&actid=book_class3_heb","作者":"吳宗憲","出版社":"翰蘆圖書  ","ISBN":9789869840163,"圖片網址":"https:\/\/cdn.kingstone.com.tw\/book\/images\/product\/20154\/2015480090159\/2015480090159b.jpg","書籍簡介":"\r\n\r\n\r\n 西方國家在動物保護議題上，雖然受到相當程度的重視，但相較於其他主流議題，動物保護運動者，不僅人數較少，也較常訴諸情感，而相關的理論著作尚屬不足。直至最近二十年，「人與動物關係學」出現之後，企圖從跨域的視野，更客觀與更系統性地去釐清動物與人類的關係。即使如此，動物保護的公共政策，仍未臻主要的地位，該門學科對於動物的不利處境，仍止於被動的描述，而非主動倡議動物保護。因此，關心動物權益人士於是發起了「批判性動物研究」。\r\n\r\n 相較於「人與動物關係學」，批判性動物研究的發展歷史，其實更短且有待成果上的擴大。本書作者即以「批判性動物研究」的立場，希望能將過去「人與動物關係學」的研究發現，結合其本身所學的「公共政策」學科基礎，建構出符合實務運作的「動物保護公共治理」理論。\r\n\r\n 人類與動物的互動關係究竟為何？作者認為這是一種政治「權力」上的運用，不同的動物所受到的不同對待，是因為人類政治「權力」壓迫的強度不同所致；作者將這種權力運用分成三個類型：體制內的權力、政治經濟系統的權力，以及意識形態的權力。這種不同層次的權力壓迫，要推動成為一種社會運動，就需要採取不同的動物保護治理策略，而且層次越高難度也越高。\r\n\r\n 關於這三種權力途徑的壓迫，作者提出三種治理策略：落實政策執行績效、降低政策交易成本、採取深度實用主義。針對每一類政策，需從不同的政策輸入、政策執行及政策輸出的角度，對多元的公共政策主題，提出不同的治理手段，最後形成十種不同的治理手段。公共政策領域近年興起的「審議民主」、「組織再造」、「社會企業」、「績效管理」、「公私協力」、「利害關係人分析」等治理方法，在保護動物的不同情境中，皆能產生其正向的治理效果。\r\n\r\n"}
{"書名":"寫在牠們滅絕之前：香港動物文化誌","書籍網站":"https:\/\/www.kingstone.com.tw\/\/basic\/2015000042118?zone=book&lid=book_class3_heb&actid=book_class3_heb","作者":"陳嘉銘","出版社":"突破      ","ISBN":9789888392902,"圖片網址":"https:\/\/cdn.kingstone.com.tw\/book\/images\/product\/20150\/2015000042118\/2015000042118b.jpg","書籍簡介":"\r\n\r\n我們應該怎樣看待動物？──簡單以喜歡或不喜歡說明，抑或有其他方法？無論喜歡、不喜歡，抑或害怕動物，不容置疑的是，人類與動物同為這個地球（或者城市）的使用者。然而，一直以來，我們有意無意把自己與動物分開，僅看寵物為城市的一員，而其他的看他們為城市的入侵者，所以遇見野豬要報警，在西貢看見了牛會驚叫。我們忘記了怎樣與動物共處，更以一個奇怪的目光看待動物。是以，我們最常「看見」的動物，來自報章上一幀幀血肉模糊的照片──有人虐殺貓狗、有車飛撞野生牛、僅有的中華白海豚受傷……其實不止於此。若然細心，我們身邊常常有動物的蹤影──家裡的寵物（主要貓狗）、城市動物（西貢牛）、野外／野生動物（熊貓），甚至每日餐桌上吃的。也就是，討論動物，其實不限於喜歡不喜歡，牽涉的還有很多日常。從文化研究的角度切入，率先談「論述」，有了論述才會知道之後所討論的是什麼。除了討論切身的動物議題，身兼影評人的作者，更藉著影像、報導等媒介，了解動物如何透過媒體再現。\r\n                    \r\n"}
{"書名":"讓牠活下去 台灣收容所「零撲殺」紀實","書籍網站":"https:\/\/www.kingstone.com.tw\/\/basic\/2015480083908?zone=book&lid=book_class3_heb&actid=book_class3_heb","作者":"田智雄","出版社":"動物保護  ","ISBN":9789869680301,"圖片網址":"https:\/\/cdn.kingstone.com.tw\/book\/images\/product\/20154\/2015480083908\/2015480083908b.jpg","書籍簡介":"\r\n\r\n\r\n透過動保人、事、情的歷史片段，忠實呈現「零撲殺」修法倡議過程。\r\n\r\n 這是一本介紹台灣NGO組織—「台灣動物保護行政監督聯盟」（簡稱：動督盟）倡議公立動物收容所「零撲殺」修法過程的紀實。本書拋卻艱澀的理論與說教，描述了一些台灣動保人、動保事、動保情的歷史片段，適合所有動物保護的熱心人來看。 \r\n 這本書最主要的內容，就是動督盟在倡議「零撲殺」過程的策略、遊說與行動。這些行動的創想，既來自於倡議人長期以來行政監督的專業積累，也有不少來自於千鈞一髮時的果斷抉擇，一衝一撞之間，公理也愈加昭彰。監督政府、關心議題雖是高度專業的社會活動，但故事中靈魂人物何宗勳、王唯治等「公民家」的成功也表明，只要用心用力，公民就一定能成為推動適合社會良善的巨大力量。 \r\n\r\n 本書除了描述倡議過程，也專訪了與本議題有關的關鍵人物。台灣佛教界重要導師釋昭慧法師的理念指引，NGO人物張章得先生的長久支持，何宗勳、王唯治持續而強力的實踐，學者吳宗憲教授的理論支持，立法委員陳曼麗、吳思瑤、王育敏等在立法院的縱橫捭闔，以及政府官員農委會動保科江文全科長、新北市政府動保處長陳淵泉的行政落實。正是這些動保人的親力參與，才讓「零撲殺」的理想在台灣成就，多年來以百萬計的殺戮終於告一段落。這些不同角度的動保人的心路歷程與動保思考，值得後來的動保人借鑒學習。  　\r\n 最後，對動物的保護也來發乎於一個「情」，如果沒有對於動物的一份悲憫與同理心，台灣就不會是今天這樣如此地尊重生命，如此地以愛以善為寶。這本書為了能忠實呈現修法倡議過程，並沒有刻意渲染情懷，但這些人、這些事又無一不感召著我們成為動物保護的新力量。\r\n\r\n"}
{"書名":"世界的浪浪在找家：流浪動物考察與關懷手記","書籍網站":"https:\/\/www.kingstone.com.tw\/\/basic\/2015480083328?zone=book&lid=book_class3_heb&actid=book_class3_heb","作者":"本庄萌","出版社":"木馬文化  ","ISBN":9789863595366,"圖片網址":"https:\/\/cdn.kingstone.com.tw\/book\/images\/product\/20154\/2015480083328\/2015480083328b.jpg","書籍簡介":"\r\n\r\n\r\n一場前所未有的跨國流浪動物考察之旅————\r\n很多人會跟\r\n流浪動物說話\r\n卻沒什麼人\r\n願意傾聽牠們的聲音\r\n\r\n\r\n\t一位充滿熱情的日本法律學者走訪世界8大國25所動物中途之家，生動記錄世界各國動物議題現況，從流浪動物收容、野生動物保育、畜產和實驗動物議題，以至虐待動物和重大犯罪研究。\r\n\r\n\t如何讓「結束生命的場所」，變成「拯救生命的地方」？\r\n\t這裡所展現的，就是人類與動物間問題的縮影\r\n\r\n\t〔英國〕〔俄羅斯〕〔美國〕〔西班牙〕〔德國〕〔肯亞〕〔香港〕〔日本〕\r\n\t● 美國人嘗試的「小貓攝影機」（Kitty Cam）為何能大大提升認養數量？\r\n\t● 德國人為何認為動物保護需要獲得憲法保障？\r\n\t● 西班牙的流浪貓狗為何能在自然保育區裡開心地盡情奔跑？\r\n\t● 去了肯亞才知道，原來亞洲人竟是野生動物瀕臨絕種的元凶？\r\n\t●日本的「貓中途咖啡館」，為什麼能在短短6年送養超過4千隻貓咪？\r\n\r\n\t「這是一趟發現動物擁有的價值，\r\n\t思考自己能做什麼的旅程！」\r\n\t一起前進動物中途之家吧！在那裡，或許你也能找到\r\n\t個人能做得到的事，我們都可能成為\r\n\t打造人與動物和諧共生社會中，涓滴成流的力量。\r\n\r\n本書特色\r\n\r\n\t第一本動物法學家針對全世界動保先進國的考察全紀錄。從動物保護法、政府和民間的收容所制度與配套、野保議題、實驗動物、畜產動物到伴侶動物，涵蓋各面向議題。是喜愛動物、關注動保和生態讀者不能錯過的好書。\r\n\r\n"}
{"書名":"借鏡德國：毛小孩的神祕力量，從歐美動物輔助治療看台灣動物福利","書籍網站":"https:\/\/www.kingstone.com.tw\/\/basic\/2015460026116?zone=book&lid=book_class3_heb&actid=book_class3_heb","作者":"劉威良","出版社":"白象      ","ISBN":9789863585329,"圖片網址":"https:\/\/cdn.kingstone.com.tw\/book\/images\/product\/20154\/2015460026116\/2015460026116b.jpg","書籍簡介":"\r\n\r\n\r\n讓快樂的毛小孩當你的治療師吧！《借鏡德國》作者執筆，從歐美經驗反觀台灣動物福利問題。\r\n\r\n ◎《借鏡德國》一書作者再度執筆，從歐美經驗反觀台灣動物福利問題，並闡述同伴動物對人類人格與醫療的價值，為現代心理學及醫學界呈現全新的切入點。\r\n\r\n ◎動物輔助治療也就是以動物作為輔導治療工具的一種另類療法，就像音樂治療、舞蹈治療一樣。人對動物的感情越深摯，動物給人的回饋與影響也就越多。\r\n\r\n ◎非典型漫畫創作者米奇鰻為文章搭配生動插畫，益增閱讀樂趣。\r\n\r\n 動物能幫助憂鬱症患者、失智者、自閉症、流浪漢、藥癮者、學習障礙者、人際障礙者……\r\n 然而，牠們的神奇威力需要人類賦予尊重、保護以及平權。\r\n\r\n 一個國家的強大與道德程度，端看它對待動物的態度。──印度聖雄  甘地\r\n\r\n 德國街頭沒有流浪狗，國家沒有零安樂死的規定，也幾乎不做人工安樂死！\r\n 這是如何辦到的？\r\n 因為政府花錢教育民眾的經費與台灣過去撲殺流浪狗的經費比例一樣多。\r\n 他們花錢教育、培養國民正確飼養及領養動物的觀念，並且嚴格執行控管棄犬源頭。\r\n\r\n 幾個世紀前，人類就知道「動物會讓人的心愉悅」；比利時也早在八世紀就知道藉助動物達成醫療目的。\r\n 長期參與海內外動物保護運動的劉威良，藉由歐美經驗反觀台灣動保，並闡述同伴動物對人類人格與醫療的價值，為現代心理學及醫學界呈現全新的切入點。\r\n\r\n ★動物保護，你我一起支持！\r\n 為推廣台灣動物保護，本書將捐出部分售書所得予台灣動物保護團體。\r\n\r\n  \r\n\r\n 影片介紹：https:\/\/youtu.be\/r2UZPSXuyyQ\r\n\r\n"}
{"書名":"人道經濟─活出所有生物都重要的原則：在公園及海灘撿起塑膠垃圾；減少個人製造的垃圾；買車選燃油效能高的，多騎腳踏車、走路代替開車","書籍網站":"https:\/\/www.kingstone.com.tw\/\/basic\/2014370156227?zone=book&lid=book_class3_heb&actid=book_class3_heb","作者":"韋恩．帕賽爾","出版社":"商周出版  ","ISBN":9789864772223,"圖片網址":"https:\/\/cdn.kingstone.com.tw\/book\/images\/product\/20143\/2014370156227\/2014370156227b.jpg","書籍簡介":"\r\n\r\n\r\n 消費者有權利知道，他們所吃的食物是如何被對待的！\r\n\r\n [講理的人適應世界，不講理的人堅持要讓世界適應自己。\r\n 因此，一切的進步都要靠不講理的人。\r\n ──蕭伯納，《致革命者的箴言》，一九○三]\r\n\r\n 十件你可以為人道經濟做的事\r\n\r\n 一、用你的錢投票\r\n 每當你在市場上消費，就是在用你的錢投票支持、或是反對對動物殘忍。\r\n 二、吃食物鏈底層的食物\r\n 用更多植物性的食物來獲取營養，這對你自己、對地球、對動物都比較好。\r\n 三    加入、支持人道協會及其他幫助動物的團體\r\n 唯有如此，才能進行組織性、集體性的動物保護行動。\r\n 四    影響立法者\r\n 官員們聽到人們要求改變的呼聲時，就會採取行動。\r\n 五    敦促執法\r\n 法律要是不執行就價值有限。鼓勵執法機關打擊殘忍。\r\n 六    消彌、減少食物浪費\r\n 光是將食物浪費最小化，單單是美國，每年就可以讓十億隻動物免於被殺。\r\n 七    分享動物保護的資訊\r\n 殘酷最大的敵人就是知情的市民。\r\n 八    提醒企業領袖做正確的事\r\n 如果你是一間公司的投資人，你可以寫信給執行長，要求公司建立動物福利政策。\r\n 九    旅行要像個生態遊客\r\n 度假的時候，前往生態友善的目的地旅遊。\r\n 十    活出「所有的生物都重要」的原則\r\n 認養或助養流浪動物。在公園及海灘上時，撿起塑膠垃圾。減少個人製造的垃圾量，並小心地加以丟棄。買車時選擇燃油效能高的，多騎腳踏車、走路代替開車。\r\n\r\n 動物福利的「五大自由」：免於飢渴的自由；免於不適的自由；免於疼痛、傷害及疾病的自由；展現自然行為的自由；以及免於恐懼和痛苦的自由。\r\n\r\n 大眾們越來越關心食物是如何製造的；剝削動物的作為已經是四面楚歌，不論是幼犬繁殖場、寵物店、馬戲團或是海洋公園、工業化畜牧場和屠宰場、毛皮養殖場和皮草店、靈長類動物實驗室和美妝品動物試驗機構，都是一樣。對動物的關心逐漸上升。如今，有種快速成長、常常讓人驚喜、潛力無窮且不可抵擋的動物福利力量，以各種不同的形式出現——這就是人道經濟的年代。\r\n\r\n 出於世界上最有力的動物保護組織之一，這本書站在最前線的報導，讓我們看見良知和創意是如何永遠改變了我們對待動物以及創造財富的方式。美國人道協會的Wayne Pacelle揭示了企業家們、全球五百大企業的執行長、世界級的科學家還有消費者們正在推動的「人道經濟」，其成長勢不可擋，欣欣向榮。\r\n\r\n Wayne Pacelle認為，每一種奠基在剝削動物上的生意模式很快都會面臨淘汰。事實上，我們每一個人都已經（或是即將）被這些影響深遠的轉變所觸及，不論是在食品和農業中、製藥產業、化工業或是美妝產業；又或者是影視產業、娛樂表演、旅遊業和野生動物管理，以及犬貓及其他異國動物的寵物販售行業，或是皮毛時尚業。總而言之，這個轉變將減輕或是終結數以億計生靈所忍受的痛苦，同時也讓那些與消費者價值觀以及良善本能同步的商業，生意興隆。\r\n\r\n 舉例來說，作者揭示了工業化養雞場的殘忍很快就會過時了；他拜訪了漢普頓溪這間以植物原料製造蛋替代品的公司，該公司是全世界成長最快速的新創企業之一。Wayne Pacelle還描述了已經具有規模的成熟企業也加入了這種轉變，包括知名的寵物連鎖店Petco和PetSmart，看它們是如何讓傳統的寵物店大變身，和幼犬繁殖場一刀兩斷，並轉而提供收容所的犬貓更多認養機會；還有Paul Mitchell Systems、Body Shop和Lush這些美妝產品廠商，透過使用安全的成分來取代動物試驗；大型食品零售商如全食超市、奇波塔餐廳，甚至好事多和沃爾瑪，也都一個接著一個的拋棄恐怖的工業化畜牧，轉而擁抱動物福利標準。\r\n\r\n 本書對商業領袖和全世界成長中的動物保護運動吹響了號角，同時也對那些固守舊思維的動物產業及其辯護者，敲響了警鐘。作者寫道：「在這場人道經濟的浪潮中，人類的的聰明才智搆上人類的美德，我們發現這兩者終於能兼顧，創造出一個對人和動物都更美好的世界。\r\n\r\n"}
{"書名":"這裡讓愛不流浪：中途咖啡店「浪浪別哭」的暖心故事","書籍網站":"https:\/\/www.kingstone.com.tw\/\/basic\/2013890019005?zone=book&lid=book_class3_heb&actid=book_class3_heb","作者":"譚柔","出版社":"啟動      ","ISBN":9789869424394,"圖片網址":"https:\/\/cdn.kingstone.com.tw\/book\/images\/product\/20138\/2013890019005\/2013890019005b.jpg","書籍簡介":"\r\n\r\n\r\n發生在這個城市的暖心傳說，\r\n 來到這裡的浪浪都會找到回家的路。\r\n 吃過苦的浪浪們，少了些嬌縱，總是顯得格外懂得珍惜幸福的時光，\r\n 請你帶他回家，他會成為你最珍貴忠誠的家人。\r\n\r\n  \r\n\r\n 在外流浪了五六年的小黑貓，尾巴受傷都潰爛了，經過治療因傷口太大有漏尿後遺症，對人又戒心很重非常兇狠，但善良的男孩決定把愛分給他，帶他回家。經過一年共同生活，現在貓咪已經可以安心窩在男孩身上睡覺了。\r\n\r\n  \r\n\r\n 四月底從收容所被領養，六月就被棄養流落街頭的狗狗大頭，對人友善溫順還懂得定點尿尿的規矩，但才一歲半就已經二十公斤的他，原來也是精力旺盛的破壞狂！不過來台北打拚的年輕情侶對他一見鍾情，決定領養他，從小就跟米克斯狗狗一起長大的他們，希望有大頭一起陪伴，儘管大頭總是把家裡弄成像廢墟一般混亂，他們還是真心愛他、欣賞他的可愛。\r\n\r\n  \r\n\r\n 狗是人類最忠實的朋友，貓是人類最崇高的主人，隨著現代化的發展，伴侶動物正以空前絕後的重要性，存在於你我之間，他們成了我們重要的家人。\r\n\r\n  \r\n\r\n 而沒有家的毛孩子呢？在過去被稱為「流浪動物」，現在則被喜愛動物的人們暱稱「浪浪」的這些孩子們，運氣好的，被志工或愛媽愛爸帶去TNR，有足夠安心的活動範圍，及被固定餵食的福利。運氣不好的，被檢舉通報抓去收容所，過去要歷經十二夜的等待，如果沒有遇上命中註定的那個人，就是面臨挨上一針安樂告別這個世界，而「零安樂」實施後，還無法預見收容所會爆炸到怎樣的程度，浪浪們的居住空間會轉為多麼惡劣的情況。\r\n\r\n  \r\n\r\n 為了這些浪浪，在你可能未察覺的城市角落，有許多愛媽愛爸默默付出，在你的朋友圈中可能就有一兩位個人中途，不求回報的付出，就只求讓浪浪有個家，讓浪浪得以溫飽。\r\n\r\n  \r\n\r\n 位於台北車站附近小巷中的「浪浪別哭」，是間咖啡店，也是浪浪們的中途之家，年輕夫妻經營者憑藉著對於動物的喜愛，以及想改變社會的信念跟衝勁，善用了過往的行銷背景，替每隻來報到的浪浪取名字、拍照、在臉書PO文介紹，聚集了更多人的目光。\r\n\r\n  \r\n\r\n 他們全力中途米克斯，也就是非品種貓狗，希望真正做到打破品種迷思。每個人都可以很方便前往「浪浪別哭」，那裡就像家裡一樣舒服自在，一樓是狗狗區、二樓是貓咪區，你可以跟狗狗瘋玩，讓貓咪撒嬌，近距離的接觸與互動，也更認識每隻浪浪的特色跟性格。\r\n\r\n  \r\n\r\n 他們實踐了「以認養代替購買」，開店一年半多，平均每週送養一隻，至今已經成功送了上百隻浪浪回家，讓更多的家庭又增加了歡笑與溫暖。\r\n\r\n  \r\n\r\n 短時間內，也許流浪動物還是個難解的題，但四面八方都有在關注、在努力的人們。\r\n 發生在「浪浪別哭」的故事，感動了好多人，也改變了好多人，凝聚眾多微小的力量，也可以造就不容忽視的影響力。因為，這裡讓愛不流浪，因為愛，所以浪浪不哭了。\r\n\r\n"}
{"書名":"學會愛你的寵物伴侶","書籍網站":"https:\/\/www.kingstone.com.tw\/\/basic\/2015480076207?zone=book&lid=book_class3_heb&actid=book_class3_heb","作者":"潔西卡．皮爾斯","出版社":"商周出版  ","ISBN":9789864771325,"圖片網址":"https:\/\/cdn.kingstone.com.tw\/book\/images\/product\/20154\/2015480076207\/2015480076207b.jpg","書籍簡介":"\r\n\r\n\r\n寵物伴侶帶給我們喜悅與溫暖的陪伴，\r\n但你可曾想過，\r\n把他們帶進室內照養，真的是一種最好的選擇嗎？\r\n\r\n\r\n 我們深愛自己的寵物伴侶，一想到自己為他們提供了安全健康的生活，就覺得開心不已，但或許在我們心中偶爾會湧現另一股強烈的感受，只是一般人通常不太承認，那就是：罪惡感。每當看到家中的貓熱切地凝望窗外，或看著金魚在碗裡慵懶地游來游去繞圈圈，我們不禁納悶：讓這些獨立的生命如此生活，對他們本身真的是好的嗎？\r\n\r\n 這些都是潔西卡‧皮爾斯（Jessica Pierce）在這本重要著作中探討的議題。她本人非常喜愛寵物（多年來養過狗、貓、魚、老鼠、寄居蟹和其他許多寵物），深刻了解寵物帶來的喜悅，但她也體會到人和寵物這段關係其實潛藏著一些道德上的衝突，於是她結合了個人的故事、哲學思考，以及動物行為和自然歷史的科學分析，來審視飼養寵物這件事。某些物種是不是比其他物種更適合當寵物呢？哪些物種根本不該成為寵物呢？飼主能在哪些方面改善寵物的生活，好讓我們可以信心滿滿地說，在這段關係中他們得到的好處和人類一樣多？\r\n\r\n 書中融合了數據研究、實地觀察、動物心理學、社會學，從兩大部分探討「豢養寵物的道德思辨」，一部分是「人類為何需要寵物、寵物的意義、寵物的照顧」，另一部分是「寵物的籠居生活、寵物的繁殖、流浪貓狗的安樂死、寵物的結紮」。本書充滿知識考究卻簡單易讀，隱藏在數據與實例背後的是一波波強力的道德衝擊，非常值得一讀。書裡提到許多令人眼界大開的現象與意義，諸如：\r\n\r\n 1. 人類馴化動物的歷史雖悠久，寵物大舉進駐家庭卻是20世紀才開始的現象，光是美國一地就有8,000萬隻狗、9,400萬隻貓、1億6,000萬條魚、2,000萬隻鳥被當作寵物養在家裡。\r\n\r\n 2. 作者套用海寧格的「愛的序位」理論指出寵物在家族排列裡佔據中心位置，甚至有個調查指出，「流落荒島」時，選擇寵物為伴的人數還超過選擇配偶作伴的人數。\r\n\r\n 3. 基於寵物對人類的高度依賴性（需要人類的餵養、社交互動），他們的生命空間與我們高度重疊，但是寵物極易基於各種「不便」的原因被主人拋棄，是以列色學者Dafna Shir-Vertesh所謂的「情感商品」。\r\n\r\n 4. 在動物保護人士眼中，人與寵物的關係就像奧斯卡金像獎電影《不存在的房間》，多數寵物被豢養在不自由的空間裡，以為世界就只是這個房間。譬如我們愛養的金魚在自然狀態可以長到一尺長，活到25歲，牠們在金魚缸裡看似悠哉優遊，實則非常需要自由與環境刺激。又譬如被當作寵物販售的寄生蟹，根本就是「群居」動物，卻被迫過著「獨居」生活。過度無聊會導致動物產生精神病，譬如重複性動作，或者狂躁，或者因缺乏活動力而昏睡。\r\n\r\n 5. 流浪動物的安置與安樂死是一個非常嚴肅又嚴重的議題。光是美國一地，平均每11秒鐘便有一隻健康的貓狗因缺乏收容空間與經費被安樂死。我們總以為動物收容所的最大作用在「出養」動物，事實上，被收養的動物僅佔5%，餘下的95%都是被安樂死。\r\n\r\n 6. 棄養寵物的另一頭是「寵物繁殖行業」，寵物的「生產線」依序是從寵物養殖場→寵物掮客的倉庫→寵物店（或者網路販售）→飼養者手中。寵物繁殖場是極其不人道的環境，經由人工授精，他們生下的幼崽還未到8週斷奶期就被強行帶走，然後馬上懷孕繼續生產。作為種貓、種狗，他們的平均壽命約4到5歲，就會因不斷生養導致身體殘敗而被撲殺。\r\n\r\n 人有親近動物的想望，動物卻無選擇要不要做「寵物」的自由，因此飼養寵物必須被視為一個重要議題來審視。皮爾斯富含同理心，思慮嚴謹，態度堅定，相信這本書不但能打破每個寵物主人原先認定的想法，也能提供相關知識，幫助人與自己選擇要共度生活的寵物，建立起更深厚、更美好的關係。\r\n\r\n"}
{"書名":"貓狗的逆襲：荊棘滿途的公民之路","書籍網站":"https:\/\/www.kingstone.com.tw\/\/basic\/2015480074883?zone=book&lid=book_class3_heb&actid=book_class3_heb","作者":"大衛．葛林姆","出版社":"新樂園    ","ISBN":9789869346306,"圖片網址":"https:\/\/cdn.kingstone.com.tw\/book\/images\/product\/20154\/2015480074883\/2015480074883b.jpg","書籍簡介":"\r\n\r\n\r\n「一個國家的偉大程度，可以用它如何對待動物來判斷。」－甘地 (Mahatma Gandhi)\r\n\r\n\r\n 看看身邊心愛的喵星人和汪星人，\r\n 你有想過牠們曾經歷過那些波折，\r\n 才到達今天與人類近乎平起平坐的地位嗎？\r\n\r\n 本書中會將內容分成三大主題－家人、個人、公民。\r\n 在這三大段落中會分別闡述我們生活中最常見的寵物－\r\n 狗和貓的來歷及其地位的演變歷史，以及未來我們該如何與之共處。\r\n\r\n ＊貓狗到底是從何而來？牠們的祖先又是誰？\r\n\r\n ＊貓曾經被視為厄運的象徵而遭大量撲殺？\r\n 狗為了不在手術台上被開腸剖肚又經歷了哪些抗爭？\r\n\r\n ＊你家的狗竟然比跟人類血緣最親的黑猩猩還要聰明？\r\n 有些狗能記住一千個人類的字彙，你還要說牠聽不懂人話嗎？\r\n\r\n ＊卡崔娜颶風來臨時，有多少災民都為了救心愛的寵物而喪命？\r\n 寵物疏散的法律又因此有了多大的進步？\r\n\r\n ＊為了在自己過世時留給毛寶貝一筆財產，得到適當的照顧；\r\n 為了在自己的狗兒被偷走或虐殺時討回公道，得到應有的賠償；\r\n 為了讓自家的寵物在社會當中與人平起平坐，被視為「人類」般看待……\r\n 這些現在看似微不足道的願望，當初是經過前人多少的打拼，\r\n 在法律中打了多少的滾，受到社會多少的嘲弄才走到今日？\r\n\r\n 狗貓＝毛小孩？這事是怎麼發生的？\r\n\r\n 在現今的社會中，我們經常聽到「狗是人類最好的朋友」、「狗奴」、「貓奴」等等對於狗貓至上的說法，甚至願意臣服於曾被我們視為野生動物的貓狗之下。但仔細想想，你有思考過狗和貓這兩個物種是如何從野生動物晉升到人類的工作夥伴、寵物、朋友甚至是家人嗎？中間歷經的演進過程以及人類與之關係上的轉變是怎麼發生的？我們是如何走到今天這一步？\r\n\r\n 從無價值的「東西」走向高價值的「財產」\r\n\r\n 在本書當中，作者大衛‧葛林姆(David Grimm)追溯到狗和貓源遠流長，豐富的歷史，探討兩者祖先的習性和活動區域，對人類的價值以及意義等等……。作者為了追尋貓狗的足跡，踏遍了美國的土地，不僅拜訪相貌兇惡的獄友，與他們暢談家中的寶貝寵物們，發現他們對於寵物都懷抱著一顆柔軟的心；也深入野狼公園和拜訪大學野生動物保育教授等等，發現尚未被馴化的灰狼和野貓是如何展現牠們最原始的野性；在紐奧良遭卡崔娜颶風的摧殘過後探訪受難者的家園，與他們和當地的收容所負責人交談，發現許多人因為不能與貓狗一同獲救而選擇一同死亡；也與洛杉磯警政署中的動物虐待專案組警探一同辦案，打擊虐待動物的罪犯同時，發現原本偷狗並不被認為是犯罪行為，因為除了畜養牲口以外的動物如狗、貓、鸚鵡等等，並不被法律認知為具有價值的「財產」。而這也是促成寵物法案立法的契機，也讓許多人更加發現寵物對於他們的重要性。\r\n\r\n 若本書作者沒有深入探究這一切的起源，我們又該怎麼知道毛小孩們所獲得的愛是如此得來不易呢？我們正在步入一個與狗貓共存的新時代，在這個時代中，這些動物不僅改變了我們與牠們之間的關係，也改變了整個社會的運作模式。\r\n\r\n"}
{"書名":"犬魂：1500個生命救援的日子，只為改變浪孩的一輩子","書籍網站":"https:\/\/www.kingstone.com.tw\/\/basic\/2018551706768?zone=book&lid=book_class3_heb&actid=book_class3_heb","作者":"張敬偉(伍佰老師)","出版社":"三采      ","ISBN":9789863424277,"圖片網址":"https:\/\/cdn.kingstone.com.tw\/book\/images\/product\/20185\/2018551706768\/2018551706768b.jpg","書籍簡介":"\r\n\r\n\r\n地表最強台客的吶喊：每個毛孩，都值得有一個家！\r\n  \r\n\r\n我是張敬偉，\r\n我雙手刺青、我吃檳榔抽菸、我頭髮長過肩、白天習慣戴墨鏡出現，\r\n我可以講話句句帶髒字。\r\n因為長得像歌手伍佰，所以大家叫我伍佰老師。\r\n\r\n一個走在路上你不會、甚至不敢多看一眼的人；\r\n一個走在路上會被警察盤查證件的人；\r\n一個走在路上活生生就像個兄弟的人。\r\n沒錯！你現在在看的書就是「這種人」寫的。\r\n\r\n這樣的我，可以抱著受傷的毛孩「哭喊」，很難想像嗎？\r\n但，這畫面，已經近1500個日子……。\r\n\r\n很多人問我，為什麼要自己花錢救狗？\r\n其實，我只是不捨。\r\n捨不得一個生命無家可歸、捨不得一個生命三餐不繼。\r\n浪孩在你們眼中的髒、噁、臭，都是人類造成的。\r\n有人希望自己成日在外流浪、無可依靠嗎？\r\n\r\n我一個人的力量很微小，只希望能得到更多人的認同，\r\n凝聚成大力量，讓台灣不再有浪孩的存在、不再鳴唱動物悲歌。\r\n\r\n  \r\n\r\n 動物救援界伍佰老師－－張敬偉的四年心得告白\r\n 近1500個日子，伍佰老師總是為了被棄養、受虐待的毛孩，在白天甚至黑夜裡奔走，\r\n 每一次的行動都令他憤恨不平、心緒糾葛，\r\n 最後，他將過往的救援故事化成書籍，企圖讓更多的人知道「生命」是什麼！\r\n 也才有《犬魂》這本書的誕生。\r\n\r\n 正如伍佰老師強調的，《犬魂》想要傳達的理念非常基礎，甚至只有國小程度。\r\n 但身為現代人的你，知道嗎？做得到嗎？\r\n 不要只是在螢幕前按讚發揮「正義感」，\r\n 而是勇敢站出來「正義幹」，因為起身實行最重要！\r\n\r\n\r\n 別再因為「好可愛、我想要」而輕易買下毛孩，\r\n 別再因為「我沒辦法啦」而隨意棄養牠們。\r\n 每個毛孩都是一個珍貴的生命，請帶牠回家，當作你的唯一、永遠的唯一。\r\n\r\n"}
{"書名":"人間等活","書籍網站":"https:\/\/www.kingstone.com.tw\/\/basic\/2015480069346?zone=book&lid=book_class3_heb&actid=book_class3_heb","作者":"湯文舜","出版社":"台北三聯  ","ISBN":9789869131032,"圖片網址":"https:\/\/cdn.kingstone.com.tw\/book\/images\/product\/20154\/2015480069346\/2015480069346b.jpg","書籍簡介":"\r\n\r\n\r\n 《人間等活》，「等活」所指的就是八大地獄之一的「等活地獄」。墮此地獄的人，在地獄受盡百般苦難而死，之後會再復活受苦，故稱等活地獄。動物雖與人類共存，但就一直被剝削、被傷害，世世代代都要與人類角力。對牠們來說，人間就是地獄。\r\n\r\n  \r\n\r\n 在本書中，會有一系列有關動物和環境的插畫，藉著人類與動物角色顛倒，讓讀者能設身處地代入每一個情景、每一個悲傷的故事；此外，每幅插畫亦配有文字內容，以讓大家了解自私的人類在埋頭發展文明、滿足自身欲望之時，是如何罔顧其他動物的存在。\r\n\r\n  \r\n\r\n 如果我們能易地而處，真切感受動物們的痛苦和無力感，會有可能改變目前的狀況嗎？\r\n\r\n  \r\n\r\n本書重點\r\n\r\n  \r\n\r\n 三聯書店今年再度與新鴻基地產攜手舉辦「年輕作家創作比賽」，請來兩岸四地十位星級評審為年輕人作出一對一指導，協助有志者實現出書夢。兩年一度的「年輕作家創作比賽」，今年已來到第五屆，更首次將範圍擴大至台灣和澳門。優勝作品將出版成繁體及簡體版書，於香港、澳門、台灣及內地發行。\r\n\r\n  \r\n\r\n 今屆的主題為「發現」，評審包括來自香港的朱力行、黃修平、廖偉棠；內地的毛尖、田沁鑫、鄧康延；澳門的李峻一，以及台灣的張艾嘉、黃子欽、鄒駿昇。\r\n\r\n  \r\n\r\n經過一年時間選拔及指導之後，8位作家的著作終於誕生。\r\n\r\n  \r\n\r\n 另一種表達──西方圖像中的中國記憶\r\n\r\n 那個下午你在舊居燒信——我的復刻青春\r\n\r\n 疾病王國中的身體生活\r\n\r\n 世界已經變了\r\n\r\n 七年\r\n\r\n 飛魚神的信差\r\n\r\n 阿怪\r\n\r\n 人間等活\r\n\r\n"}
{"書名":"狗媽媽深夜習題：10個她們與牠們的故事","書籍網站":"https:\/\/www.kingstone.com.tw\/\/basic\/2018551665447?zone=book&lid=book_class3_heb&actid=book_class3_heb","作者":"林憶珊","出版社":"無限出版  ","ISBN":9789869108218,"圖片網址":"https:\/\/cdn.kingstone.com.tw\/book\/images\/product\/20185\/2018551665447\/2018551665447b.jpg","書籍簡介":"\r\n\r\n\r\n從「一口飯」到餵養「不歸路」，\r\n癡心？還是瘋狂？\r\n牽掛與放下、救援與困境，\r\n為什麼愛?這麼愛?\r\n深夜橋下、堤防、廢墟、巷弄……，\r\n愛的修羅場。\r\n\r\n\r\n 「我必須煮更好吃的肉，和籠子裡的烤鴨拼，而且一天要多餵幾餐，填飽牠們肚子，以免牠們進去籠子被捕。現在只要有空就去看，下班後也要巡一次。常常半夜一、二點，還去看籠子裏有沒有捕到狗。看到狗在裡面，如果旁邊沒人，就趕快將牠放出來。我曾帶鐵鋸鋸掉誘捕籠的門，也曾用強力膠灌籠子的鎖孔，讓他們打不開。要不是因為籠子很重，都很想把它抬走。」\r\n\r\n 不知何時，街頭巷弄角落出現了「狗媽媽」，她們有的是為發願的人生意義，有的純粹誤打誤撞，投身救援流浪犬，從「給一口飯」開始，到「無法放棄」的不歸路，她們的愛，也許源於同情，但日後為因應艱困的外在環境，自身耗盡一切，甚至鋌而走險在所不惜，她們的行徑已不是「婦人之仁」足以形容，也因為超乎常人想像，曾經讓她們無形中背負著許多莫須有的標籤，如「瘋婆子」，或者直指「不值得」、「不應該」。這種愛，不被尊重，甚至遭遇無形有形的攻擊和壓迫。\r\n\r\n 「像我住這種房子，人家會不解這種身份怎會去救狗，像瘋婆子。起初他們都反對，後來發現經過我帶去結紮，流浪犬慢慢減少，於是都不敢講話了。我要告訴那些人我做了什麼，要讓他們知道，有人在做大笨蛋的事情、不能因為女流之輩，而瞧不起我。我要勇敢，我為何要怕你們，我沒做錯事，是你們不了解。」\r\n\r\n 為了流浪的毛小孩、受難中的生命，高架橋下、堤防、深巷、廢墟……，總能找到狗媽媽的身影。她們極度低調，餵養、結紮、收容、送養，也許是張羅食物的裝備，也許是長夜埋伏的身手，各各練就「絕技」。至於她們的身分，有隸屬於團體，也有獨來獨往的個體戶；經濟上，也非偏見底下沒有生活能力、經濟生產力、佔用資源的邊緣人，她們多的是一邊工作一邊救援，或者利用網絡尋找財路，但也有可以自掏腰包提供幾百萬建設和飼料費的有錢人。\r\n\r\n 「不是我不救，而是沒辦法了。眼睜睜看牠們病死，好痛苦，哭到不行，情緒的波動好幾個星期，心疼到不行。所以朋友每次看到我眼睛紅，就會問又是哪一隻死了。然後她教我一個方法，以後任何一隻流浪犬死掉，就想說牠們一路好走，這樣就比較不會像之前哭得要死要活。我只能如此，否則根本餵不下去。」\r\n\r\n 本書作者因為相同的背景經驗，多年來近距離觀察、採訪狗媽媽，希望藉著她們的故事理清社會對她們的各種詮釋和想像，不論是過度稱頌「愛心媽媽」以推諉責任的誤解、「她們自願自受」的歧視，或者是流浪動物問題製造者的指責，關切她們的社會處境，反省牠們的福利政策……，更由這些心路歷程裡，看見人與動物的牽絆，學習愛的能力。\r\n\r\n本書特色\r\n\r\n •狗媽媽的救援直擊。\r\n •狗媽媽的心路歷程。\r\n •台灣流浪動物現況。\r\n •人與動物的真摯互動\r\n •學習愛的能力\r\n (了解、尊重狗媽媽，流浪動物的處境才會有真正改變的契機。)\r\n\r\n  \r\n\r\n"}
{"書名":"金門鸕鶿季生態旅遊議題之研究","書籍網站":"https:\/\/www.kingstone.com.tw\/\/basic\/2016730128554?zone=book&lid=book_class3_heb&actid=book_class3_heb","作者":"趙嘉裕","出版社":"秀威資訊  ","ISBN":9789862213247,"圖片網址":"https:\/\/cdn.kingstone.com.tw\/book\/images\/product\/20167\/2016730128554\/2016730128554b.jpg","書籍簡介":"\r\n\r\n\r\n\t本書主要探討金門地區所舉辦的金門鸕鶿季活動，在生態旅遊觀賞價值、周邊服務與附屬價值等議題間的影響關係；採用結構方程模式的統計運算方式，建立生態旅遊觀賞價值、周邊服務與附屬價值模式，再驗證模式的建構效度，分析模式之間變數的關係，以進行探討與研究。\r\n\r\n"}
{"書名":"搶救野生動物大進擊：從台灣出發","書籍網站":"https:\/\/www.kingstone.com.tw\/\/basic\/2015480048730?zone=book&lid=book_class3_heb&actid=book_class3_heb","作者":"裴家騏","出版社":"幼獅文化  ","ISBN":9789575747015,"圖片網址":"https:\/\/cdn.kingstone.com.tw\/book\/images\/product\/20154\/2015480048730\/2015480048730b.jpg","書籍簡介":"\r\n\r\n在動物世界裡，最殘暴的入侵者是身為萬物之靈的人類。當被破壞的食物鏈，逐步影響人類生活時，才終於警覺、彌補。台灣的保育過去在國際間，頗為人所詬病，數度引起保育團體抗議。經過多年努力，台灣也能在保育上做出一番成績，讓許多動物在台灣受到妥善照顧，本書將記錄、介紹這些照育技巧經驗、故事，分享給還在學習中的國家，並以越南為例詳細說明，用不一樣的方式表現台灣、榮耀台灣。\r\n                    \r\n"}
{"書名":"復仇與求生：一隻老虎的反擊 一場人類的生存戰爭","書籍網站":"https:\/\/www.kingstone.com.tw\/\/basic\/2013840002194?zone=book&lid=book_class3_heb&actid=book_class3_heb","作者":"約翰．維揚","出版社":"麥田      ","ISBN":9789863443858,"圖片網址":"https:\/\/cdn.kingstone.com.tw\/book\/images\/product\/20138\/2013840002194\/2013840002194b.jpg","書籍簡介":"\r\n\r\n\r\n他選擇違背天性，只是為了活下去……\r\n亞洲邊界的關鍵議題盜獵、泡沫經濟的非法打擊大自然與人類對決最懸疑、刺激而華麗的書寫\r\n\r\n\r\n 他們聽見黑暗中傳來一個隆隆的吼叫，響聲來自四面八方；那個襲擊者不知身在何處，但你知道「它」即將到來……\r\n\r\n 特拉許擅長擒拿，發動攻擊、控制局面的雙手，就是不折不扣的武器，他抓過貪官，也抓過罪犯。直至他擔任保育警察後，大自然的一切就是他的捍衛對象，然而，在這個「不違法就餓死」的時代，對他來說，高階警官和國會議員比森林中的猛獸還可怕。\r\n\r\n 一名盜獵者遭發現身亡的那天，特拉許前往森林深處調查。他從地上綿密與穩健的足跡，直覺凶手不是臨時起意，這次死亡約會猶如某種刻意安排的會面……\r\n\r\n 他看到充滿恐怖物證的命案現場：一只手套、一截沾滿血跡的外套袖口、一隻沒有上臂的手，以及一顆沒有臉的人頭。盜獵者馬可夫的殘骸乍看之下像一堆亂扔的衣服，仔細看還發現靴子裡有一截露在鞋頂外頭的白色骨頭殘根，扯爛的衣袖裡面還包了一隻手臂。\r\n\r\n 特拉許的獵犬走在血跡的最前端，血腥味和攻擊者的麝香味刺激著牠，只有牠自覺到最深層的恐懼：凶手就在這裡，但沒人看得見他。\r\n\r\n 特拉許從未見過人類遭受如此徹底而恐怖的毀滅。\r\n\r\n 很久以前，早在人類的車輛穿越森林之前，寂寥的山谷已存在著萬物相互理解的語言：它比森林還要古老，烏鴉會說，狗會說，老虎會說，人也會說…只是如今，有人破壞了這種溝通的平衡，泯滅了信任的基礎，接下來的每一次呼吸、每一句話都將隱含著殺機與恨意，而即便孔武有力的保育警察隊長特拉許也將屈服於「凶手」留下的最後一句訊息……\r\n\r\n 老虎與人原本已經和平相處了千百年，本書運用生態學、心理學與人類學的觀點，為人類經濟發展與亟欲控制自然的作法、老虎日漸減少的情況，卻挖掘了老虎吃人的真實內幕。藉由老虎保育隊長調查盜獵者的命案，開展了人與老虎在各自困境下求生的故事。蘇聯經濟改革加上中俄邊界重新開放產生的諸多負面效應之一，就是老虎盜獵的猖獗。不論專業盜獵者、生意人或一般市民，無不在經濟崩解、失業人口充斥的九○年代裡，開始利用各種名目巧占森林財富。極度珍稀的老虎更是受創嚴重，因為牠們的器官、血液和骨頭，向來都是廣受歡迎的傳統中藥材。在這裡，貪官污吏充斥在政府的每一階層，而人命和動物一樣不值錢。\r\n\r\n"}
{"書名":"傷心農場：從印尼到墨西哥，一段直擊動物生活實況的震撼之旅","書籍網站":"https:\/\/www.kingstone.com.tw\/\/basic\/2015420073143?zone=book&lid=book_class3_heb&actid=book_class3_heb","作者":"索妮亞．法樂琪","出版社":"商周出版  ","ISBN":9789864770380,"圖片網址":"https:\/\/cdn.kingstone.com.tw\/book\/images\/product\/20154\/2015420073143\/2015420073143b.jpg","書籍簡介":"\r\n\r\n\r\n◆Amazon當月最佳商業選書◆\r\n兩週的農場志工假期，\r\n竟開啟一段直擊全球畜牧業最晦暗角落的探索！\r\n一本令人心碎與坐立難安的深刻紀實\r\n\r\n\r\n牠們的人生特別需要考驗，\r\n牠們的存活特別需要勇氣，\r\n而牠們的命運，更特別需要你我的關注……\r\n\r\n真相是一顆很難摘下，也很難拋出的蘋果。\r\n\r\n 一位前華爾街分析師，從明亮的辦公室踏入陰暗的農場，\r\n 從蹬著高跟鞋走過大理石地板，變為穿著橡膠鞋陷於一地便溺，\r\n 從此，她看見了眾多我們不忍卒睹的現實：\r\n 遭到電擊限制行動的乳牛、彼此自殺殘殺的雞、遭到殘忍閹割的小豬……\r\n 諸多荒誕與扭曲的農場處境，在充滿血淚的文字之間悄然流洩。\r\n\r\n 於是，她做了一個人生最大膽的決定，\r\n 開啟了一段直探國際畜牧產業最黑暗角落的探索之旅，\r\n 深入加拿大的雞蛋倉庫、馬來西亞的養豬設施，甚至墨西哥的養雞工廠，\r\n 試圖從更廣泛的角度，尋求一個改善動物處境的可能。\r\n\r\n 幽暗不會獨立永存，只是因為缺少了光。\r\n 當我們試著從大自然汲取所需，\r\n 我們是否曾經想過，能不能有對這世界更溫柔、更友善的可能？\r\n 從你我心底燃起的微小善意，將會是這些動物短暫生命裡最美好的明光。\r\n\r\n"}
{"書名":"動物國的流浪者","書籍網站":"https:\/\/www.kingstone.com.tw\/\/basic\/2017370013767?zone=book&lid=book_class3_heb&actid=book_class3_heb","作者":"鄧紫云（兜兜）","出版社":"啟動      ","ISBN":9789869234849,"圖片網址":"https:\/\/cdn.kingstone.com.tw\/book\/images\/product\/20173\/2017370013767\/2017370013767b.jpg","書籍簡介":"\r\n\r\n\r\n雲門舞集流浪者計畫第10屆獲獎人、2015IPA國際攝影大賞非專業組社論組首獎得主，\r\n用照片跟文字，誠實面對、勇敢直視生命的美好與殘酷。\r\n\r\n\r\n 親愛的動物們，\r\n 我們都只是人類，我們也是動物，\r\n 我們和你們一樣都還在成長與演化。\r\n 請原諒我們還在摸索，還沒找到最溫柔的方式，還有太多的問題。\r\n 請相信這個世界會越來越好的。\r\n\r\n 雲門舞集流浪者計畫第十屆得主鄧紫云，旅行地點是印度，計畫是「前往法律明文禁止流浪動物安樂死的印度，記錄人與動物的相處情景；並深入伊斯蘭教區，實地觀察符合人道的食用動物屠宰程序」。\r\n\r\n 在台灣，還有許多所謂的先進國家，伴侶動物住在家裡，經濟動物在已稱不上農場的擁擠屋舍，圈養野生動物在動物園、海洋公園、休閒農場、有錢人的後院，實驗動物住在實驗室，流浪動物們沒有人類所認可的家，城市是人類的，動物沒有爭辯的餘地。\r\n 這些動物，真的還是動物嗎？\r\n\r\n 以流浪為名、以動物為題的旅行，鄧紫云踏上印度大陸這塊土地，要探究的除了流浪本身，還有重新檢視人與動物的關係，不純然是我們現在比較喜愛討論的與伴侶動物的那種關係，而是人與動物共存的關係，人食用動物的關係；以及，人與大地母親的關係。\r\n\r\n 在億萬年的演進之下，人類咄咄逼人，獲得了「擁有權」，卻讓母親遍體鱗傷，我們擁有了世界、擁有了動物，卻變得空虛無比，然後聽不見動物在哭泣、母親在哭泣。\r\n\r\n 明明是科學腦袋的獸醫女生，卻又擁有無比感性纖細的靈魂。\r\n\r\n 獨自騎著腳踏車旅行、獲得了印度家人、與波蘭嬉皮騎著摩托車到了尼泊爾、登了喜馬拉雅山、在火車上差點被強暴、到當地屠宰場面對真實上演的血腥……旅途中遇到好多的人與好多的動物……有生、也有死。做為一名旅人，面對旅途上接觸的他者與生命，在鄧紫云的筆下與鏡頭前，都成為觸媒，在她的流浪中，以她獨特的觀察讓偶遇的意義極大化。\r\n\r\n 屬於二十世代的流浪旅行，不光只是為了看看世界其他地方長什麼樣子，而是一段充滿疑惑與思辯的旅行，充滿愛與關懷的旅行，也是充滿現實與脆弱的旅行。逼迫共同經歷這段旅行的你我，拾起久違的深刻反省，重新思考價值觀的選擇，面對自己、動物家人和地球母親，我們是否該再多想想並且有所改變？\r\n\r\n 現在的世界早就沒有了規則，\r\n 什麼是自然的什麼又不，什麼是該遵循的什麼該拋棄？\r\n 瞬息萬變，滄海桑田。\r\n 我想只要願意去思考探究，然後好好相信著自己給自己的理由，\r\n 相信善良，相信愛，那也就足夠了。\r\n\r\n"}
{"書名":"我們一生都在說再見：一位動物救援志工與毛毛天使的十八則故事","書籍網站":"https:\/\/www.kingstone.com.tw\/\/basic\/2018551658036?zone=book&lid=book_class3_heb&actid=book_class3_heb","作者":"豆芽菜","出版社":"華滋文化  ","ISBN":9789865767310,"圖片網址":"https:\/\/cdn.kingstone.com.tw\/book\/images\/product\/20185\/2018551658036\/2018551658036b.jpg","書籍簡介":"\r\n\r\n\r\n\t動物志工與流浪毛毛天使的故事\r\n\r\n\t \r\n\r\n\t「動物志工」為何要付出這麼多的金錢、時間和心力，努力讓動物有個幸福的家，讓他們可以平安地活著，甚至飄洋過海找到新的主人？\r\n\r\n\t \r\n\r\n\t好幾次想要放棄，很多疲累、很多心碎，卻被一封封領養人的感謝信，和他們的一個笑容，\r\n\t喚回到與更多毛毛天使相遇的道路上。\r\n\r\n\t \r\n\r\n\t十八則相遇與離別的故事，寫下毛毛天使們永不改變的樂觀，以及動物志工於交錯的苦惱和使命中，一份永不停止去愛的心情。\r\n\r\n\t \r\n\r\n\t本書特色\r\n\r\n\t \r\n\r\n\t★ 從動物志工的內心出發，親身感受志工投入工作的真正緣由──與毛毛天使跨越種族，彼此扶持的愛\r\n\t★ 溫馨有趣，即使傷痛，狗狗們與志工依然搞出這麼多的大爆笑\r\n\t★ 狗狗找到美滿家庭的喜悅，領養人的感謝信，讓人幸福鼻酸\r\n\t★ 不再只看到流浪狗狗們吃的苦；原來從這些天使們身上，我們能夠得到如此多的命運性啟發。\r\n\r\n"}
{"書名":"大家小書 兩漢社會生活概述(簡體)","書籍網站":"https:\/\/www.kingstone.com.tw\/\/basic\/2055731013971?zone=book&lid=book_class3_heb&actid=book_class3_heb","作者":"謝國楨","出版社":"北京出版社","ISBN":9787200104806,"圖片網址":"https:\/\/cdn.kingstone.com.tw\/book\/images\/product\/20557\/2055731013971\/2055731013971b.jpg","書籍簡介":"\r\n\r\n該書為著名歷史學家謝國楨晚年的著作，因謝老喜好收集漢畫像石，進而據此研究漢代生活。書中盡可能引用出土文物、磚刻石雕等從城市、習俗、衣食住行、文化藝術各方面形象生動地展示漢代社會生活，對研究古代民俗和兩漢史具有參考價值。\r\n                    \r\n"}
{"書名":"放牠的手在你心上","書籍網站":"https:\/\/www.kingstone.com.tw\/\/basic\/2015480065348?zone=book&lid=book_class3_heb&actid=book_class3_heb","作者":"黃宗慧\/志工小組","出版社":"本事文化  ","ISBN":9789866118661,"圖片網址":"https:\/\/cdn.kingstone.com.tw\/book\/images\/product\/20154\/2015480065348\/2015480065348b.jpg","書籍簡介":"\r\n\r\n\r\n就算牠沒有手，還是觸得到我們的心，\r\n 所以我們不能，也不會放手。\r\n\r\n\r\n 用創作為我們的文明打一劑疫苗\r\n 以一個故事、一幅畫，回應求救訊息。\r\n 在靜寂的黑夜裡，不止息的發散。\r\n\r\n 本書集結眾多知名作家、攝影師、學者與網友的創作，\r\n 包括駱以軍、吳念真、杜韻飛、陳雪、吳明益、李瑾倫、成英姝、葉子、黃哲斌、\r\n 楊索、房慧真、楊索、吳鈞堯、Cherng’s、安石榴、黃宗慧……，\r\n 希望召喚多一分溫柔、多一分尊重。\r\n\r\n 二○一三年七月底，三隻鼬獾被確診感染狂犬病，\r\n 全台瞬間陷入了對疫情的巨大恐慌，各地棄養、毒殺事件不斷，\r\n 大規模撲殺動物的聲音，讓人與人、人與動物的距離愈來愈遠，\r\n 甚至可能影響未來幾十年台灣人對待動物的方式。\r\n 但是，無關乎愛不愛動物，每個人都必須面對一個事實：\r\n 人與動物的處境息息相關，我們對待動物的方式，\r\n 等同於我們如何對待我們的環境、生活與未來。\r\n\r\n 因為一股「不能放手」的執念，\r\n 有一群人以文字、照片、插畫，築出一個愛的共和國：\r\n ──照顧著十幾隻老殘狗兒與街貓的老婦人，將世人眼中的瘋狂行徑走成日常風景。\r\n ──遭警方驅離的遊民，第一時間顧不得家當，卻只帶走了相依為命的貓狗？\r\n ──黑貓宅急便的快遞先生居然征服了一隻孤僻貓咪的心？\r\n ──看著一屆屆的學子們畢業，忠心耿耿的校犬依然守護著校園。\r\n ──男孩因為與一隻狗的相遇，從此改變了他的人生志向。\r\n ──被棄養在收容所的老狗，脖上的紅領巾與隨身藥包難道是主人最後的溫柔……\r\n ──在本書的編輯過程中，原以為被安樂死的四眼毛弟，命運竟然有了大逆轉……\r\n\r\n 這些故事如同一支又一支的火炬，在黑夜裡默默地傳遞下去。\r\n\r\n 希望能牽起更多的手，為這些在荒涼人世艱苦求生的動物，做點什麼。\r\n\r\n 這本書結集臉書「放牠的手在你心上」串寫活動的分享，從二○一三年八月四日正午起，一直到現在為止數百篇參與串寫的作品中，輯選了五十餘篇，希望透過人與動物的情感故事取暖，並在沉澱恐慌之後，思索可行的方向。\r\n\r\n 這個在網路上發起的活動依然進行中，竭誠邀請你上臉書加入＃放牠的手在你心上串寫活動。\r\n\r\n 如果你願意把牠的手放在你心上，你一定能感受到生命的溫度，\r\n 請和我們一起，為未來留下記憶，\r\n 為弱勢的牠們努力，讓牠們的遭遇被理解，被看見。\r\n\r\n本書特色：\r\n\r\n ◎以「關懷動物」為主題，集結多位作家名人創作。\r\n ◎呼應社會情境，以狂犬病議題落實生命教育。\r\n ◎感人故事，搭配精美照片與插畫。\r\n ◎裝幀採雙書封設計，「放牠的手在你心上」的故事以人與動物的情感取暖。「牠們給了我情感教育」的文章希望能沉澱出恐慌後的方向。內附「召喚記憶」特輯。 \r\n\r\n"}
{"書名":"我要牠們活下去：日本熊本市動物愛護中心零安樂死10年奮鬥紀實","書籍網站":"https:\/\/www.kingstone.com.tw\/\/basic\/2015480064716?zone=book&lid=book_class3_heb&actid=book_class3_heb","作者":"片野ゆか","出版社":"本事文化  ","ISBN":9789866118647,"圖片網址":"https:\/\/cdn.kingstone.com.tw\/book\/images\/product\/20154\/2015480064716\/2015480064716b.jpg","書籍簡介":"\r\n\r\n\r\n「明明知道是錯的事情，為什麼還要繼續下去？」\r\n 「我不想再殺動物了！」\r\n\r\n  \r\n\r\n今天，是他在日本熊本市立動物收容所上班的第一天，第一件工作就是啟動毒氣箱。\r\n 聽著狗爪刨抓不銹鋼板的聲音，沒有多久，裡面就陷入一片死寂。\r\n 雖然他早已有心理準備，但依然幾近崩潰……\r\n 「我是劊子手！」\r\n\r\n 同事們個個面無表情，以熟練的動作執行安樂死業務，卻恥於向別人透露自己的工作內容。\r\n 當初，他們也跟他一樣震驚不已，時間一久，也就麻痺了，習慣了……\r\n\r\n 「明明知道是錯的事情，為什麼還要繼續下去？」\r\n 「我不想再殺動物了！」\r\n\r\n 雖然，他只是一名公務獸醫師，但是他堅信──\r\n 「只要願意去做，沒有做不到的事。」\r\n 於是，他的起心動念影響了愈來愈多人，公務員、獸醫、寵物業者、動保志工、媒體、民意代表、政府官員、市民……\r\n 他們經歷了各種難以想像的困難、挑戰與打擊，用十年的時間，改變了熊本市流浪動物的命運。\r\n 從此，再也沒有流浪動物會因收容期限而被安樂死。\r\n\r\n 這是一間公立收容所達成「零安樂死」的奮鬥故事，也是一場政府與民間通力合作的愛的接力賽！\r\n 縱使在既定的環境與體制下，如果想改變也並非不可能！\r\n 只要踏出第一步，哪怕只有一點點，都是開始！\r\n\r\n 「一個國家的強大與道德進步的程度，端看它對待動物的態度。」──甘地\r\n\r\n 這是日本熊本市動物愛護中心的十年紀實故事，一群公務員每週面對的業務工作就是「減少流浪動物數量」。至於減少數量的方法，就是把一隻隻貓狗趕進毒氣箱裡，終結牠們的生命。\r\n\r\n 公務員獸醫松崎正吉在報到的第一天所執行的工作就是安樂死，這對於習醫就是用來醫治生命的他來說，是一個極大的震撼，「這世界怎能容許這種事發生？！」\r\n\r\n 除了安樂死，一定還有其他方法可以降低流浪動物的數量，雖然他一個人辦不到，但是他影響了其他同事，連同所長在內，大家決定以「零安樂」為目標，替中心裡的落難動物做一點事。這段期間，收容所內的其他公務員也在限有的工作範圍內自行調整工作模式，以改善犬貓居住環境與生活作息為主要考量，例如，書中提到兩位照護員，其中一位因本身有多年飼養寵物的背景，他們主動依犬隻性格與健康狀況移籠，減少爭食打架狀況，爭取更換品質較好的飼料，定時放風並做一些簡易訓練，讓犬隻能在舒適的環境下放鬆心情，學習指令，藉以提高送養機率。\r\n\r\n 其實，上述的工作量均已超出他們的工作範圍，但慶幸的是，這些公務員都有一股「想替這些流浪動物做點什麼」的熱誠，大家的共同目標就是「減少不幸，創造幸福」。於是，這裡開始改變了，一點一滴，慢慢地朝著「不安樂，要幸福」的理想前進。\r\n\r\n熊本市動物愛護中心十年來的變革：\r\n 1每日在官方網站上刊登收容所新進犬貓的照片及詳細資料\r\n 2定期在中心展開由熊本市獸醫工會舉辦的犬貓認養活動\r\n 3積極推廣成犬認養\r\n 4定期舉辦免費寵物居家訓練課程，提供飼主各種訓犬相關資訊\r\n 5開放電話諮詢服務，提供民眾有關各種動物行為問題的解說\r\n 6對於前來棄養寵物的飼主，以柔性勸導並提供各種管道協助對方為寵物找到新飼主。\r\n 7與中途志工合作，將傷殘老犬幼貓攜出照顧，再利用傳媒、報紙徵求一人一犬的助養者。\r\n\r\n本書特色\r\n\r\n 1.生命教育必須從往下紮根，從小做起，人們應該與其他動物和平共存。\r\n 2.落實「以認養代替購買，以結紮代替撲殺」。\r\n 3.詳實記錄熊本市流浪動物收容所的十年演進與改變。\r\n 4.分析城鄉區域所衍生的流浪動物問題，並提供解決方法。\r\n 5.附錄提供日本熊本市10年來犬貓收容紀錄以及日本動保法相關資料，可做為全台各地收容所參考及經驗分享。\r\n\r\n"}
{"書名":"被遺忘的動物們+依然等待的動物們(2冊合售)","書籍網站":"https:\/\/www.kingstone.com.tw\/\/basic\/2015480061500?zone=book&lid=book_class3_heb&actid=book_class3_heb","作者":"太田康介","出版社":"行人文化  ","ISBN":4713945060867,"圖片網址":"https:\/\/cdn.kingstone.com.tw\/book\/images\/product\/20154\/2015480061500\/2015480061500b.jpg","書籍簡介":"\r\n\r\n人撤走了，動物們卻只能束手無策地，面對人類的任性※限量2000套，每賣一套，行人文化實驗室將捐贈10元給台灣的動物保育團體。2011年3月14日，福島第一核電廠因為地震而面臨核芯溶解，日本當局緊急撤離核電廠20公里內的居民，但除了人類，福島縣內的各種動物都被留了下來，束手無策地面對人類造成的危機。3月30日，攝影師太田康介憑著「一定要挺身行動」的信念，帶著貓狗飼料、水和相機衝入福島第一核電廠警戒區，尋找這些被遺忘的動物們。他的想法很簡單，這些動物一直被大部分的人類視為家人，如今突然被捨棄，應該要為牠們做一些事情。《被遺忘的動物們》記錄災後三個月之間，太田先生和動物救援義工們將動物們一一送出災區，暫時收養，等原本的主人返回家園時再送還他們。同時他也仔細紀錄這一群動物們——無論是貓、是狗、 是牛、是馬、是豬——的生存現況：許多狗忠實地等待家人返回；許多貓四處覓食，突然開始流浪生涯；許多豬與牛在大街上出現，盡力生存下去、等待家園重建、團聚的一天，但最後竟被撲殺。接續《被遺忘的動物們》，《依然等待的動物們》記錄災後半年到一年間，動物獨自在福島警戒區生活的情景。從春季踏到寒冷的冬季，牠們在空盪的城市裡經歷靜謐的孤單，忍受強烈的飢餓，努力的生存。隨著救援的時間拉長，動物們逐漸變得虛弱，也對這個寂寥，空無人煙的城鎮，感到恐懼，甚至連救援牠們的志工，都沒有辦法靠近。太田康介的鏡頭說了一個我們從未注意的故事，讓我們注意到，人類造成的災難是所有的生物一起承擔的後果，特別是這些我們視為家人的動物們。這一張張逃難中的動物照片，一隻隻等待主人現身的小狗與貓咪，讓許多日本人挺身而出加入救援行列。太田康介希望記錄的，是動物保護志工對生命的堅持，始終不願放棄以實際行動表達體貼的心意，讓更多人可以關心並珍惜身旁的生命。\r\n                    \r\n"}
{"書名":"依然等待的動物們：日本福島第一核電廠警戒區紀實2","書籍網站":"https:\/\/www.kingstone.com.tw\/\/basic\/2015480061470?zone=book&lid=book_class3_heb&actid=book_class3_heb","作者":"太田康介","出版社":"行人文化  ","ISBN":9789868905504,"圖片網址":"https:\/\/cdn.kingstone.com.tw\/book\/images\/product\/20154\/2015480061470\/2015480061470b.jpg","書籍簡介":"\r\n\r\n靠近堤防邊，空無一物、滿是瓦礫的土地上，應該不會有任何生物的此處，一隻迷你臘腸犬「核桃」，在這裡獨自生活超過半年的時間……太田康介無意間在網路上看到「正在尋找的狗」的網頁，映入眼簾的，是他前陣子偶然造訪的小高區村上發現的迷你臘腸狗。當時，太田康介急切的想要安撫牠，但牠卻像是極為害怕人類似地，飛快的跑過堤防，消失得無影無蹤。這隻狗叫作「核桃」，牠在每天主人帶牠散步的河堤邊，拖著虛弱的身子，獨自努力的生存著。牠從未離開家園，等待主人救援，最後卻在動物保護志工的眼前，咚地倒在地上。接續《被遺忘的動物們》，《依然等待的動物們》記錄災後半年到一年的間，動物獨自在福島警戒區生活的情景。從春季踏到寒冷的冬季，牠們在空盪的城市裡經歷靜謐的孤單，忍受強烈的飢餓，努力地生存。隨著救援的時間拉長，動物們逐漸變得虛弱，也對這個寂寥，空無人煙的城鎮，感到恐懼，甚至連救援牠們的志工，都沒有辦法靠近。2011年3月，日本福島縣第一核電廠因強震與海嘯的侵襲，引發自1986年俄國車諾比事件以來最嚴重的核子危機，政府緊急撤離半徑20公里內約17萬的居民，沿海城鎮瞬間變為空城，僅留下大批躲過天災卻未能即時撤離的動物，獨自面對人類留下的殘局至今。即使面對殘酷的事實，攝影師太田康介從未離開動物保護志工的行列，持續前往警戒區救援。這場災難擔心受怕的不只是人類，還包括一起生活的動物們，牠們永遠不懂發生了甚麼事情，只能在原地自立更生，等待人類的救援。太田康介希望記錄的，是動物保護志工對生命的堅持，始終不願放棄以實際行動表達體貼的心意，讓更多人可以關心並珍惜身旁的生命。\r\n                    \r\n"}
{"書名":"被遺忘的動物們：日本福島第一核電廠警戒區紀實","書籍網站":"https:\/\/www.kingstone.com.tw\/\/basic\/2015480057855?zone=book&lid=book_class3_heb&actid=book_class3_heb","作者":"太田康介","出版社":"行人文化  ","ISBN":9789868780682,"圖片網址":"https:\/\/cdn.kingstone.com.tw\/book\/images\/product\/20154\/2015480057855\/2015480057855b.jpg","書籍簡介":"\r\n\r\n人撤走了，動物們卻只能束手無策地，面對人類的任性2011年3月14日，福島第一核電廠因為地震而面臨核芯溶解，日本當局緊急撤離核電廠20公里內的居民，但除了人類，福島縣內的各種動物都被留了下來，束手無策地面對人類造成的危機。3月30日，攝影師太田康介憑著「一定要挺身行動」的信念，帶著貓狗飼料、水和相機衝入福島第一核電廠警戒區，尋找這些被遺忘的動物們。他的想法很簡單，這些動物一直被大部分的人類視為家人，如今突然被捨棄，應該要為她們做一些事情。太田先生和動物救援義工們將動物們一一送出災區，暫時收養，等原本的主人返回家園時再送還他們。同時他也仔細紀錄這一群動物們－－無論是貓、是狗、 是牛、是馬、是豬－－的生存現況：許多狗忠實地等待家人返回；許多貓四處覓食，突然開始流浪生涯；許多豬與牛在大街上出現，盡力生存下去、等待家園重建、團聚的一天，但最後竟被撲殺。太田康介的鏡頭說了一個我們從未注意的故事，讓我們注意到，人類造成的災難是所有的生物一起承擔的後果，特別是這些我們視為家人的動物們。這一張張逃難中的動物照片，一隻隻等待主人現身的小狗與貓咪，讓許多日本人挺身而出加入救援行列，也讓許多動物免於撲殺的命運，讓更多的動物和他們的主人，一起回家。\r\n                    \r\n"}
{"書名":"大家小書.中國古代衣食住行(簡體)","書籍網站":"https:\/\/www.kingstone.com.tw\/\/basic\/2055731013841?zone=book&lid=book_class3_heb&actid=book_class3_heb","作者":"許嘉璐","出版社":"北京出版社","ISBN":9787200084641,"圖片網址":"https:\/\/cdn.kingstone.com.tw\/book\/images\/product\/20557\/2055731013841\/2055731013841b.jpg","書籍簡介":"\r\n\r\n《中國古代衣食住行》主要內容簡介：編輯“大家小書”這套叢書，有一個用意就是節省讀者的時間，讓讀者在較短的時間內獲得較多的知識。在資訊爆炸的時代，人們要學的東西太多了。補習，遂成為經常的需要。如果不善於補習，東抓一把，西抓一把，今天補這，明天補那，效果未必很好。如果把讀書當成吃補藥，還會失去讀書時應有的那份從容和快樂。這套叢書每本的篇幅都小，讀者即使細細地閱讀慢慢地體味，也花不了多少時間，可以充分享受讀書的樂趣。如果把它們當成補藥來吃也行，劑量小，吃起來方便，消化起來也容易。“大家小書”的開本不大，讀者可以揣進衣兜裡，隨時隨地掏出來讀上幾頁。在路邊等人的時候、在排隊買戲票的時候，在車上、在公園裡，都可以讀。這樣的讀者多了，會為社會增添一些文化的色彩和學習的氣氛，豈不是一件好事嗎？本冊《中國古代衣食住行》為該叢書之一。《中國古代衣食住行》由許嘉璐編著。\r\n                    \r\n"}
{"書名":"守護動物天使：31個來自動物保護園區的真","書籍網站":"https:\/\/www.kingstone.com.tw\/\/basic\/2015480027704?zone=book&lid=book_class3_heb&actid=book_class3_heb","作者":"琳．康尼","出版社":"天培      ","ISBN":9789575607104,"圖片網址":"https:\/\/cdn.kingstone.com.tw\/book\/images\/product\/20154\/2015480027704\/2015480027704b.jpg","書籍簡介":"\r\n\r\n求生存\r\n　琳描述的故事，有幽默、有悲傷、有不可思議，也有一些是日常生活中常常踫到的。她所描寫的動物，有才出生一天的田鼠，有三條腿的土狼，有喜歡狐狸的母雞，有奇特而且是被虐待過的美洲獅，有獼猴，有黑熊。她總是說，每一種動物都有牠的尊嚴，牠們努力的在殘酷、危險的世界中求生存，而這些，全是輕率的人類造成的。\r\n\r\n　野生動物拯救復健協會救過的動物，超過了五千隻，每天為了野生動物會發生的緊急電話，隨時待命。透過她和不同動物相處的真實經歷，琳希望消除那種錯誤的觀念：只有人類會思考，有情感，會同情彼此，也會同情其他生物種類。\r\n\r\n★本書附註各種動物的英文原名及中文名稱，更可幫助了解野生動物，是本有趣又實用的讀物。並附有台灣地區流浪動物之家資料，讓大家對動物盡一份心力。\r\n作者簡介\r\n　一九七七年，琳‧康尼創立野生動物拯救復健協會（WRR），提供救助與復健工作，把養大的孤兒、受傷、或是被偷獵的動物放回大自然中。野生動物拯救復健協會也提供永久的照顧，在廣大的未開發的動物棲息地，照顧當地的野生動物，有些動物受到嚴重的傷害，沒辦法再回到野生生活的狀態。\r\n                    \r\n"}
