{"書名":"自然野趣D.I.Y.（2020新版）","書籍網站":"https:\/\/www.kingstone.com.tw\/\/basic\/2013670055711?zone=book&lid=book_class3_efz&actid=book_class3_efz","作者":"黃一峰","出版社":"天下文化  ","ISBN":9789864799862.0,"圖片網址":"https:\/\/cdn.kingstone.com.tw\/book\/images\/product\/20136\/2013670055711\/2013670055711b.jpg","書籍簡介":"\r\n\r\n★原創分享超過 300 件作品，精彩步驟教學《自然野趣D.I.Y.》讓人人重現自然之美，增添生活樂趣有人用筆寫日記，有人用相片寫日記……黃一峯則用自然物來寫日記，記錄美好回憶的拼貼。生活周遭的一草一木、蟲魚鳥獸、枯枝落葉⋯⋯大自然是活生生的藝術教室，生命萬象堪稱是美學的奇蹟之作。自然生態藝術工作者黃一峯以其豐富的自然體驗和美學基礎，蒐羅自然素材，完成許多繪畫、印染等藝術創作。\r\n                    \r\n"}
{"書名":"天性與教養：先天基因與後天環境的交互作用","書籍網站":"https:\/\/www.kingstone.com.tw\/\/basic\/2011730153360?zone=book&lid=book_class3_efz&actid=book_class3_efz","作者":"馬特．瑞","出版社":"商周出版  ","ISBN":9789861242224.0,"圖片網址":"https:\/\/cdn.kingstone.com.tw\/book\/images\/product\/20117\/2011730153360\/2011730153360b.jpg","書籍簡介":"\r\n\r\n廣受好評的科普作家馬特．瑞德利認為，不斷新出現的證據遠比這個迷思有趣多了。後天教養必須依賴先天的基因，而基因仍需要後天的教養才能發揮作用。基因不只是建造大腦構造的工程師，它也會吸收發展中的經驗，對社會線索作反應，甚至參與記憶的過程。基因對人類心智而言，是原因也是結果。在發現DNA雙股螺旋結構的五十年後，《天性與教養》記錄了我們對基因認識的又一新革命。作者細述百年來先天論與後天論者的爭執，解釋人類為何可以同時擁有自由意志，又能受本能及文化的驅動。對於基因如何建造大腦來吸收經驗，《天性與教養》中有最新的精采論述。\r\n                    \r\n"}
{"書名":"圖解奇妙有趣的細胞世界","書籍網站":"https:\/\/www.kingstone.com.tw\/\/basic\/2013640001564?zone=book&lid=book_class3_efz&actid=book_class3_efz","作者":"長野敬","出版社":"世茂      ","ISBN":9789577765239.0,"圖片網址":"https:\/\/cdn.kingstone.com.tw\/book\/images\/product\/20136\/2013640001564\/2013640001564b.jpg","書籍簡介":"\r\n\r\n生物學在20世紀後期的發展，可謂突飛猛進，豐碩的研究成果，使作為生物基本單位的細胞展現出許多新風貌；細胞的構造是什麼？它有何功能、作用？如何增加與生殖？免疫系統、遺傳基因的真實面貌又如何？這些有關生命真相的有趣課題，都可在本書中「看清楚」！現在，就讓我們一起在淺顯解說中，來探索五花八門的細胞世界。\r\n                    \r\n"}
{"書名":"生命聚寶盆","書籍網站":"https:\/\/www.kingstone.com.tw\/\/basic\/2013670031739?zone=book&lid=book_class3_efz&actid=book_class3_efz","作者":"趙榮谷","出版社":"幼獅文化  ","ISBN":9789575744311.0,"圖片網址":"https:\/\/cdn.kingstone.com.tw\/book\/images\/product\/20136\/2013670031739\/2013670031739b.jpg","書籍簡介":"\r\n\r\n本書分為三大部分。第一部分「琳瑯滿目話寶盆」介紹生物多樣性的三個組成成分和它的價值。第二部分「盜寶完全手冊」就在說明地球傳家寶消失的原因。第三部分「寶盆保衛戰」談的是我們如何因應生物多樣性面臨的危機。\r\n                    \r\n"}
{"書名":"台北伊甸園：士林官邸歷史生態（全彩）","書籍網站":"https:\/\/www.kingstone.com.tw\/\/basic\/2013670030817?zone=book&lid=book_class3_efz&actid=book_class3_efz","作者":"七星生態基","出版社":"前衛      ","ISBN":9789578013650.0,"圖片網址":"https:\/\/cdn.kingstone.com.tw\/book\/images\/product\/20136\/2013670030817\/2013670030817b.jpg","書籍簡介":"0"}
{"書名":"與自然相遇的人","書籍網站":"https:\/\/www.kingstone.com.tw\/\/basic\/2013670029118?zone=book&lid=book_class3_efz&actid=book_class3_efz","作者":"范欽慧","出版社":"晨星      ","ISBN":9789574551019.0,"圖片網址":"https:\/\/cdn.kingstone.com.tw\/book\/images\/product\/20136\/2013670029118\/2013670029118b.jpg","書籍簡介":"\r\n\r\n\r\n\t採集大自然心聲，素描土地人與大自然互動的故事\r\n\r\n\t與大自然接觸，就像是開啟心中的一扇窗，引領人進入生命最美麗的綠野\r\n\r\n\t土地人與大自然的美麗邂逅，動人的故事便一篇一篇的紀錄下來……\r\n\r\n\t在過去一年的時間中，作者採訪了超過兩百位的動植物學家、生態學家、教育文化工作者，並走遍山林，蒐集了各種蟲鳴鳥叫聲。\r\n\r\n\t本書將作者的「自然筆記」編成兩部分：「大地足跡」、「俯仰綠野的人」，介紹了作者所接觸的自然人、事、物。\r\n\r\n\t「大地足跡」，寫出了人與自然的互動中所得到一些啟示與動人小故事。\r\n\r\n\t「俯仰綠野的人」介紹了沈振中、珍古德、廖東坤……等十二位在綠野山林與大自然生態親密接觸的人，藉由他們故事，領悟一種生命最美麗的綠野！\r\n\r\n"}
{"書名":"自然觀察","書籍網站":"https:\/\/www.kingstone.com.tw\/\/basic\/2013670029088?zone=book&lid=book_class3_efz&actid=book_class3_efz","作者":"植原彰","出版社":"稻田      ","ISBN":9789572052525.0,"圖片網址":"https:\/\/cdn.kingstone.com.tw\/book\/images\/product\/20136\/2013670029088\/2013670029088b.jpg","書籍簡介":"0"}
{"書名":"第二個命運","書籍網站":"https:\/\/www.kingstone.com.tw\/\/basic\/2013640000772?zone=book&lid=book_class3_efz&actid=book_class3_efz","作者":"Dean Hamer &Peter Co","出版社":"大塊      ","ISBN":9789578468559.0,"圖片網址":"https:\/\/cdn.kingstone.com.tw\/book\/images\/product\/20136\/2013640000772\/2013640000772b.jpg","書籍簡介":"\r\n\r\n基因決定一切\r\n　一如雪花對自己的形狀無從置喙，我們天生也有體型、膚色和髮色的限制。雖然我們花了無數的金錢、時間和心神，想要依目前文化流行的理想改造它們，卻只見它們恢復天生的模樣。我們努力改造體型，但是大部份的人都失敗。我們依然會以原來的方式飲食，也會維持幼時甚至再子宮時那般的運動量。科學家發現，這一切的原因是在於體重受到基因的影響更勝於一切。\r\n\r\n　實驗已經證實，有某種形式基因的老鼠縱使幾乎不給食物，也依然會長胖。人類也有與老鼠幾乎相同的肥胖基因，有些人較難控制體重，並不是因為他們的意志較弱或者吃的太多，而是因為他們的基因限制設的較高。\r\n\r\n　人年老之後，身體機能的衰退到底會有多快，也是由基因控制，科學家最近已經能夠以基因工程控制較低等動物的壽命，可以延長一倍甚至於五倍之多。\r\n作者簡介\r\n　狄恩．哈默，在美國國家防癌學會生化實驗室從事研究，帶領該研究室的「基因結構與機制」研究小組。\r\n                    \r\n"}
{"書名":"不可思議百科2冊合集百科","書籍網站":"https:\/\/www.kingstone.com.tw\/\/basic\/2013260022390?zone=book&lid=book_class3_efz&actid=book_class3_efz","作者":"江榮晃","出版社":"人類智庫  ","ISBN":4715443033190.0,"圖片網址":"https:\/\/cdn.kingstone.com.tw\/book\/images\/product\/20132\/2013260022390\/2013260022390b.jpg","書籍簡介":"\r\n\r\n科學與科幻：帶您一起探索未確認神秘動物- 本書由台灣生物科技開發基金會董事長、中華UFO科學學會理事長江晃榮博士執筆撰寫。- 本書蒐羅了作者畢生追索鑽研的神祕生物檔案，包括尼斯湖水怪、大腳獸、雪人、海獸人等，從科學與實證角度交叉解說，為讀者一一解開對神祕生物的種種疑惑。- 各篇故事均從傳聞開始，再由各領域學者以科學角度追溯神祕生物的可能源起、演化過程，及存在真偽等問題，兼具娛樂性與學識性，為一同時適用於各年齡層與專業層的通俗讀物。- 本書搭配大量具權威性的神祕生物目擊圖、模擬圖、想像圖及相關報導剪影，讓讀者可一窺神祕生物的真實樣貌。一、 本書由中華UFO科學學會理事長江晃榮博士著作，內容包括其30年來鑽研外星生物的圖文資料、國內外權威機構的研究計畫與發現，以及江博士針對外星人與台灣矮黑人傳說所做的獨創研究。二、 本書共分四篇：首篇「美國的謊言」，揭露美國為了自身利益，隱瞞與外星生物有關的所有研究成果，並以密約方式出賣國民以至全人類供外星生物進行實驗的醜聞；第二篇「外星人入侵古文明」，乃從遠古神祕的智慧文明回溯外星生物在地球上遺留的印跡；第三篇講述外星人與地球人的「第四類接觸」，透過當事人的回憶，重現外星人綁架地球人的恐怖實況；第四篇\r\n                    \r\n"}
{"書名":"神祕現象未解之謎","書籍網站":"https:\/\/www.kingstone.com.tw\/\/basic\/2012970023093?zone=book&lid=book_class3_efz&actid=book_class3_efz","作者":"眭澔平","出版社":"人類智庫  ","ISBN":9789863732686.0,"圖片網址":"https:\/\/cdn.kingstone.com.tw\/book\/images\/product\/20129\/2012970023093\/2012970023093b.jpg","書籍簡介":"\r\n\r\n\r\n\t一、本書從外星人、古文明、自然界、神祕生物、動物行為及人體超能力六個面向，探索種種不可思議的現象。\r\n\r\n\t二、各篇故事均從傳聞開始，再由各領域學者以科學角度追溯各種神祕現象的可能緣起、發生因素，以及真偽等問題，兼具娛樂性與學識性，為一同時適用於各年齡層與專業層的通俗讀物。\r\n\r\n\t三、本書搭配大量具權威性的神祕現象目擊圖、模擬圖、想像圖、剖析圖及相關報導剪影，讓讀者可以輕鬆跟著文字上天下海，一探世界神祕現象與文明的真實樣貌\r\n\r\n\t \r\n\r\n\t \r\n\r\n"}
{"書名":"爸媽必修的100堂自然課：自然老師沒教的事2","書籍網站":"https:\/\/www.kingstone.com.tw\/\/basic\/2013670043510?zone=book&lid=book_class3_efz&actid=book_class3_efz","作者":"張蕙芬","出版社":"天下文化  ","ISBN":9789862168189.0,"圖片網址":"https:\/\/cdn.kingstone.com.tw\/book\/images\/product\/20136\/2013670043510\/2013670043510b.jpg","書籍簡介":"\r\n\r\n以「爸媽必修的100堂自然課」為整本書的編輯主軸，提供現代都會父母必要的自然知識，以及如何親子共享大自然，到菜市場上自然課，還有如何從日常生活中改變，以期讓我們的生活環境更好，並實踐自然生活。爸媽必修的100堂自然課既不深奧，也不枯燥，都是從生活出發，與每個人的生活息息相關。\r\n                    \r\n"}
{"書名":"50則史上最偉大的科學理論(宇宙．地球．生物篇)","書籍網站":"https:\/\/www.kingstone.com.tw\/\/basic\/2013010010011?zone=book&lid=book_class3_efz&actid=book_class3_efz","作者":"大宮信光","出版社":"瑞昇文化  ","ISBN":9789866185427.0,"圖片網址":"https:\/\/cdn.kingstone.com.tw\/book\/images\/product\/20130\/2013010010011\/2013010010011b.jpg","書籍簡介":"\r\n\r\n膨脹宇宙論、人本原理、RNA世界……我們所知的世界，是用這些理論架構而成的。科學界的大師 Hempel認為，人們必須依靠「科學理論」才能有系統且精確地，理解我們的世界。我們生活於宇宙之中的地球上，人類與各種生物理所當然的生活於其間，日復一日，年復一年。然而，宇宙與地球，以及人類又是從何而來，這個世界的原貌又是如何，這個世界會有毀滅的一天嗎？……這些問題自人類有文明開始就存在著。然而也就是人類不斷的問為什麼，也才會有人不斷的進行研究，於是生命的起源與演進，以及世界的運作方式，就在疑問的探索中，逐一被揭開。本書從宇宙、地球、生物三個角度，去探求生命的起源與進化，將各種天文與生物知識，總括為50個理論。其中除了描述理論的概要之外，更對其形成的背景與發展做詳細解說，如此一來，讀者就能夠瞭解思想演進的脈絡。科學理論將會幫助我們，深入且有系統地認識我們所存在的世界。不盲從、不迷信！讓我們跟著書中所述，來一窺世界的真相吧。本書特色1.輕鬆筆調搭配圖說，讓理解更為容易！2.豐富多元的科學知識，幫助您一窺世界真相。\r\n                    \r\n"}
{"書名":"不可思議的生態系(圖解版)","書籍網站":"https:\/\/www.kingstone.com.tw\/\/basic\/2013670042308?zone=book&lid=book_class3_efz&actid=book_class3_efz","作者":"兒玉浩憲","出版社":"晨星      ","ISBN":9789861774268.0,"圖片網址":"https:\/\/cdn.kingstone.com.tw\/book\/images\/product\/20136\/2013670042308\/2013670042308b.jpg","書籍簡介":"\r\n\r\n「生態系」指的是結合生物的生活方式與環繞其周圍的環境因素。大從雨林生態系、沙漠生態系、海洋生態系，而到田間生態系、紅樹林生態系，小至家裡的水族箱或是陽台都是一個生態系。一直以來，不論是生態環境惡化、外來物種入侵使本土種瀕臨滅絕、過度砍伐造成沙漠化等影響生態系相當嚴重的消息層出不窮。我們賴以維生的地球遭到破壞的程度，已經超乎想像。因此，對於小從物種平衡遭到破壞，大到地球暖化現象，承受許多問題的生態系，對其的關注應該已是刻不容緩。用歷史觀點和科學視角來重新檢視生態系在地情形，甚至是全球狀況都是相當重要的。書中將從自然環境和生態系的關係開始，介紹各種生態系的特徵、各處的植物相‧動物相、食物鏈的結構、動植物間的共生關係等，並說明世界各地對正邁向毀壞的生態環境所提出的應對措施。期許在你我共同努力下，能夠讓青山綠水永續留存。被破壞的自然環境能夠「再生」嗎？土壤裡等待發芽的「種子銀行」是？植物跟微生物間的「營養共生」為？…本書特色1、以容易理解的圖說方式，淺顯易懂地介紹跟生態學相關的各種知識。2、以生活化的方式說明環境破壞的嚴重性並細說各種生態系的特性。\r\n                    \r\n"}
{"書名":"生物超感覺的秘密-圖解生物賴以為生的感覺機制","書籍網站":"https:\/\/www.kingstone.com.tw\/\/basic\/2011740001248?zone=book&lid=book_class3_efz&actid=book_class3_efz","作者":"森田由子","出版社":"晨星      ","ISBN":9789861773551.0,"圖片網址":"https:\/\/cdn.kingstone.com.tw\/book\/images\/product\/20117\/2011740001248\/2011740001248b.jpg","書籍簡介":"\r\n\r\n你以為生物就像你所想像的那樣單純地活著嗎？事實上，牠們為了對抗物競天擇的大自然法則，發展出許多令人瞠目結舌的感覺機制，除了最基本的五感「視覺」、「聽覺」、「嗅覺」、「味覺」、「觸覺」的進化之外，更有很多超乎想像的感覺器官演化而生，如蛇靠著分叉的舌頭「聞味道」、鯰魚靠鬍鬚上的味蕾找出獵物的「味道」、鱷魚的嘴邊凹凸不平的壓力感應器、蜘蛛腳上的感覺纖毛等等。書中將以這些奇特的感覺器官為主題，並介紹許多有趣的小故事，帶你深入了解生物的生存大不思議。封底文案令人驚嘆的感覺能力！您以為生物只靠視覺、聽覺、嗅覺、味覺、觸覺，這「五感」就有辦法生存嗎？事實上，對於溫度、時間、疼痛、平衡等等的感受，也都需要藉由特別的接收感應器才能傳達。書中將介紹許多跟生物有關的趣味小故事，為您解開在演化過程中生物所獲得的神奇感應器之謎以及各種不可思議的感覺機制，帶您一探生物驚奇的生存戰略。「麻辣」是什麼感覺產生的？為什麼「痛」是生存重要的感覺？鮭魚靠著「嗅覺」洄游千萬里？蝙蝠如何利用「超音波」捕捉獵物？…生物的生存之道，感覺大不同！本書特色1.\t本書將生物各種的感覺一一列出、說明：包含嗅、味、溫、痛、平衡、聽、視、化學、磁電感，不是只有傳統5感的探討，而是能夠了解更多跟感覺相關的話題。2.\t以圖解的方式解釋說明每種感覺的構造機制，清楚明瞭，極具說明性。3.\t藉由生物感覺的說明解釋某些動物的特殊行為，如鮭魚洄游、蛇類捕食、捕蠅草的捕食、蝙蝠海豚的超音波、貓的視覺、候鳥的遷徙……等等，很多都是發生在我們周遭的事物，容易引起讀者的好奇心。\r\n                    \r\n"}
{"書名":"自然野趣DIY","書籍網站":"https:\/\/www.kingstone.com.tw\/\/basic\/2019600029012?zone=book&lid=book_class3_efz&actid=book_class3_efz","作者":"黃一峰","出版社":"天下文化  ","ISBN":9789862164426.0,"圖片網址":"https:\/\/cdn.kingstone.com.tw\/book\/images\/product\/20196\/2019600029012\/2019600029012b.jpg","書籍簡介":"\r\n\r\n大自然是活生生的藝術教室，生命萬象堪稱是美學的奇蹟之作。作者以其豐富的自然體驗和美學基礎，蒐羅自然素材，完成許多繪畫、印染等藝術創作。自然野趣DIY讓人人可以重現自然之美，增添生活樂趣。\r\n                    \r\n"}
{"書名":"圖解細胞世界","書籍網站":"https:\/\/www.kingstone.com.tw\/\/basic\/2013640002196?zone=book&lid=book_class3_efz&actid=book_class3_efz","作者":"黑谷明美","出版社":"書泉      ","ISBN":9789861214078.0,"圖片網址":"https:\/\/cdn.kingstone.com.tw\/book\/images\/product\/20136\/2013640002196\/2013640002196b.jpg","書籍簡介":"\r\n\r\n細胞為構成生物體的基本單位，不管是窗外的大樹，草叢間吱吱喳喳叫個不停的小麻雀，或者是人類身體裡面的大腸菌，都是由細胞所組成。因此細胞的世界就像是一個非常小的微觀世界，本書引導讀者進入細胞世界，從細胞如何被發現、細胞學的出現、各種細胞特色，以及幹細胞（萬能細胞）的重要性等方面加以討論，並發掘細胞有趣之處。本書特色：‧深入淺出的文字配合有趣的圖片，介紹有關細胞的各種細節與面貌。‧「休息一下」單元以一般人較為熟悉的例子，來輔助內容說明。‧每單元後，都有一個「特別演說」，以草履蟲、青蛙等的觀點，向讀者傳達一些有趣的觀念。\r\n                    \r\n"}
{"書名":"生物統計入門","書籍網站":"https:\/\/www.kingstone.com.tw\/\/basic\/2013600017321?zone=book&lid=book_class3_efz&actid=book_class3_efz","作者":"郭寶錚","出版社":"五南      ","ISBN":9789571149523.0,"圖片網址":"https:\/\/cdn.kingstone.com.tw\/book\/images\/product\/20136\/2013600017321\/2013600017321b.jpg","書籍簡介":"\r\n\r\n內容編排及文字表達力求簡潔，希望能滿足生物統計學的初學者或想要在短時間建立生物統計學基本概念者的需求。＊全書架構清晰完整，文字表達淺顯易懂，範例選擇重本土化。＊專有名詞定義清楚，並附英文，讀者未來研讀英文論文時，將無障礙。＊英文索引有助於讀者查考，並加深讀者的印象。＊Excel練習具實用化，可達「做中學」的目的。＊每章後的練習題均附解答以供核對，可提高讀者學習效果。＊本書可幫助初學者，在不需具備太多數理知識下輕鬆上手，迅速建立生物統計學之正確觀念，並培養使用生物統計學之純熟技能。\r\n                    \r\n"}
{"書名":"聽，溼地在唱歌","書籍網站":"https:\/\/www.kingstone.com.tw\/\/basic\/2013670034655?zone=book&lid=book_class3_efz&actid=book_class3_efz","作者":"方偉達","出版社":"新自然主義","ISBN":9789576966187.0,"圖片網址":"https:\/\/cdn.kingstone.com.tw\/book\/images\/product\/20136\/2013670034655\/2013670034655b.jpg","書籍簡介":"\r\n\r\n濕地與水文、土壤、微生物、動植物間的交互作用，使得濕地成為最富有生產力的生態系統。近年來，由於全球氣候變遷、雨量變異、都市不斷擴張等因素，讓濕地越來越少，使得許多地方每逢下雨必成災，不但造成生命及財產損失，也嚴重影響生態平衡……復育或營造濕地好處多多，不但可以調節洪水、淨化水質、製造氧氣、調節微氣候，還提供了水生植物生長、繁衍，以及蟲魚鳥獸等生物隱蔽、覓食的重要棲地。荷田花香、水鳥飛翔、蜻蜓飛舞、蛙唱蟲鳴……本書深入淺出介紹什麼是濕地、濕地的功能與價值，分享國內外營造具體案例，以及高雄市生態廊道的復育經驗，是濕地生態教學的入門好書，更可做為親子互動、教學，以及學校、社區及各公私建築物營造與復育濕地時的參考。\r\n\r\n"}
{"書名":"現在幾點鐘?","書籍網站":"https:\/\/www.kingstone.com.tw\/\/basic\/2013610009866?zone=book&lid=book_class3_efz&actid=book_class3_efz","作者":"佛斯特．克來茲曼","出版社":"天下文化  ","ISBN":9789864176069.0,"圖片網址":"https:\/\/cdn.kingstone.com.tw\/book\/images\/product\/20136\/2013610009866\/2013610009866b.jpg","書籍簡介":"\r\n\r\n一定要看錶，才能知道時間？ 沒有了晨昏天光的變換，作息就會大亂？如果你一直都這麼認為，那麼你不能不知道：「時鐘就在我們的身體裡」！生命世界的大小事件，都由設定好的時間程式，將一切安排得井然有序。看時間生物學如何解開基因程式中的時鐘謎題，發現你不可不知的生命節律！　　你相信嗎？地球上幾乎所有的生物都「知道」時間！無數的科學家們窮畢生之力，從羽化的果蠅、覓食的蜜蜂、玩滾輪的黃金鼠、枝頭跳躍的麻雀，還有行光合作用的藍綠菌，找出了晝夜交替、四季更迭與所有生物一切行事的關聯！　　故事不只是這樣，還有科學家住進地底下四百公尺的長毛象洞穴，只為一探「時鐘程式」的究竟。他們不僅發現一天之中，賽跑、玩牌的最佳時機；找到了克服時差的方法；還解開在清晨時分，有最多人出生、也有最多人死於心臟病發的祕密。　　更重要的是，如果我們能找出給藥的最佳時機，或許就能夠提高癌症以及許多疾病的治療效益。且跟隨時間生物學大師佛斯特以及傑出的科學作家克萊茲曼的腳步，探索這些時間生物學的劃時代鉅獻！\r\n\r\n"}
{"書名":"給愛大自然的你","書籍網站":"https:\/\/www.kingstone.com.tw\/\/basic\/2013600015877?zone=book&lid=book_class3_efz&actid=book_class3_efz","作者":"Diane Lindse","出版社":"正中書局  ","ISBN":9789570917031.0,"圖片網址":"https:\/\/cdn.kingstone.com.tw\/book\/images\/product\/20136\/2013600015877\/2013600015877b.jpg","書籍簡介":"\r\n\r\n本書針對愛大自然的孩子，介紹了十五種和大自然相關的工作，對於每個工作的內容、性質、特色，以及這份工作所應該具備的重要技能和人格特質，都有詳細清楚的說明和介紹。同時，也羅列了與工作有關的書籍及網路資訊，讓青少年朋友們可以自我學習查閱。 　　書中也採訪十五位在大自然相關領域中出類拔萃的優秀人士，請他們談談工作的酸甜苦辣，並對於想進入大自然相關行業的青少年朋友們，給予最衷心而實用的建議。 \r\n\r\n"}
{"書名":"圖解不可不知的天災地變","書籍網站":"https:\/\/www.kingstone.com.tw\/\/basic\/2013670033023?zone=book&lid=book_class3_efz&actid=book_class3_efz","作者":"大宮信光","出版社":"世茂      ","ISBN":9789577766427.0,"圖片網址":"https:\/\/cdn.kingstone.com.tw\/book\/images\/product\/20136\/2013670033023\/2013670033023b.jpg","書籍簡介":"\r\n\r\n強颱、豪雨、河水暴漲、土石流；大洪水、海嘯、深層海流異常、冰山融化；大地震、連鎖地震、火山爆發、地層下陷；聖嬰現象、臭氧層破洞、地球暖化、熱島現象；都市沙漠化、灼熱化、光化學煙霧、花粉症；核爆塵、沙塵暴、焚風、酸雨......　　災難片的所有元素到齊，身為地球村的公民，您怎可不知所處的環境！\r\n\r\n"}
{"書名":"天地密碼：揭開宇宙創造的迷思","書籍網站":"https:\/\/www.kingstone.com.tw\/\/basic\/2015730102083?zone=book&lid=book_class3_efz&actid=book_class3_efz","作者":"邱恆德","出版社":"知本家    ","ISBN":9789572922361.0,"圖片網址":"https:\/\/cdn.kingstone.com.tw\/book\/images\/product\/20157\/2015730102083\/2015730102083b.jpg","書籍簡介":"\r\n\r\n科學家孟卡斯特（Muncaster）教授舉金錶製作為例： 　　創造論──製錶者要先設計、繪製每一個零件，計算每個零件的重量，然後小心製造、裝配，加上裝飾，一個漂亮的金錶才會完成。 　　進化論──幾十億年前，地球有些地方的環境，剛好適合製造金錶的零件，適合形成金塊、石英及鐵。經過無數年，金屬被火山熱融成金錶所需的零件，如齒輪及平衡輪，這些零件又自己形成金錶。 　　宇宙約含有一兆星系，平均每一個星系約含有千億個恆星，以地球的\"得天獨厚\"而言，包括：地球與太陽、月亮的距離、地球轉軸斜度、旋轉速率、磁場強度、地殼的厚度、大氣層氧氣與氮氣的比例……其或然率是一兆兆分之一。 　　瞭解宇宙及萬物的構造與奧秘，一直是人類長期不息追求的慾望，也是啟動人類科學研發的根源。 　　人類對宇宙的觀察是朝向無限遠的方向進行，對物質的研究是往內部無限小的方向鑽研，對生命由來的探討是想揭開生命奧妙的面紗。 　　隨時間、哲學觀點、科學進步的改變，許多問題仍然有一些極限是人類無法了解的，作者以熱力學、天文學、材料科學、神學、哲學、牛頓的天體力學、愛因斯坦的相對論、達爾文進化論……等，做廣泛且深入的探討，學理工的讀者讀來興味盎然，學文商的讀者則可藉本書探得奧妙的知識。 本書特色 論証豐富，華文科普力作作者學養廣博，為本書收集了極為豐富的資料，並加以探究分析，層次分明，是華文原著中極為難得的科普書，必能獲得知識分子青睞。教授執筆，滿足學子作者在大學、研究所任教多年，熟悉本地學生自高中以至大學、研究所物理、化學、社會科學的程度，執筆角度精準，針對學子求知欲，作了非常豐富的供應。 寫作內容，互動有趣 本書篇章論述循序漸進，並有\"思考問題\"一欄，立意新穎，可與讀者互動，增加閱讀趣味性。 \r\n\r\n"}
{"書名":"超覺玄秘體驗","書籍網站":"https:\/\/www.kingstone.com.tw\/\/basic\/2012000006423?zone=book&lid=book_class3_efz&actid=book_class3_efz","作者":"安德魯．紐柏格","出版社":"時報文化  ","ISBN":9789571339894.0,"圖片網址":"https:\/\/cdn.kingstone.com.tw\/book\/images\/product\/20120\/2012000006423\/2012000006423b.jpg","書籍簡介":"\r\n\r\n為什麼即使步入理性熾盛的科學時代，神靈信仰與宗教主張也未曾消失，反而始終是支持人類的重要精神力量？在本書中，作者從新興的「神經神學」角度切入，大膽探索靈性與大腦之間的神祕關係。他們長期研究大腦的組織功能，並以高科技檢視冥想中的佛教徒和祈禱中的聖方濟修女的大腦活動，提出了革命性結論：深刻而專注的靈性沈思，將改變大腦的神經機制運作，產生「與萬物合而為一」或「上帝就在身邊」等真切的超覺感受。換言之，這樣的靈性體驗並非只是人們一廂情願的妄想，而是神經機制一連串的運作反應，可以被客觀地觀察、記錄和攝影。本書將關於意識和靈性的啟發性洞見，巧妙地與前衛科學融合，而在信仰與理性、神祕學與經驗論之間建立了橋樑，並提出種種耐人尋味的問題：人類是否受到生理機制驅使而創造神話？宗教狂喜與性高潮是否有進化上的關連？儀式行為又是如何引發相對的腦神經反應？帶領你進入人神關係的生理學領域，發現另一種奇蹟。\r\n                    \r\n"}
{"書名":"看故事學生物","書籍網站":"https:\/\/www.kingstone.com.tw\/\/basic\/2013600014795?zone=book&lid=book_class3_efz&actid=book_class3_efz","作者":"法布爾","出版社":"可道書房  ","ISBN":9789867715135.0,"圖片網址":"https:\/\/cdn.kingstone.com.tw\/book\/images\/product\/20136\/2013600014795\/2013600014795b.jpg","書籍簡介":"\r\n\r\n一部《昆蟲記》的誕生， 奠定了法布爾在生物領域的地位。 此後，他又寫了許多有關於自然科學 其他方面的故事，就是本書。 他的寫作手法極佳， 用講述故事的形式，描述了日常生活中含的科學道理。 這是一部非常美妙的自然科普讀物， 啟發著全世界的青少年 推開自然科學之門。\r\n                    \r\n"}
{"書名":"景觀生態學","書籍網站":"https:\/\/www.kingstone.com.tw\/\/basic\/2013600014535?zone=book&lid=book_class3_efz&actid=book_class3_efz","作者":"鄔建國","出版社":"五南      ","ISBN":9789571132181.0,"圖片網址":"https:\/\/cdn.kingstone.com.tw\/book\/images\/product\/20136\/2013600014535\/2013600014535b.jpg","書籍簡介":"\r\n\r\n\r\n\t本書系統的介紹現代景觀生態學的基本概念、理論、研究方法及應用前景；廣泛的綜合國際景觀生態學自20世紀80年代以來的新思想、新理論和新動向，並對景觀格局分析和模型方法作細緻的介紹。 　　\r\n\r\n\t \r\n\r\n\t作者從兩方面論述景觀生態學：(1)景觀生態學作為一門新興的生態學分支學系；(2)景觀生態學作為一個強調格局、過程、尺度和等級相互之間關係的新生態學範式。因此，本書不但介紹了景觀生態學的基本研究對象、內容和方法，同時也闡述了景觀生態學作為一個新的生態學範式或概念如何促進種族、群落、生態系統生態學的發展。 　　\r\n\r\n\t \r\n\r\n\t本書可供生態學、生物學、環科科學和地球科學系之師生及相關之專業人士參考使用。\r\n\r\n"}
{"書名":"30天精通細胞組織","書籍網站":"https:\/\/www.kingstone.com.tw\/\/basic\/2013640001434?zone=book&lid=book_class3_efz&actid=book_class3_efz","作者":"長野　敬","出版社":"漢湘文化  ","ISBN":9789574809639.0,"圖片網址":"https:\/\/cdn.kingstone.com.tw\/book\/images\/product\/20136\/2013640001434\/2013640001434b.jpg","書籍簡介":"\r\n\r\n本書從細胞的基礎知識到決定細胞死亡的終止程序，深入淺出地對細胞世界做了深入的探索。避免使用物理、化學方面難懂的用語，使讀者在閱讀時心情輕鬆愉快。\r\n                    \r\n"}
{"書名":"士林官邸追追追（全彩）","書籍網站":"https:\/\/www.kingstone.com.tw\/\/basic\/2013670030947?zone=book&lid=book_class3_efz&actid=book_class3_efz","作者":"七星生態基","出版社":"前衛      ","ISBN":9789578013711.0,"圖片網址":"https:\/\/cdn.kingstone.com.tw\/book\/images\/product\/20136\/2013670030947\/2013670030947b.jpg","書籍簡介":"0"}
{"書名":"X檔案背後的科學意義：異形．怪物．遺失的聯結","書籍網站":"https:\/\/www.kingstone.com.tw\/\/basic\/2013600010247?zone=book&lid=book_class3_efz&actid=book_class3_efz","作者":"安賽門","出版社":"木棉國際  ","ISBN":9789578882867.0,"圖片網址":"https:\/\/cdn.kingstone.com.tw\/book\/images\/product\/20136\/2013600010247\/2013600010247b.jpg","書籍簡介":"0"}
{"書名":"動植物標本製作","書籍網站":"https:\/\/www.kingstone.com.tw\/\/basic\/2013680000374?zone=book&lid=book_class3_efz&actid=book_class3_efz","作者":"劉邁","出版社":"五洲      ","ISBN":null,"圖片網址":"https:\/\/cdn.kingstone.com.tw\/book\/images\/product\/20136\/2013680000374\/2013680000374b.jpg","書籍簡介":"0"}
{"書名":"熱帶作物生態生理學","書籍網站":"https:\/\/www.kingstone.com.tw\/\/basic\/2020560028342?zone=book&lid=book_class3_efz&actid=book_class3_efz","作者":"劉必芳","出版社":"五洲      ","ISBN":null,"圖片網址":"https:\/\/cdn.kingstone.com.tw\/book\/images\/product\/20205\/2020560028342\/2020560028342b.jpg","書籍簡介":"0"}
{"書名":"英漢生物學名詞彙編","書籍網站":"https:\/\/www.kingstone.com.tw\/\/basic\/2023600001855?zone=book&lid=book_class3_efz&actid=book_class3_efz","作者":"五洲      ","出版社":"停售","ISBN":null,"圖片網址":"https:\/\/cdn.kingstone.com.tw\/book\/images\/product\/20236\/2023600001855\/2023600001855b.jpg","書籍簡介":"0"}
{"書名":"熱帶作物生態生理學","書籍網站":"https:\/\/www.kingstone.com.tw\/\/basic\/2023739002587?zone=book&lid=book_class3_efz&actid=book_class3_efz","作者":"劉必芳","出版社":"五洲      ","ISBN":null,"圖片網址":"https:\/\/cdn.kingstone.com.tw\/book\/images\/product\/20237\/2023739002587\/2023739002587b.jpg","書籍簡介":"0"}
{"書名":"植物生理學","書籍網站":"https:\/\/www.kingstone.com.tw\/\/basic\/2013730004956?zone=book&lid=book_class3_efz&actid=book_class3_efz","作者":"易希道","出版社":"正中書局  ","ISBN":null,"圖片網址":"https:\/\/cdn.kingstone.com.tw\/book\/images\/product\/20137\/2013730004956\/2013730004956b.jpg","書籍簡介":"0"}
