{"書名":"Fintech with Artificial Intelligence, Big Data, and Blockchain","書籍網站":"https:\/\/www.kingstone.com.tw\/\/basic\/203c103793551?zone=english&lid=search&actid=WISE&kw=Fintech&pi=0","作者":"Paul Moon Sub,Choi","出版社":"Springer    ","ISBN":9789813361362,"圖片網址":"https:\/\/cdn.kingstone.com.tw\/english\/images\/product\/1362\/9789813361362.jpg","書籍簡介":"\r\n\r\nThis book introduces readers to recent advancements in financial technologies. The contents cover some of the state-of-the-art fields in financial technology, practice, and research associated with artificial intelligence, big data, and blockchain--all of which are transforming the nature of how products and services are designed and delivered, making less adaptable institutions fast become obsolete. The book provides the fundamental framework, research insights, and empirical evidence in the efficacy of these new technologies, employing practical and academic approaches to help professionals and academics reach innovative solutions and grow competitive strengths.\r\n\r\n"}
{"書名":"FinTech as a Disruptive Technology for Financial Institutions","書籍網站":"https:\/\/www.kingstone.com.tw\/\/basic\/203c103353739?zone=english&lid=search&actid=WISE&kw=Fintech&pi=0","作者":"Abdul,Rafay","出版社":"Ingram      ","ISBN":9781522586333,"圖片網址":"https:\/\/cdn.kingstone.com.tw\/english\/images\/product\/6333\/9781522586333.jpg","書籍簡介":"0"}
{"書名":"金融人才ｘ機器學習聯手出擊：專為FinTech 領域打造的機器學習指南","書籍網站":"https:\/\/www.kingstone.com.tw\/\/basic\/2013120567627?zone=book&lid=search&actid=WISE&kw=Fintech&pi=0","作者":"Jannes Klaas","出版社":"博碩文化  ","ISBN":9789864345380,"圖片網址":"https:\/\/cdn.kingstone.com.tw\/book\/images\/product\/20131\/2013120567627\/2013120567627b.jpg","書籍簡介":"\r\n\r\n\r\n\t一本專為金融專業人士編寫的機器學習指南！對於所有從事金融資料分析的讀者來說，機器學習將是一門如虎添翼的技術。本書介紹許多新穎的、進階的機器學習模型，並示範如何將它們應用於金融產業（包括保險、交易和貸款）。本書亦詳細解說機器學習背後的觀念和演算法，著重於金融應用，提供豐富詳盡的Python程式碼範例。\r\n\r\n\t \r\n\r\n\t本書展示機器學習在結構化資料、文字、影像及時間序列上的工作方式，並深度探討眾多關鍵的機器學習模型，從簡單迴歸到高階神經網路，還有GAN、強化學習、對抗偏見、貝氏推論和機率規劃等內容。\r\n\r\n\t \r\n\r\n\t本書範圍廣泛，但方法卻深入且實用。如果你在FinTech領域工作，或想投入FinTech領域，並希望獲得當今領域最有價值的技術之一，本書就是為你而準備的！\r\n\r\n\t \r\n\r\n在這本書中，你將學到：\r\n\r\n\t・將機器學習應用於結構化資料、自然語言、照片和書面文字\r\n\r\n\t・機器學習如何偵測詐欺行為、預測金融趨勢、分析客戶情緒等等\r\n\r\n\t・使用Python、scikit-learn、Keras和TensorFlow實作啟發式基準線、時間序列、生成模型和強化學習\r\n\r\n\t・深入研究神經網路、檢視GAN和强化學習的應用\r\n\r\n\t・對機器學習應用程式進行除錯，並為其啟動做好準備\r\n\r\n\t・解決機器學習的偏見和隱私問題\r\n\r\n\t \r\n\r\n"}
{"書名":"圖解Fintech的知識與技術","書籍網站":"https:\/\/www.kingstone.com.tw\/\/basic\/2013120537576?zone=book&lid=search&actid=WISE&kw=Fintech&pi=0","作者":"大和總研","出版社":"碁峰資訊  ","ISBN":9789865024314,"圖片網址":"https:\/\/cdn.kingstone.com.tw\/book\/images\/product\/20131\/2013120537576\/2013120537576b.jpg","書籍簡介":"\r\n\r\n\r\n 工程師必學的金融系統知識與技術\r\n 金融系統受到法規限制而日趨複雜，使得初次接觸金融領域的工程師常感到不知所措。不僅如此，許多負責金融相關系統的工程師也無法完整掌握金融業務的全貌。近年來，金融系統開始導入區塊鏈、機器學習，因此工程師們也必須先瞭解這些最新技術。\r\n\r\n 本書將徹底解說與金融有關的各種內容，包括FinTech、機器學習、區塊鏈、RPA、虛擬貨幣等金融系統相關的最新金融IT技術，以及「銀行」、「保險」、「證券」、「信用卡公司」等業務內容及系統特色。\r\n\r\n 【本書的重點】\r\n ．瞭解建構金融系統時，必備的「系統化」與「金融知識」重點\r\n ．協助工程師了解與金融業相關的廣泛知識\r\n ．瞭解機器學習、區塊鏈等先進技術在金融業的運用\r\n\r\n"}
