{"書名":"好聲音的科學：領袖、歌手、演員、律師，為什麼他們的聲音能感動人心？","書籍網站":"https:\/\/www.kingstone.com.tw\/\/basic\/2013340001772?zone=book&lid=book_class3_ecc&actid=book_class3_ecc","作者":"尚．亞畢伯","出版社":"本事出版  ","ISBN":9789579121057.0,"圖片網址":"https:\/\/cdn.kingstone.com.tw\/book\/images\/product\/20133\/2013340001772\/2013340001772b.jpg","書籍簡介":"\r\n\r\n\r\n關於聲音，那些你根本不知道但你絕對想知道的事，\r\n從醫學、科學、心理學、藝術發現人聲的奧祕。\r\n\t \r\n\r\n\t◎席琳‧狄翁清亮飽滿的歌聲宛如天籟，是什麼原因造成她一度失聲？\r\n\t◎已故世界男高音帕華洛帝，他的嗓音涵蓋了七個「泛音」，然而一般人只有三個！\r\n\t◎所向無敵的刑法女律師在動手術治好了聲帶水腫後，卻從此輸掉每個案子?!\r\n\t◎英王喬治六世如何克服口吃障礙，發表一場動人的演說？\r\n\t◎德國獨裁者希特勒操控人心的關鍵之一，竟是高亢而歇斯底里的聲音！\r\n\t◎腹語師如何應用不同的發聲部位展現異於常人的絕妙音色？\r\n\t◎西方15世紀出現的閹伶，其寬廣高亢的音域連女高音都自嘆弗如，他們是怎麼辦到的？\r\n\r\n\t人類擁有一個無價之寶：聲音。它就像指紋，人人皆有卻天下無雙。母體裡的胎兒，從三個月起就開始感知「母語」，所以，失聲患者在治癒後開口說出連自己都聽不懂的外語一點也不奇怪！\r\n\r\n\t從古希臘的廣場到現代的電視螢幕，聲音在所有諸如司法、政治、廣告、藝術或情愛……等等人類事務上施展它的力量。聲音是我們日常生活必備的成分。它無所不在，以至於我們視它為理所當然，毫無節制地濫用，直到它消失，我們才開始想念……\r\n\r\n\t聲音，看得見嗎？當然可以！吸氣的時候，聲帶會張開；說話、咳嗽或假裝哭泣的時候會閉合。這個機制就是喉嚨發聲的源頭。喉頭是絃樂器也是管樂器，保護著兩條聲帶，當聲帶振動時，它就是弦樂器；當共鳴腔振動時，它就是管樂器。\r\n\r\n\t◎聲音何以具有誘惑力，反映我們的過去，喚起苦痛、喜樂的記憶？\r\n\r\n\t聲音，反映了我們的過去、苦痛和喜樂，喚起我們某些已經歷過，連結了歡快與愉悅的印象。然而，魔力和吸引力往往源自於不完美的聲音。在美國知名爵士樂歌手路易‧阿姆斯壯沙啞、粗糙的嗓音背後，我們聽見了他的過去、他的堅韌，也聽見了他的族人淪為奴隸、苦不聊生的歷史。聲音反映出我們的個性，讓他人感受到我們的七情六慾。\r\n\r\n\t◎領袖的聲音明明沒有魔法，為什麼卻讓我們心甘情願把票投給他？\r\n\r\n\t邱吉爾的嗓音充滿英雄氣概、希特勒則近乎歇斯底里，還有甘地、馬丁路德‧金恩的聲音……都證明了治國者的聲音沒有魔法公式，但他們會順應技巧及外表上的特徵，讓聲音同時具有令人安心的低音以及慷慨激昂的高音，如此才具有足夠的份量。此外，領袖的聲音必須透露出人生中的傷疤，彰顯出和我們擁有共同點的人生。正因如此，我們才會把選票投給他。\r\n\r\n\t◎當「聲音」做為職業，腹語師、閹伶如何超越自己，無限延伸聲音的極限？\r\n\r\n\t除了自娛或是合作表演以外，聲音也是一種職業。有些人天生就能吃這行飯，但也必須持續苦練。能將聲音表演造就成一種情緒，既是手段，也是藝術的一切精髓。\r\n\r\n\t聲音表演並不是唱獨角戲，腹語師、模仿藝人或歌手都需要聽眾，這樣的聲音才能充分顯露力量。因此詮釋者不得不超越自己，將人聲的極限無限推展──腹語師如果是喉頭的柔體特技演員，模仿藝人就是喉頭的鋼索特技演員，一個人就有一千種聲音！而閹伶為了達到高廣音域的絕妙唱功，卻不得不犧牲自己的身體。\r\n\r\n\t◎想擁有好聲音？專科醫生教你這麼做──\r\n\t1.避免長時間使用電話交談，因為你聽不見回音，反而會不自覺加大音量，傷害聲帶！\r\n\t2.在潮濕、太熱或是過於乾燥的房間裡睡覺或久待，都會妨礙聲音的表現。\r\n\t3.飲食習慣健康、清淡，才能避免胃食道逆流，聲道灼傷。\r\n\t4.搭乘飛機或高速火車期間，經常喝水，少說話，避免喝紅酒以外的酒精。\r\n\t5.避免衣領太緊的襯衫，同時不要繫太緊的皮帶！\r\n\t6.乳製品、乳酪會製造黏液，讓人不斷清喉嚨，是聲帶的大敵！\r\n\t7.訓練腹肌和呼吸節奏的運動，例如游泳、結合專注力與思考的武術，可以讓聲音充分發揮。\r\n\r\n\t身為外科醫生及熱中於人聲研究的作者，\r\n\t將帶領大家探索聲音，不只是從科學和醫學的角度，\r\n\t還有從導師（mentor）到獨裁者的政治層面、\r\n\t講道者的精神層面和歌手的藝術方面，\r\n\t以及從聲色到誘惑的美學方面。\r\n\t揭開無形的聲音振動中，情感和理智之間的化學作用，\r\n\t滲入以喉頭為首的聲音王國之中，\r\n\t揭示聲音力量的奧祕。\r\n\r\n"}
{"書名":"LIGHT：光譜之美－關於無線電波、紅外線、可見光、紫外線那些看得見與看不見的光 （精）","書籍網站":"https:\/\/www.kingstone.com.tw\/\/basic\/2013360011195?zone=book&lid=book_class3_ecc&actid=book_class3_ecc","作者":"金柏莉．阿坎德、梅根．瓦茨","出版社":"五南      ","ISBN":9789571191614.0,"圖片網址":"https:\/\/cdn.kingstone.com.tw\/book\/images\/product\/20133\/2013360011195\/2013360011195b.jpg","書籍簡介":"\r\n\r\n\r\n●精裝超大彩色圖解\r\n●亞馬遜網站讀者五顆星好評推薦\r\n●絕對從未見過的絢麗照片\r\n\r\n 無線電波‧微波‧紅外線‧可見光‧紫外線‧X射線‧伽瑪射線\r\n\r\n 這是一場美麗、迷人的視覺探索，讓我們一窺橫跨整個電磁波譜的光具有的力量與表現，並獲悉各類型的光是如何對地球生命和宇宙萬物所造成影響。\r\n\r\n 光點亮了我們的世界，讓我們得以看見周遭的一切。\r\n    \r\n 然而，在被稱為「電磁波譜」的整個光譜中，人類能看見的其實只有小小片段。金柏莉‧阿坎德與梅根‧瓦茨克將用前所未有的方式，帶領我們體驗一場高度視覺化且獨具原創性的華麗探索，揭開神秘的「光」的全貌。全書根據電磁波譜的順序，從無線電波、微波、紅外線、可見光、紫外線、X射線到伽瑪射線，用完整篇幅深入描述各種光的特殊性質、特徵，以及實際應用。\r\n      \r\n 從電視和行動電話通訊所需的無線電波，到促成熱感應的紅外線，再到讓我們得以一窺人體內部和觀看宇宙遙遠黑洞的X射線，阿坎德與瓦茨克向我們細細展示，光是如何無所不在地影響著地球生命以及整個宇宙。\r\n      \r\n 書中的序章先讓我們對電磁波譜有概觀的理解。接下來的每個章節都內含特殊的專題，像是「光裡的一天」告訴我們光如何影響我們的日常生活；「焦點科學家」則是將發現特定類型的光或做出重大應用的科學家作為主角來介紹；「跨越光譜」涵蓋了所有類型的光都具有的特徵，例如螢光或折射；而「浩瀚宇宙」則是探討光如何存在於太空之中，也討論人類如何駕馭光來看到肉眼所及的範圍之外。\r\n      \r\n 此外，全書運用上百張華麗絢爛的全彩照片和詳細圖示清楚說明各種概念，讓這本絕美好書不論是瀏覽或細讀絕對都令人愛不釋手。\r\n\r\n"}
{"書名":"像差光學概論","書籍網站":"https:\/\/www.kingstone.com.tw\/\/basic\/2013360010723?zone=book&lid=book_class3_ecc&actid=book_class3_ecc","作者":"Virendra N. Mahajan","出版社":"五南      ","ISBN":9789571174266.0,"圖片網址":"https:\/\/cdn.kingstone.com.tw\/book\/images\/product\/20133\/2013360010723\/2013360010723b.jpg","書籍簡介":"\r\n\r\n\r\n\t全書更進一步更新了在直角座標系統中的符號標記和新的主題，包含了光線像差的質心和標準差、初級像差的光點圖(spot diagram)、光學設計的黃金規則、初級像差的二維點光源擴散函數(PSFs)、在光學系統無像差之環狀和高斯孔徑的傳遞函數、環形孔徑的澤尼克(Zernike)多項式和環狀及高斯孔徑其相關的多項式、縱向影像移動對成像的影響、地面天文台的幸運成像以及適應性光學。\r\n\r\n"}
{"書名":"幾何光學：光學原理與設計應用","書籍網站":"https:\/\/www.kingstone.com.tw\/\/basic\/2014713275592?zone=book&lid=book_class3_ecc&actid=book_class3_ecc","作者":"張榮森","出版社":"五南      ","ISBN":9789571162829.0,"圖片網址":"https:\/\/cdn.kingstone.com.tw\/book\/images\/product\/20147\/2014713275592\/2014713275592b.jpg","書籍簡介":"\r\n\r\n傳統變焦距鏡頭的設計是相當困難的工作，本書對變焦系統的結構，利用兩群鏡組式的方法加以分析，可以將其簡化，並同時提出新的變焦鏡頭設計的概念，在新型變焦系統設計的概念用在在兩鏡系統上，可利用變換鏡片的方法達到變化焦距的效果。本書創新之處在於嘗試不同以往伸縮型的變焦鏡頭設計。光學設計是門學問也是門藝術，要完成好的設計需要時間與經驗的累積，雖然傳統光學的理論發展已經相當完備，但其相關應用產品仍然有無窮的潛力，相信未來也將與人們的生活習習相關、趨於便利。\r\n                    \r\n"}
{"書名":"圖解光與雷射應用","書籍網站":"https:\/\/www.kingstone.com.tw\/\/basic\/2013360009734?zone=book&lid=book_class3_ecc&actid=book_class3_ecc","作者":"陳軍","出版社":"世茂      ","ISBN":9789866363283.0,"圖片網址":"https:\/\/cdn.kingstone.com.tw\/book\/images\/product\/20133\/2013360009734\/2013360009734b.jpg","書籍簡介":"\r\n\r\n本書特色在我們的週遭，光可說是無所不在。光與雷射對現代人的生活不可或缺，無論電視、電腦、相機、燈等都是其應用領域。而且無論是四度空間的相對論，還是作為近代物理學基礎的量子力學，乃至研究物質本質的粒子物理學，光在其中都扮演重要的角色。本書便是針對光和備受矚目的雷射相關議題加以說明。第一章從光速談起，再就粒子性、波動性及量子性對光的真正意涵，說明光的本質與性質。第二章介紹利用普通光的透鏡、LED、平面顯示器（液晶顯示、電漿顯示、FED、有機EL），以及太陽能發電等。第三章詳盡解說廣受期待的雷射及雷射共振的原理、特徵，以及氣體雷射、半導體雷射、固體雷射、染料雷射、X光雷射、自由電子雷射等雷射種類。第四章將說明目前光學與雷射的多種應用領域，包括光碟、雷射印表機、光纖、條碼機、曝光步進機等，並對第二諧波、近場光學等加以介紹。除了文字解說，並藉由式子演算與相關圖解，清楚闡釋其涵義。藉由本書，你將對光與雷射不可思議的力量有更深入的認識！\r\n\r\n"}
{"書名":"光學設計達人必修的九堂課","書籍網站":"https:\/\/www.kingstone.com.tw\/\/basic\/2023360009627?zone=book&lid=book_class3_ecc&actid=book_class3_ecc","作者":"黃忠偉","出版社":"五南      ","ISBN":9789571152912.0,"圖片網址":"https:\/\/cdn.kingstone.com.tw\/book\/images\/product\/20233\/2023360009627\/2023360009627b.jpg","書籍簡介":"\r\n\r\n《光學設計達人必修的九堂課》出版主要目的是為了讓每一位對於光學領域有興趣的使用者，能透過圖形化介面(Graphical User Interface, GUI)的光學模擬軟體，進行一系列光學模擬設計與圖表分析。本書主要分為三個部分：第一部份「入門範例操作說明」，經由翻譯FRED原廠(Photon Engineering LLC.)提供的Tutorial教學手冊，由淺入深幫助使用者快速掌握「軟體功能」，即使是沒有使用過光學軟體的初學者，也能輕鬆的上手；第二部份「應用實例」，內容涵蓋原廠所提供的三個案例，也是目前業界實際運用的案例，使用者可輕易的了解業界是如何應用模擬軟體來進行光學設計；第三部份「主題應用白皮書」，取材自原廠對外發佈的白皮書內容，使用者可了解FRED的最新功能及可應用的光學領域。\r\n                    \r\n"}
{"書名":"OSLO快速學習手冊","書籍網站":"https:\/\/www.kingstone.com.tw\/\/basic\/2023360009467?zone=book&lid=book_class3_ecc&actid=book_class3_ecc","作者":"訊技科技編","出版社":"五南      ","ISBN":9789571146621.0,"圖片網址":"https:\/\/cdn.kingstone.com.tw\/book\/images\/product\/20233\/2023360009467\/2023360009467b.jpg","書籍簡介":"\r\n\r\n『OSLO快速學習手冊』主要分為兩部分 ── 第一部分『入門範例操作說明』，內容是翻譯 OSLO 原廠所提供的Tutorial 教學，適合初學者使用，包含 6 個範例，可供 OSLO模擬軟體的使用者練習 (範例內容與OSLO 原廠所提供的Tutorial 相同)，讀者可以對照原廠的Tutorial資料搭配使用。第二部分『常見問題與解答』，內容是『訊技科技公司』歷年來回覆客戶的問題，經過整理彙編後，將最常見的問題，依照『原廠使用手冊』章節順序，依序進行編排，對OSLO模擬軟體稍具概念的讀者而言，可於使用OSLO模擬軟體發生疑問時，提供最快速、最佳的解答。 『訊技科技股份有限公司』自1993年8月成立以來（2002年4月設立上海聯絡處，2003年3月成立『訊技光電科技（上海）有限公司』），便積極投入光電、光通訊──專業軟體代理銷售、檢測儀器代理銷售、專業技術課程培訓、技術顧問服務諮詢、專案項目設計開發、專業技術圖書編譯、……等相關工作，並於2002年7月通過ISO-9001認證，為台灣地區少數管理體制健全、信譽良好、橫跨海峽兩岸之專業高科技服務公司。 \r\n\r\n"}
{"書名":"原子力顯微鏡實作訓練教材","書籍網站":"https:\/\/www.kingstone.com.tw\/\/basic\/2023360009597?zone=book&lid=book_class3_ecc&actid=book_class3_ecc","作者":"吳宗明","出版社":"五南      ","ISBN":9789571146805.0,"圖片網址":"https:\/\/cdn.kingstone.com.tw\/book\/images\/product\/20233\/2023360009597\/2023360009597b.jpg","書籍簡介":"\r\n\r\n奈米科技儀器中，原子力顯微鏡(Atomic Force Microscope，AFM)不僅扮演了強而有力的奈米材料檢測工具，亦可做為奈米加工器具；為使種子教師和一般大眾對奈米科技、AFM原理、操作及應用能有更深入的認識與了解，編撰適合高中、國中小教師學習的「原子力顯微鏡實作訓練」教材書籍，內容包含有光碟片燒錄軌道及奈米碳管的表面型貌觀察等實作課程。相信此本手冊可提供閱讀者詳細且完備的奈米科技教育、AFM原理及實務操作能力等知識，期許達到奈米科技知識傳播及奈米科技教育普及化之目的。 \r\n\r\n"}
{"書名":"光電元件應用要訣","書籍網站":"https:\/\/www.kingstone.com.tw\/\/basic\/2013370042066?zone=book&lid=book_class3_ecc&actid=book_class3_ecc","作者":"建興      ","出版社":"\r\n\r\n立即結帳\r\n","ISBN":9789578170667.0,"圖片網址":"https:\/\/cdn.kingstone.com.tw\/book\/images\/product\/20133\/2013370042066\/2013370042066b.jpg","書籍簡介":"0"}
{"書名":"觀念物理4聲學.光學","書籍網站":"https:\/\/www.kingstone.com.tw\/\/basic\/2015240230559?zone=book&lid=book_class3_ecc&actid=book_class3_ecc","作者":"休伊特","出版社":"天下文化  ","ISBN":9789864795093.0,"圖片網址":"https:\/\/cdn.kingstone.com.tw\/book\/images\/product\/20152\/2015240230559\/2015240230559b.jpg","書籍簡介":"\r\n\r\n\r\n用最清楚的觀念來解析物理，\r\n每一頁都是驚奇！\r\n\r\n\r\n\t想知道蚊子為什麼會發出惱人的嗡嗡聲？\r\n\t為什麼能用超聲波看媽媽肚子裡的小baby？\r\n\t太陽眼鏡為什麼能抵擋強光？\r\n\t浪花為什麼是白色的？\r\n\t北極熊為什麼不怕極地的嚴寒氣候？\r\n\t夜空裡的星星為什麼會一閃一閃？\r\n\r\n\t我們的四周充滿了波與振動，\r\n\t我們所聽見的聲音以及所看見的光線，都是波動的一種，\r\n\t就連五彩繽紛的顏色，也與光的反射、折射等現象息息相關。\r\n\r\n\t想想看，要是沒有聲波與光波，\r\n\t要是光速在所有介質裡傳播得一樣快，\r\n\t我們的世界就不是這麼多彩絢爛，我們就看不到彩虹，\r\n\t甚至看不到藍藍的天、白白的雲；\r\n\t要是一直沒有人了解這些波動的性質，研究聲與光的種種現象，\r\n\t我們今天就不會有望遠鏡、顯微鏡、雷射、光纖、\r\n\t超音速飛機、廣播通訊、CD唱盤等有用的東西了。\r\n\r\n\t《觀念物理4》邀請你帶著輕鬆的心情，拋開公式，\r\n\t親身體會妙用無窮的波動原理！\r\n\r\n"}
{"書名":"探究物理：解譯聲波密碼","書籍網站":"https:\/\/www.kingstone.com.tw\/\/basic\/2013300046638?zone=book&lid=book_class3_ecc&actid=book_class3_ecc","作者":"于今昌  主編","出版社":"麗文文化  ","ISBN":9789577489098.0,"圖片網址":"https:\/\/cdn.kingstone.com.tw\/book\/images\/product\/20133\/2013300046638\/2013300046638b.jpg","書籍簡介":"\r\n\r\n\r\n\t《探究物理》共五冊，分別是《挑戰萬有引力》、《遨遊電子王國》、《解譯聲波密碼》、《駕馭原子世界》和《探索太空奧秘》。本叢書深入淺出地點出了力學、電學、光學、聲學、原子物理學、天體物理學、環境物理學的重點與精髓，是青少年學習和瞭解最新科技知識的良師益友。書中提出的一些懸而未決的疑難問題必將激發出青少年探索物理奧妙的熱情與濃厚興趣。\r\n\r\n"}
{"書名":"透鏡","書籍網站":"https:\/\/www.kingstone.com.tw\/\/basic\/2013360010013?zone=book&lid=book_class3_ecc&actid=book_class3_ecc","作者":"桑幹","出版社":"瑞昇文化  ","ISBN":9789866185731.0,"圖片網址":"https:\/\/cdn.kingstone.com.tw\/book\/images\/product\/20133\/2013360010013\/2013360010013b.jpg","書籍簡介":"\r\n\r\n操縱光的魔法師，讓我們從透鏡看世界認識鏡頭的基本原理，以及眼球與眼鏡之間的作用關係，讓我們進一步瞭解，引領光學技術的透鏡吧！來認識透鏡吧！我們在日常生活中，所使用的眼鏡、相機、影印機、雷射印表機等用品，都組裝了透鏡或鏡子等光學配件。本書從光學的基礎知識到透鏡的基本原理與應用，一應俱全。內容深入淺出，就算沒有理工背景也能輕鬆閱讀，是一本獻給普羅大眾的透鏡入門書。書中精選了各式各樣學習透鏡所必需的知識，除了深入核心向下紮根的解說外，並採用大量彩色圖解幫助理解。本書如果能為各位讀者打開通往透鏡世界的門扉而有所建樹，對筆者而言將是無上的鼓勵。本書特色搭配全彩圖解，專業知識輕鬆學。基礎光學知識解說，簡單認識光的行為模式。眼鏡、放大鏡、望遠鏡……，各種透鏡應用實例全解析！\r\n                    \r\n"}
{"書名":"費曼物理學講義I：力學、輻射與熱(4)光學與輻射","書籍網站":"https:\/\/www.kingstone.com.tw\/\/basic\/2013300038855?zone=book&lid=book_class3_ecc&actid=book_class3_ecc","作者":"理查．費曼","出版社":"天下文化  ","ISBN":9789862167885.0,"圖片網址":"https:\/\/cdn.kingstone.com.tw\/book\/images\/product\/20133\/2013300038855\/2013300038855b.jpg","書籍簡介":"\r\n\r\n物理是最基本且無所不包的一門科學。請看看費曼如何將物理的深奧觀念，化約成簡單易懂的說法。本書的內容包含：■ 幾何光學：探討比光波長大很多的尺度下的光的行為，是一種近似，卻很重要。■ 最短時間原理：光從一點到另一點，會採取需時最短的路徑。■ 電磁輻射：從電與磁的觀點，來看光的行為，光的部分性質因而得到闡釋。■ 干涉：把兩個源所產生的輻射場合併在一起，會發生什麼情況？■ 繞射：無法跟干涉做具體的區別，如果有許多波源，繞射一詞比較常用到。■ 折射率：只要瞭解為何光波在不同物質中的波速會不同，就可以瞭解折射率。■ 光散射：為什麼天空是藍的？為什麼我們看得到雲朵？這些都源自光的散射。■ 偏振：我們要用光的電場是向量這一事實，來研究電場振盪的特別方向。■ 視覺的機制：這個主題展現了物理與其他科學息息相關，非常引人入勝。\r\n                    \r\n"}
{"書名":"光學系統模擬設計","書籍網站":"https:\/\/www.kingstone.com.tw\/\/basic\/2013430001958?zone=book&lid=book_class3_ecc&actid=book_class3_ecc","作者":"黃忠偉","出版社":"五南      ","ISBN":9789571144474.0,"圖片網址":"https:\/\/cdn.kingstone.com.tw\/book\/images\/product\/20134\/2013430001958\/2013430001958b.jpg","書籍簡介":"\r\n\r\n本書主要特色在使用電腦軟體模擬，進行光學系統的設計，有別於一般硬體實驗的觀念；除了成本相對便宜外，軟體的維護，也遠較硬體容易。本書包含10個光學系統的實例，每一個實例都包含原理的解釋、軟體模擬實驗的操作，以及結果討論和問題。書中提到的光學系統實例，都很基礎也很實用，將有助於同學更清楚了解基本原理。全書都屬於基礎型光學系統實驗，包括：１.成像光學系統之鏡頭設計２.雙筒式望遠鏡之稜鏡系統設計３.折射式望遠鏡之膠合透鏡設計４.照明光學系統之積分球設計５.照明光學系統之透鏡陣列設計６.發光二極體之應用範例７.投影機光學系統之導光管設計８.顯示器光學系統之直下型背光模組設計９.顯示器光學系統之PS converter設計10.光纖通訊之耦合系統設計每一個實驗都包含了說明、分析和軟體模擬的部份，俾能讓讀者通盤了解該實驗的原理與應用，並熟悉使用軟體工具進行模擬，以分析及設計該實驗系統的諸項功能。本書未來可以持續進行質的改進與量的增加，不但可以加入更進階的系統模擬實驗項目，也可以加深理論分析的深度與廣度，以期能同時加強讀者對於光學系統的分析與設計能力。\r\n\r\n"}
{"書名":"光的故事：發現第二個愛因斯坦","書籍網站":"https:\/\/www.kingstone.com.tw\/\/basic\/2013360009284?zone=book&lid=book_class3_ecc&actid=book_class3_ecc","作者":"姚福燕","出版社":"可道書房  ","ISBN":9789867386557.0,"圖片網址":"https:\/\/cdn.kingstone.com.tw\/book\/images\/product\/20133\/2013360009284\/2013360009284b.jpg","書籍簡介":"\r\n\r\n真理總是隨著科學的進步而發展。20世紀的物理學、天文學的新成果、新發現向時間的基本觀念提出了挑戰。曾經，人們把時間看做是不依賴於任何其他事物而獨立存在的、無休止地均勻流逝的客體。在中學生數學、物理課本中，時間被表述成一條有起點、有單位、有指向、無始無終的直線，這就是符合人們常識的牛頓「絕對時間」，也是直到20世紀初被普遍接受的科學的時間概念。　　但是，愛因斯坦狹義相對論指出，時間不能脫離宇宙及其事件的觀察者而獨立存在。處於相對勻速運動的不同觀察者，一般對同一事件總會測出不同的時間。例如，相對觀察者作等速運動的鐘比起相對於觀察者靜止的鐘，總是走得慢，鐘的相對速度越大，越接近光速，效應就會越明顯。　　另外，愛因斯坦廣義相對論的一個直接推論是，由於引力場的原因處於地球表面不同高度的時鐘走速不一樣，每升高100公尺，時鐘變快百萬億分之一秒。愛因斯坦相對論的這些預言已經被實驗所驗證。　　相對論和20世紀重大天文發現，比如，銀銀河外星系譜線紅移、微波背景輻射、不同星系上近似的氦豐度提出的「大爆炸」宇宙模型，揭示著這個宇宙必然有開端，並且還可能有終結，即使這種開端和終結只是幾百億年之前和幾百億年之後的事。時間本身也有了開端和終結，這是多麼驚世駭俗的結論！ \r\n\r\n"}
{"書名":"光的故事","書籍網站":"https:\/\/www.kingstone.com.tw\/\/basic\/2013360009154?zone=book&lid=book_class3_ecc&actid=book_class3_ecc","作者":"沈寇維茲","出版社":"貓頭鷹    ","ISBN":9789867415394.0,"圖片網址":"https:\/\/cdn.kingstone.com.tw\/book\/images\/product\/20133\/2013360009154\/2013360009154b.jpg","書籍簡介":"\r\n\r\n天空為什麼是藍的？世界為什麼不是灰的？我們如何感覺到光，並賦予意義？光無所不在，並深深影響我們的一切。沒有光，我們看不見彼此；沒有光，我們也無法存活。光是如此平常，卻又無比詭異；科學家為光的性質爭辯了好幾個世紀，至今仍然難以整合。本書以人類如何感知光開場，探討光的複雜性質與各個面向。從古希臘時期眾哲人的發現與想像，到光在宇宙中之角色的最現代理論；從宇宙到次原子；從光所有多采多姿的謎團，到前景看好的光碟、光纖網路與新科技的應用，作者不僅闡述科學原理，更將科學與美學、科技與藝術緊密交織在一起。印象派畫家強調的光影與數千年來藝術家傑出的畫作，都不再只是藝術，科學也不再只是科學；它們照亮彼此、相互啟發。作者以輕快的散文風表達複雜的科學觀念，又絲毫不會過度簡化，讓外行讀者明瞭最深奧難言的科學題材，將傳達給你光的整體意義，並改變你對世界的觀感。\r\n                    \r\n"}
{"書名":"比光速還快","書籍網站":"https:\/\/www.kingstone.com.tw\/\/basic\/2013360008942?zone=book&lid=book_class3_ecc&actid=book_class3_ecc","作者":"喬奧．馬","出版社":"大塊      ","ISBN":9789867600301.0,"圖片網址":"https:\/\/cdn.kingstone.com.tw\/book\/images\/product\/20133\/2013360008942\/2013360008942b.jpg","書籍簡介":"\r\n\r\n在科學的領域中，人們無止境地爭論，並表達出不同的意見。科學，無非就是試驗新點子進而接受或拒絕的一個過程。 \r\n本書談的是一個知名科學家的VSL（光速改變理論）旅程，他要挑戰的對象是愛因斯坦，而那很有可能會讓一個物理學家丟掉飯碗。從普林斯頓到果亞，從阿斯本到倫敦，這故事向讀者介紹科學家共事的愛憎關係，而這些關係不一定能以喜劇收場。 \r\n書中也說明了一個瘋狂點子如何漸成氣候，以及為何這個瘋點子未必真瘋。 \r\n\r\n"}
{"書名":"光：從細胞到太空","書籍網站":"https:\/\/www.kingstone.com.tw\/\/basic\/2013360008812?zone=book&lid=book_class3_ecc&actid=book_class3_ecc","作者":"班．波法","出版社":"臺灣商務  ","ISBN":9789570518092.0,"圖片網址":"https:\/\/cdn.kingstone.com.tw\/book\/images\/product\/20133\/2013360008812\/2013360008812b.jpg","書籍簡介":"\r\n\r\n\r\n\t「光」如何影響我們的日常作息、從宗教信仰到追求「性」福等生存的面面觀；透過尋求對光的理解，科學家如何構築現今的宇宙知識；人類又是如何在藝術、科學、工業、娛樂、美容、珠寶等範疇上，充分地發揚「光」大？\r\n\r\n\t美國當紅科幻作家，波法博士揭開了「光」那奧妙的面紗，說明從地球初生至今光對生命的影響、探討科學家如何探索光之特質、闡述光如何應用在藝術及科技上，以及當我們遠眺星辰時光在宇宙星球裡扮演了什麼角色。\r\n\r\n\t作者以輕鬆的語調，訴說著光所有令人驚訝、著迷及美妙的特色，這光的故事，就在你我身旁。\r\n\r\n"}
{"書名":"光的故事","書籍網站":"https:\/\/www.kingstone.com.tw\/\/basic\/2013360008782?zone=book&lid=book_class3_ecc&actid=book_class3_ecc","作者":"波寇維茲","出版社":"貓頭鷹    ","ISBN":9789574698837.0,"圖片網址":"https:\/\/cdn.kingstone.com.tw\/book\/images\/product\/20133\/2013360008782\/2013360008782b.jpg","書籍簡介":"\r\n\r\n本書以人類如何感知光開場，探討光的複雜性質與各個面向。從古希臘時期眾哲人的發現與想像，到光在宇宙中之角色的最現代理論；從宇宙到次原子；從光所有多采多姿的謎團，到前景看好的光碟、光纖網路與工業應用，作者不僅闡述科學原理，更將科學與美學、科技與藝術緊密交織在一起。印象派畫家強調的光影、與數千年來藝術家傑出的畫作都不再只是藝術，科學也不再只是科學；它們照亮彼此、相互啟發。 作者以輕快的散文風表達複雜的科學觀念，又絲毫不會過度簡化，讓外行讀者明瞭最深奧難言的科學題材。對於富有好奇心的新世代讀者而言，《光之帝國》正是最佳的通俗科學之作、一本既有趣又有啟發的書；它傳達給你光的整體意義，而這將改變你對世界的觀感。\r\n                    \r\n"}
{"書名":"認識原子核：核物理與放射化學","書籍網站":"https:\/\/www.kingstone.com.tw\/\/basic\/2013390012001?zone=book&lid=book_class3_ecc&actid=book_class3_ecc","作者":"鄭仁蓉","出版社":"世潮      ","ISBN":9789577763136.0,"圖片網址":"https:\/\/cdn.kingstone.com.tw\/book\/images\/product\/20133\/2013390012001\/2013390012001b.jpg","書籍簡介":"\r\n\r\n原子核研究起源於世界第一張X光透視照片－－1895年，倫琴的一張女人手骨的X光透視照片，轟動了當時歐洲的物理學界。1898年，瑪麗˙居里發現物質的放射性﹔1911年，拉塞福提出原子核的概念﹔1932年，科克羅夫特與瓦爾頓建成了世界上首台加速器﹔而天才費米思想的提出，更促成美國製造了世界上首批三顆原子彈。\r\n                    \r\n"}
{"書名":"光的交響曲","書籍網站":"https:\/\/www.kingstone.com.tw\/\/basic\/2013360008522?zone=book&lid=book_class3_ecc&actid=book_class3_ecc","作者":"陳若漪","出版社":"泛亞國際  ","ISBN":9789577205773.0,"圖片網址":"https:\/\/cdn.kingstone.com.tw\/book\/images\/product\/20133\/2013360008522\/2013360008522b.jpg","書籍簡介":"0"}
{"書名":"揭開紫外線的奧秘","書籍網站":"https:\/\/www.kingstone.com.tw\/\/basic\/2013360007990?zone=book&lid=book_class3_ecc&actid=book_class3_ecc","作者":"劉銘龍","出版社":"臺灣地球日","ISBN":9789578614215.0,"圖片網址":"https:\/\/cdn.kingstone.com.tw\/book\/images\/product\/20133\/2013360007990\/2013360007990b.jpg","書籍簡介":"0"}
{"書名":"神奇的光","書籍網站":"https:\/\/www.kingstone.com.tw\/\/basic\/2013390010267?zone=book&lid=book_class3_ecc&actid=book_class3_ecc","作者":"沈鼎昌","出版社":"牛頓      ","ISBN":9789576274701.0,"圖片網址":"https:\/\/cdn.kingstone.com.tw\/book\/images\/product\/20133\/2013390010267\/2013390010267b.jpg","書籍簡介":"\r\n\r\n神奇的光－同步輻射\r\n　同步輻射是一種近年來在世界各地先進國中急劇發展起來的新光源，它被認為是現代光源的一次極重天的進展，為物理學、化學、生物、醫學、藥物學、地質學、材料科學、微電子工業、微加工技術等十分廣泛的科技領域開闢了一個應用的新天地。在本書中，讀者可以看到同步輻射在科技領域中一些有代表性的應用。\r\n\r\n　對於陌生的讀者，本書是一份很好的通俗介紹，即使對專業的科技工作者說，它也將把他們帶到當代科技發展的前緣，對於開拓視野、活躍思想和促進科學的交叉融合是大有益處的。\r\n                    \r\n"}
{"書名":"光放大器與其應用","書籍網站":"https:\/\/www.kingstone.com.tw\/\/basic\/2013360007860?zone=book&lid=book_class3_ecc&actid=book_class3_ecc","作者":"賴耿陽","出版社":"復文書局  ","ISBN":9789578564466.0,"圖片網址":"https:\/\/cdn.kingstone.com.tw\/book\/images\/product\/20133\/2013360007860\/2013360007860b.jpg","書籍簡介":"0"}
{"書名":"雷射光工學","書籍網站":"https:\/\/www.kingstone.com.tw\/\/basic\/2013360007600?zone=book&lid=book_class3_ecc&actid=book_class3_ecc","作者":"賴耿陽","出版社":"復文書局  ","ISBN":9789578564428.0,"圖片網址":"https:\/\/cdn.kingstone.com.tw\/book\/images\/product\/20133\/2013360007600\/2013360007600b.jpg","書籍簡介":"0"}
{"書名":"紅外線工學基礎應用","書籍網站":"https:\/\/www.kingstone.com.tw\/\/basic\/2013360007730?zone=book&lid=book_class3_ecc&actid=book_class3_ecc","作者":"賴耿陽","出版社":"復文書局  ","ISBN":9789578564480.0,"圖片網址":"https:\/\/cdn.kingstone.com.tw\/book\/images\/product\/20133\/2013360007730\/2013360007730b.jpg","書籍簡介":"0"}
{"書名":"光學篇","書籍網站":"https:\/\/www.kingstone.com.tw\/\/basic\/2015210236727?zone=book&lid=book_class3_ecc&actid=book_class3_ecc","作者":"建宏      ","出版社":"停售","ISBN":null,"圖片網址":"https:\/\/cdn.kingstone.com.tw\/book\/images\/product\/20152\/2015210236727\/2015210236727b.jpg","書籍簡介":"0"}
{"書名":"光學","書籍網站":"https:\/\/www.kingstone.com.tw\/\/basic\/2015210525371?zone=book&lid=book_class3_ecc&actid=book_class3_ecc","作者":"黃亮","出版社":"建宏      ","ISBN":null,"圖片網址":"https:\/\/cdn.kingstone.com.tw\/book\/images\/product\/20152\/2015210525371\/2015210525371b.jpg","書籍簡介":"0"}
{"書名":"光譜學簡介","書籍網站":"https:\/\/www.kingstone.com.tw\/\/basic\/2013360000106?zone=book&lid=book_class3_ecc&actid=book_class3_ecc","作者":"旋風      ","出版社":"停售","ISBN":null,"圖片網址":"https:\/\/cdn.kingstone.com.tw\/book\/images\/product\/20133\/2013360000106\/2013360000106b.jpg","書籍簡介":"0"}
{"書名":"光學與光學儀器","書籍網站":"https:\/\/www.kingstone.com.tw\/\/basic\/2013360000236?zone=book&lid=book_class3_ecc&actid=book_class3_ecc","作者":"徐氏文教  ","出版社":"停售","ISBN":null,"圖片網址":"https:\/\/cdn.kingstone.com.tw\/book\/images\/product\/20133\/2013360000236\/2013360000236b.jpg","書籍簡介":"0"}
{"書名":"光學儀器叢書","書籍網站":"https:\/\/www.kingstone.com.tw\/\/basic\/2013360000366?zone=book&lid=book_class3_ecc&actid=book_class3_ecc","作者":"徐氏文教  ","出版社":"停售","ISBN":null,"圖片網址":"https:\/\/cdn.kingstone.com.tw\/book\/images\/product\/20133\/2013360000366\/2013360000366b.jpg","書籍簡介":"0"}
{"書名":"光學原理","書籍網站":"https:\/\/www.kingstone.com.tw\/\/basic\/2013360000496?zone=book&lid=book_class3_ecc&actid=book_class3_ecc","作者":"徐氏文教  ","出版社":"停售","ISBN":null,"圖片網址":"https:\/\/cdn.kingstone.com.tw\/book\/images\/product\/20133\/2013360000496\/2013360000496b.jpg","書籍簡介":"0"}
{"書名":"眼用光學鏡片","書籍網站":"https:\/\/www.kingstone.com.tw\/\/basic\/2013360000526?zone=book&lid=book_class3_ecc&actid=book_class3_ecc","作者":"徐氏文教  ","出版社":"停售","ISBN":null,"圖片網址":"https:\/\/cdn.kingstone.com.tw\/book\/images\/product\/20133\/2013360000526\/2013360000526b.jpg","書籍簡介":"0"}
{"書名":"有機光譜分析","書籍網站":"https:\/\/www.kingstone.com.tw\/\/basic\/2013360000786?zone=book&lid=book_class3_ecc&actid=book_class3_ecc","作者":"自然科學  ","出版社":"停售","ISBN":null,"圖片網址":"https:\/\/cdn.kingstone.com.tw\/book\/images\/product\/20133\/2013360000786\/2013360000786b.jpg","書籍簡介":"0"}
{"書名":"奇異的光","書籍網站":"https:\/\/www.kingstone.com.tw\/\/basic\/2013360000816?zone=book&lid=book_class3_ecc&actid=book_class3_ecc","作者":"幼獅文化  ","出版社":"停售","ISBN":null,"圖片網址":"https:\/\/cdn.kingstone.com.tw\/book\/images\/product\/20133\/2013360000816\/2013360000816b.jpg","書籍簡介":"0"}
{"書名":"光電控制模型","書籍網站":"https:\/\/www.kingstone.com.tw\/\/basic\/2013360001028?zone=book&lid=book_class3_ecc&actid=book_class3_ecc","作者":"華聯      ","出版社":"停售","ISBN":null,"圖片網址":"https:\/\/cdn.kingstone.com.tw\/book\/images\/product\/20133\/2013360001028\/2013360001028b.jpg","書籍簡介":"0"}
{"書名":"光學模型製作實驗","書籍網站":"https:\/\/www.kingstone.com.tw\/\/basic\/2013360001158?zone=book&lid=book_class3_ecc&actid=book_class3_ecc","作者":"華聯      ","出版社":"停售","ISBN":null,"圖片網址":"https:\/\/cdn.kingstone.com.tw\/book\/images\/product\/20133\/2013360001158\/2013360001158b.jpg","書籍簡介":"0"}
{"書名":"實用光學與工程","書籍網站":"https:\/\/www.kingstone.com.tw\/\/basic\/2013360001578?zone=book&lid=book_class3_ecc&actid=book_class3_ecc","作者":"徐氏文教  ","出版社":"停售","ISBN":null,"圖片網址":"https:\/\/cdn.kingstone.com.tw\/book\/images\/product\/20133\/2013360001578\/2013360001578b.jpg","書籍簡介":"0"}
{"書名":"實用光學與工程","書籍網站":"https:\/\/www.kingstone.com.tw\/\/basic\/2013360001738?zone=book&lid=book_class3_ecc&actid=book_class3_ecc","作者":"徐氏文教  ","出版社":"停售","ISBN":null,"圖片網址":"https:\/\/cdn.kingstone.com.tw\/book\/images\/product\/20133\/2013360001738\/2013360001738b.jpg","書籍簡介":"0"}
{"書名":"工業光學","書籍網站":"https:\/\/www.kingstone.com.tw\/\/basic\/2013360001998?zone=book&lid=book_class3_ecc&actid=book_class3_ecc","作者":"徐氏文教  ","出版社":"停售","ISBN":null,"圖片網址":"https:\/\/cdn.kingstone.com.tw\/book\/images\/product\/20133\/2013360001998\/2013360001998b.jpg","書籍簡介":"0"}
{"書名":"工業上的光學配置","書籍網站":"https:\/\/www.kingstone.com.tw\/\/basic\/2013360002100?zone=book&lid=book_class3_ecc&actid=book_class3_ecc","作者":"徐氏文教  ","出版社":"停售","ISBN":null,"圖片網址":"https:\/\/cdn.kingstone.com.tw\/book\/images\/product\/20133\/2013360002100\/2013360002100b.jpg","書籍簡介":"0"}
{"書名":"光學與波動","書籍網站":"https:\/\/www.kingstone.com.tw\/\/basic\/2013360002360?zone=book&lid=book_class3_ecc&actid=book_class3_ecc","作者":"張壽彭校閱","出版社":"徐氏文教  ","ISBN":null,"圖片網址":"https:\/\/cdn.kingstone.com.tw\/book\/images\/product\/20133\/2013360002360\/2013360002360b.jpg","書籍簡介":"0"}
{"書名":"隱形人的科學","書籍網站":"https:\/\/www.kingstone.com.tw\/\/basic\/2013360002520?zone=book&lid=book_class3_ecc&actid=book_class3_ecc","作者":"鄭木海","出版社":"銀禾文化  ","ISBN":null,"圖片網址":"https:\/\/cdn.kingstone.com.tw\/book\/images\/product\/20133\/2013360002520\/2013360002520b.jpg","書籍簡介":"0"}
{"書名":"偏振光","書籍網站":"https:\/\/www.kingstone.com.tw\/\/basic\/2013360002780?zone=book&lid=book_class3_ecc&actid=book_class3_ecc","作者":"科學圖書社","出版社":"停售","ISBN":null,"圖片網址":"https:\/\/cdn.kingstone.com.tw\/book\/images\/product\/20133\/2013360002780\/2013360002780b.jpg","書籍簡介":"0"}
{"書名":"雷射光趣談","書籍網站":"https:\/\/www.kingstone.com.tw\/\/basic\/2013360002940?zone=book&lid=book_class3_ecc&actid=book_class3_ecc","作者":"修奈德","出版社":"世茂      ","ISBN":null,"圖片網址":"https:\/\/cdn.kingstone.com.tw\/book\/images\/product\/20133\/2013360002940\/2013360002940b.jpg","書籍簡介":"0"}
{"書名":"光纖工學","書籍網站":"https:\/\/www.kingstone.com.tw\/\/basic\/2013360003312?zone=book&lid=book_class3_ecc&actid=book_class3_ecc","作者":"復文書局  ","出版社":"停售","ISBN":null,"圖片網址":"https:\/\/cdn.kingstone.com.tw\/book\/images\/product\/20133\/2013360003312\/2013360003312b.jpg","書籍簡介":"0"}
{"書名":"雷射一80年代的超級工","書籍網站":"https:\/\/www.kingstone.com.tw\/\/basic\/2013360003572?zone=book&lid=book_class3_ecc&actid=book_class3_ecc","作者":"牛頓      ","出版社":"停售","ISBN":null,"圖片網址":"https:\/\/cdn.kingstone.com.tw\/book\/images\/product\/20133\/2013360003572\/2013360003572b.jpg","書籍簡介":"0"}
{"書名":"光纖特性與應用","書籍網站":"https:\/\/www.kingstone.com.tw\/\/basic\/2013360003732?zone=book&lid=book_class3_ecc&actid=book_class3_ecc","作者":"吳順政","出版社":"全華      ","ISBN":null,"圖片網址":"https:\/\/cdn.kingstone.com.tw\/book\/images\/product\/20133\/2013360003732\/2013360003732b.jpg","書籍簡介":"0"}
{"書名":"光學工藝","書籍網站":"https:\/\/www.kingstone.com.tw\/\/basic\/2013360003992?zone=book&lid=book_class3_ecc&actid=book_class3_ecc","作者":"吳謀泰","出版社":"徐氏文教  ","ISBN":null,"圖片網址":"https:\/\/cdn.kingstone.com.tw\/book\/images\/product\/20133\/2013360003992\/2013360003992b.jpg","書籍簡介":"0"}
{"書名":"雷射","書籍網站":"https:\/\/www.kingstone.com.tw\/\/basic\/2013390005300?zone=book&lid=book_class3_ecc&actid=book_class3_ecc","作者":"正中書局  ","出版社":"停售","ISBN":null,"圖片網址":"https:\/\/cdn.kingstone.com.tw\/book\/images\/product\/20133\/2013390005300\/2013390005300b.jpg","書籍簡介":"0"}
{"書名":"時光機的故事","書籍網站":"https:\/\/www.kingstone.com.tw\/\/basic\/2013360007280?zone=book&lid=book_class3_ecc&actid=book_class3_ecc","作者":"張鏡澄審定","出版社":"銀禾文化  ","ISBN":9789575682484.0,"圖片網址":"https:\/\/cdn.kingstone.com.tw\/book\/images\/product\/20133\/2013360007280\/2013360007280b.jpg","書籍簡介":"0"}
{"書名":"薄膜光學：電腦輔助模擬與分析","書籍網站":"https:\/\/www.kingstone.com.tw\/\/basic\/2013360007440?zone=book&lid=book_class3_ecc&actid=book_class3_ecc","作者":"葉倍宏編著","出版社":"復文書局  ","ISBN":9789578564091.0,"圖片網址":"https:\/\/cdn.kingstone.com.tw\/book\/images\/product\/20133\/2013360007440\/2013360007440b.jpg","書籍簡介":"0"}
{"書名":"雷射光學基礎","書籍網站":"https:\/\/www.kingstone.com.tw\/\/basic\/2013360005996?zone=book&lid=book_class3_ecc&actid=book_class3_ecc","作者":"賴耿陽編撰","出版社":"復漢      ","ISBN":null,"圖片網址":"https:\/\/cdn.kingstone.com.tw\/book\/images\/product\/20133\/2013360005996\/2013360005996b.jpg","書籍簡介":"0"}
{"書名":"光學","書籍網站":"https:\/\/www.kingstone.com.tw\/\/basic\/2013360007150?zone=book&lid=book_class3_ecc&actid=book_class3_ecc","作者":"趙凱華","出版社":"儒林圖書  ","ISBN":9789576523717.0,"圖片網址":"https:\/\/cdn.kingstone.com.tw\/book\/images\/product\/20133\/2013360007150\/2013360007150b.jpg","書籍簡介":"0"}
{"書名":"幾何光學","書籍網站":"https:\/\/www.kingstone.com.tw\/\/basic\/2013360006948?zone=book&lid=book_class3_ecc&actid=book_class3_ecc","作者":"耿繼業編著","出版社":"全欣      ","ISBN":null,"圖片網址":"https:\/\/cdn.kingstone.com.tw\/book\/images\/product\/20133\/2013360006948\/2013360006948b.jpg","書籍簡介":"0"}
{"書名":"雷射原理教程","書籍網站":"https:\/\/www.kingstone.com.tw\/\/basic\/2013390008356?zone=book&lid=book_class3_ecc&actid=book_class3_ecc","作者":"沈柯","出版社":"亞東書局  ","ISBN":null,"圖片網址":"https:\/\/cdn.kingstone.com.tw\/book\/images\/product\/20133\/2013390008356\/2013390008356b.jpg","書籍簡介":"0"}
{"書名":"光科學及其材料","書籍網站":"https:\/\/www.kingstone.com.tw\/\/basic\/2013360006498?zone=book&lid=book_class3_ecc&actid=book_class3_ecc","作者":"蘇品書","出版社":"復漢      ","ISBN":null,"圖片網址":"https:\/\/cdn.kingstone.com.tw\/book\/images\/product\/20133\/2013360006498\/2013360006498b.jpg","書籍簡介":"0"}
{"書名":"光碟技術入門","書籍網站":"https:\/\/www.kingstone.com.tw\/\/basic\/2013360006368?zone=book&lid=book_class3_ecc&actid=book_class3_ecc","作者":"全華      ","出版社":"停售","ISBN":null,"圖片網址":"https:\/\/cdn.kingstone.com.tw\/book\/images\/product\/20133\/2013360006368\/2013360006368b.jpg","書籍簡介":"0"}
{"書名":"非線形雷射光學","書籍網站":"https:\/\/www.kingstone.com.tw\/\/basic\/2013360006108?zone=book&lid=book_class3_ecc&actid=book_class3_ecc","作者":"賴耿陽","出版社":"復漢      ","ISBN":null,"圖片網址":"https:\/\/cdn.kingstone.com.tw\/book\/images\/product\/20133\/2013360006108\/2013360006108b.jpg","書籍簡介":"0"}
{"書名":"非線形雷射光學","書籍網站":"https:\/\/www.kingstone.com.tw\/\/basic\/2023360006121?zone=book&lid=book_class3_ecc&actid=book_class3_ecc","作者":"賴耿陽","出版社":"復漢      ","ISBN":null,"圖片網址":"https:\/\/cdn.kingstone.com.tw\/book\/images\/product\/20233\/2023360006121\/2023360006121b.jpg","書籍簡介":"0"}
{"書名":"光學小百科","書籍網站":"https:\/\/www.kingstone.com.tw\/\/basic\/2013360005736?zone=book&lid=book_class3_ecc&actid=book_class3_ecc","作者":"牛頓      ","出版社":"停售","ISBN":null,"圖片網址":"https:\/\/cdn.kingstone.com.tw\/book\/images\/product\/20133\/2013360005736\/2013360005736b.jpg","書籍簡介":"0"}
{"書名":"光學小百科","書籍網站":"https:\/\/www.kingstone.com.tw\/\/basic\/2013360005866?zone=book&lid=book_class3_ecc&actid=book_class3_ecc","作者":"牛頓      ","出版社":"停售","ISBN":null,"圖片網址":"https:\/\/cdn.kingstone.com.tw\/book\/images\/product\/20133\/2013360005866\/2013360005866b.jpg","書籍簡介":"0"}
{"書名":"雷射光學技術","書籍網站":"https:\/\/www.kingstone.com.tw\/\/basic\/2023360005919?zone=book&lid=book_class3_ecc&actid=book_class3_ecc","作者":"賴耿陽","出版社":"復漢      ","ISBN":null,"圖片網址":"https:\/\/cdn.kingstone.com.tw\/book\/images\/product\/20233\/2023360005919\/2023360005919b.jpg","書籍簡介":"0"}
{"書名":"近代光學","書籍網站":"https:\/\/www.kingstone.com.tw\/\/basic\/2023360005629?zone=book&lid=book_class3_ecc&actid=book_class3_ecc","作者":"李冠卿","出版社":"聯經      ","ISBN":null,"圖片網址":"https:\/\/cdn.kingstone.com.tw\/book\/images\/product\/20233\/2023360005629\/2023360005629b.jpg","書籍簡介":"0"}
{"書名":"光學","書籍網站":"https:\/\/www.kingstone.com.tw\/\/basic\/2013360005576?zone=book&lid=book_class3_ecc&actid=book_class3_ecc","作者":"張阜權","出版社":"亞東書局  ","ISBN":null,"圖片網址":"https:\/\/cdn.kingstone.com.tw\/book\/images\/product\/20133\/2013360005576\/2013360005576b.jpg","書籍簡介":"0"}
{"書名":"光電科技入門講座","書籍網站":"https:\/\/www.kingstone.com.tw\/\/basic\/2013360006078?zone=book&lid=book_class3_ecc&actid=book_class3_ecc","作者":"無線電界  ","出版社":"停售","ISBN":null,"圖片網址":"https:\/\/cdn.kingstone.com.tw\/book\/images\/product\/20133\/2013360006078\/2013360006078b.jpg","書籍簡介":"0"}
{"書名":"實用通俗光學","書籍網站":"https:\/\/www.kingstone.com.tw\/\/basic\/2013360005316?zone=book&lid=book_class3_ecc&actid=book_class3_ecc","作者":"徐氏文教  ","出版社":"停售","ISBN":null,"圖片網址":"https:\/\/cdn.kingstone.com.tw\/book\/images\/product\/20133\/2013360005316\/2013360005316b.jpg","書籍簡介":"0"}
{"書名":"宇宙射線與基本粒子","書籍網站":"https:\/\/www.kingstone.com.tw\/\/basic\/2013390007274?zone=book&lid=book_class3_ecc&actid=book_class3_ecc","作者":"舒芸生","出版社":"亞東書局  ","ISBN":null,"圖片網址":"https:\/\/cdn.kingstone.com.tw\/book\/images\/product\/20133\/2013390007274\/2013390007274b.jpg","書籍簡介":"0"}
{"書名":"幾何光學","書籍網站":"https:\/\/www.kingstone.com.tw\/\/basic\/2013360005026?zone=book&lid=book_class3_ecc&actid=book_class3_ecc","作者":"張弘","出版社":"東華      ","ISBN":null,"圖片網址":"https:\/\/cdn.kingstone.com.tw\/book\/images\/product\/20133\/2013360005026\/2013360005026b.jpg","書籍簡介":"0"}
{"書名":"奇妙的光","書籍網站":"https:\/\/www.kingstone.com.tw\/\/basic\/2023360004707?zone=book&lid=book_class3_ecc&actid=book_class3_ecc","作者":"牛頓      ","出版社":"停售","ISBN":null,"圖片網址":"https:\/\/cdn.kingstone.com.tw\/book\/images\/product\/20233\/2023360004707\/2023360004707b.jpg","書籍簡介":"0"}
{"書名":"有機光譜學","書籍網站":"https:\/\/www.kingstone.com.tw\/\/basic\/2023360004417?zone=book&lid=book_class3_ecc&actid=book_class3_ecc","作者":"徐氏文教  ","出版社":"停售","ISBN":null,"圖片網址":"https:\/\/cdn.kingstone.com.tw\/book\/images\/product\/20233\/2023360004417\/2023360004417b.jpg","書籍簡介":"0"}
{"書名":"幾何光學","書籍網站":"https:\/\/www.kingstone.com.tw\/\/basic\/2013360004234?zone=book&lid=book_class3_ecc&actid=book_class3_ecc","作者":"復漢      ","出版社":"停售","ISBN":null,"圖片網址":"https:\/\/cdn.kingstone.com.tw\/book\/images\/product\/20133\/2013360004234\/2013360004234b.jpg","書籍簡介":"0"}
{"書名":"雷射原理與應用","書籍網站":"https:\/\/www.kingstone.com.tw\/\/basic\/2013390006772?zone=book&lid=book_class3_ecc&actid=book_class3_ecc","作者":"林三寶","出版社":"全華      ","ISBN":null,"圖片網址":"https:\/\/cdn.kingstone.com.tw\/book\/images\/product\/20133\/2013390006772\/2013390006772b.jpg","書籍簡介":"0"}
