{"書名":"跨平台網站開發利器 Ext JS","書籍網站":"https:\/\/www.kingstone.com.tw\/\/basic\/2013120458741?zone=book&lid=search&actid=WISE&kw=Ext%20JS&pi=0","作者":"徐會生","出版社":"上奇科技  ","ISBN":9789865000875,"圖片網址":"https:\/\/cdn.kingstone.com.tw\/book\/images\/product\/20131\/2013120458741\/2013120458741b.jpg","書籍簡介":"\r\n\r\n\r\n\tExt JS是一套豐的客戶端框架，以JavaScript、CSS 和HT ML為基礎實現，與主流瀏覽器完全相容，並且無須安裝任何外掛程式。\r\n\r\n\t本書完整闡述Ext JS使用方式，包含事件、元件、表格、表單和輸入控制項、樹形結構、工具列與功能表、資料存儲和傳輸、外掛程式、拖放、實用工具等內容，各項重點都配有相對應的範例。提供了兩個功能強大的完整案例來幫助讀者理解相關重點。\r\n\r\n本書特色\r\n\r\n\tExt JS專家力作，範例豐富，理論與實踐並重。\r\n\t詳細講解功能特性、使用方法與開發技巧，讓讀者對Ext JS瞭若指掌。\r\n\r\n"}
{"書名":"Ext JS實際演練－使用Visual Studio","書籍網站":"https:\/\/www.kingstone.com.tw\/\/basic\/2013120442832?zone=book&lid=search&actid=WISE&kw=Ext%20JS&pi=0","作者":"黃燈橋","出版社":"佳魁      ","ISBN":9789863795544,"圖片網址":"https:\/\/cdn.kingstone.com.tw\/book\/images\/product\/20131\/2013120442832\/2013120442832b.jpg","書籍簡介":"\r\n\r\n\r\n\tExt JS 是一種跨平台的框架，幾乎不經任何修改就能移轉到不同的開發平台，這也是Ext JS 的魅力所在。\r\n\r\n\t本書以一個簡單的CMS系統開發為範例，詳細說明Ext JS 的使用，同時也展示Ext JS 開發的一種最佳模式；並融入作者使用Ext JS進行開發的實際經驗。\r\n\r\n\t希望能帶給讀者全新的Ext JS 開發體驗，對於使用C# 平台進行開發的讀者也會有所幫助。\r\n\r\n\t適合：Ext JS用戶端開發人員、初學者，或大專院校、教育訓練中心等相關科系的師生參考。\r\n\r\n"}
{"書名":"Sencha Ext JS 5 Bootcamp in a Book","書籍網站":"https:\/\/www.kingstone.com.tw\/\/basic\/203c509162737?zone=english&lid=search&actid=WISE&kw=Ext%20JS&pi=0","作者":"Drucker, Steve","出版社":"Ingrem","ISBN":9781511659581,"圖片網址":"https:\/\/cdn.kingstone.com.tw\/english\/images\/product\/9581\/9781511659581.jpg","書籍簡介":"0"}
{"書名":"Ext Js in Action","書籍網站":"https:\/\/www.kingstone.com.tw\/\/basic\/203c308709082?zone=english&lid=search&actid=WISE&kw=Ext%20JS&pi=0","作者":"Garcia, Jesus","出版社":"Manning     ","ISBN":9781617290329,"圖片網址":"https:\/\/cdn.kingstone.com.tw\/english\/images\/product\/0329\/9781617290329.jpg","書籍簡介":"\r\n\r\nSummary Ext JS in Action, Second Edition teaches Ext JS from the ground up. You'll start with a quick overview of the framework and then explore the core components by diving into complete examples, engaging illustrations, and crisp, straightforward explanations. You'll feel like you have an expert guide right at your elbow teaching you important Ext techniques and offering insight into its inner workings. Along the way, you'll learn the best practices for building and scaling full-featured web applications, including how to customize and build Ext widgets. Fully revised for Ext JS 4.0. About this Book Ext JS is a mature JavaScript web application framework that provides modern UI widgets and an advanced MVC architecture. It helps you manage tedious boilerplate and minimize hand-coded HTML and browser incompatibilities. Ext JS in Action, Second Edition starts with a quick overview of the framework and then explores the core components by diving into complete examples, engaging illustrations, and clear explanations. You'll feel like you have an expert guide at your elbow as you learn the best practices for building and scaling full-featured web applications. A working knowledge of JavaScript is assumed. No prior experience with Ext JS is required. Purchase of the print book includes a free eBook in PDF, Kindle, and ePub formats from Manning Publications. What's InsideBuilding professional web apps with Ext JSStamping out DOM fragments with templatesCustomizing and building Ext widgetsMasterful UI designFully revised for Ext JS version 4.0About the Authors Jay Garcia is a well-known member of the Ext JS community and a contributor to the framework. He wrote Sencha Touch in Action. Grgur Grisogono founded SourceDevCon in London, UK and Split, Croatia. Jacob Andresen is a consultant specializing in large scale internet applications. Table of ContentsPART 1 INTRODUCTION TO EXT JS 4.0A framework apartDOM manipulationComponents and containersPART 2 EXT JS COMPONENTSCore UI componentsExploring layouts Forms in Ext JSThe data storeThe grid panelTaking root with treesDrawing and chartingRemote method invocation with Ext DirectDrag-and-dropPART 3 BUILDING AN APPLICATIONClass system foundationsBuilding an application\r\n                    \r\n"}
{"書名":"活用Ext JS玩轉Javascript程式","書籍網站":"https:\/\/www.kingstone.com.tw\/\/basic\/2013120358850?zone=book&lid=search&actid=WISE&kw=Ext%20JS&pi=0","作者":"徐會生","出版社":"上奇科技  ","ISBN":9789863755555,"圖片網址":"https:\/\/cdn.kingstone.com.tw\/book\/images\/product\/20131\/2013120358850\/2013120358850b.jpg","書籍簡介":"\r\n\r\n\r\n\t本書涵蓋了Ext JS4.2的所有最新特性，比如無需Flash支援的繪圖功能、各種圖表功能、動態刷新的表格滾動視圖外掛程式、表格鎖定外掛程式、MVC架構和自動載入腳本功能…等。\r\n\r\n\t書中詳細地講述了Ext的事件、元件、表格、表單和輸入控制項、樹形結構、佈局、快顯視窗、工具列和功能表、資料存儲和傳輸、使用者擴展和外掛程式、拖放、實用工具等內容，每個重點都配有相對應的範例，同時還提供了兩個功能強大的完整案例來幫助讀者理解相關重點。\r\n\r\n"}
{"書名":"Pro Ext Js 4","書籍網站":"https:\/\/www.kingstone.com.tw\/\/basic\/203c308444241?zone=english&lid=search&actid=WISE&kw=Ext%20JS&pi=0","作者":"Akarte,chetankumar","出版社":"Apress      ","ISBN":9781430248248,"圖片網址":"https:\/\/cdn.kingstone.com.tw\/english\/images\/product\/8248\/9781430248248.jpg","書籍簡介":"0"}
{"書名":"Ext JS in Action","書籍網站":"https:\/\/www.kingstone.com.tw\/\/basic\/203c308767984?zone=english&lid=search&actid=WISE&kw=Ext%20JS&pi=0","作者":"Garcia, Jesus","出版社":"Manning     ","ISBN":9781935182115,"圖片網址":"https:\/\/cdn.kingstone.com.tw\/english\/images\/product\/2115\/9781935182115.jpg","書籍簡介":"\r\n\r\nExt JS, a cross-browser JavaScript library for building Rich Internet Applications (RIA), has emerged from the mix of JavaScript frameworks, libraries and object-oriented development techniques as a one of the clear leaders. Ext JS combines an extensive library of super-high-quality widgets, an intuitive, extensible component model, and an easy-to-use API to create a full, rock-solid platform for JavaScript-based web apps. Ext JS has been adopted by such household names as Adobe, Aetna, Amazon.com, Best Buy Hallmark, Panasonic, Pixar Animation Studios, Siemens, Sony, and Visa. Ext JS in Action teaches the reader about Ext from the ground up. By following the common design patterns demonstrated in the Ext source and in many commercial applications, the book teaches you to achieve the same results you see in world-class commercial JavaScript applications. This book will guide you through the Ext component model and layouts. You'll learn how core components, such as the Container class, serve as building blocks for building complex user interfaces. The book fully covers Ext utility classes, AJAX, Observable (the Ext events model), DOM helpers and Function Helpers and illustrates how use of JavaScript Object Notation (JSON), a powerful and lightweight data format, can allow your application to efficiently communicate over the network to the web server. Finally, you'll build on this foundation to customize or extend Ext widgets. Ext JS in Action assumes that you have a solid foundation in JavaScript, but requires no previous exposure to Ext JS.  Purchase of the print book comes with an offer of a free PDF, ePub, and Kindle eBook from Manning. Also available is all code from the book.\r\n                    \r\n"}
{"書名":"Practical Ext JS Projects With Gears","書籍網站":"https:\/\/www.kingstone.com.tw\/\/basic\/203c308443619?zone=english&lid=search&actid=WISE&kw=Ext%20JS&pi=0","作者":"Zammetti, Frank W.","出版社":"Apress      ","ISBN":9781430219248,"圖片網址":"https:\/\/cdn.kingstone.com.tw\/english\/images\/product\/9248\/9781430219248.jpg","書籍簡介":"\r\n\r\nDiscover Ext JS, one of today's most powerful and highly regarded JavaScript frameworks, with perhaps the best set of GUI widgets around, and a whole host of components that make developing client-side applications a breeze. Using a pragmatic approach, you'll dissect seven full-fledged applications, covering How Ext JS allows you to create these applications with a slick user interface with a minimum of effort  How the other parts of Ext JS aside from the GUI widgets provide many of the capabilities modern applications need, such as Ajax and data mechanisms  How other technologies such as Gears can be brought in to make the applications more powerful\r\n                    \r\n"}
{"書名":"Ext JS 架構原理與應用實例大全","書籍網站":"https:\/\/www.kingstone.com.tw\/\/basic\/2013120124219?zone=book&lid=search&actid=WISE&kw=Ext%20JS&pi=0","作者":"彭仁夔","出版社":"博碩文化  ","ISBN":9789862013526,"圖片網址":"https:\/\/cdn.kingstone.com.tw\/book\/images\/product\/20131\/2013120124219\/2013120124219b.jpg","書籍簡介":"\r\n\r\nExt JS是一款非常優秀的JavaScript框架，不但能方便地撰寫優美絢麗的Web應用系統，而且原始碼架構的設計及實作也令人叫絕。本書全面講解Ext JS原始碼分析和開發實例，全書分為4個部分，共17章。內容注重Ext JS優美程式碼的分析和應用，藉由閱讀詳實的程式，能夠大幅提升撰寫的品質。各部分的具體內容如下：第1部分 快速入門，包括第1章和第2章。入門部分針對Ext JS進行一個整體的概述，讓讀者從宏觀角度掌握整個Ext JS架構。其中有宏觀概述和實例入門兩章，第1章藉由理論性的圖表及文字瀏覽Ext JS整體及其相關的體系結構；第2章則是帶領著讀者，透過實作一範例綜覽整個Ext JS的功能應用。讀者不僅能從理論上掌握Ext JS，還能從實例中瞭解Ext JS。第2部分 核心技術，包括第3章～第6章。核心部分介紹Ext JS的核心基礎知識，包含一種機制、兩個模型與六個擴展。機制指的是事件機制，Ext JS事件不僅擴充瀏覽器的事件機制，同時還以觀察者模式建構元件事件機制(第4章介紹)。兩個模型分別是範本模型和資料模型，Ext JS的顯示模組化和資料分離化就是透過這兩個模型完成的，分別在第5章和第6章介紹。六個擴展指的是Ext JS對JavaScript中的類別、函數、字串、日期、陣列及定時任務進行了擴充，說明於第3章。第3部分 基於元素的開發，包括第7章～第10章。此部分介紹Ext JS元素的相關知識，Ext JS元素擴充了瀏覽器的DOM元素，它有三個基本應用和兩個效果。三個基本應用分別是元素操作、元素找尋和元素樣式，分述於第7章和第8章。兩個效果為動畫特效和拖曳實作，第9章和第10章深入淺出地分析其原理、機制及擴展應用第4部分 深入元件的開發，包括第11章～第17章。元件部分是Ext JS的重點，所有應用都是圍繞著元件而完成的，若想學好Ext JS，需先學會元件。此部分分成一個佈局、兩個模型與四大元件。佈局是排列頁面的內容，Ext JS在“Div+CSS”及Table佈局的基礎上提供更進階的佈局方式，詳述於第13章。兩個模型指的是元件模型和容器模型，所有元件都遵循元件模型，擁有元件的生命週期(說明於第11章)；容器模型是建構存放和佈局元件的容器(講解於第12章)。Ext JS的四大元件包含Form元件、Grid元件、Tree元件和Menu元件，在第14章~第17章有詳盡的分析與講解。\r\n                    \r\n"}
{"書名":"Ext JS開發實戰：次世代Ajax解決方案","書籍網站":"https:\/\/www.kingstone.com.tw\/\/basic\/2014713139481?zone=book&lid=search&actid=WISE&kw=Ext%20JS&pi=0","作者":"徐會生","出版社":"悅知文化  ","ISBN":9789866761850,"圖片網址":"https:\/\/cdn.kingstone.com.tw\/book\/images\/product\/20147\/2014713139481\/2014713139481b.jpg","書籍簡介":"\r\n\r\nExt JS堪稱是JavaScript framework當中最為絢麗者。從官方下載的套件不僅有文件說明，還包括豐富的範例展示，以及完整的CSS檔案可供使用。Ext JS所提供的UI元件，不僅大幅縮短了介面開發的時間，其專業的外觀，也根本解決了開發團隊無暇於介面之藝術性及創造性上投注及琢磨的難題。本書是華人世界Ext JS導入先驅的智慧結晶，介紹了Ext JS的基本技巧，更分享了作者於實際開發過程中所獲得的難得經驗，並提供眾多範例以實證說明，對於想要精研Ext JS，或是希望能夠立即解決Web開發瓶頸的人，這將是一本能夠滿足需求的絕佳工具書。本書特色：■ 主題明確、範例豐富，可以立即解決您工作上的問題■ 提供JSP與EXT JS整合應用的完整實例■ 支援AIR，讓您的RIA開發可以從Web延伸到桌面\r\n                    \r\n"}
{"書名":"Integrating D3.Js with React","書籍網站":"https:\/\/www.kingstone.com.tw\/\/basic\/203c106239081?zone=english&lid=search&actid=WISE&kw=Ext%20JS&pi=0","作者":"Elad,Elrom","出版社":"Apress      ","ISBN":9781484270516,"圖片網址":"https:\/\/cdn.kingstone.com.tw\/english\/images\/product\/0516\/9781484270516.jpg","書籍簡介":"\r\n\r\nIntegrate D3.js into a React TypeScript project and create a chart component working in harmony with React. This book will show you how utilize D3 with React to bring life to your charts.Seasoned author Elad Elrom will show you how to create simple charts such as line, bar, donut, scatter, histogram and others, and advanced charts such as a world map and force charts. You'll also learn to share the data across your components and charts using React Recoil state management. Then integrate third-party chart libraries that are built on D3 such as Rechart, Visx, Nivo, React-vi, and Victory and in the end deploy your chart as a server or serverless app on popular platforms. React and D3 are two of the most popular frameworks in their respective areas - learn to bring them together and take your storytelling to the next level. What You'll Learn Set up your project with React, TypeScript and D3.jsCreate simple and advanced D3.js chartsWork with complex charts such as world and force chartsIntegrate D3 data with React state management Improve the performance of your D3 componentsDeploy as a server or serverless app and debug test Who This Book Is ForReaders that already have basic knowledge of React, HTML, CSS and JavaScript.\r\n\r\n"}
{"書名":"Angular JS for Beginners","書籍網站":"https:\/\/www.kingstone.com.tw\/\/basic\/203c008105601?zone=english&lid=search&actid=WISE&kw=Ext%20JS&pi=0","作者":"I Code,Academy","出版社":"Whiteflowerpublsihing","ISBN":9781393912675,"圖片網址":"https:\/\/cdn.kingstone.com.tw\/english\/images\/product\/2675\/9781393912675.jpg","書籍簡介":"\r\n\r\nThis book contains the steps, strategies, and techniques you need to learn and use AngularJS, a well-supported and widely-used JavaScript framework for single page applications development. This training material was conceptualized and developed to help beginners of diverse backgrounds to master the powerful features of AngularJS and use them to make rich and dynamic web pages. Web developers, absolute beginners, and programmers will find this book a practical, engaging, and reliable resource material for learning AngularJS. Whether you want to launch a career in web applications development or you want to put up your own interactive website using the single page concept, this training offers a quick, straightforward, and inexpensive way to achieve your objectives. This instructional book provides a thorough step-by-step guide to help you understand and optimize the tools, connectivity features, and potentials of AngularJS. It presents the precise steps from the beginning and discusses the key concepts involved in each step. It uses visual aids and screenshots to make learning intuitive and easy. This book offers a comprehensive discussion of AngularJS features and functionalities and provides real world examples that go beyond the basics.\r\n\r\n"}
{"書名":"Pro D3.Js","書籍網站":"https:\/\/www.kingstone.com.tw\/\/basic\/203c103458174?zone=english&lid=search&actid=WISE&kw=Ext%20JS&pi=0","作者":"Marcos,Iglesias","出版社":"Apress      ","ISBN":9781484252024,"圖片網址":"https:\/\/cdn.kingstone.com.tw\/english\/images\/product\/2024\/9781484252024.jpg","書籍簡介":"\r\n\r\nGo beyond the basics of D3.js to create maintainable, modular, and testable charts and to package them into a library that can be distributed as open source software or kept for private use. This book will show you how to transform regular D3.js chart code into reusable and extendable modules.You know the basics of working with D3.js, but it's time to become a professional D3.js practitioner. This book is your launching pad to refactoring code, composing complex visualizations from small components, working as a team with other developers, and integrating charts with a Continuous Integration system. You'll begin by creating a production-ready chart using D3.js v5, ES2015, and a test-driven approach and then move on to using and extending Britecharts, the reusable charting library based on Reusable API patterns. Finally, you'll see how to use D3.js along with React to document and build your charts to compose a charting library you can release into the NPM repository. With Pro D3.js, you'll become an accomplished D3.js developer in no time. What You Will Learn Create v5 D3.js charts with ES2016 and unit testsDevelop modular, testable and extensible code with the Reusable API patternWork with and extend Britecharts, a reusable charting library created at EventbriteUse Webpack and npm to create and publish a charting library from your own chart collectionsWrite reference documentation and build a documentation homepage for your library. Who This Book Is For Data scientists, data visualization engineers, and frontend developers with a fundamental knowledge of D3.js and some experience with JavaScript, as well as data journalists and consultants.\r\n                    \r\n"}
{"書名":"Designing Applications with Spring Boot 2.2 and React JS","書籍網站":"https:\/\/www.kingstone.com.tw\/\/basic\/203c108663381?zone=english&lid=search&actid=WISE&kw=Ext%20JS&pi=0","作者":"Dinesh,Rajput","出版社":"Ingram      ","ISBN":9789388511643,"圖片網址":"https:\/\/cdn.kingstone.com.tw\/english\/images\/product\/1643\/9789388511643.jpg","書籍簡介":"\r\n\r\nLet us full stack development with Spring Boot and React JS Key Features ● This book has a very specific goal to make developing REST applications easier and focusing on common challenges of the design of the application with best practices. ● This book is providing practical code examples from real-world experiences. ● This book is not only about Spring Boot 2.2 and React JS overview but also has an in-depth discussion about adopted REST Architectural pattern and its constraints to create the REST APIs. ● The book can act as a tool for learning Spring Boot 2.2 and React JS for the first time as well as a guide and reference for those wanting to dig deeper into specific features. ● This book is also providing deeper information about the Spring Security and JWT token-based authentication for your REST applications. ● Containerization using Docker is another key feature of this book, how to create a Docker image and how to run it. Description Designing Application with Spring Boot 2 & React JS is divided into three parts. The first part introduces you to the essentials of the Spring Boot 2.2 Framework and you will learn how to create REST APIs and how to secure REST APIs. Part 2 steps behind the front end application development with React JS and discuss React features and its advantages toward the frontend application development. Part 3 expands on that by showing how to deploy backend and frontend application the PaaS platform and also will discuss how to deploy application container technologies such as Docker. What will you learn ● Exploring Spring Boot 2.2 new features and essential key components such as Starters, Autoconfiguration, CLI, Actuator. ● Develop a REST application using Spring Boot 2.2 and DevTools. ● Exploring Spring Boot Auto Configuration and Customization. ● Creating application profiles based on the environments. ● Learn to configure backend data using JDBC and Spring Data JPA. ● Learn to configure a DataSource for H2 DB, and also for Maria DB. ● Learn best practices for designing a REST architecture based application. ● Creating a REST application using HATEOAS. ● Consuming REST APIs endpoints with RestTemplate, Traverson, and WebClient. ● Exploring JWT web token for the RESTful APIs and explores how to secure REST APIs using OAuth2 and Spring security. ● Creating TESTING module of the Spring Boot application and Unit & Integration testing. ● Discuss React JS and its components and also discuss React KS features and its advantages and disadvantage. ● Exploring how to create ReactJS components and how to manage ReactJS component lifecycle. ● Taking a quick overview of consuming the REST API using the React application. ● Deploying the application to the Cloud platform (PaaS). ● Containerization and Deploy using Docker containers Who This Book Is For For all Java developers who want to learn Spring Boot 2.2 and React JS as in the enterprise application. Therefore, enterprise Java developers will find it particularly useful in the understanding of Spring Boot 2.2 and React JS and how to develop a backend RESTful application using the Spring Boot 2.2 and frontend application using React JS framework. They will most fully appreciate the examples presented in this book. Before reading this book, readers should have basic knowledge of core java, spring, servlet, filter, XML, and JavaScript. Table of Contents 1. Getting Started with Spring Boot 2.2 2. Customizing Auto-Configuration 3. Configuring Data and CRUD operations 4. Creating REST APIs with Spring Boot 2.2 5. Securing REST APIs 6. Testing Spring Boot Application 7. Getting Started with React 8. Creating and Styling React Components 9. Consuming the REST API with React JS 10.Deploying and Containerizing Application\r\n                    \r\n"}
{"書名":"Node .js","書籍網站":"https:\/\/www.kingstone.com.tw\/\/basic\/203c108666120?zone=english&lid=search&actid=WISE&kw=Ext%20JS&pi=0","作者":"Dhruti,Shah","出版社":"Ingram      ","ISBN":9789387284432,"圖片網址":"https:\/\/cdn.kingstone.com.tw\/english\/images\/product\/4432\/9789387284432.jpg","書籍簡介":"0"}
{"書名":"p5.js 編程入門觀止","書籍網站":"https:\/\/www.kingstone.com.tw\/\/basic\/2013120494541?zone=book&lid=search&actid=WISE&kw=Ext%20JS&pi=0","作者":"藺德數位藝術工作室","出版社":"龍溪國際圖","ISBN":9789867022974,"圖片網址":"https:\/\/cdn.kingstone.com.tw\/book\/images\/product\/20131\/2013120494541\/2013120494541b.jpg","書籍簡介":"\r\n\r\nP5.js的特性,是一個根據JavaScript程式語言所研發,免費能自由使用的開源程式庫。承繼了Processing的易學好用的精神,無需程式語言的基礎即可上手,是跨平台、跨地域，功能強大並且輕易即可製作出酷炫互動的網頁作品。本書的特色:使用P5.js製作動態或互動性影音作品，華文地區第一本全面性的解說專書。涵蓋所有P5.js程式庫本身的功能，而且善用範例詳盡解說各種函式的用法。全書列舉超過250個以上的網址連結範例，編程的每一區塊、每一行均有詳細的註釋。\r\n                    \r\n"}
{"書名":"React. js頂尖開發（第3版）：建立使用者介面的JavaScript函式","書籍網站":"https:\/\/www.kingstone.com.tw\/\/basic\/2013120490673?zone=book&lid=search&actid=WISE&kw=Ext%20JS&pi=0","作者":"Frank Bagnardi等","出版社":"上奇科技  ","ISBN":9789865003128,"圖片網址":"https:\/\/cdn.kingstone.com.tw\/book\/images\/product\/20131\/2013120490673\/2013120490673b.jpg","書籍簡介":"\r\n\r\nReact.js僅關注於更新DOM以及回應事件，這種特性也讓React可自由的與眾多不同的系統做整合；由多位一線專家精心撰寫，利用完整範例全面介紹和剖析React.js 的使用方式，適合廣大前端開發者、設計人員，及所有對未來技術趨勢感興趣者閱讀。本書特色：詳細介紹React.js，並藉由問卷產生器範例貫穿全文，以幫助讀者熟悉和使用。\r\n                    \r\n"}
{"書名":"AI時代在網頁上資料視覺化：D3.js實作寶典","書籍網站":"https:\/\/www.kingstone.com.tw\/\/basic\/2013120487130?zone=book&lid=search&actid=WISE&kw=Ext%20JS&pi=0","作者":"呂之華","出版社":"佳魁數位  ","ISBN":9789863797159,"圖片網址":"https:\/\/cdn.kingstone.com.tw\/book\/images\/product\/20131\/2013120487130\/2013120487130b.jpg","書籍簡介":"\r\n\r\n\r\n 本書全面介紹此全球最成功的視覺化專案──D3\r\n\r\n  \r\n\r\n 其特性如下：資料與元素綁定的特性。\r\n\r\n  \r\n\r\n 計算與繪圖相互獨立的特性。\r\n\r\n  \r\n\r\n 鏈式語法。\r\n\r\n  \r\n\r\n 強大的圖形運算能力。\r\n\r\n  \r\n\r\n 同時支援SVG和Canvas。\r\n\r\n  \r\n\r\n 全書附帶大量插圖，用以取代乏味難懂的數值與文字，這也確切地符合視覺化的訴求。\r\n\r\n  \r\n\r\n 大數據時代資料視覺化神器的最佳選擇\r\n\r\n  \r\n\r\n 在大數據蓬勃發展的時代，每天都有驚人的資料量產生，分析出有用的資訊固然重要， 然而， 資料分析所得出的結論，要如何「明確、有效」的予以呈現，其重要性並不亞於資料分析，因此，「資料視覺化」應運而生。\r\n\r\n  \r\n\r\n 資料視覺化可以視為一門「述說」資料的藝術，它透過一系列的圖表對使用者傳遞某種資訊。而在網路時代，傳播最快速的方式非瀏覽器與網頁莫屬，因此，以網頁為基礎的視覺化專案如雨後春筍般地出現。\r\n\r\n  \r\n\r\n D3在Github上擁有極大的關注數，曾高居第二位。夾帶著龐大使用者的氣勢，D3在許多國家和地區被稱為資料視覺化的代名詞。\r\n\r\n  \r\n\r\n 適用：大數據分析相關從業人員；對資料視覺化有興趣者。\r\n\r\n"}
{"書名":"The 300 Sudoku Very Hard Difficult Challenging Extreme Expert Level Puzzles brain workout large print","書籍網站":"https:\/\/www.kingstone.com.tw\/\/basic\/203c106322898?zone=english&lid=search&actid=WISE&kw=Ext%20JS&pi=0","作者":"Gabriel,Ferguson","出版社":"Ingram      ","ISBN":9781913470913,"圖片網址":"https:\/\/cdn.kingstone.com.tw\/english\/images\/product\/0913\/9781913470913.jpg","書籍簡介":"\r\n\r\n300 New Sudoku puzzles from The Puzzle Publishing HouseSudoku is one of the World's most popular games, time and stress can feel like its melting away by working through these engaging puzzles.300 SudokuVery HardNo mercy editionMany hours of fun and challenge!Great gift for all Sudoku fansLarge print unlike most puzzle books, easy to read and fill out.Click on \"Buy Now\" to get your puzzle book in the post.\r\n                    \r\n"}
{"書名":"Learn JavaScript With p5.js","書籍網站":"https:\/\/www.kingstone.com.tw\/\/basic\/203c180334922?zone=english&lid=search&actid=WISE&kw=Ext%20JS&pi=0","作者":"Arslan, Engin","出版社":"Apress      ","ISBN":9781484234259,"圖片網址":"https:\/\/cdn.kingstone.com.tw\/english\/images\/product\/4259\/9781484234259.jpg","書籍簡介":"\r\n\r\nLearn coding from scratch in a highly engaging and visual manner using the vastly popular JavaScript with the programming library p5.js. The skills you will acquire from this book are highly transferable to a myriad of industries and can be used towards building web applications, programmable robots, or generative art. You'll gain the proper context so that you can build a strong foundation for programming. This book won't hinder your momentum with irrelevant technical or theoretical points. The aim is to build a strong, but not overly excessive knowledge to get you up and running with coding. If you want to program creative visuals and bring that skill set to a field of your your choice, then Learn JavaScript with p5.js is the book for you.What You'll LearnCode from scratch and create computer graphics with JavaScript and the p5.js libraryGain the necessary skills to move into your own creative projectsCreate graphics and interactive experiences using ProcessingProgram using JavaScript and p5.js and secondarily in creating visualsWho This Book is ForArtists or a visual designers. Also, those who want to learn the fundamentals of programming through visual examples.\r\n\r\n"}
{"書名":"JS高手昇華之路：Webpack是唯一的捷徑","書籍網站":"https:\/\/www.kingstone.com.tw\/\/basic\/2013120471771?zone=book&lid=search&actid=WISE&kw=Ext%20JS&pi=0","作者":"吳浩麟","出版社":"佳魁數位  ","ISBN":9789863796640,"圖片網址":"https:\/\/cdn.kingstone.com.tw\/book\/images\/product\/20131\/2013120471771\/2013120471771b.jpg","書籍簡介":"\r\n\r\n\r\n\tWebpack 從許多建置工具中脫穎而出，成為目前最流行的建置工具，也幾乎成為前端開發裡的必備工具，是每位前端工程師的必備技能之一。\r\n\r\n\t \r\n\r\n\t本書從實作出發，用簡單容易的實例帶領讀者快速入門Webpack，再結合實際工作中常用的場景列出實作案例，透過前3 章的學習足以讓我們解決工作中的常見問題；本書還介紹了如何最佳化建置的速度和輸出，並解析Webpack 的工作原理，以及Plugin 和Loader 的撰寫方法，可幫助讀者進一步學習Webpack。\r\n\r\n\t \r\n\r\n\t本書從入門、設定、實戰、最佳化和原理的路線層層深入，涵蓋Webpack 的各方面。\r\n\r\n\t無論是對 Webpack一無所知的初學者，還是經驗豐富的前端工程師，相信都能夠透過本書提升對Webpack的理解，並在Web開發中更熟練地運用Webpack。\r\n\r\n\t    \r\n\r\n\t適用： Webpack初學者、希望深入掌握Webpack的前端工程師。\r\n\r\n"}
{"書名":"React. js頂尖開發－建立使用者介面的JavaScript函式庫（第2版）","書籍網站":"https:\/\/www.kingstone.com.tw\/\/basic\/2013120464780?zone=book&lid=search&actid=WISE&kw=Ext%20JS&pi=0","作者":"Frank Bagnardi","出版社":"上奇科技  ","ISBN":9789865001551,"圖片網址":"https:\/\/cdn.kingstone.com.tw\/book\/images\/product\/20131\/2013120464780\/2013120464780b.jpg","書籍簡介":"\r\n\r\nReact.js是由Facebook內部所開發的JavaScript函式庫，在Virtual DOM的基礎下重新定義了使用者介面的開發方式。React.js將PHP風格的工作流程帶到用戶端應用程式，改變使用者對前端框架的認識。由於React.js僅關注於更新DOM以及回應事件，這種特性也讓React可自由的與眾多不同的系統做整合。本書特色：● 詳細介紹React.js，並藉由問卷產生器範例貫穿全文，以幫助讀者熟悉和使用。● 由多位一線專家精心撰寫，利用完整範例全面介紹和剖析React.js 的使用方式，適合廣大前端開發者、設計人員，及所有對未來技術趨勢感興趣者閱讀。\r\n                    \r\n"}
{"書名":"Creative Coding and Data Visualization With P5.js","書籍網站":"https:\/\/www.kingstone.com.tw\/\/basic\/203c170953086?zone=english&lid=search&actid=WISE&kw=Ext%20JS&pi=0","作者":"Murray, Scott","出版社":"Oreilly &   ","ISBN":9781491951903,"圖片網址":"https:\/\/cdn.kingstone.com.tw\/english\/images\/product\/1903\/9781491951903.jpg","書籍簡介":"0"}
{"書名":"Cocos2d－x實際演練－JS篇","書籍網站":"https:\/\/www.kingstone.com.tw\/\/basic\/2013120435391?zone=book&lid=search&actid=WISE&kw=Ext%20JS&pi=0","作者":"關東升","出版社":"佳魁      ","ISBN":9789863795261,"圖片網址":"https:\/\/cdn.kingstone.com.tw\/book\/images\/product\/20131\/2013120435391\/2013120435391b.jpg","書籍簡介":"\r\n\r\n\r\nCocos2d-JS開發權威指南\r\n遊戲程式設計和開發人員不可或缺的案頭寶典\r\n\r\n\r\n\t本書介紹Cocos2d-x遊戲程式設計和開發技術。\r\n\r\n\t全書分為6部分：基礎篇、進階篇、資料與網路篇、最佳化篇、多平台移植篇和實戰篇。涵蓋了最新版本的Cocos2d JS v3.x 核心類別、圖磚地圖、物理引擎、資料持久化、效能最佳化、資料通訊、跨網頁和原生平台遊戲發佈等多個方面。\r\n\r\n\t全書內容循序漸進，結構完整，並結合多個遊戲實例詳解，非常適合入門者學習。\r\n\r\n"}
{"書名":"最符合人腦的解讀方式：用d3.js完成網頁視覺化","書籍網站":"https:\/\/www.kingstone.com.tw\/\/basic\/2013120439009?zone=book&lid=search&actid=WISE&kw=Ext%20JS&pi=1","作者":"呂之華","出版社":"佳魁數位  ","ISBN":9789863795414,"圖片網址":"https:\/\/cdn.kingstone.com.tw\/book\/images\/product\/20131\/2013120439009\/2013120439009b.jpg","書籍簡介":"\r\n\r\n\r\n大數據時代不可缺的視覺化工具\r\nD3是最好的選擇\r\n\r\n\r\n\t一圖勝千文，再多的數據，也比不上一個圖來的清楚，有圖有真相，再完整的資料也比不上一個表的清楚，我們在本機上有Excel工具，但在網頁上怎麼辦？\r\n\r\n\t用HTML5的Canvas功能實在很有限，速度也不快，還好有D3.js的出現。D3.js是網頁上的畫家，能展現出各式各樣的圖型，甚至配合了大數據以及分析軟體，能輕鬆做出熱圖、力導圖、地圖等新時代才有的圖型，如果你對Javascript\/HTML5\/CSS3繪圖的能力感到不足，使用D3.js將會是你最好的選擇。\r\n\r\n書附內容\r\n\t佳魁官網提供下載\r\n\r\n"}
{"書名":"你所不知道的 JS|ES6 與未來發展","書籍網站":"https:\/\/www.kingstone.com.tw\/\/basic\/2014713514721?zone=book&lid=search&actid=WISE&kw=Ext%20JS&pi=1","作者":"Kyle Simpson","出版社":"歐萊禮    ","ISBN":9789864763078,"圖片網址":"https:\/\/cdn.kingstone.com.tw\/book\/images\/product\/20147\/2014713514721\/2014713514721b.jpg","書籍簡介":"\r\n\r\n「很難找到比本書更詳盡、更深思熟慮的 ES6 參考指南了。」 —ANGUS CROLL，Twitter 工程師、《If Hemingway Wrote JavaScript》(No Starch)作者 《你所不知道的 JS》系列包括： ■ 導讀，型別與文法 ■ 範疇與 Closures，this 與物件原型 ■ 非同步處理與效能 ■ ES6 與未來發展 不管你有多少的 JavaScript 使用經驗，很有可能你還是沒有完整地了解這個語言。作為《你所不知道的 JS》系列的一部分，這本簡明的指南專注於 ECMAScript 6(ES6)中的新功能，也是 JavaScript 作為基礎的最新版標準。 如同《你所不知道的 JS》系列其他書籍，《你所不知道的 JS｜ES6 與未來發展》會深入探討這個語言較為棘手的部分，也就是許多 JavaScript 程式設計師會乾脆避開的那些部分。具備了這些知識後，你就能真正精通 JavaScript。 在這本書中，你會： ■ 學習新的 ES6 語法，幫助你舒緩常見編程慣用手法的痛點 ■ 以迭代器(iterators)、產生器(generators)、模組(modules)及類別來組織程式碼 ■ 探索結合了 Promises 與產生器的非同步流程控制 ■ 使用群集(collections)以結構化的方式更有效率地處理資料 ■ 善用新的 API 輔助工具(helpers)，包括了、Array、Object、Math、Number 與 String ■ 透過 meta programming(程式化編程)擴充你程式的能力 ■ 預覽很有可能會出現在 ES6 之後版本中的新功能 本系列之補充資料(程式碼範例、練習等)可在此處下載：https:\/\/github.com\/getify\/You-Dont-Know-JS\r\n                    \r\n"}
{"書名":"你所不知道的 JS：非同步處理與效能","書籍網站":"https:\/\/www.kingstone.com.tw\/\/basic\/2014713508492?zone=book&lid=search&actid=WISE&kw=Ext%20JS&pi=1","作者":"Kyle Simpson","出版社":"歐萊禮    ","ISBN":9789864762439,"圖片網址":"https:\/\/cdn.kingstone.com.tw\/book\/images\/product\/20147\/2014713508492\/2014713508492b.jpg","書籍簡介":"\r\n\r\n「Kyle 闡明了 JavaScript 的非同步本質，並展示如何以 promises 和 generators 使之變得簡單明瞭。」 —MARC GRABANSKI，CEO 和 UI 開發人員，前端大師 《你所不知道的 JS》系列包括： ■ 導讀，型別與文法 ■ 範疇與 Closures，this 與物件原型 ■ 非同步處理與效能 ■ ES6 與未來發展 不管你有多少的 JavaScript 使用經驗，但你可能還未能完整地了解這個語言。作為《你所不知道的 JS》系列的一部分，這本簡明的指南會相當深入地探討 JavaScript 新的非同步功能與效能技巧，包括了 Promises、產生器(generators)以及 Web Workers，它們讓你能夠建立精密的單頁面 web 應用程式，並且在過程中避開回呼地獄(callback hell)。 如同《你所不知道的 JS》系列其他書籍，《你所不知道的 JS｜非同步處理與效能》會深入探討這個語言較為棘手的部分，也就是許多 JavaScript 程式設計師會乾脆避開的那些部分。具備了這些知識後，你就能真正精通 JavaScript。 在這本書中，你會： ■ 探索 JavaScript 處理非同步程式設計的新舊方法 ■ 逃脫「回呼地獄」，使用 JavaScript 的 Promises 來修補「控制逆轉(inversion of control)」問題 ■ 使用產生器以循序的、看似同步的方式表達非同步流程 ■ 以 Web Workers、SIMD 及 asm.js 來增進程式層級的效能 ■ 學習用於基準化分析(benchmarking)及微調運算式和述句效能的寶貴資源與技巧 本系列之補充資料(程式碼範例、練習等)可在此處下載：https:\/\/github.com\/getify\/You-Dont-Know-JS\r\n                    \r\n"}
{"書名":"同時成為iOS\/Android使用Cocos2d：x及JS","書籍網站":"https:\/\/www.kingstone.com.tw\/\/basic\/2013120386037?zone=book&lid=search&actid=WISE&kw=Ext%20JS&pi=1","作者":"關東升","出版社":"佳魁      ","ISBN":9789863793342,"圖片網址":"https:\/\/cdn.kingstone.com.tw\/book\/images\/product\/20131\/2013120386037\/2013120386037b.jpg","書籍簡介":"\r\n\r\n\r\n\tCocos2d-JS開發權威指南\r\n\r\n\t本書介紹Cocos2d-x遊戲程式設計和開發技術，全書分為6部分：基礎篇、進階篇、資料與網路篇、最佳化篇、多平台移植篇和實戰篇。涵蓋了最新版本的Cocos2d JS v3.x 核心類別、圖磚地圖、物理引擎、資料持久化、效能最佳化、資料通訊、跨網頁和原生平台遊戲發佈等多個方面。\r\n\r\n\t全書內容循序漸進，結構完整，並結合多個遊戲實例詳解，非常適合入門者學習。\r\n\r\n\t書附內容    \r\n\t書中程式碼可在佳魁官網下載\r\n\r\n"}
{"書名":"Getting Started With P5.js","書籍網站":"https:\/\/www.kingstone.com.tw\/\/basic\/203c501570173?zone=english&lid=search&actid=WISE&kw=Ext%20JS&pi=1","作者":"Mccarthy, Lauren","出版社":"Make Books  ","ISBN":9781457186776,"圖片網址":"https:\/\/cdn.kingstone.com.tw\/english\/images\/product\/6776\/9781457186776.jpg","書籍簡介":"\r\n\r\nWith p5.js, you can think of your entire Web browser as your canvas for sketching with code! Learn programming the fun way--by sketching with interactive computer graphics! Getting Started with p5.js contains techniques that can be applied to creating games, animations, and interfaces. p5.js is a new interpretation of Processing written in JavaScript that makes it easy to interact with HTML5 objects, including text, input, video, webcam, and sound. Like its older sibling Processing, p5.js makes coding accessible for artists, designers, educators, and beginners. Written by the lead p5.js developer and the founders of Processing, this book provides an introduction to the creative possibilities of today's Web, using JavaScript and HTML. With Getting Started with p5.js, you'll:  Quickly learn programming basics, from variables to objectsUnderstand the fundamentals of computer graphicsCreate interactive graphics with easy-to-follow projectsLearn to apply data visualization techniquesCapture and manipulate webcam audio and video feeds in the browser\r\n                    \r\n"}
{"書名":"你所不知道的JS|範疇與Closures，this與物件原型","書籍網站":"https:\/\/www.kingstone.com.tw\/\/basic\/2014713490858?zone=book&lid=search&actid=WISE&kw=Ext%20JS&pi=1","作者":"Kyle Simpson","出版社":"歐萊禮    ","ISBN":9789864760497,"圖片網址":"https:\/\/cdn.kingstone.com.tw\/book\/images\/product\/20147\/2014713490858\/2014713490858b.jpg","書籍簡介":"\r\n\r\n「Kyle 對於 JavaScript 語言運作的每一個細節所展現出來的關鍵思考方式將會融入你的思維和工作流程中。」 —Shane Hudson，自由前端網站開發人員 「this 關鍵字和原型(prototypes)非常關鍵，因為它們是使用 JavaScript 進行真實世界編程的基石。」 —Nick Berardi，RDA 公司資深顧問 《你所不知道的 JS》系列包括： ■ 導讀，型別與文法 ■ 範疇與 Closures，this 與物件原型 ■ 非同步處理與效能 ■ ES6 與未來發展 ■ 範疇與 Closures 篇 不管你有多少的 JavaScript 使用經驗，很有可能你還是沒有完整地了解這個語言。本篇會帶你潛入範疇(scope)與 closures(閉包)的內部，若想成為效率更好、實力更高強的 JavaScript 程式設計師，你就一定得了解這兩個核心概念。你會學到它們如何運作，以及為何如此運作，並且知道對 closures 的理解如何成為你開發技能組合中強大的一部分。 在本篇中，你會： ■ 學習何謂範疇，也就是 JavaScript 引擎用來找出程式碼中區域變數位置的一組規則 ■ 深入到巢狀範疇(nested scope)中，也就是內含變數與函式的一系列容器 ■ 探索函式範疇與區塊範疇、拉升(hoisting)動作，以及基於範疇的資訊隱藏所構成的模式和帶來的好處 ■ 了解如何使用 closures 來進行同步或非同步的任務，包括建立 JavaScript 程式庫 ■ this 與物件原型篇 本篇會帶你潛入 JavaScript 的 this 結構和物件原型(object prototypes)的內部。你會學到它們的運作方式，以及它們為何是行為委派(behavior delegation)不可或缺的一部分，在這種設計模式中，物件是連結在一起的，而非複製產生的。 在本篇中，你會： ■ 探索 this 繫結如何依據函式被呼叫的方式指向不同的物件 ■ 探討 JS 物件的本質，以及為何你需要指向它們 ■ 學習開發人員如何使用 mixin 模式在 JS 中偽造出類別 ■ 檢視 JS 的原型機制如何形成物件之間的連結 ■ 學習如何從類別與繼承設計轉移到行為委派 ■ 了解 OLOO(objects-linked-to-other-objects)編程風格如何自然地實作行為委派 如同《你所不知道的 JS》系列其他書籍，《範疇與 Closures 篇》及《this 與物件原型篇》會深入探討這個語言較為棘手的部分，也就是許多 JavaScript 程式設計師會乾脆避開的那些部分。裝備了這些知識後，你就能真正精通 JavaScript。 本系列之補充資料(程式碼範例、練習等)可在此處下載：https:\/\/github.com\/getify\/You-Dont-Know-JS\r\n                    \r\n"}
{"書名":"用Visual Studio建立商用的Exit JS解決方案","書籍網站":"https:\/\/www.kingstone.com.tw\/\/basic\/2013120379626?zone=book&lid=search&actid=WISE&kw=Ext%20JS&pi=1","作者":"黃燈橋","出版社":"佳魁      ","ISBN":9789863793076,"圖片網址":"https:\/\/cdn.kingstone.com.tw\/book\/images\/product\/20131\/2013120379626\/2013120379626b.jpg","書籍簡介":"\r\n\r\n\r\n\tExt JS 是一種跨平台的框架，幾乎不經任何修改就能移轉到不同的開發平台，這也是Ext JS 的魅力所在。\r\n\r\n\t本書以一個簡單的CMS系統開發為範例，詳細說明Ext JS 的使用，同時也展示Ext JS 開發的一種最佳模式；並融入作者使用Ext JS進行開發的實際經驗。\r\n\r\n\t希望能帶給讀者全新的Ext JS 開發體驗，對於使用C# 平台進行開發的讀者也會有所幫助。\r\n\r\n\t適合：Ext JS用戶端開發人員、初學者，或大專院校、教育訓練中心等相關科系的師生參考。\r\n\r\n"}
{"書名":"你所不知道的 JS：導讀，型別與文法","書籍網站":"https:\/\/www.kingstone.com.tw\/\/basic\/2014713484079?zone=book&lid=search&actid=WISE&kw=Ext%20JS&pi=1","作者":"Kyle Simpson","出版社":"歐萊禮    ","ISBN":9789863479666,"圖片網址":"https:\/\/cdn.kingstone.com.tw\/book\/images\/product\/20147\/2014713484079\/2014713484079b.jpg","書籍簡介":"\r\n\r\n「當你奮力去理解你的程式碼，就會創造出較好的作品，並能讓你更勝任工作。程式碼不再只是你的工作而已，它成為了你的技藝。這就是我喜愛《你所不知道的JS》的原因。」 —Jenn Lukas，前端顧問 「本書以非常清晰的方式，帶你一觀那些複製貼上動作和 JavaScript 工具集沒辦法教你，也可能永遠不會教你的核心 JavaScript 基礎知識。」 —David Walsh，Mozilla 資深 Web 開發人員 《你所不知道的 JS》系列包括： ■ 導讀，型別與文法 ■ 範疇與 Closures，this 與物件原型 ■ 非同步處理與效能 ■ ES6 與未來發展 ■ 導讀篇 學習 JavaScript 的部分功能很容易，但要完全學好它，或甚至只是學習到「充分」的程度，就難上許多了，無論你是該語言的新手，或是已使用它多年，皆是如此。藉由《你所不知道的 JS》系列書籍，你將會對 JavaScript 有較完整的理解，包括該語言較棘手、會讓許多有經驗的 JavaScript 程式設計師想要避開的那些部分。 《導讀篇》為程式設計經驗有限的你們提供了必要的背景知識。學習了程式設計的基本構建組塊，以及 JavaScript 的核心機制之後，你就準備好能夠進一步探索系列中講解更深入的書籍，邁向真正精通 JavaScript 之道。 在本篇中，你會： ■ 學到必要的程式設計構建組塊，包括運算子、型別、變數、條件式、迴圈以及函式 ■ 熟悉 JavaScript 的核心機制，例如值、函式 closures、this以及原型 ■ 對本系列中其他書籍有個概觀，並且知道為何理解 JavaScript 的「所有」部分是很重要的 ■ 型別與文法篇 不管你有多少的 JavaScript 使用經驗，很有可能你還是沒有完整地了解這個語言。作為《你所不知道的 JS》系列的一部分，這本簡明的指南會相當深入地探討 JavaScript 的型別，介紹型別強制轉型的問題、說明型別為何如此運作，並展示如何善用這些功能。 《型別與文法篇》會深入到此語言較為棘手的部分，也就是許多 JavaScript 程式設計師會單純避開或假設它們不存在的那些部分(像是型別)。裝備了這些知識後，你就能真正精通 JavaScript。 在本篇中，你會： ■ 熟悉 JavaScript 的七個型別：null、undefined、boolean、number、string、object 與 symbol ■ 理解 JavaScript 獨特的陣列、字串與數字之特質為何可能讓你感到愉快也可能使你困惑 ■ 學到原生功能如何提供包裹基本型別值的物件包裹器 ■ 深入了解強制轉型的爭議，並知道為何這個功能在許多情況下都是有用的 ■ 探索 JavaScript 語法中的各種細微之處，包括了述句、運算式與其它功能 本系列之補充資料(程式碼範例、練習等)可在此處下載：https:\/\/github.com\/getify\/You-Dont-Know-JS\r\n                    \r\n"}
{"書名":"Speaking JavaScript|簡明完整的 JS 精要指南","書籍網站":"https:\/\/www.kingstone.com.tw\/\/basic\/2014713477538?zone=book&lid=search&actid=WISE&kw=Ext%20JS&pi=1","作者":"Axel Rauschmayer","出版社":"歐萊禮    ","ISBN":9789863478584,"圖片網址":"https:\/\/cdn.kingstone.com.tw\/book\/images\/product\/20147\/2014713477538\/2014713477538b.jpg","書籍簡介":"\r\n\r\n「最精簡但不失完整的 JavaScript 書籍，含有最新的資訊，專為初學 JavaScript 的程式設計師而寫。」 —Cody Lindley 前端工程師，《JavaScript Enlightenment》作者 「《Speaking JavaScript》寫得非常好，相當容易理解，是 JavaScript 初學者的必備讀物，也是 web 軟體開發老手的優良參考資源。」 —Ariya Hidayat Shape Security 工程部門主任 不管喜不喜歡，近來到處都可以看到 JavaScript，從瀏覽器到伺服器，乃至於行動裝置上，都可見到它的蹤影，而現在你也得學會這個程式語言或是更進一步地了解它。本書指引你深入探索 JavaScript，並且是由曾經走過相同學習歷程的資深程式老手所撰寫。 《Speaking JavaScript》藉由四個獨立的章節協助你親近這個語言。首先，快速入門指南提供這個語言剛好足夠的資訊，幫助你立即變得有生產力。更有經驗的 JavaScript 程式設計師會發現，快速入門指南之後，是完整且容易閱讀的參考資訊，詳盡地涵蓋了每個語言功能的說明。完整的內容包括： ■ JavaScript 快速入門：熟悉物件導向程式設計嗎？這個部分幫助你快速且正確地學習 JavaScript。 ■ 深入探討 JavaScript：學習 ECMAScript 5 的細節，從語法、變數、函式及物件導向程式設計，到正規表達式與 JSON 都有包含。挑個主題就可開始學習。 ■ 背景知識：認識 JavaScript 的歷史，以及它與其他程式語言的關係。 ■ 訣竅、工具與程式庫：縱觀現有的風格指南、最佳實務做法、進階技巧、模組系統、套件管理器、建置工具以及學習資源。\r\n                    \r\n"}
{"書名":"You Don’t Know Js","書籍網站":"https:\/\/www.kingstone.com.tw\/\/basic\/203c505205867?zone=english&lid=search&actid=WISE&kw=Ext%20JS&pi=1","作者":"Simpson, Kyle","出版社":"Oreilly &   ","ISBN":9781491924464,"圖片網址":"https:\/\/cdn.kingstone.com.tw\/english\/images\/product\/4464\/9781491924464.jpg","書籍簡介":"0"}
{"書名":"D3.js in Action","書籍網站":"https:\/\/www.kingstone.com.tw\/\/basic\/203c411759157?zone=english&lid=search&actid=WISE&kw=Ext%20JS&pi=1","作者":"Meeks, Elijah","出版社":"Manning     ","ISBN":9781617292118,"圖片網址":"https:\/\/cdn.kingstone.com.tw\/english\/images\/product\/2118\/9781617292118.jpg","書籍簡介":"0"}
{"書名":"Absolute Beginner’s Guide to Knockout Js","書籍網站":"https:\/\/www.kingstone.com.tw\/\/basic\/203c509174661?zone=english&lid=search&actid=WISE&kw=Ext%20JS&pi=1","作者":"Read, Jodie S.","出版社":"Ingrem","ISBN":9781512070460,"圖片網址":"https:\/\/cdn.kingstone.com.tw\/english\/images\/product\/0460\/9781512070460.jpg","書籍簡介":"0"}
{"書名":"The Breeding and Rearing of Colts - Containing Extracts from Livestock for the Farmer and Stock Owner","書籍網站":"https:\/\/www.kingstone.com.tw\/\/basic\/203c108692036?zone=english&lid=search&actid=WISE&kw=Ext%20JS&pi=1","作者":"A H,Baker","出版社":"Ingram      ","ISBN":9781446535714,"圖片網址":"https:\/\/cdn.kingstone.com.tw\/english\/images\/product\/5714\/9781446535714.jpg","書籍簡介":"\r\n\r\nThis book contains classic material dating back to the 1900s and before. The content has been carefully selected for its interest and relevance to a modern audience. Each publication has been professionally curated and includes all details on the original source material. This particular instalment, \"The Breeding and Rearing of Colts\" contains information on heredity, management and care. It is intended to illustrate the main aspects of rearing and breeding colts and serves as a guide for anyone wishing to obtain a general knowledge of the subject and understand the field in its historical context. We are republishing these classic works in affordable, high quality, modern editions, using the original text and artwork.\r\n                    \r\n"}
{"書名":"Supervivencia Ante Calor Extremo \/ Survival in Extreme Heat","書籍網站":"https:\/\/www.kingstone.com.tw\/\/basic\/203c504722598?zone=english&lid=search&actid=WISE&kw=Ext%20JS&pi=1","作者":"Kavanagh, James","出版社":"Waterford Pr","ISBN":9781583558966,"圖片網址":"https:\/\/cdn.kingstone.com.tw\/english\/images\/product\/8966\/9781583558966.jpg","書籍簡介":"0"}
{"書名":"The Star Gazing Chronicles","書籍網站":"https:\/\/www.kingstone.com.tw\/\/basic\/203c102120352?zone=english&lid=search&actid=WISE&kw=Ext%20JS&pi=1","作者":"Paul I,Casey","出版社":"Js Blume Publishing, LLC","ISBN":9780984084197,"圖片網址":"https:\/\/cdn.kingstone.com.tw\/english\/images\/product\/4197\/9780984084197.jpg","書籍簡介":"\r\n\r\nPaul I. Casey takes you on a poetic journey of the heavens in this series of articles originally published during the 1990's in the Tri-City Herald, Kennewick, WA. Covering more than just astronomical events and aerospace endeavors, Paul brings the skies to life not only by infusing celestial objects with their mythical personalities, but also by sharing the origins of their names. Read legendary tales from the Arabs, Chinese, Egyptians, Norsemen, Slavs, and more. Meet Jupiter the King, Venus the Goddess of Love, Mars the warrior, and many others as they dance across the heavens. Follow the exploits of Clementine and Pathfinder as they journey to our nearest neighbors on their missions of discovery.\r\n                    \r\n"}
{"書名":"A Book on Ion Exchange, Adsorption and Solvent Extraction","書籍網站":"https:\/\/www.kingstone.com.tw\/\/basic\/203c304601160?zone=english&lid=search&actid=WISE&kw=Ext%20JS&pi=1","作者":"Naushad, Mu (EDT)","出版社":"Ingram      ","ISBN":9781624178870,"圖片網址":"https:\/\/cdn.kingstone.com.tw\/english\/images\/product\/8870\/9781624178870.jpg","書籍簡介":"0"}
{"書名":"Application of Toxicogenomics to Cross-species Extrapolation","書籍網站":"https:\/\/www.kingstone.com.tw\/\/basic\/203c410165645?zone=english&lid=search&actid=WISE&kw=Ext%20JS&pi=1","作者":"Not Available (NA)","出版社":"Ingram      ","ISBN":9780309100847,"圖片網址":"https:\/\/cdn.kingstone.com.tw\/english\/images\/product\/0847\/9780309100847.jpg","書籍簡介":"0"}
