{"書名":"誰偷走了農地？影響每一個人的台灣農業與農地公平正義","書籍網站":"https:\/\/www.kingstone.com.tw\/\/basic\/2014310019056?zone=book&lid=book_class3_bzz&actid=book_class3_bzz","作者":"彭作奎","出版社":"時報文化  ","ISBN":9789571387697.0,"圖片網址":"https:\/\/cdn.kingstone.com.tw\/book\/images\/product\/20143\/2014310019056\/2014310019056b.jpg","書籍簡介":"\r\n\r\n\r\n台灣糧食供應危機，多年來所發生的農地亂象，\r\n\t政治駕凌專業的歷史真相，本書一一揭露！\r\n\r\n\r\n\t民國八十九年農發條例修正案通過後，開放農地自由買賣，允許農地農宅興建，有如打開潘朵拉的盒子，造成優良農田大量流失！執政者漠視社會大眾只為眼前個人利益的價值觀，忽略農地流失可能引發的糧食供應危機！\r\n\r\n\t農地總量面積逐年減少，農地利用亂象逐年增多。台灣的農地被濫用、誤用、占用，愈來愈嚴重！台灣的每一塊農地都成為游資炒作的商品，使得台灣的農地價格是全世界最高的國家。台灣的農地和農業還來得及搶救嗎？\r\n\r\n\t近年台灣農地大量流失，被工廠、豪宅、太陽能板占據，這都與政府的農地政策與農糧政策有著密切關係，特別是農地開放自由買賣以來，很多優良農田快速消失，已成為台灣不能再漠視的重大議題。\r\n\r\n\t在地方政府人力預算不足情況下，維護農地農用形同口號，農地上違法的豪華農舍、工廠林立，嚴重破壞農業經營環境。現在政府推動農業種電，更是帶頭破壞農地的行為，使得農業發展受到嚴重傷害。\r\n\r\n\t務實的思考如何合理的使用農地，農業使用不再以耕作為限，如何發展農業成為可獲利的事業，讓從農者能有一定的收入，才能確保農地的合理使用。產學合作可共創雙贏，農業與科技結合，從產品開發、生產、管理到行銷，都能因科技與資訊的高度發展而有結構性的變革，可創造產業更高的利潤與附加價值。\r\n\r\n\t農業的發展更是與糧食的供應息息相關，台灣是個島國，當發生天災人禍，或國外進口斷鏈，或發生戰亂，屆時缺糧危機將是嚴峻的考驗。如何防止另一次的農地浩劫，怎麼做才會有台灣農業的未來？書中一一列舉出台灣潛藏的諸多危機，提出諍言，值得社會大眾一起深思。\r\n\r\n"}
{"書名":"東方神祇事典","書籍網站":"https:\/\/www.kingstone.com.tw\/\/basic\/2012730001675?zone=book&lid=book_class3_bzz&actid=book_class3_bzz","作者":"游原厚","出版社":"西北國際  ","ISBN":9789869762557.0,"圖片網址":"https:\/\/cdn.kingstone.com.tw\/book\/images\/product\/20127\/2012730001675\/2012730001675b.jpg","書籍簡介":"\r\n\r\n\r\n◆◇亞洲經典神祇大動員◆◇\r\n\t◇◆動漫化的眾神綺麗登場◆◇\r\n\r\n\r\n\t神祇反映的不僅是古人對於自然現象的各種想像與猜測，更是知識的傳承與文明發展的成果。你曾否好奇，孕育宇宙萬物的神祇是什麼模樣呢？祂們和人類一樣擁有喜怒哀樂嗎？彼此之間又牽扯出哪些愛恨情仇？\r\n\r\n\t本書梳理亞洲三大區神話體系──中國、日本及印度，從中節選最廣為人知的90尊經典神祇，重新擬人化、動漫化，讓莊嚴肅穆的神祇穿越千百年的時空，在當代創作中找到新生。並且將版本眾多的神話故事化簡為繁，以淺顯易懂的文字解密神祇身世來由，帶出神祇的歷史脈絡，開創一條認識神祇的新路徑！\r\n\r\n►不朽的神話傳說‧嶄新的奇幻風貌◄\r\n\r\n\t顛覆神祇傳統形象，躍然紙上的ACG重現神祇鮮明個性，魅力十足的外貌搭配經典神話故事記憶點十足，也許某位神祇意外地會是你的菜！\r\n\r\n\t◎ 傲嬌的海神之女 ▷豐玉毘賣命\r\n\t◎ 御姐型的結緣之神 ▷須勢理毘賣命\r\n\t◎ 天然呆的健忘河神 ▷閻密\r\n\t◎ 面癱的正太兄弟 ▷秩序之神伐樓那、契約之神密多羅\r\n\t◎ 黑化的雷神 ▷因陀羅\r\n\r\n►從故事了解神祇起源、個性及保佑範圍◄\r\n\r\n\t神祇就像人類，擁有各種情緒，而每位神祇的屬性與個性各不相同，故事一個比一個精彩。這些多元的神祇，讓你驚訝也好、驚豔也罷，讀完本書能讓你跳脫宗教信仰，打開另一個層次的好奇心！\r\n\r\n\t【中國】\r\n\t◎ 伏羲→先民能夠編織結網用來打漁捕獵，是因為伏羲其實是翻花繩高手！→漁獵之神\r\n\t◎ 西王母→擁有不死之藥的西王母本為瘟神，卻因人類渴望永生而轉型成功、由黑反紅！→長壽之神\r\n\t◎ 應龍→如何經歷三千年修煉，苦盡甘來進化成最高級的神龍？→風雨之神\r\n\r\n\t【日本】\r\n\t◎ 伊邪那歧神、伊邪那美神→日本列島是被祂們「攪拌」出來的！→島嶼創造神\r\n\t◎ 大宜都比賣神→能從身體各部位產出穀物！而且種子的來源竟然是祂的屍體！→食物之神\r\n\r\n\t【印度】\r\n\t◎ 梵天→創造出天地萬物的梵天，最後卻淪為空有頭銜的邊緣人？→創世之神\r\n\t◎ 蘇摩→蘇摩超腹黑！而且還是鼓勵製毒的藥頭！受到懲罰的祂不斷地重複瀕死與復活的輪迴，成為月圓月缺的原因→月亮之神\r\n\r\n►特典桌布｜免費下載◄\r\n\r\n\t馬上獲得高解析度神祇桌布！\r\n\t本書細膩、傳神的畫工讓你忍不住隨時都想看一眼嗎？我們貼心製作了六款精美桌布，手機／桌機版本一次擁有，讓唯美華麗的神祇常駐螢幕吧！\r\n\t【桌機版】http:\/\/bit.ly\/2yUVQRZ\r\n\t【手機版】http:\/\/bit.ly\/2P2F922\r\n\r\n本書特色\r\n\r\n\t精美插畫重現孕育宇宙萬物的90位經典亞洲神祇，囊括中國、日本及印度地區。\r\n\t盤點眾神間的複雜關係圖，誰互為姻親、誰相交惡……彼此間的愛恨情仇一目了然。\r\n\t以淺顯易懂的文字解密神祇身世來由，錯綜複雜的神話一看就明白。\r\n\t詳列神祇別名、屬性、地位及保佑範圍，深入補充神祇間的同與異。\r\n\r\n・齊・聲・推・薦・\r\n\r\n\t角　斯 \/《寶島搜神記》作者\r\n\t何敬堯 \/《妖怪臺灣地圖》作者\r\n\t徐維芷 \/「故事」網站作者作者\r\n\r\n\t（按姓氏筆畫排序）\r\n\r\n"}
{"書名":"影響人類歷史文化的100位文學家","書籍網站":"https:\/\/www.kingstone.com.tw\/\/basic\/2017810037841?zone=book&lid=book_class3_bzz&actid=book_class3_bzz","作者":"羅堇文","出版社":"大翼文化  ","ISBN":9789861974460.0,"圖片網址":"https:\/\/cdn.kingstone.com.tw\/book\/images\/product\/20178\/2017810037841\/2017810037841b.jpg","書籍簡介":"\r\n\r\n一百位完成自己、成就世界的文學鉅子，一百個震鑠古今的偉大心靈，一部部扭轉歷史、千錘百鍊的經典作品。屈原、司馬遷、陶淵明、歐陽修、曹雪芹……荷馬、但丁、莎士比亞、安徒生、卡夫卡……千秋百世後，承先開新的文學泰斗們，仍獨領風騷、歷久彌堅，並持續啟發後世，永不止息。本書特色這些似曾相識的人名、這些口耳相傳的故事不認識的話，就太可惜了！選取世界各國、各個階段最有代表性的一百個文學家及最重要的作品從上古時期早熟的文字到文藝復興、啟蒙運動時代對人文精神的追尋再到近代各國異彩紛呈的技巧革新與對社會發展的反思用最短小精簡的充實內容帶你快速掌握廣闊的世界文學世界！\r\n                    \r\n"}
{"書名":"口述歷史採訪的理論與實踐：新舊臺灣人的滄桑史","書籍網站":"https:\/\/www.kingstone.com.tw\/\/basic\/2018950015454?zone=book&lid=book_class3_bzz&actid=book_class3_bzz","作者":"林德政","出版社":"五南      ","ISBN":9789571195971.0,"圖片網址":"https:\/\/cdn.kingstone.com.tw\/book\/images\/product\/20189\/2018950015454\/2018950015454b.jpg","書籍簡介":"\r\n\r\n每一個人都有自己的歷史，歷史不僅僅是國家、群體、社會所擁有，即使是普普通通的一般人，也都有屬於他自己的歷史。個人的歷史除了是個人的重要經歷，更是國家、群體歷史的重要時代見證。有時候因為主觀、客觀的因素，學院裡的歷史學家，在書寫國家、群體與社會的歷史時，難免會有疏陋或不足，這時候個人的歷史記錄，就是很重要的參考資料，可以交叉比對、辯駁正偽。但是他們的歷史從何而來呢？主要就是依靠採訪，才能保留下精彩的閱歷與見聞。作者從事歷史教學與研究三十多年，不自限於學院的象牙塔裡，除了一般的教學與研究外，也潛心研究口述歷史的理論與方法，更直接到田野之間從事採訪。本書既有理論篇也有實務篇，不僅可做為教學教材也可供大眾讀者做採訪寫作的參考。\r\n                    \r\n"}
{"書名":"清朝洋商秘檔","書籍網站":"https:\/\/www.kingstone.com.tw\/\/basic\/2016010024491?zone=book&lid=book_class3_bzz&actid=book_class3_bzz","作者":"李國榮主編","出版社":"崧燁文化  ","ISBN":9789575630294.0,"圖片網址":"https:\/\/cdn.kingstone.com.tw\/book\/images\/product\/20160\/2016010024491\/2016010024491b.jpg","書籍簡介":"\r\n\r\n\r\n\t他們曾與晉商、徽商並稱為清代中國的三大商團；他們經營著大清國全盛時期唯一的中西商貿口岸；他們被西方世界認為，是那個時代世界上最富有的人；他們推開了中國走向世界的門，打開了世界透視中國的窗；在那場改變了近代中國命運的罌粟硝煙中，他們又有著怎樣的傳奇？\r\n\r\n\t這就是廣州十三行，一個被歷史嚴重忽視乃至扭曲了的洋行商團，一個飽含著眾多歷史隱秘的商人群體。\r\n\r\n"}
{"書名":"以文學發聲：走過時代轉折的臺灣前輩文人","書籍網站":"https:\/\/www.kingstone.com.tw\/\/basic\/2018630067735?zone=book&lid=book_class3_bzz&actid=book_class3_bzz","作者":"廖振富","出版社":"玉山社    ","ISBN":9789862941751.0,"圖片網址":"https:\/\/cdn.kingstone.com.tw\/book\/images\/product\/20186\/2018630067735\/2018630067735b.jpg","書籍簡介":"\r\n\r\n\r\n 文學作品是當代社會的反映。\r\n\r\n 從日治到戰後，短短幾十年間，臺灣的政治環境以及社會氣氛產生了非常巨大的變化。出生於臺灣，走過這些時代轉折的前輩文人，他們如何在劇變的環境中思索與自處？發展出什麼樣的人際關係？面對劇烈變化的現實環境，他們又發出了什麼樣的文學之聲？\r\n\r\n 現任國立臺灣文學館館長廖振富從前輩文人的照片、書信，以及社團文件、地圖等當代史料著手，建構出1910到1970年代臺灣文化人的關係網絡，以及文學社群的形成與凝聚，並討論時代變化中臺灣文學的發展狀況。由此回顧臺灣前輩文人如何以文學呼應時代變局，並從其作品中認識他們的涵養與視野，以及想要脫困、突圍的韌性和勇氣。\r\n\r\n ◎日治時期三大詩社，以古典詩創作為主的櫟社，是日治時期臺灣中部最活躍的文學社團。本書收錄了多項櫟社相關文獻，包括（1）1912年的櫟社題名錄（2）社員黃旭東，1911年11月在青島行醫時對辛亥革命後中國的第一手觀察報導（3）1912年1月、1930年3月，反映連橫與櫟社互動情誼，從親密到決裂的兩張明信片（4）1918年12月，蔡惠如為發起「臺灣文社」奔走募款，與傅錫祺聯絡之信函（5）1924年，蔡惠如因意外受傷，回信答謝社友之慰問（6）1947年1月，二二八事件爆發前夕，櫟社為謀復興，推舉林獻堂接任社長，並吸收新社員的會議紀錄。透過這些史料，不但可具體認識櫟社從日治到戰後數十年間的興衰起伏軌跡，也能看出面臨臺灣近百年來多重時代轉折，櫟社社員如何回應？其理想與堅持何在？也能藉此體會社員文學涵養與寬闊視野，乃至成員立場的差異與紛爭的具體細節，從而思索背後所隱藏的文化與政治意涵。\r\n\r\n ◎除此之外，作者又從「詩集印刷與文學傳播」、「鐵路交通與文人社群往來」兩大面向，觀察日治時期傳統文人如何透過新興文學傳播網路的運作，以凝聚文學社群意識，從而建構綿密的聯繫網。在現代化巨輪的主導下，各種技術的進步連帶影響了文化、精神的發展。印刷與出版普及，鐵路交通使詩人身體快速移動，人際連結因而更加緊密，而當時盛行的詩會，尤其像「全島詩人大會」如此大規模的文學活動，更是建立在上述物質條件的基礎之上，始有實踐的可能。\r\n\r\n ◎出身臺中清水的世家公子蔡惠如，跨越商業、政治、文化界的人生經歷，以及長年在日本、中國、臺灣三地奔走往來，使他對世界局勢發展與時代思潮的掌握相當敏銳，在1920年代一躍成為臺灣抗日民族運動的主要領導人；他的作品中所蘊含的啟蒙意識與進步思想，更見證了時代改變的浪潮。若不以成敗論英雄，他的一生，猶如一道劃過臺灣夜空的流星，如此短暫，也如此絢爛。\r\n\r\n【本書特色】\r\n\r\n ◎以史料奠基，再現臺灣文學之聲\r\n\r\n ◎本書研究了1910到1970年代約60多年間的第一手文獻，這是臺灣社會多重轉折的時代，從為期50年的日本殖民統治，到戰後的二二八事件、白色恐怖與長期戒嚴。這些前輩文人走過激烈動盪的年代，有人甚至付出犧牲自由與生命的慘痛代價。其事蹟與作品在歷史時空中縱橫交錯，點燃希望的微光，讓我們深刻體悟到，他們在黑暗中有所堅持、在挫敗中不放棄希望的曲折心路歷程，而我們，更沒有理由對未來感到悲觀。\r\n\r\n ◎國立臺灣文學館館長廖振富近年來最重要的研究成果。從這七篇文章中仔細體會傅錫祺、蔡惠如、林獻堂、葉榮鐘、朱點人、莊垂勝、林莊生等臺灣前輩文人，他們面對時代變遷時的思索與生活，以及內心世界的失落與堅持、苦悶與奮鬥、糾結與反思。\r\n\r\n"}
{"書名":"驛動軌跡：臺中火車站的古往今來","書籍網站":"https:\/\/www.kingstone.com.tw\/\/basic\/2017330203030?zone=book&lid=book_class3_bzz&actid=book_class3_bzz","作者":"朱書漢、宋德熹","出版社":"遠景      ","ISBN":9789860537550.0,"圖片網址":"https:\/\/cdn.kingstone.com.tw\/book\/images\/product\/20173\/2017330203030\/2017330203030b.jpg","書籍簡介":"\r\n\r\n\r\n 位於臺灣中部的臺中火車站，日日旅客川流，人聲雜沓。人群裡對話喧騰，步伐緊湊，火車來了又走，去又復返，流動的是時間是人是火車，唯一矗立百年沉默不語的只有這座火車站。本書開篇首站來到日治時期，當時臺中滿城歡慶迎接第一代簡易型木構造車站的到來。第二站抵達戰後，因乘載需求而增建車站設施蛻變為第二代火車站的新面貌。第三站我們看見歷經九二一地震與SARS的嚴厲考驗後，以鐵路高架化面世的第三代火車站。駛過三代火車站，火車繼續開往中南線鐵路、手押臺車的懷舊路線，同時回顧鐵道周圍的舊宿舍等建築。火車不斷向前，當人們回望臺中火車站，將會看見何種身影與記憶？百年臺中火車站的追尋之旅，邀你同行。\r\n\r\n"}
{"書名":"鬼的歷史：不管是什麼鬼，都給我來一點","書籍網站":"https:\/\/www.kingstone.com.tw\/\/basic\/2012980009629?zone=book&lid=book_class3_bzz&actid=book_class3_bzz","作者":"謝金魚、陳韋聿、神奇海獅","出版社":"聯合文學  ","ISBN":9789863232216.0,"圖片網址":"https:\/\/cdn.kingstone.com.tw\/book\/images\/product\/20129\/2012980009629\/2012980009629b.jpg","書籍簡介":"\r\n\r\n\r\n一部為鬼喉舌的怪書！\r\n\r\n\r\n ★「故事」網站超人氣作家X新銳畫家金芸萱──是擅長說鬼故事的朋友呢！ \r\n ★鬼友粗乃玩！女巫、吸血鬼、殭屍、中國女鬼、碟仙……跨越東西方＆陰陽界，爬梳史料中的鬼怪紀聞。 \r\n ★鬼界原來很有事～碟仙透過靈乩圖創作詩文？鬼幫忙竄改考卷賺外快？屍屍戀也能有好結局？ \r\n\r\n陽間鬼陰間人，一探鬼界潛規則\r\n 從鬼的史料中，我們看見人類對於未知的恐慌、瘋狂，也看見人類對於所愛的眷戀與溫柔。而人界的規則也會被投射在鬼界中──冥婚、作弊、伸冤……研究鬼，其實就是研究人！\r\n\r\n ．黑漆漆的鬼會在考場裡丟錢幣、棒打考生？\r\n ．為什麼女鬼都要到人間找帥哥？陰間沒有帥哥嗎？\r\n ．含冤而死的鬼魂，怨念比核災還可怕？\r\n\r\n逢人說鬼，促進陰陽界的正面交流\r\n 所有鬼故事，都脫離不了人的目擊、記錄與轉述，相較於人類獵巫、掘墳、打旱魃等歇斯底里的反應，鬼界顯得弱勢許多。從鬼史紀聞裡揣想鬼界眾生的立場，反思我等人類對鬼界的迫害與歧視，為鬼喉舌！\r\n\r\n"}
{"書名":"中國大陸觀光旅遊資源總論","書籍網站":"https:\/\/www.kingstone.com.tw\/\/basic\/2016900051804?zone=book&lid=book_class3_bzz&actid=book_class3_bzz","作者":"趙嘉裕","出版社":"秀威資訊  ","ISBN":9789862215982.0,"圖片網址":"https:\/\/cdn.kingstone.com.tw\/book\/images\/product\/20169\/2016900051804\/2016900051804b.jpg","書籍簡介":"\r\n\r\n本書主要介紹中國大陸各省份的觀光旅遊資源，內容包括各省份地理概況、觀光地區旅遊資源、自然風光、名勝古蹟、旅遊資源特點、設施與參考地方法規等內容。在兩岸開放三通後，在兩岸的交流背景下，對於中國大陸觀光旅遊相關課題，將成為一門顯學，目前研究兩岸觀光旅遊相關的文獻甚少，無法滿足研究的需求，因此筆者蒐集有關中國大陸觀光旅遊相關資源等資料，加以整理分析、分類撰寫本書，進而探討中國大陸觀光旅遊資源之相關最新訊息。\r\n                    \r\n"}
{"書名":"經濟地理","書籍網站":"https:\/\/www.kingstone.com.tw\/\/basic\/2016600004773?zone=book&lid=book_class3_bzz&actid=book_class3_bzz","作者":"劉鴻喜","出版社":"大中國    ","ISBN":9789575211721.0,"圖片網址":"https:\/\/cdn.kingstone.com.tw\/book\/images\/product\/20166\/2016600004773\/2016600004773b.jpg","書籍簡介":"0"}
{"書名":"Strong to Save： Maritime Mission in Hong Kong from Whampom","書籍網站":"https:\/\/www.kingstone.com.tw\/\/basic\/2016070005737?zone=book&lid=book_class3_bzz&actid=book_class3_bzz","作者":"Stephen DAVIES","出版社":"城市大學  ","ISBN":9789629373054.0,"圖片網址":"https:\/\/cdn.kingstone.com.tw\/book\/images\/product\/20160\/2016070005737\/2016070005737b.jpg","書籍簡介":"\r\n\r\n\r\n\tTracing its origins back to 1822 in Whampoa, the Mariners’ Club in Hong Kong was established to meet a specific need for an Anglo-Chinese society defined by that most dubious of activities, seafaring. Its creation was anything but straightforward, and in this can be seen the mutable and often tortuous relations between the various religious bodies, the local population, the transient sailors, the emerging captains of industry, and the growing regulatory reach of the colonial government. The club evolved through many embodiments and witnessed the growth of Hong Kong from a collection of mat-sheds on the foreshore, through colony to its current status. Throughout its turbulent past it has been occasionally marginalized but has always served as an important base for the key actors in the main commercial activity in Hong Kong: seafarers.\r\n\r\n\tThis is a history of one of the most enduring institutions of Hong Kong, and the first of its kind. Using the Club’s own records as well as a wide range of sources both from within Hong Kong and from the seafaring world at large, this is a comprehensive account of the life of the Missions, the tenancy of the different chaplains, managers, and stewards, the changes in seafaring practices and shipping, and the transformation of Hong Kong itself.\r\n\r\n"}
{"書名":"震驚歷史的50則黑色幽默","書籍網站":"https:\/\/www.kingstone.com.tw\/\/basic\/2016100130217?zone=book&lid=book_class3_bzz&actid=book_class3_bzz","作者":"劉繼興","出版社":"代表作    ","ISBN":9789866707568.0,"圖片網址":"https:\/\/cdn.kingstone.com.tw\/book\/images\/product\/20161\/2016100130217\/2016100130217b.jpg","書籍簡介":"\r\n\r\n在茫茫史海中，慧黠幽默的史料拾遺，絕對令您捧腹大笑！在百轉千迴的故事中，處處可見真實人性的流露，保證精彩不容錯過。新浪博客點擊5000多萬人次，各博客總點擊上億人次，被譽為「中國文史類博客第一人」劉繼興，為您傳遞歷史深處的笑聲！50則史上最震撼人心與匪夷所思的正史趣聞，讓您沈浸在歷史詼諧的另一面中……★史上最驚心動魄的七局棋如何在波濤洶湧中下得面不改色、淡定自如？☆古代四大美女命運多舛、人盡皆知，但五大醜女所嫁卻皆帝皇名流、並成就其夫千秋大業？★歷史上打仗最厲害的竟是文弱書生？不僅全戰全勝，並且沒有一場不是在絕對的劣勢中大勝敵軍！☆春秋時期的齊頃公，竟自導自演一齣超級惡作劇，訕笑四國使臣，引起歃血為盟、伐齊報仇的決心？★愛美之心人皆有之，早在漢代以前的古人就已有敷面膜、人工酒窩、義眼術與唇裂修補術的整型技術？本書特色1.精選50個歷史上「最」令人匪夷所思、捧腹大笑的趣聞奇史！史上「最」會打仗的竟是文弱書生？唯一當上朝廷「最」高軍事首長的竟是一名太監？二戰中「最」令人啼笑皆非的美女間諜是誰？真實歷史的幽默，比創作出來的作品更有力量，每個故事都令人震撼、拍案叫絕！2.以小見大的歷史觀！從聚焦型的人物與典型事件的面向切入，加深我們對該背景之社會文化的瞭解；從一針見血的人性流露，豐富我們對人生的理解，更加深了歷史的價值。3.鮮為人知的史實，翔實深刻的筆觸！以流暢的文筆，記錄歷史中各種人物的性格、文采、謀略與事件，將歷史原貌真實呈現，令歷史中之人物與場景彷如歷歷在前，讀來令人開懷大笑，或令人蕩氣迴腸、回味無窮。\r\n                    \r\n"}
{"書名":"歷史經典與文獻選讀","書籍網站":"https:\/\/www.kingstone.com.tw\/\/basic\/2010160010250?zone=book&lid=book_class3_bzz&actid=book_class3_bzz","作者":"王惟貞、古怡青、皮國立","出版社":"翰蘆圖書  ","ISBN":9789867522924.0,"圖片網址":"https:\/\/cdn.kingstone.com.tw\/book\/images\/product\/20101\/2010160010250\/2010160010250b.jpg","書籍簡介":"\r\n\r\n本書配合大專院校歷史、文化史等課程，以每週二至三小時教學需求而編寫。內容考量教學可能涉及的經典文獻，提供教師教學需要，特別編寫而成，非常適合通識課程。本書為提供教師上課導讀或學生預習和課餘參考，以培養學生閱讀原典並掌握經典內涵的能力，藉由課堂討論以激發學生關懷歷史文化，以達古學今用的思考創造能力。作者群均為博士，任教各大學通識教育及史學課程，透過團隊合作方式，針對每篇文章詳加校註。作者分配單元分別為：王惟貞、沈明得－史記。陳冠穎－中國古代政治。皮國立－中國傳統醫學。古怡青－中國古代法律。王惟貞、江長青－台灣文獻選讀。為提供教師教學方便，凡是班級向本公司直購達50本，將提供特別優惠。\r\n                    \r\n"}
{"書名":"歷史的玩笑開大了","書籍網站":"https:\/\/www.kingstone.com.tw\/\/basic\/2018560183642?zone=book&lid=book_class3_bzz&actid=book_class3_bzz","作者":"熊飛駿","出版社":"益智書坊  ","ISBN":9789861677873.0,"圖片網址":"https:\/\/cdn.kingstone.com.tw\/book\/images\/product\/20185\/2018560183642\/2018560183642b.jpg","書籍簡介":"\r\n\r\n洪秀全在南京小朝廷裡封了兩千七百多個王，比歷代帝王所封的王爵總和還要多，那時太平天國的疆域還不到一個省；李自成進北京後的第一件事就是分宮女；黃巢佔領廣州後，一口氣殺了十二萬無辜的西洋僑民；陳勝的車夫莊賈一刀砍下了主人的腦袋，陳勝的衛士看見莊賈手中提著大王血淋淋的人頭，居然沒有一個人對莊賈刀兵相向，可以想見陳勝平日是多麼刻薄寡恩。乾隆和武則天對中華文明的傷害是嚴重的。乾隆的傷害屬於「軟傷」，傷害首先從肌體內部開始，表面最初覺察不出「致命」的徵象，可一旦覺察到了就已無藥可醫。武則天的傷害屬於「硬傷」，從初期到後期都能一眼覺察出這種傷害。為了壓制臣民對「傷害」的反應，權力人物只有變本加厲，使「傷害」一再升級，直到把中華民族傷害得「形銷骨立」仍不肯主動罷手。像岳飛這樣的愛國英雄，就是落到敵人手裡也會禮遇有加待如上賓；可他誓死效忠的祖國卻用「烙鐵」和「老虎凳」來對付他。袁崇煥被他摯愛的祖國千刀萬剮，最後竟然是他的敵人出面為他平反昭雪，歷史的玩笑，有時，開得實在有點過分\r\n                    \r\n"}
{"書名":"醉裡挑燈看歷史","書籍網站":"https:\/\/www.kingstone.com.tw\/\/basic\/2018560182560?zone=book&lid=book_class3_bzz&actid=book_class3_bzz","作者":"文歡","出版社":"益智書坊  ","ISBN":9789861677750.0,"圖片網址":"https:\/\/cdn.kingstone.com.tw\/book\/images\/product\/20185\/2018560182560\/2018560182560b.jpg","書籍簡介":"\r\n\r\n【本書特色】歷史的真實細微之處往往令人震驚。然而魯迅先生曾經指出，歷史往往是不可靠的，同時代人所寫的歷史尤其不可靠。胡適先生也曾有過一個精采的比喻，歷史就是一位任人梳妝打扮的小姑娘。不要說在專制的封建社會裡，文網恢恢，動輒得咎，書寫歷史成了一個極其危險的職業，因秉筆直書而遭遇血光之災甚至禍及九族者不知凡幾；就是到了近代乃至現代，歷史仍然充滿了數不清的謎團。隨著時間的推移和史料的發現，有些謎團才陸續地得以解開。因此可以說，史家的任務就在於區別真實的和虛構的、確定的和不確定的，以及可疑的和不能接受的。這就要求，史家須摒棄功利，獨立思考，嚴肅認真，不斷地對歷史進行追問。把那些或者是因為利誘和威脅，或者是出於某種政治需要，或者是因為偏見，或者是因為個人的感情和愛憎，或者是我們所無法知道的原因，而背離了真實的歷史，一點一滴、持之以恆地去偽存真，恢復其本來面目，從而使歷史成為時代的見證、真理的火炬、記憶的生命、生活的老師和前人的使者。說到底，歷史就是對細節真相的探究。然而，說出真相不是一件容易的事。魯迅先生說過，謊言和假話越來越多，中國的文化從某種意義上來說，就是「瞞」和「騙」的文化。它已經成了民族的心理痼疾，因此，說出真相就具有挑戰某種民族思維的質。真相的獲得，需要歷史學家的勇氣和責任感，需要探索，需要發現。值得慶幸的是，近些年來，一些史家和歷史事件的知情者、親歷者，孜孜以求，以史實為依據，按跡尋蹤，見微知著，絕不妄加穿鑿，挖掘史料中的深層內涵，探尋歷史的本相、本質和發展規律，實事求是地評價人物的是非功過和歷史作用，體現了歷史學家的史膽、史識和史德。筆者有感於此，把近年來發表的有新意且有價值的文章，略作分類，編就此書。這些文章，有些是歷史事件知情者、親歷者的回憶，把僵硬的歷史還原為一個活生生的生命，變得有血有肉，呼之欲出；有些是把被有意回避或語焉不詳的歷史，經過作者的調查和探索，使其重見天日並予以合適的評價；有些是根據逐漸解密的檔案或史料，把塵封多年因而被長期誤讀的歷史賦予嶄新的生命和意義；有些是對歷史上某些事件、人物的說法、評價甚至是「定論」，根據作者的研究和發現，建構起迥異以往的命題和意蘊；有些則是將被歪曲、篡改甚至顛倒的歷史，還其本來面目或重新顛倒過來。本書所收錄的文章思想開放，無論是觀點還是材料，都有很多新鮮感，那種陳陳相因的陳詞濫調，在這裡無處安身。閱讀本書猶如走進一個陌生的國度，新穎的景觀層出不窮，身心會陶醉在一種受到新知刺激才會產生的精神愉悅。學人和專家們閱讀本書會受到領悟、啟發甚至震動，但本書主要還是以大眾為閱讀對象。對那些「純學術」的鴻篇巨作，敬謝不敏。眼睛向下，拒絕枯燥，注重文采，把平民化、生動、可讀和趣味作為遴選文章的取向。學術只是一種精神，一種風骨，而鮮活豐滿的血肉和生命，才是我們的追求。應該說明的是，本書的分類完全是為了閱讀的方便，多數文章因意蘊的多元，都是難以強做劃分的。人物和事件的順序基本上按時代先後編排，個別長文做了一些刪節。書中所收文章大都是「一家之言」，並不能完全代表編者和出版者的觀點，敬請讀者明鑒。\r\n                    \r\n"}
{"書名":"二戰德國裝甲作戰","書籍網站":"https:\/\/www.kingstone.com.tw\/\/basic\/2017120009644?zone=book&lid=book_class3_bzz&actid=book_class3_bzz","作者":"伊安．巴克斯特","出版社":"風格司    ","ISBN":9789866330162.0,"圖片網址":"https:\/\/cdn.kingstone.com.tw\/book\/images\/product\/20171\/2017120009644\/2017120009644b.jpg","書籍簡介":"\r\n\r\n　　戰無不勝的鋼鐵死神肆虐全歐，鐵蹄所至之處，無不折戟俯首。第三帝國的裝甲部隊不僅是閃擊戰的核心，也是軍事史上劃時代的作戰編組。《二戰德國裝甲作戰》將希特勒的裝甲武力，從早期勝利至最終敗亡作了完整描述。本書收錄許多未曾公開的珍貴照片，不少來自當時親身經歷戰爭的個人相簿，獨特且生動地呈現了一九三九年至一九四五年德國參戰裝甲部隊的實況。書中還介紹了裝甲師的各個組成部分：輕型戰車、主戰戰車，砲兵、突擊砲及驅逐戰車、偵搜部隊、支援車輛，以及裝甲擲彈兵（機動化步兵）。隨著照片的深入說明也提供了許多圖片相關的歷史資訊及事件。\r\n                    \r\n"}
{"書名":"迷宮","書籍網站":"https:\/\/www.kingstone.com.tw\/\/basic\/2017900011881?zone=book&lid=book_class3_bzz&actid=book_class3_bzz","作者":"William Henr","出版社":"宇河文化  ","ISBN":9789576595929.0,"圖片網址":"https:\/\/cdn.kingstone.com.tw\/book\/images\/product\/20179\/2017900011881\/2017900011881b.jpg","書籍簡介":"\r\n\r\n暢銷全球80年，全世界的迷宮愛好者與探險者都看過這本書。\r\n有史以來地球上最完整、最詳盡的迷宮整理介紹，讓您穿梭古今智慧。\r\n圖文並茂，集通俗性、故事性、趣味性、知識性於一體。\r\n\r\n本書將散佈於世界各地不同類型的迷宮進行歸類和對比的目的，正是希望由此可以引發人們對迷宮進行更加深入而全面的瞭解，進而為您探索和研究迷宮增添幾分有益的思索。或許，當您在閱讀這些色彩斑斕的迷宮在漫漫歷史長河中的形成與發展過程後，會對迷宮本身表現出更大的熱情與興趣。\r\n\r\n本書是作者在借鑒和參考了大量的考古學家、古文物研究者的諸多著作和文獻的基礎上，進行了一些通俗化、趣味化的加工和梳理，以期使其成為一本雅俗共賞、老少咸宜的科普讀物。所以，本書定位的目標讀者是所有對迷宮問題感興趣的大眾讀者，當然對於更為專業的學者和研究者來說，它同樣具有學術上的參考價值。\r\n\r\n人類的智慧是創造一切文明的源泉，而好奇心與求知欲則是推動人類文明不斷進步的動力。在人們的大腦中，時常會蹦出這樣或者那樣古怪新奇的問題，當它們與常人的思維相悖相異，無疑將刺激人們對其產生難以抗拒的探知欲。由此，這種突破人類固有知識範疇的新異思想總是具有更加旺盛的生命力，它會催促和激勵人們孜孜不倦地去探索那些困擾人類始終的奧秘，揭開它們的真相，直到找到滿意的答案為止。而這些超乎人類常識的問題，常常是被天性好奇的孩子們不斷問及。本書作者竭力探求並試圖向讀者揭示的，正是這類問題。您準備好了嗎？那麼就請隨作者一同闖入那千年前的古老迷宮，體驗一回思想者的探索之旅吧！\r\n                    \r\n"}
{"書名":"西洋歷史地圖","書籍網站":"https:\/\/www.kingstone.com.tw\/\/basic\/2026090005006?zone=book&lid=book_class3_bzz&actid=book_class3_bzz","作者":"王曾才","出版社":"桂冠圖書  ","ISBN":null,"圖片網址":"https:\/\/cdn.kingstone.com.tw\/book\/images\/product\/20260\/2026090005006\/2026090005006b.jpg","書籍簡介":"0"}
{"書名":"中國歷史人物辭典","書籍網站":"https:\/\/www.kingstone.com.tw\/\/basic\/2020580018651?zone=book&lid=book_class3_bzz&actid=book_class3_bzz","作者":"左秀靈合編","出版社":"名山      ","ISBN":null,"圖片網址":"https:\/\/cdn.kingstone.com.tw\/book\/images\/product\/20205\/2020580018651\/2020580018651b.jpg","書籍簡介":"0"}
{"書名":"邁向權力之路","書籍網站":"https:\/\/www.kingstone.com.tw\/\/basic\/2017840031413?zone=book&lid=book_class3_bzz&actid=book_class3_bzz","作者":"CRISTIAN S","出版社":"圓神      ","ISBN":null,"圖片網址":"https:\/\/cdn.kingstone.com.tw\/book\/images\/product\/20178\/2017840031413\/2017840031413b.jpg","書籍簡介":"0"}
{"書名":"中國古代職官辭典","書籍網站":"https:\/\/www.kingstone.com.tw\/\/basic\/2020580017159?zone=book&lid=book_class3_bzz&actid=book_class3_bzz","作者":"李成華","出版社":"常春樹    ","ISBN":null,"圖片網址":"https:\/\/cdn.kingstone.com.tw\/book\/images\/product\/20205\/2020580017159\/2020580017159b.jpg","書籍簡介":"0"}
