{"書名":"有機化學天堂秘笈I+II（套書）","書籍網站":"https:\/\/www.kingstone.com.tw\/\/basic\/2013460017431?zone=book&lid=book_class3_edc&actid=book_class3_edc","作者":"克萊因","出版社":"天下文化  ","ISBN":4713510945216.0,"圖片網址":"https:\/\/cdn.kingstone.com.tw\/book\/images\/product\/20134\/2013460017431\/2013460017431b.jpg","書籍簡介":"\r\n\r\n\r\n沒看過《有機化學天堂祕笈》系列，千萬不要輕言放棄有機！\r\n《有機化學天堂祕笈》講的是大觀念，\r\n《有機化學天堂祕笈II》則是深入講解反應機構，\r\n\t 從此有機合成問題對你不再是問題！\r\n\r\n\r\n《有機化學天堂祕笈I》\r\n\t   \r\n\t有機化學是化學中重要的一個分支，是專門講含碳分子的化學，事實上所有與生命有關的分子，都是有機分子。你如果翻開高中化學課本中教有機化學的那一些章節，甚至是大學的有機化學課本，會發現裡面介紹了多得嚇人的化合物，背不完的方程式。但對學生而言，背到昏天暗地也一定有沒背到的化學反應，記不起來的化合物，很多人就是如此敗在有機化學的手裡。\r\n\r\n《有機化學天堂祕笈II》\r\n\t   \r\n\t沿襲《有機化學天堂祕笈》的優點，以讓你每個細胞都充滿有機的方式，引領你學習有機化學，把背誦部分降至最少，把龐雜的數百個反應，化成少數幾個觀念，任誰都能以此輕鬆快速的學習有機化學，順利的在考試中拿高分。\r\n\t  \r\n\t《有機化學天堂祕笈II》補充了許多老師在課堂上不可能詳細說明的細節，課前課後有此天堂祕笈在手，別人痛苦的上有機化學課，你卻快樂得如同在天堂！\r\n\r\n"}
{"書名":"3小時讀通有機化學","書籍網站":"https:\/\/www.kingstone.com.tw\/\/basic\/2013460016069?zone=book&lid=book_class3_edc&actid=book_class3_edc","作者":"齊藤勝裕","出版社":"世茂      ","ISBN":9789866097140.0,"圖片網址":"https:\/\/cdn.kingstone.com.tw\/book\/images\/product\/20134\/2013460016069\/2013460016069b.jpg","書籍簡介":"\r\n\r\n有機化學完全不需要死背！藉由漫畫與內文的互相搭配，閱讀此書，讀者將輕鬆又愉快地瞭解有機化學。本書介紹有機化學理論與生活實際運用，講解著名化學反應及其運用。輕鬆翻閱右邊頁面的漫畫篇幅，搭配左邊的文字說明，如此漫畫搭配文章解說，可以獲得超越課本的知識。只要知道有機化學的基礎，就能導出建立在基礎上的推論。有了這些知識，你也將能夠解決日常生活中大部分的有機化學問題。本書特色2010年諾貝爾化學獎，由美國和日本三名學者同得，表揚他們在有機合成領域的貢獻，製造出複雜的有機化合物，應用在發明新的藥物來治療疾病，生產科技產業、農業等所需的化學物質。在成千上萬的化學分子中，稱為「有機化合物」的物質，在結構上具有碳原子與碳原子連結而成的骨幹。想要瞭解有機化合物，本書藉由漫畫與內文的互相搭配，完全不需要死背，讀者將輕鬆又愉快地瞭解有機化學。本書介紹有機化學理論與生活實際運用，講解著名化學反應及其運用。輕鬆翻閱右邊頁面的漫畫篇幅，搭配左邊的文字說明，如此漫畫搭配文章解說，可以獲得超越課本的知識。只要知道有機化學的基礎，就能導出建立在基礎上的推論。有了這些知識，你也將能夠解決日常生活中大部分的有機化學問題。\r\n                    \r\n"}
{"書名":"有機化學（第三版）","書籍網站":"https:\/\/www.kingstone.com.tw\/\/basic\/2013460016939?zone=book&lid=book_class3_edc&actid=book_class3_edc","作者":"曹文正\/黃秉炘\/呂卦南","出版社":"新文京    ","ISBN":9789864301751.0,"圖片網址":"https:\/\/cdn.kingstone.com.tw\/book\/images\/product\/20134\/2013460016939\/2013460016939b.jpg","書籍簡介":"\r\n\r\n\r\n\t本書由三位在醫護院校任教多年的教師共同編寫，內容兼顧醫護類科系有機化學課程需求，詳細討論了各類化合物的命名、結構、物理性質、化學反應以及重要的反應結構、化合物的製法和有機化學未來新的發展方向。\r\n\r\n\t坊間的有機化學教材大多針對理工類科系課程需求編寫，內容及範例較適合化學或化學工程系所上課使用，醫護類科系任課教師很難找到適合學生需求的教材，本書作者依多年的醫護院校教學心得，編撰這本適合醫護院校有機化學課程使用的教材。\r\n\r\n\t本書內容簡明扼要，以豐富的精美插圖輔助讀者更容易理解，並以大量例題演示各類題型的解題過程。各章章末編有習題供讀者自行演練。\r\n\r\n\t為教學設計考量，書中習題不提供解答，讀者可先熟練例題之後，自行演練。出版社及銷售單位均無法提供習題解答，請需要標準答案的自學讀者購買前知悉並斟酌選購。\r\n\r\n"}
{"書名":"有機分子軌域對稱守恆原理初探","書籍網站":"https:\/\/www.kingstone.com.tw\/\/basic\/2013480011495?zone=book&lid=book_class3_edc&actid=book_class3_edc","作者":"蘇明德","出版社":"五南      ","ISBN":9789571152486.0,"圖片網址":"https:\/\/cdn.kingstone.com.tw\/book\/images\/product\/20134\/2013480011495\/2013480011495b.jpg","書籍簡介":"\r\n\r\n本書的宗旨在於教導讀者，在最短時間內學會如何判斷，有機加熱或照光反應的難易程度，並進而能隨心所欲，記住各種有機加熱反應及照光反應之反應式，及預測各種可能的有機反應途徑。本書拋開過去傳統的教學方法，用新的直觀辦法使讀者一學就懂、一點就通，在不知不覺間就領會此原理的精髓，並進而培養讀者應用知識解決實際問題的能力。\r\n                    \r\n"}
{"書名":"有機合成反應","書籍網站":"https:\/\/www.kingstone.com.tw\/\/basic\/2013460015307?zone=book&lid=book_class3_edc&actid=book_class3_edc","作者":"謝德榮","出版社":"五南      ","ISBN":9789571139012.0,"圖片網址":"https:\/\/cdn.kingstone.com.tw\/book\/images\/product\/20134\/2013460015307\/2013460015307b.jpg","書籍簡介":"\r\n\r\n反應機制是學習合成化學的基石，具備合成知識，才能自己規劃合成途徑，獨立研究，發明新的材料。全書共分兩單元，第一單元介紹合成芳香烴類，第二單元介紹脂肪烴類及環狀脂肪烴類，各單元再分成各種官能基化合物的合成方法。本書適用於化學、食品、生化、農藥、醫藥、有機顏料、光電材料、高分子研究者；可作為大學部選修、研究所教材。\r\n                    \r\n"}
{"書名":"有機化學習題解答（上．下）","書籍網站":"https:\/\/www.kingstone.com.tw\/\/basic\/2013460014775?zone=book&lid=book_class3_edc&actid=book_class3_edc","作者":"謝德榮","出版社":"五南      ","ISBN":9789571124568.0,"圖片網址":"https:\/\/cdn.kingstone.com.tw\/book\/images\/product\/20134\/2013460014775\/2013460014775b.jpg","書籍簡介":"\r\n\r\n\r\n 幫助學生瞭解與日常生活相關的醫藥、食品、香料、清潔劑、農藥、染料等之常識及合成方法。\r\n\r\n"}
{"書名":"有機化學","書籍網站":"https:\/\/www.kingstone.com.tw\/\/basic\/2013460014355?zone=book&lid=book_class3_edc&actid=book_class3_edc","作者":"冀政勤","出版社":"五南      ","ISBN":9789571122762.0,"圖片網址":"https:\/\/cdn.kingstone.com.tw\/book\/images\/product\/20134\/2013460014355\/2013460014355b.jpg","書籍簡介":"0"}
{"書名":"實用有機化學","書籍網站":"https:\/\/www.kingstone.com.tw\/\/basic\/2013460011699?zone=book&lid=book_class3_edc&actid=book_class3_edc","作者":"陳國成","出版社":"大中國    ","ISBN":null,"圖片網址":"https:\/\/cdn.kingstone.com.tw\/book\/images\/product\/20134\/2013460011699\/2013460011699b.jpg","書籍簡介":"0"}
{"書名":"有機化學天堂秘笈I","書籍網站":"https:\/\/www.kingstone.com.tw\/\/basic\/2013460017271?zone=book&lid=book_class3_edc&actid=book_class3_edc","作者":"克萊因","出版社":"天下文化  ","ISBN":4713510945193.0,"圖片網址":"https:\/\/cdn.kingstone.com.tw\/book\/images\/product\/20134\/2013460017271\/2013460017271b.jpg","書籍簡介":"\r\n\r\n\r\n\t沒錯，有機化學的確很難！但這並不表示你沒辦法在有機化學上拿到高分。只要根據這本《有機化學天堂祕笈》按步操兵，你就能在有機化學課中如魚得水，快樂得像在天堂！\r\n\r\n《有機化學天堂祕笈》能幫助你：\r\n\t．掌握有機化學全貌\r\n\t．更有效率的學習有機化學\r\n\t．增進有機化學解題能力\r\n\r\n\t有機化學是化學中重要的一個分支，是專門講含碳分子的化學，事實上所有與生命有關的分子，都是有機分子。你如果翻開高中化學課本中教有機化學的那一些章節，甚至是大學的有機化學課本，會發現裡面介紹了多得嚇人的化合物，背不完的方程式。但對學生而言，背到昏天暗地也一定有沒背到的化學反應，記不起來的化合物，很多人就是如此敗在有機化學的手裡。\r\n\r\n\t但事實上，學習有機化學就像是學習一種新的語言與文化，這本《有機化學天堂祕笈》就是告訴你有機化學的語言怎麼說，有機化學的世界要怎麼想。對於高中化學一味背背背的有機化學教法感到不耐的自然組學生，或想讀好大學有機化學課程的大學生來說，這本書無疑都是一大救星，它展示的學習方法能讓你自然充滿有機化學的細胞，不必挑燈夜戰苦記死背，就能在考試中輕鬆解題得高分。\r\n\r\n"}
{"書名":"有機化學天堂祕笈II","書籍網站":"https:\/\/www.kingstone.com.tw\/\/basic\/2013460017301?zone=book&lid=book_class3_edc&actid=book_class3_edc","作者":"克萊因","出版社":"天下文化  ","ISBN":4713510945209.0,"圖片網址":"https:\/\/cdn.kingstone.com.tw\/book\/images\/product\/20134\/2013460017301\/2013460017301b.jpg","書籍簡介":"\r\n\r\n\r\n\t沒看過《有機化學天堂祕笈》系列，千萬不要輕言放棄有機！\r\n\r\n\t《有機化學天堂祕笈II》沿襲《有機化學天堂祕笈》的優點，以讓你每個細胞都充滿有機的方式，引領你學習有機化學，把背誦部分降至最少，把龐雜的數百個反應，化成少數幾個觀念，任誰都能以此輕鬆快速的學習有機化學，順利的在考試中拿高分。\r\n\r\n\t《有機化學天堂祕笈》講的是大觀念，《有機化學天堂祕笈II》則是深入講解反應機構，從此有機合成問題對你不再是問題。\r\n\r\n\t《有機化學天堂祕笈II》補充了許多老師在課堂上不可能詳細說明的細節，課前課後有此天堂祕笈在手，別人痛苦的上有機化學課，你卻快樂得如同在天堂！\r\n\r\n"}
{"書名":"有機化學的反應機構論","書籍網站":"https:\/\/www.kingstone.com.tw\/\/basic\/2014600018868?zone=book&lid=book_class3_edc&actid=book_class3_edc","作者":"蘇明德","出版社":"五南      ","ISBN":9789571175935.0,"圖片網址":"https:\/\/cdn.kingstone.com.tw\/book\/images\/product\/20146\/2014600018868\/2014600018868b.jpg","書籍簡介":"\r\n\r\n《有機化學的反應機構論》一書是教導讀者，在最短時間內學會如何畫好有機化學的反應機構，並進而能隨心所欲記住各種有機反應式及預測各種可能的反應途徑。學過有機化學的人就知道，反應機構是有機化學課程裡一門重要教材。本書去蕪存菁，只留一般常見及常用的有機化學反應式，並附明確解說，在各章節均有大量題目讓讀者即時演練。因此只要能動腦及動筆閱讀本書，絕對會讓你「開卷有益」。\r\n                    \r\n"}
{"書名":"金屬","書籍網站":"https:\/\/www.kingstone.com.tw\/\/basic\/2014720049001?zone=book&lid=book_class3_edc&actid=book_class3_edc","作者":"田中和明","出版社":"瑞昇文化  ","ISBN":9789865957070.0,"圖片網址":"https:\/\/cdn.kingstone.com.tw\/book\/images\/product\/20147\/2014720049001\/2014720049001b.jpg","書籍簡介":"\r\n\r\n沒有金屬，人類就無法發展高度文明！隨著原子結構的明朗化，21世紀的鍊金術能輕易地製造元素儘管是鋼鐵盛世，新機能材料的開發也迫在眉睫！！只需環顧四周，應該就能意識到，我們其實被各式各樣的金屬所環繞。不論是手機內部的高科技零件、飛機使用的鋁合金、甚至於我們的身體之內，都有金屬的存在。本書將從各個學術層面來介紹金屬，從基礎知識到應用、開發與製品加工……徹底進行一場深度金屬導覽之旅。作者憑著對金屬的熱愛，以及幽默風趣的筆調，將專業的金屬工業變得生動有趣。金屬其實有自己的脾氣與個性，遇水會爆炸的暴躁姐妹─鹼金屬，像蝴蝶一樣會變態的鐵跟錫，金屬國度中的小胖子─銥＆鋨……各種超迷人角色都將於本書中活靈活現的登場。此外，書中還收錄許多各式各樣趣味十足的金屬小知識：倘若在世界上真的有一個超任性的國王，下達：「給我用24K黃金造台車」的命令，實際施行起來狀況會是如何呢？「24K金是指24\/24的黃金，也就是100%的純金。由於性質非常的軟，若做成車架，車架就會從兩端開始彎曲；一經拉扯、就會伸長，讓車身成為扁平狀；同時還很重。倘若一般客車的重量為1.5噸，那同等規格的黃金汽車就會重達3.7噸，相當於一台卡車的重量；外加上黃金的強度不高，若想要補強結構，成品的重量也將會倍增，成為一輛重達7噸的汽車。就算得花上這麼大一番工夫，也想搭乘純金汽車的國王，一定是個相當任性的傢伙吧。」你知道嗎，金屬也有傳染病「在拿破崙的俄羅斯遠征中，法軍冬季制服的錫製鈕釦，只要一經碰觸就會化做粉末，迫使大量士兵凍死在俄羅斯的嚴寒之下。錫只要溫度低於13℃以下就會變態成α－Sn、並且崩壞。變態的過程只會緩慢進行，而白錫逐漸變成灰錫的模樣，看起來就像是錫上頭的傳染病蔓延開來似的，因此被稱為錫病。」在瞭解基礎知識之後，作者對於藉由21世紀的鍊金術─在奈米技術的應用以及合金之研究之下，所開發而出，有著新穎機能性的嶄新材料也有一番解說。藉由金屬製造而成的工具，生產力才得以發展，因此金屬真可謂是開創文明根基的重要元素，也是幫助現代科技持續發展的一大關鍵。請各位讀者們敬請期待，自許為金屬說書人的筆者，所珍藏的金屬故事吧！本書特色幽默筆觸搭配全彩圖解，專業與趣味性兼顧，只要對金屬有興趣，無論有沒有專業背景都能輕鬆閱讀！藉由生活周遭具體事物，搭配擬人化的表現方式，簡單搞懂各個金屬集團！認識金屬功用與性質，你會發現我們的生活實在少不了它們。\r\n                    \r\n"}
{"書名":"有機化學天堂祕笈II","書籍網站":"https:\/\/www.kingstone.com.tw\/\/basic\/2013460015857?zone=book&lid=book_class3_edc&actid=book_class3_edc","作者":"克萊因","出版社":"天下文化  ","ISBN":9789862166192.0,"圖片網址":"https:\/\/cdn.kingstone.com.tw\/book\/images\/product\/20134\/2013460015857\/2013460015857b.jpg","書籍簡介":"\r\n\r\n有機化學天堂祕笈II，是學習有機化學的夢幻寶典瞭解有機化學反應機構的唯一途徑沒看過《有機化學天堂祕笈》系列，千萬不要輕言放棄有機！《有機化學天堂祕笈II》沿襲《有機化學天堂祕笈》的優點，以讓你每個細胞都充滿有機的方式，引領你學習有機化學，把背誦部分降至最少，把龐雜的數百個反應，化成少數幾個觀念，任誰都能以此輕鬆快速的學習有機化學，順利的在考試中拿高分。《有機化學天堂祕笈》講的是大觀念，《有機化學天堂祕笈II》則是深入講解反應機構，從此有機合成問題對你不再是問題。你很快就會發現，單單學習這些反應是不夠的。想要學好有機化學，必須學習如何處理並解決這三大重要類型問題。你必須成為精通這些特殊技巧的專家，因為在解決問題時，這些技巧能引導你找出正確答案。而三大重要類型問題代表的正是有機化學的核心，如果你對這些技巧十分嫻熟，那麼你在有機化學上必然能得心應手。《有機化學天堂祕笈II》補充了許多老師在課堂上不可能詳細說明的細節，課前課後有此天堂祕笈在手，別人痛苦的上有機化學課，你卻快樂得如同在天堂！\r\n                    \r\n"}
{"書名":"有機化學天堂祕笈﹝I+II﹞","書籍網站":"https:\/\/www.kingstone.com.tw\/\/basic\/2013460015987?zone=book&lid=book_class3_edc&actid=book_class3_edc","作者":"克萊因","出版社":"天下文化  ","ISBN":9780004174020.0,"圖片網址":"https:\/\/cdn.kingstone.com.tw\/book\/images\/product\/20134\/2013460015987\/2013460015987b.jpg","書籍簡介":"\r\n\r\n沒看過《有機化學天堂祕笈》系列，千萬不要輕言放棄有機！《有機化學天堂祕笈》講的是大觀念，《有機化學天堂祕笈II》則是深入講解反應機構， 從此有機合成問題對你不再是問題！《有機化學天堂祕笈》 有機化學是化學中重要的一個分支，是專門講含碳分子的化學，事實上所有與生命有關的分子，都是有機分子。你如果翻開高中化學課本中教有機化學的那一些章節，甚至是大學的有機化學課本，會發現裡面介紹了多得嚇人的化合物，背不完的方程式。但對學生而言，背到昏天暗地也一定有沒背到的化學反應，記不起來的化合物，很多人就是如此敗在有機化學的手裡。《有機化學天堂祕笈II》沿襲《有機化學天堂祕笈》的優點，以讓你每個細胞都充滿有機的方式，引領你學習有機化學，把背誦部分降至最少，把龐雜的數百個反應，化成少數幾個觀念，任誰都能以此輕鬆快速的學習有機化學，順利的在考試中拿高分。《有機化學天堂祕笈II》補充了許多老師在課堂上不可能詳細說明的細節，課前課後有此天堂祕笈在手，別人痛苦的上有機化學課，你卻快樂得如同在天堂！\r\n                    \r\n"}
{"書名":"有機化學的反應機構論","書籍網站":"https:\/\/www.kingstone.com.tw\/\/basic\/2014600013108?zone=book&lid=book_class3_edc&actid=book_class3_edc","作者":"蘇明德","出版社":"五南      ","ISBN":9789571151953.0,"圖片網址":"https:\/\/cdn.kingstone.com.tw\/book\/images\/product\/20146\/2014600013108\/2014600013108b.jpg","書籍簡介":"\r\n\r\n《有機化學的反應機構論》一書是教導讀者，在最短時間內學會如何畫好有機化學的反應機構，並進而能隨心所欲記住各種有機反應式及預測各種可能的反應途徑。學過有機化學的人就知道，反應機構是有機化學課程裡一門重要教材。本書去蕪存菁，只留一般常見及常用的有機化學反應式，並附明確解說，在各章節均有大量題目讓讀者即時演練。因此只要能動腦及動筆閱讀本書，絕對會讓你「開卷有益」。\r\n                    \r\n"}
{"書名":"有機化學天堂秘笈","書籍網站":"https:\/\/www.kingstone.com.tw\/\/basic\/2013460015727?zone=book&lid=book_class3_edc&actid=book_class3_edc","作者":"克萊因","出版社":"天下文化  ","ISBN":9789862160084.0,"圖片網址":"https:\/\/cdn.kingstone.com.tw\/book\/images\/product\/20134\/2013460015727\/2013460015727b.jpg","書籍簡介":"\r\n\r\n幫助你掌握有機化學全貌，更有效率的學習有機化學，增進有機化學解題能力。 沒錯，有機化學的確很難！但這並不表示你沒辦法在有機化學上拿到高分。只要根據這本《有機化學天堂祕笈》按步操兵，你就能在有機化學課中如魚得水，快樂得像在天堂！ 有機化學是化學中重要的一個分支，是專門講含碳分子的化學，事實上所有與生命有關的分子，都是有機分子。你如果翻開高中化學課本中教有機化學的那一些章節，甚至是大學的有機化學課本，會發現裡面介紹了多得嚇人的化合物，背不完的方程式。但對學生而言，背到昏天暗地也一定有沒背到的化學反應，記不起來的化合物，很多人就是如此敗在有機化學的手裡。 但事實上，學習有機化學就像是學習一種新的語言與文化，這本《有機化學天堂祕笈》就是告訴你有機化學的語言怎麼說，有機化學的世界要怎麼想。對於高中化學一味背背背的有機化學教法感到不耐的自然組學生，或想讀好大學有機化學課程的大學生來說，這本書無疑都是一大救星，它展示的學習方法能讓你自然充滿有機化學的細胞，不必挑燈夜戰苦記死背，就能在考試中輕鬆解題得高分。\r\n                    \r\n"}
{"書名":"談談有機 種種香草","書籍網站":"https:\/\/www.kingstone.com.tw\/\/basic\/2014350130575?zone=book&lid=book_class3_edc&actid=book_class3_edc","作者":"Gary Tse","出版社":"博益出版集","ISBN":9789621792129.0,"圖片網址":"https:\/\/cdn.kingstone.com.tw\/book\/images\/product\/20143\/2014350130575\/2014350130575b.jpg","書籍簡介":"\r\n\r\n介紹四十多種的香草植物，詳細說明她們的背景，繁殖方法、適合生長的環境及種植方法。無論你是種植香草植物的新手、老手，成功或失敗者...... 　　本書不但為準父母提供了詳盡的產前須知、產後護理及照料幼兒的基本學術知識,亦有兩位筆者個人寶貴的育兒經驗，讓讀者吸收學問的同時，亦可以分享實戰經驗...... \r\n\r\n"}
{"書名":"圖解生物可分解塑膠","書籍網站":"https:\/\/www.kingstone.com.tw\/\/basic\/2014670014296?zone=book&lid=book_class3_edc&actid=book_class3_edc","作者":"生物可分解","出版社":"世茂      ","ISBN":9789577767899.0,"圖片網址":"https:\/\/cdn.kingstone.com.tw\/book\/images\/product\/20146\/2014670014296\/2014670014296b.jpg","書籍簡介":"\r\n\r\n「生物可分解塑膠」是指以微生物或植物，如大豆、玉米、甘藷、椰子等天然資源所製成的塑膠資材，能被微生物分解成水和二氧化碳。以可分解塑膠來製作塑膠類產品，已成為日本及歐美國家的趨勢，在台灣也逐漸受到討論和運用，藉以節省石化資源，保護環境。　　本書即涵括生物可分解塑膠的定義、檢測方法、認證制度、可使用資材、可運用的生活層面，以及對地球環境與人類生活品質的影響。對於無時無刻不在使用塑膠製品的我們，本書提供另一個可以維持生活便利，同時保護環境資源的選擇性。生物可分解塑膠為什麼又叫「綠色塑膠」？生物可分解塑膠跟其他塑膠材質有何不同？本書特色　　可以使用生物可分解塑膠的日常用品有哪些？生物可分解塑膠對自然環境有何作用和影響？　　不能沒有塑膠製品，又要如何兼顧環保？趕快翻開本書，你將發現，保護地球一點也不難！\r\n\r\n"}
{"書名":"碳氫一族面面觀：現代有機化學","書籍網站":"https:\/\/www.kingstone.com.tw\/\/basic\/2013460015277?zone=book&lid=book_class3_edc&actid=book_class3_edc","作者":"鈕澤富","出版社":"世潮      ","ISBN":9789577764348.0,"圖片網址":"https:\/\/cdn.kingstone.com.tw\/book\/images\/product\/20134\/2013460015277\/2013460015277b.jpg","書籍簡介":"\r\n\r\n百年有機化學的歷史是一部人們對有機物的認識，逐步由個別到一般、從表觀性質到內部結構、從經驗化向理性化邁進的歷史。回顧20世紀有機化學發展的重大成果，可以使人類生活更美好。首先，狄爾斯和阿爾德發現雙烯合成反應。其次，格利雅試劑開創了金屬有機化學新領域，從而有八位化學大師在元素有機化學研究中取得成就。\r\n                    \r\n"}
{"書名":"無機化學","書籍網站":"https:\/\/www.kingstone.com.tw\/\/basic\/2013450002416?zone=book&lid=book_class3_edc&actid=book_class3_edc","作者":"魏明通","出版社":"五南      ","ISBN":9789571126159.0,"圖片網址":"https:\/\/cdn.kingstone.com.tw\/book\/images\/product\/20134\/2013450002416\/2013450002416b.jpg","書籍簡介":"\r\n\r\n坊間出版數種無機化學書，但多偏重現代無機化學理論、概念及模型而缺乏對各元素及其化合物的詳細探討。本書兼顧傳統與現代的無機化學趨勢，以週期表族別詳細探討自然界出產及人造的元素及其化合物的存在、製法、性質及反應，並探討其相互關連及各化學現象的合理解釋，期能使讀者更理解無機化學的奧秘及其應用。\r\n                    \r\n"}
{"書名":"生物有機化學","書籍網站":"https:\/\/www.kingstone.com.tw\/\/basic\/2013610007152?zone=book&lid=book_class3_edc&actid=book_class3_edc","作者":"古練權","出版社":"科技圖書  ","ISBN":9789576553226.0,"圖片網址":"https:\/\/cdn.kingstone.com.tw\/book\/images\/product\/20136\/2013610007152\/2013610007152b.jpg","書籍簡介":"\r\n\r\n生物有機化學作為一門課程是從20世紀80年代初開始的。從80年代後期，我國不少大學先後開設了生物有機化學課，廣受學生歡迎。\r\n本書全面系統地反映了生物有機化學的基本內容和學科特點，對學科前沿和發展趨勢也做了必要的介紹。內容的系統性和安排也比較合理。不僅討論了如何應用有機化學的理論和方法來研究和解釋生命現象的本質，而也討論應用生命科學的理論和技術研究及發展有機化學，使讀者對現階段有機化學和生命科學在更深層次上的相互滲透及相互促進有多的了解。本書並用了較大的篇幅討論如何應用生物技術研究和發展有機化學，這應該是本書的最主要特點。\r\n\r\n"}
{"書名":"有機化學精要（下冊）","書籍網站":"https:\/\/www.kingstone.com.tw\/\/basic\/2013460014645?zone=book&lid=book_class3_edc&actid=book_class3_edc","作者":"王昭鈞","出版社":"藝軒圖書出","ISBN":9789576166242.0,"圖片網址":"https:\/\/cdn.kingstone.com.tw\/book\/images\/product\/20134\/2013460014645\/2013460014645b.jpg","書籍簡介":"0"}
{"書名":"有機化學精要（中冊）","書籍網站":"https:\/\/www.kingstone.com.tw\/\/basic\/2013460014515?zone=book&lid=book_class3_edc&actid=book_class3_edc","作者":"王昭鈞","出版社":"藝軒圖書出","ISBN":9789576166112.0,"圖片網址":"https:\/\/cdn.kingstone.com.tw\/book\/images\/product\/20134\/2013460014515\/2013460014515b.jpg","書籍簡介":"0"}
{"書名":"有機化學精要（上冊）","書籍網站":"https:\/\/www.kingstone.com.tw\/\/basic\/2013460014485?zone=book&lid=book_class3_edc&actid=book_class3_edc","作者":"王昭鈞","出版社":"藝軒圖書出","ISBN":9789576166075.0,"圖片網址":"https:\/\/cdn.kingstone.com.tw\/book\/images\/product\/20134\/2013460014485\/2013460014485b.jpg","書籍簡介":"0"}
{"書名":"有機植物","書籍網站":"https:\/\/www.kingstone.com.tw\/\/basic\/2014320006251?zone=book&lid=book_class3_edc&actid=book_class3_edc","作者":"GEOFF HAMILT","出版社":"貓頭鷹    ","ISBN":9789579684866.0,"圖片網址":"https:\/\/cdn.kingstone.com.tw\/book\/images\/product\/20143\/2014320006251\/2014320006251b.jpg","書籍簡介":"\r\n\r\n有機植物\r\n　有機種植是一種順應自然、而不違反自然的栽培方法，充分運用了自然、環保的方式－－例如利用廚餘或乾枯枝葉做堆肥、蛋殼、蚯蚓等來維持土壤的肥沃，或用辣椒粉、護網、石蠟、捕食動物等天然的方法來控制病蟲害，而不依賴化學肥料和農藥，不僅不危害生態環境，更有益於栽種者及食用者的身心健康。\r\n\r\n　本書完整引介了有機種植各項相關事項，包括植栽種類的選擇、園圃設計、堆肥製作、土壤改良、栽種方法的選擇、園藝機具、繁殖技術、病蟲害及雜草防治等等，從觀賞花草、藥用植物到食用的蔬果，不牽涉艱深的理論，僅以簡單而條理分明的操作敘述，輔以精美的圖片，說明耕作的要訣及注意事項，讀者只要依樣進行即可成功。\r\n                    \r\n"}
{"書名":"有機化學（上）","書籍網站":"https:\/\/www.kingstone.com.tw\/\/basic\/2013460014225?zone=book&lid=book_class3_edc&actid=book_class3_edc","作者":"謝德榮","出版社":"五南      ","ISBN":9789571116280.0,"圖片網址":"https:\/\/cdn.kingstone.com.tw\/book\/images\/product\/20134\/2013460014225\/2013460014225b.jpg","書籍簡介":"\r\n\r\n有機化學\r\n　本書適用於學理工科學生之教科書或參考書。可幫助學生或社會人士複習化學課程與有機化學相關章節，如化學鍵、分子結構、分子作用力、水溶液、電解質等等。\r\n\r\n　本書第一章複習化學基本觀念。第二章介紹烷烴，烷烴化學性質安定，只有與鹵素進行自由基取代反應。第三章介紹烯烴，因有電子鍵結較弱，易供給電子給陽離子親電劑而進行反應，是陽離子反應型態。\r\n\r\n　第四章介紹炔烴，二烯烴，也就是陽離子反應型態，易行加成反應。第五章介紹立體化學，每一種東西皆有鏡像。第六章介烷類，在自然界中不泛存在各種脂肪環烴。第七章介紹鹵烷素類，可以說是各種官能基化合物製備的源頭。第八章介紹醇類，醇類可以做為合成各種能其化合物的起始物。\r\n作者簡介\r\n　謝德榮\r\n\r\n　清華大學化學研究所碩士。曾任台灣氯公司工程師。現職正修工專副教授。\r\n                    \r\n"}
{"書名":"實用有機化學","書籍網站":"https:\/\/www.kingstone.com.tw\/\/basic\/2013460011569?zone=book&lid=book_class3_edc&actid=book_class3_edc","作者":"陳國成","出版社":"大中國    ","ISBN":null,"圖片網址":"https:\/\/cdn.kingstone.com.tw\/book\/images\/product\/20134\/2013460011569\/2013460011569b.jpg","書籍簡介":"0"}
{"書名":"有機化合物2","書籍網站":"https:\/\/www.kingstone.com.tw\/\/basic\/2013400018085?zone=book&lid=book_class3_edc&actid=book_class3_edc","作者":"楊慕文","出版社":"臺芝      ","ISBN":null,"圖片網址":"https:\/\/cdn.kingstone.com.tw\/book\/images\/product\/20134\/2013400018085\/2013400018085b.jpg","書籍簡介":"0"}
{"書名":"有機化學習題指引","書籍網站":"https:\/\/www.kingstone.com.tw\/\/basic\/2013460014065?zone=book&lid=book_class3_edc&actid=book_class3_edc","作者":"劉瑞祥","出版社":"復文書局  ","ISBN":9789575360887.0,"圖片網址":"https:\/\/cdn.kingstone.com.tw\/book\/images\/product\/20134\/2013460014065\/2013460014065b.jpg","書籍簡介":"0"}
{"書名":"非均勻反應觸媒特性與實效應用","書籍網站":"https:\/\/www.kingstone.com.tw\/\/basic\/2013460014195?zone=book&lid=book_class3_edc&actid=book_class3_edc","作者":"張金海","出版社":"復文書局  ","ISBN":9789578564442.0,"圖片網址":"https:\/\/cdn.kingstone.com.tw\/book\/images\/product\/20134\/2013460014195\/2013460014195b.jpg","書籍簡介":"0"}
{"書名":"環境生物無機化學","書籍網站":"https:\/\/www.kingstone.com.tw\/\/basic\/2023610005171?zone=book&lid=book_class3_edc&actid=book_class3_edc","作者":"彭安","出版社":"淑馨      ","ISBN":9789575312855.0,"圖片網址":"https:\/\/cdn.kingstone.com.tw\/book\/images\/product\/20236\/2023610005171\/2023610005171b.jpg","書籍簡介":"0"}
{"書名":"無機化學暨實驗","書籍網站":"https:\/\/www.kingstone.com.tw\/\/basic\/2015210128893?zone=book&lid=book_class3_edc&actid=book_class3_edc","作者":"鳳凰城    ","出版社":"停售","ISBN":null,"圖片網址":"https:\/\/cdn.kingstone.com.tw\/book\/images\/product\/20152\/2015210128893\/2015210128893b.jpg","書籍簡介":"0"}
{"書名":"有機化學","書籍網站":"https:\/\/www.kingstone.com.tw\/\/basic\/2015210128923?zone=book&lid=book_class3_edc&actid=book_class3_edc","作者":"鳳凰城    ","出版社":"停售","ISBN":null,"圖片網址":"https:\/\/cdn.kingstone.com.tw\/book\/images\/product\/20152\/2015210128923\/2015210128923b.jpg","書籍簡介":"0"}
{"書名":"有機化學","書籍網站":"https:\/\/www.kingstone.com.tw\/\/basic\/2015210229996?zone=book&lid=book_class3_edc&actid=book_class3_edc","作者":"施溪泉","出版社":"成龍      ","ISBN":null,"圖片網址":"https:\/\/cdn.kingstone.com.tw\/book\/images\/product\/20152\/2015210229996\/2015210229996b.jpg","書籍簡介":"0"}
{"書名":"無機化學","書籍網站":"https:\/\/www.kingstone.com.tw\/\/basic\/2015210232859?zone=book&lid=book_class3_edc&actid=book_class3_edc","作者":"吳敬塘","出版社":"成龍      ","ISBN":null,"圖片網址":"https:\/\/cdn.kingstone.com.tw\/book\/images\/product\/20152\/2015210232859\/2015210232859b.jpg","書籍簡介":"0"}
{"書名":"自由機化學入門","書籍網站":"https:\/\/www.kingstone.com.tw\/\/basic\/2013400003388?zone=book&lid=book_class3_edc&actid=book_class3_edc","作者":"復漢      ","出版社":"停售","ISBN":null,"圖片網址":"https:\/\/cdn.kingstone.com.tw\/book\/images\/product\/20134\/2013400003388\/2013400003388b.jpg","書籍簡介":"0"}
{"書名":"無機化學","書籍網站":"https:\/\/www.kingstone.com.tw\/\/basic\/2013450000252?zone=book&lid=book_class3_edc&actid=book_class3_edc","作者":"正文書局  ","出版社":"停售","ISBN":null,"圖片網址":"https:\/\/cdn.kingstone.com.tw\/book\/images\/product\/20134\/2013450000252\/2013450000252b.jpg","書籍簡介":"0"}
{"書名":"無機化學","書籍網站":"https:\/\/www.kingstone.com.tw\/\/basic\/2013450000382?zone=book&lid=book_class3_edc&actid=book_class3_edc","作者":"正文書局  ","出版社":"停售","ISBN":null,"圖片網址":"https:\/\/cdn.kingstone.com.tw\/book\/images\/product\/20134\/2013450000382\/2013450000382b.jpg","書籍簡介":"0"}
{"書名":"基本無機化學","書籍網站":"https:\/\/www.kingstone.com.tw\/\/basic\/2013450000412?zone=book&lid=book_class3_edc&actid=book_class3_edc","作者":"徐氏文教  ","出版社":"停售","ISBN":null,"圖片網址":"https:\/\/cdn.kingstone.com.tw\/book\/images\/product\/20134\/2013450000412\/2013450000412b.jpg","書籍簡介":"0"}
{"書名":"非均勻系觸媒反應","書籍網站":"https:\/\/www.kingstone.com.tw\/\/basic\/2013450001754?zone=book&lid=book_class3_edc&actid=book_class3_edc","作者":"李明哲","出版社":"復文書局  ","ISBN":null,"圖片網址":"https:\/\/cdn.kingstone.com.tw\/book\/images\/product\/20134\/2013450001754\/2013450001754b.jpg","書籍簡介":"0"}
{"書名":"有機化學反應與合成","書籍網站":"https:\/\/www.kingstone.com.tw\/\/basic\/2013460000440?zone=book&lid=book_class3_edc&actid=book_class3_edc","作者":"正文書局  ","出版社":"停售","ISBN":null,"圖片網址":"https:\/\/cdn.kingstone.com.tw\/book\/images\/product\/20134\/2013460000440\/2013460000440b.jpg","書籍簡介":"0"}
{"書名":"現代最新有機化學","書籍網站":"https:\/\/www.kingstone.com.tw\/\/basic\/2013460000600?zone=book&lid=book_class3_edc&actid=book_class3_edc","作者":"正文書局  ","出版社":"停售","ISBN":null,"圖片網址":"https:\/\/cdn.kingstone.com.tw\/book\/images\/product\/20134\/2013460000600\/2013460000600b.jpg","書籍簡介":"0"}
{"書名":"現代最新有機化學","書籍網站":"https:\/\/www.kingstone.com.tw\/\/basic\/2013460000730?zone=book&lid=book_class3_edc&actid=book_class3_edc","作者":"正文書局  ","出版社":"停售","ISBN":null,"圖片網址":"https:\/\/cdn.kingstone.com.tw\/book\/images\/product\/20134\/2013460000730\/2013460000730b.jpg","書籍簡介":"0"}
{"書名":"基礎有機化學","書籍網站":"https:\/\/www.kingstone.com.tw\/\/basic\/2013460000860?zone=book&lid=book_class3_edc&actid=book_class3_edc","作者":"正文書局  ","出版社":"停售","ISBN":null,"圖片網址":"https:\/\/cdn.kingstone.com.tw\/book\/images\/product\/20134\/2013460000860\/2013460000860b.jpg","書籍簡介":"0"}
{"書名":"有機化學","書籍網站":"https:\/\/www.kingstone.com.tw\/\/basic\/2013460000990?zone=book&lid=book_class3_edc&actid=book_class3_edc","作者":"正文書局  ","出版社":"停售","ISBN":null,"圖片網址":"https:\/\/cdn.kingstone.com.tw\/book\/images\/product\/20134\/2013460000990\/2013460000990b.jpg","書籍簡介":"0"}
{"書名":"有機化學","書籍網站":"https:\/\/www.kingstone.com.tw\/\/basic\/2013460001072?zone=book&lid=book_class3_edc&actid=book_class3_edc","作者":"正文書局  ","出版社":"停售","ISBN":null,"圖片網址":"https:\/\/cdn.kingstone.com.tw\/book\/images\/product\/20134\/2013460001072\/2013460001072b.jpg","書籍簡介":"0"}
{"書名":"有機化學實驗","書籍網站":"https:\/\/www.kingstone.com.tw\/\/basic\/2013460001102?zone=book&lid=book_class3_edc&actid=book_class3_edc","作者":"正文書局  ","出版社":"停售","ISBN":null,"圖片網址":"https:\/\/cdn.kingstone.com.tw\/book\/images\/product\/20134\/2013460001102\/2013460001102b.jpg","書籍簡介":"0"}
{"書名":"有機化學實驗","書籍網站":"https:\/\/www.kingstone.com.tw\/\/basic\/2013460001232?zone=book&lid=book_class3_edc&actid=book_class3_edc","作者":"正文書局  ","出版社":"停售","ISBN":null,"圖片網址":"https:\/\/cdn.kingstone.com.tw\/book\/images\/product\/20134\/2013460001232\/2013460001232b.jpg","書籍簡介":"0"}
{"書名":"有機化學實驗","書籍網站":"https:\/\/www.kingstone.com.tw\/\/basic\/2013460001362?zone=book&lid=book_class3_edc&actid=book_class3_edc","作者":"正文書局  ","出版社":"停售","ISBN":null,"圖片網址":"https:\/\/cdn.kingstone.com.tw\/book\/images\/product\/20134\/2013460001362\/2013460001362b.jpg","書籍簡介":"0"}
{"書名":"基礎有機化學","書籍網站":"https:\/\/www.kingstone.com.tw\/\/basic\/2013460001942?zone=book&lid=book_class3_edc&actid=book_class3_edc","作者":"大行      ","出版社":"停售","ISBN":null,"圖片網址":"https:\/\/cdn.kingstone.com.tw\/book\/images\/product\/20134\/2013460001942\/2013460001942b.jpg","書籍簡介":"0"}
{"書名":"基礎有機化學","書籍網站":"https:\/\/www.kingstone.com.tw\/\/basic\/2013460002024?zone=book&lid=book_class3_edc&actid=book_class3_edc","作者":"大行      ","出版社":"停售","ISBN":null,"圖片網址":"https:\/\/cdn.kingstone.com.tw\/book\/images\/product\/20134\/2013460002024\/2013460002024b.jpg","書籍簡介":"0"}
{"書名":"有機化學反應指南","書籍網站":"https:\/\/www.kingstone.com.tw\/\/basic\/2013460002154?zone=book&lid=book_class3_edc&actid=book_class3_edc","作者":"大行      ","出版社":"停售","ISBN":null,"圖片網址":"https:\/\/cdn.kingstone.com.tw\/book\/images\/product\/20134\/2013460002154\/2013460002154b.jpg","書籍簡介":"0"}
{"書名":"有機化學問題習題解答","書籍網站":"https:\/\/www.kingstone.com.tw\/\/basic\/2013460002284?zone=book&lid=book_class3_edc&actid=book_class3_edc","作者":"大行      ","出版社":"停售","ISBN":null,"圖片網址":"https:\/\/cdn.kingstone.com.tw\/book\/images\/product\/20134\/2013460002284\/2013460002284b.jpg","書籍簡介":"0"}
{"書名":"有機化學概論","書籍網站":"https:\/\/www.kingstone.com.tw\/\/basic\/2013460003106?zone=book&lid=book_class3_edc&actid=book_class3_edc","作者":"新陸書局  ","出版社":"停售","ISBN":null,"圖片網址":"https:\/\/cdn.kingstone.com.tw\/book\/images\/product\/20134\/2013460003106\/2013460003106b.jpg","書籍簡介":"0"}
{"書名":"現代有機化學","書籍網站":"https:\/\/www.kingstone.com.tw\/\/basic\/2013460003236?zone=book&lid=book_class3_edc&actid=book_class3_edc","作者":"復漢      ","出版社":"停售","ISBN":null,"圖片網址":"https:\/\/cdn.kingstone.com.tw\/book\/images\/product\/20134\/2013460003236\/2013460003236b.jpg","書籍簡介":"0"}
{"書名":"現代有機化學","書籍網站":"https:\/\/www.kingstone.com.tw\/\/basic\/2013460003366?zone=book&lid=book_class3_edc&actid=book_class3_edc","作者":"復漢      ","出版社":"停售","ISBN":null,"圖片網址":"https:\/\/cdn.kingstone.com.tw\/book\/images\/product\/20134\/2013460003366\/2013460003366b.jpg","書籍簡介":"0"}
{"書名":"有機分子的構造","書籍網站":"https:\/\/www.kingstone.com.tw\/\/basic\/2013460003526?zone=book&lid=book_class3_edc&actid=book_class3_edc","作者":"復漢      ","出版社":"停售","ISBN":null,"圖片網址":"https:\/\/cdn.kingstone.com.tw\/book\/images\/product\/20134\/2013460003526\/2013460003526b.jpg","書籍簡介":"0"}
{"書名":"酸鹼與共價鍵化學","書籍網站":"https:\/\/www.kingstone.com.tw\/\/basic\/2013460003656?zone=book&lid=book_class3_edc&actid=book_class3_edc","作者":"復漢      ","出版社":"停售","ISBN":null,"圖片網址":"https:\/\/cdn.kingstone.com.tw\/book\/images\/product\/20134\/2013460003656\/2013460003656b.jpg","書籍簡介":"0"}
{"書名":"工業有機化學","書籍網站":"https:\/\/www.kingstone.com.tw\/\/basic\/2013460004028?zone=book&lid=book_class3_edc&actid=book_class3_edc","作者":"正文書局  ","出版社":"停售","ISBN":null,"圖片網址":"https:\/\/cdn.kingstone.com.tw\/book\/images\/product\/20134\/2013460004028\/2013460004028b.jpg","書籍簡介":"0"}
{"書名":"基本有機化學","書籍網站":"https:\/\/www.kingstone.com.tw\/\/basic\/2013460004158?zone=book&lid=book_class3_edc&actid=book_class3_edc","作者":"徐氏文教  ","出版社":"停售","ISBN":null,"圖片網址":"https:\/\/cdn.kingstone.com.tw\/book\/images\/product\/20134\/2013460004158\/2013460004158b.jpg","書籍簡介":"0"}
{"書名":"圖解有機化學反應思路","書籍網站":"https:\/\/www.kingstone.com.tw\/\/basic\/2013460004318?zone=book&lid=book_class3_edc&actid=book_class3_edc","作者":"徐氏文教  ","出版社":"停售","ISBN":null,"圖片網址":"https:\/\/cdn.kingstone.com.tw\/book\/images\/product\/20134\/2013460004318\/2013460004318b.jpg","書籍簡介":"0"}
{"書名":"什麼是有機化學","書籍網站":"https:\/\/www.kingstone.com.tw\/\/basic\/2013460004738?zone=book&lid=book_class3_edc&actid=book_class3_edc","作者":"幼獅文化  ","出版社":"停售","ISBN":null,"圖片網址":"https:\/\/cdn.kingstone.com.tw\/book\/images\/product\/20134\/2013460004738\/2013460004738b.jpg","書籍簡介":"0"}
{"書名":"有機化學M","書籍網站":"https:\/\/www.kingstone.com.tw\/\/basic\/2013460005360?zone=book&lid=book_class3_edc&actid=book_class3_edc","作者":"MORRISON","出版社":"東華      ","ISBN":null,"圖片網址":"https:\/\/cdn.kingstone.com.tw\/book\/images\/product\/20134\/2013460005360\/2013460005360b.jpg","書籍簡介":"0"}
{"書名":"有機化學M","書籍網站":"https:\/\/www.kingstone.com.tw\/\/basic\/2013460005490?zone=book&lid=book_class3_edc&actid=book_class3_edc","作者":"MORRISON","出版社":"東華      ","ISBN":null,"圖片網址":"https:\/\/cdn.kingstone.com.tw\/book\/images\/product\/20134\/2013460005490\/2013460005490b.jpg","書籍簡介":"0"}
{"書名":"有機化學M","書籍網站":"https:\/\/www.kingstone.com.tw\/\/basic\/2013460005520?zone=book&lid=book_class3_edc&actid=book_class3_edc","作者":"MORRISON","出版社":"東華      ","ISBN":null,"圖片網址":"https:\/\/cdn.kingstone.com.tw\/book\/images\/product\/20134\/2013460005520\/2013460005520b.jpg","書籍簡介":"0"}
{"書名":"有機化學M","書籍網站":"https:\/\/www.kingstone.com.tw\/\/basic\/2013460005650?zone=book&lid=book_class3_edc&actid=book_class3_edc","作者":"MORRISON","出版社":"東華      ","ISBN":null,"圖片網址":"https:\/\/cdn.kingstone.com.tw\/book\/images\/product\/20134\/2013460005650\/2013460005650b.jpg","書籍簡介":"0"}
{"書名":"有機化學概論","書籍網站":"https:\/\/www.kingstone.com.tw\/\/basic\/2013460005810?zone=book&lid=book_class3_edc&actid=book_class3_edc","作者":"J.T.GERING","出版社":"科技圖書  ","ISBN":null,"圖片網址":"https:\/\/cdn.kingstone.com.tw\/book\/images\/product\/20134\/2013460005810\/2013460005810b.jpg","書籍簡介":"0"}
{"書名":"有機化學","書籍網站":"https:\/\/www.kingstone.com.tw\/\/basic\/2013460006862?zone=book&lid=book_class3_edc&actid=book_class3_edc","作者":"梁泉鳳","出版社":"東華      ","ISBN":null,"圖片網址":"https:\/\/cdn.kingstone.com.tw\/book\/images\/product\/20134\/2013460006862\/2013460006862b.jpg","書籍簡介":"0"}
{"書名":"有機化學概論","書籍網站":"https:\/\/www.kingstone.com.tw\/\/basic\/2013460007494?zone=book&lid=book_class3_edc&actid=book_class3_edc","作者":"土木水利  ","出版社":"停售","ISBN":null,"圖片網址":"https:\/\/cdn.kingstone.com.tw\/book\/images\/product\/20134\/2013460007494\/2013460007494b.jpg","書籍簡介":"0"}
{"書名":"巨分子化學反應原理","書籍網站":"https:\/\/www.kingstone.com.tw\/\/basic\/2013460007784?zone=book&lid=book_class3_edc&actid=book_class3_edc","作者":"徐氏文教  ","出版社":"停售","ISBN":null,"圖片網址":"https:\/\/cdn.kingstone.com.tw\/book\/images\/product\/20134\/2013460007784\/2013460007784b.jpg","書籍簡介":"0"}
{"書名":"高分子科學","書籍網站":"https:\/\/www.kingstone.com.tw\/\/basic\/2013460008576?zone=book&lid=book_class3_edc&actid=book_class3_edc","作者":"王文竹","出版社":"銀禾文化  ","ISBN":null,"圖片網址":"https:\/\/cdn.kingstone.com.tw\/book\/images\/product\/20134\/2013460008576\/2013460008576b.jpg","書籍簡介":"0"}
{"書名":"最新有機化學原理","書籍網站":"https:\/\/www.kingstone.com.tw\/\/basic\/2013460008736?zone=book&lid=book_class3_edc&actid=book_class3_edc","作者":"大行      ","出版社":"停售","ISBN":null,"圖片網址":"https:\/\/cdn.kingstone.com.tw\/book\/images\/product\/20134\/2013460008736\/2013460008736b.jpg","書籍簡介":"0"}
{"書名":"有機化學S","書籍網站":"https:\/\/www.kingstone.com.tw\/\/basic\/2013460008996?zone=book&lid=book_class3_edc&actid=book_class3_edc","作者":"楊寶旺","出版社":"東華      ","ISBN":null,"圖片網址":"https:\/\/cdn.kingstone.com.tw\/book\/images\/product\/20134\/2013460008996\/2013460008996b.jpg","書籍簡介":"0"}
{"書名":"有機化學S","書籍網站":"https:\/\/www.kingstone.com.tw\/\/basic\/2013460009108?zone=book&lid=book_class3_edc&actid=book_class3_edc","作者":"楊寶旺","出版社":"東華      ","ISBN":null,"圖片網址":"https:\/\/cdn.kingstone.com.tw\/book\/images\/product\/20134\/2013460009108\/2013460009108b.jpg","書籍簡介":"0"}
{"書名":"有機化學S","書籍網站":"https:\/\/www.kingstone.com.tw\/\/basic\/2013460009368?zone=book&lid=book_class3_edc&actid=book_class3_edc","作者":"楊寶旺","出版社":"東華      ","ISBN":null,"圖片網址":"https:\/\/cdn.kingstone.com.tw\/book\/images\/product\/20134\/2013460009368\/2013460009368b.jpg","書籍簡介":"0"}
{"書名":"有機化學S","書籍網站":"https:\/\/www.kingstone.com.tw\/\/basic\/2013460009528?zone=book&lid=book_class3_edc&actid=book_class3_edc","作者":"楊寶旺","出版社":"東華      ","ISBN":null,"圖片網址":"https:\/\/cdn.kingstone.com.tw\/book\/images\/product\/20134\/2013460009528\/2013460009528b.jpg","書籍簡介":"0"}
{"書名":"有機化學","書籍網站":"https:\/\/www.kingstone.com.tw\/\/basic\/2013460009658?zone=book&lid=book_class3_edc&actid=book_class3_edc","作者":"東華      ","出版社":"停售","ISBN":null,"圖片網址":"https:\/\/cdn.kingstone.com.tw\/book\/images\/product\/20134\/2013460009658\/2013460009658b.jpg","書籍簡介":"0"}
{"書名":"有機化學","書籍網站":"https:\/\/www.kingstone.com.tw\/\/basic\/2013460009788?zone=book&lid=book_class3_edc&actid=book_class3_edc","作者":"楊寶旺","出版社":"東華      ","ISBN":null,"圖片網址":"https:\/\/cdn.kingstone.com.tw\/book\/images\/product\/20134\/2013460009788\/2013460009788b.jpg","書籍簡介":"0"}
{"書名":"有機化學","書籍網站":"https:\/\/www.kingstone.com.tw\/\/basic\/2013460009948?zone=book&lid=book_class3_edc&actid=book_class3_edc","作者":"東華      ","出版社":"停售","ISBN":null,"圖片網址":"https:\/\/cdn.kingstone.com.tw\/book\/images\/product\/20134\/2013460009948\/2013460009948b.jpg","書籍簡介":"0"}
{"書名":"水及廢水分析","書籍網站":"https:\/\/www.kingstone.com.tw\/\/basic\/2013460010197?zone=book&lid=book_class3_edc&actid=book_class3_edc","作者":"吳宗榮","出版社":"復文書局  ","ISBN":null,"圖片網址":"https:\/\/cdn.kingstone.com.tw\/book\/images\/product\/20134\/2013460010197\/2013460010197b.jpg","書籍簡介":"0"}
{"書名":"有機溶劑醱酵工業化學","書籍網站":"https:\/\/www.kingstone.com.tw\/\/basic\/2013460010357?zone=book&lid=book_class3_edc&actid=book_class3_edc","作者":"顏東敏","出版社":"復文書局  ","ISBN":null,"圖片網址":"https:\/\/cdn.kingstone.com.tw\/book\/images\/product\/20134\/2013460010357\/2013460010357b.jpg","書籍簡介":"0"}
{"書名":"聚合反應原理","書籍網站":"https:\/\/www.kingstone.com.tw\/\/basic\/2013460010517?zone=book&lid=book_class3_edc&actid=book_class3_edc","作者":"莊和達","出版社":"復文書局  ","ISBN":null,"圖片網址":"https:\/\/cdn.kingstone.com.tw\/book\/images\/product\/20134\/2013460010517\/2013460010517b.jpg","書籍簡介":"0"}
{"書名":"有機化學","書籍網站":"https:\/\/www.kingstone.com.tw\/\/basic\/2013460011149?zone=book&lid=book_class3_edc&actid=book_class3_edc","作者":"東華      ","出版社":"停售","ISBN":null,"圖片網址":"https:\/\/cdn.kingstone.com.tw\/book\/images\/product\/20134\/2013460011149\/2013460011149b.jpg","書籍簡介":"0"}
{"書名":"最新有機化學原理習題","書籍網站":"https:\/\/www.kingstone.com.tw\/\/basic\/2013460011309?zone=book&lid=book_class3_edc&actid=book_class3_edc","作者":"石清陽","出版社":"大行      ","ISBN":null,"圖片網址":"https:\/\/cdn.kingstone.com.tw\/book\/images\/product\/20134\/2013460011309\/2013460011309b.jpg","書籍簡介":"0"}
{"書名":"實用有機化學工業製造","書籍網站":"https:\/\/www.kingstone.com.tw\/\/basic\/2013460011729?zone=book&lid=book_class3_edc&actid=book_class3_edc","作者":"范迪和","出版社":"科技圖書  ","ISBN":null,"圖片網址":"https:\/\/cdn.kingstone.com.tw\/book\/images\/product\/20134\/2013460011729\/2013460011729b.jpg","書籍簡介":"0"}
{"書名":"實用有機化學工業製造","書籍網站":"https:\/\/www.kingstone.com.tw\/\/basic\/2013460011859?zone=book&lid=book_class3_edc&actid=book_class3_edc","作者":"范迪和","出版社":"明文      ","ISBN":null,"圖片網址":"https:\/\/cdn.kingstone.com.tw\/book\/images\/product\/20134\/2013460011859\/2013460011859b.jpg","書籍簡介":"0"}
{"書名":"最新有機化學原理","書籍網站":"https:\/\/www.kingstone.com.tw\/\/basic\/2013460011989?zone=book&lid=book_class3_edc&actid=book_class3_edc","作者":"大行      ","出版社":"停售","ISBN":null,"圖片網址":"https:\/\/cdn.kingstone.com.tw\/book\/images\/product\/20134\/2013460011989\/2013460011989b.jpg","書籍簡介":"0"}
{"書名":"有機化學","書籍網站":"https:\/\/www.kingstone.com.tw\/\/basic\/2013460012061?zone=book&lid=book_class3_edc&actid=book_class3_edc","作者":"陳慈昌","出版社":"龍門      ","ISBN":null,"圖片網址":"https:\/\/cdn.kingstone.com.tw\/book\/images\/product\/20134\/2013460012061\/2013460012061b.jpg","書籍簡介":"0"}
{"書名":"專科有機化學","書籍網站":"https:\/\/www.kingstone.com.tw\/\/basic\/2013460012191?zone=book&lid=book_class3_edc&actid=book_class3_edc","作者":"閻路","出版社":"東華      ","ISBN":null,"圖片網址":"https:\/\/cdn.kingstone.com.tw\/book\/images\/product\/20134\/2013460012191\/2013460012191b.jpg","書籍簡介":"0"}
{"書名":"專科有機化學","書籍網站":"https:\/\/www.kingstone.com.tw\/\/basic\/2013460012221?zone=book&lid=book_class3_edc&actid=book_class3_edc","作者":"閻路","出版社":"東華      ","ISBN":null,"圖片網址":"https:\/\/cdn.kingstone.com.tw\/book\/images\/product\/20134\/2013460012221\/2013460012221b.jpg","書籍簡介":"0"}
{"書名":"碳材料碳纖維工學","書籍網站":"https:\/\/www.kingstone.com.tw\/\/basic\/2013460012771?zone=book&lid=book_class3_edc&actid=book_class3_edc","作者":"稻垣道夫","出版社":"復漢      ","ISBN":null,"圖片網址":"https:\/\/cdn.kingstone.com.tw\/book\/images\/product\/20134\/2013460012771\/2013460012771b.jpg","書籍簡介":"0"}
{"書名":"有機化學精要","書籍網站":"https:\/\/www.kingstone.com.tw\/\/basic\/2013460012931?zone=book&lid=book_class3_edc&actid=book_class3_edc","作者":"徐氏文教  ","出版社":"停售","ISBN":null,"圖片網址":"https:\/\/cdn.kingstone.com.tw\/book\/images\/product\/20134\/2013460012931\/2013460012931b.jpg","書籍簡介":"0"}
{"書名":"現代聚合物化學","書籍網站":"https:\/\/www.kingstone.com.tw\/\/basic\/2013460013013?zone=book&lid=book_class3_edc&actid=book_class3_edc","作者":"ALLCOCK","出版社":"東華      ","ISBN":null,"圖片網址":"https:\/\/cdn.kingstone.com.tw\/book\/images\/product\/20134\/2013460013013\/2013460013013b.jpg","書籍簡介":"0"}
{"書名":"生物有機化學","書籍網站":"https:\/\/www.kingstone.com.tw\/\/basic\/2013610000528?zone=book&lid=book_class3_edc&actid=book_class3_edc","作者":"徐氏文教  ","出版社":"停售","ISBN":null,"圖片網址":"https:\/\/cdn.kingstone.com.tw\/book\/images\/product\/20136\/2013610000528\/2013610000528b.jpg","書籍簡介":"0"}
{"書名":"無機化學","書籍網站":"https:\/\/www.kingstone.com.tw\/\/basic\/2023450000145?zone=book&lid=book_class3_edc&actid=book_class3_edc","作者":"柯清水","出版社":"水牛      ","ISBN":null,"圖片網址":"https:\/\/cdn.kingstone.com.tw\/book\/images\/product\/20234\/2023450000145\/2023450000145b.jpg","書籍簡介":"0"}
{"書名":"水質化學","書籍網站":"https:\/\/www.kingstone.com.tw\/\/basic\/2023450000985?zone=book&lid=book_class3_edc&actid=book_class3_edc","作者":"復漢      ","出版社":"停售","ISBN":null,"圖片網址":"https:\/\/cdn.kingstone.com.tw\/book\/images\/product\/20234\/2023450000985\/2023450000985b.jpg","書籍簡介":"0"}
{"書名":"無機化學","書籍網站":"https:\/\/www.kingstone.com.tw\/\/basic\/2023450001357?zone=book&lid=book_class3_edc&actid=book_class3_edc","作者":"柯清水","出版社":"水牛      ","ISBN":null,"圖片網址":"https:\/\/cdn.kingstone.com.tw\/book\/images\/product\/20234\/2023450001357\/2023450001357b.jpg","書籍簡介":"0"}
{"書名":"基礎有機化學","書籍網站":"https:\/\/www.kingstone.com.tw\/\/basic\/2023460001965?zone=book&lid=book_class3_edc&actid=book_class3_edc","作者":"大行      ","出版社":"停售","ISBN":null,"圖片網址":"https:\/\/cdn.kingstone.com.tw\/book\/images\/product\/20234\/2023460001965\/2023460001965b.jpg","書籍簡介":"0"}
{"書名":"基礎有機化學","書籍網站":"https:\/\/www.kingstone.com.tw\/\/basic\/2023460002047?zone=book&lid=book_class3_edc&actid=book_class3_edc","作者":"大行      ","出版社":"停售","ISBN":null,"圖片網址":"https:\/\/cdn.kingstone.com.tw\/book\/images\/product\/20234\/2023460002047\/2023460002047b.jpg","書籍簡介":"0"}
{"書名":"有機化學反應指南","書籍網站":"https:\/\/www.kingstone.com.tw\/\/basic\/2023460002177?zone=book&lid=book_class3_edc&actid=book_class3_edc","作者":"大行      ","出版社":"停售","ISBN":null,"圖片網址":"https:\/\/cdn.kingstone.com.tw\/book\/images\/product\/20234\/2023460002177\/2023460002177b.jpg","書籍簡介":"0"}
{"書名":"有機化學問題習題解答","書籍網站":"https:\/\/www.kingstone.com.tw\/\/basic\/2023460002207?zone=book&lid=book_class3_edc&actid=book_class3_edc","作者":"大行      ","出版社":"停售","ISBN":null,"圖片網址":"https:\/\/cdn.kingstone.com.tw\/book\/images\/product\/20234\/2023460002207\/2023460002207b.jpg","書籍簡介":"0"}
{"書名":"現代有機化學","書籍網站":"https:\/\/www.kingstone.com.tw\/\/basic\/2023460003419?zone=book&lid=book_class3_edc&actid=book_class3_edc","作者":"復漢      ","出版社":"停售","ISBN":null,"圖片網址":"https:\/\/cdn.kingstone.com.tw\/book\/images\/product\/20234\/2023460003419\/2023460003419b.jpg","書籍簡介":"0"}
{"書名":"有機化學","書籍網站":"https:\/\/www.kingstone.com.tw\/\/basic\/2023460005093?zone=book&lid=book_class3_edc&actid=book_class3_edc","作者":"陶金華","出版社":"科文      ","ISBN":null,"圖片網址":"https:\/\/cdn.kingstone.com.tw\/book\/images\/product\/20234\/2023460005093\/2023460005093b.jpg","書籍簡介":"0"}
{"書名":"界面活性劑應用與實務","書籍網站":"https:\/\/www.kingstone.com.tw\/\/basic\/2023460005253?zone=book&lid=book_class3_edc&actid=book_class3_edc","作者":"北原文雄","出版社":"復漢      ","ISBN":null,"圖片網址":"https:\/\/cdn.kingstone.com.tw\/book\/images\/product\/20234\/2023460005253\/2023460005253b.jpg","書籍簡介":"0"}
{"書名":"碳材料碳纖維工學","書籍網站":"https:\/\/www.kingstone.com.tw\/\/basic\/2023460012794?zone=book&lid=book_class3_edc&actid=book_class3_edc","作者":"稻垣道夫","出版社":"復漢      ","ISBN":null,"圖片網址":"https:\/\/cdn.kingstone.com.tw\/book\/images\/product\/20234\/2023460012794\/2023460012794b.jpg","書籍簡介":"0"}
{"書名":"有機化學（下）","書籍網站":"https:\/\/www.kingstone.com.tw\/\/basic\/2013460013983?zone=book&lid=book_class3_edc&actid=book_class3_edc","作者":"林智編著","出版社":"大碩      ","ISBN":null,"圖片網址":"https:\/\/cdn.kingstone.com.tw\/book\/images\/product\/20134\/2013460013983\/2013460013983b.jpg","書籍簡介":"0"}
{"書名":"有機化學（上）","書籍網站":"https:\/\/www.kingstone.com.tw\/\/basic\/2013460013853?zone=book&lid=book_class3_edc&actid=book_class3_edc","作者":"林智編著","出版社":"大碩      ","ISBN":null,"圖片網址":"https:\/\/cdn.kingstone.com.tw\/book\/images\/product\/20134\/2013460013853\/2013460013853b.jpg","書籍簡介":"0"}
{"書名":"水質化學","書籍網站":"https:\/\/www.kingstone.com.tw\/\/basic\/2013450000962?zone=book&lid=book_class3_edc&actid=book_class3_edc","作者":"VERNON L.S","出版社":"復漢      ","ISBN":null,"圖片網址":"https:\/\/cdn.kingstone.com.tw\/book\/images\/product\/20134\/2013450000962\/2013450000962b.jpg","書籍簡介":"0"}
{"書名":"水質化學","書籍網站":"https:\/\/www.kingstone.com.tw\/\/basic\/2013450001044?zone=book&lid=book_class3_edc&actid=book_class3_edc","作者":"VERNON L.S","出版社":"復漢      ","ISBN":null,"圖片網址":"https:\/\/cdn.kingstone.com.tw\/book\/images\/product\/20134\/2013450001044\/2013450001044b.jpg","書籍簡介":"0"}
{"書名":"有機化學重點精華","書籍網站":"https:\/\/www.kingstone.com.tw\/\/basic\/2015211088332?zone=book&lid=book_class3_edc&actid=book_class3_edc","作者":"吳村貴編著","出版社":"大碩      ","ISBN":null,"圖片網址":"https:\/\/cdn.kingstone.com.tw\/book\/images\/product\/20152\/2015211088332\/2015211088332b.jpg","書籍簡介":"0"}
{"書名":"碳材料化學與工學","書籍網站":"https:\/\/www.kingstone.com.tw\/\/basic\/2013460013723?zone=book&lid=book_class3_edc&actid=book_class3_edc","作者":"賴耿陽","出版社":"復漢      ","ISBN":null,"圖片網址":"https:\/\/cdn.kingstone.com.tw\/book\/images\/product\/20134\/2013460013723\/2013460013723b.jpg","書籍簡介":"0"}
{"書名":"有機化學","書籍網站":"https:\/\/www.kingstone.com.tw\/\/basic\/2013460013693?zone=book&lid=book_class3_edc&actid=book_class3_edc","作者":"汪小蘭編著","出版社":"科技圖書  ","ISBN":null,"圖片網址":"https:\/\/cdn.kingstone.com.tw\/book\/images\/product\/20134\/2013460013693\/2013460013693b.jpg","書籍簡介":"0"}
{"書名":"有機金屬之化學","書籍網站":"https:\/\/www.kingstone.com.tw\/\/basic\/2013450002386?zone=book&lid=book_class3_edc&actid=book_class3_edc","作者":"莊萬發","出版社":"復漢      ","ISBN":null,"圖片網址":"https:\/\/cdn.kingstone.com.tw\/book\/images\/product\/20134\/2013450002386\/2013450002386b.jpg","書籍簡介":"0"}
{"書名":"物理化學暨無機化學考","書籍網站":"https:\/\/www.kingstone.com.tw\/\/basic\/2013450002256?zone=book&lid=book_class3_edc&actid=book_class3_edc","作者":"李世哲","出版社":"文笙書局  ","ISBN":null,"圖片網址":"https:\/\/cdn.kingstone.com.tw\/book\/images\/product\/20134\/2013450002256\/2013450002256b.jpg","書籍簡介":"0"}
{"書名":"有機化學暨分析化學試","書籍網站":"https:\/\/www.kingstone.com.tw\/\/basic\/2013460013563?zone=book&lid=book_class3_edc&actid=book_class3_edc","作者":"柳植堅","出版社":"文笙書局  ","ISBN":null,"圖片網址":"https:\/\/cdn.kingstone.com.tw\/book\/images\/product\/20134\/2013460013563\/2013460013563b.jpg","書籍簡介":"0"}
{"書名":"有機化學","書籍網站":"https:\/\/www.kingstone.com.tw\/\/basic\/2023460013456?zone=book&lid=book_class3_edc&actid=book_class3_edc","作者":"陳岳鴻","出版社":"東華      ","ISBN":null,"圖片網址":"https:\/\/cdn.kingstone.com.tw\/book\/images\/product\/20234\/2023460013456\/2023460013456b.jpg","書籍簡介":"0"}
{"書名":"感光性高分子","書籍網站":"https:\/\/www.kingstone.com.tw\/\/basic\/2013460013303?zone=book&lid=book_class3_edc&actid=book_class3_edc","作者":"復文書局  ","出版社":"停售","ISBN":null,"圖片網址":"https:\/\/cdn.kingstone.com.tw\/book\/images\/product\/20134\/2013460013303\/2013460013303b.jpg","書籍簡介":"0"}
{"書名":"界面活性劑化學","書籍網站":"https:\/\/www.kingstone.com.tw\/\/basic\/2013460013273?zone=book&lid=book_class3_edc&actid=book_class3_edc","作者":"趙承琛","出版社":"復文書局  ","ISBN":null,"圖片網址":"https:\/\/cdn.kingstone.com.tw\/book\/images\/product\/20134\/2013460013273\/2013460013273b.jpg","書籍簡介":"0"}
{"書名":"最新有機化學原理","書籍網站":"https:\/\/www.kingstone.com.tw\/\/basic\/2023460008759?zone=book&lid=book_class3_edc&actid=book_class3_edc","作者":"大行      ","出版社":"停售","ISBN":null,"圖片網址":"https:\/\/cdn.kingstone.com.tw\/book\/images\/product\/20234\/2023460008759\/2023460008759b.jpg","書籍簡介":"0"}
{"書名":"最新有機化學原理","書籍網站":"https:\/\/www.kingstone.com.tw\/\/basic\/2023460011902?zone=book&lid=book_class3_edc&actid=book_class3_edc","作者":"大行      ","出版社":"停售","ISBN":null,"圖片網址":"https:\/\/cdn.kingstone.com.tw\/book\/images\/product\/20234\/2023460011902\/2023460011902b.jpg","書籍簡介":"0"}
{"書名":"實用聚合物化學及塑膠","書籍網站":"https:\/\/www.kingstone.com.tw\/\/basic\/2013460013143?zone=book&lid=book_class3_edc&actid=book_class3_edc","作者":"徐氏文教  ","出版社":"停售","ISBN":null,"圖片網址":"https:\/\/cdn.kingstone.com.tw\/book\/images\/product\/20134\/2013460013143\/2013460013143b.jpg","書籍簡介":"0"}
{"書名":"界面活性劑應用與實務","書籍網站":"https:\/\/www.kingstone.com.tw\/\/basic\/2013460005230?zone=book&lid=book_class3_edc&actid=book_class3_edc","作者":"北原文雄編","出版社":"復漢      ","ISBN":null,"圖片網址":"https:\/\/cdn.kingstone.com.tw\/book\/images\/product\/20134\/2013460005230\/2013460005230b.jpg","書籍簡介":"0"}
