{"書名":"地震：火環帶上的臺灣","書籍網站":"https:\/\/www.kingstone.com.tw\/\/basic\/2013540009516?zone=book&lid=book_class3_eei&actid=book_class3_eei","作者":"林書帆、黃家俊、邱彥瑜等","出版社":"春山出版  ","ISBN":9789869804226.0,"圖片網址":"https:\/\/cdn.kingstone.com.tw\/book\/images\/product\/20135\/2013540009516\/2013540009516b.jpg","書籍簡介":"\r\n\r\n\r\n＝＝記九二一地震二十週年＝＝\r\n\t給每一個曾經經歷地震的臺灣人\r\n\t不恐懼的勇氣！\r\n\t◎九二一地震改變了什麼？在臺灣歷史上造成什麼影響？\r\n\t◎以板塊為尺度，透過地震帶分布、活動斷層分布圖重新認識臺灣\r\n\t◎災後重建揭開社會不同層面的問題，也改變了這一代人，成為重要社會資產\r\n\t◎九二一地震將全球地震學研究推往新的里程碑，推動臺灣科研與防災系統大躍進\r\n\t◎在下一次地震災害來臨前，建立應有的家居建築與防災避難知識，提升整體防災能力\r\n\r\n國家災害防救科技中心Ｘ春山 合作出版\r\n\t一九九九年九月二十一日凌晨一點四十七分，臺灣歷經了一百零二秒的劇烈搖晃，全臺十多個縣市共兩千多人喪生，逾十萬戶房屋倒塌，其中包括中部地區近二分之一的學校校舍。電力設備塌垮造成震後立即停電，多處山線鐵路中斷，公路災損更嚴重，尤以臺三線與中橫公路最劇，全臺災損總計超過三千五百億元。這場芮氏規模七點三的世紀地震，從震央南投集集擴延全島，史稱九二一地震。\r\n\r\n\t臺灣位於環太平洋地震帶、板塊交界處，因為億萬年來未曾停歇的板塊碰撞與造山運動，臺灣才得以形成今日樣貌。然而，板塊運動引發地震，讓島嶼注定要面對這些災難。一九○六年時日屬嘉義廳打貓東頂堡梅仔坑莊（梅山）巨震造成一千多人遇難；一九三五年苗栗因獅潭斷層與屯子腳斷層引發新竹—臺中巨震，三千多人罹難，是二十世紀臺灣最嚴重的震災。二○一六年二月六日高雄美濃地震、二○一八年二月六日花蓮地震都因不同震因造成傷亡。大自然一方面帶來毀滅，另一方面卻也創造生命。因為造山，臺灣的生物與地質多樣性得以盡情展現。\r\n\r\n\t本書以九二一地震為核心，構築出一部因山崩地裂所寫下的臺灣當代自然環境與社會史，更盤點全球與臺灣重要地震與海嘯事件如何牽引國際科學合作與社會重構，多視角重新理解地震。\r\n\r\n\t九二一地震為何造成如此巨大的災害？活動斷層是板塊構造作用下的必然產物，九二一地震即是車籠埔斷層劇烈錯動、猛烈釋放能量所致。九二一之後，臺灣全面關注活動斷層研究，二○一二年中央地質調查所公布了臺灣三十三條活動斷層，透過活動斷層分布、地震帶分布，希望解開斷層構造與再現週期之謎，讓人們對斷層有更多的理解並卸除未知的恐懼。\r\n\r\n\t此外，九二一地震讓人們看到地震導致的複合型災害，除了山崩地滑、建物橋梁毀損，更引發重視的是土壤液化。全國土壤鑽探資料庫，以及全國液化潛能圖建置完成，土壤液化與地質成因的研究延續到二○一六年二月六日高雄美濃地震、二○一八年二月六日花蓮地震，不斷有新的進展。\r\n\r\n\t全世界地震研究也因九二一地震而有重大突破。一九九九年以前，規模大於七級、距斷層二十公里以內的近斷層強地動資料，全世界只有八筆，九二一地震後，貢獻了六十多筆，這項紀錄至今尚未被超越。此外，臺灣將九二一地震研究資料公開分享全球，促成許多國際重量級學者來臺交流，全球以車籠埔斷層為主題的研究有六、七百篇，更培養出臺灣如今中生代的一批重要學者，讓臺灣地震科學大步躍進。\r\n\r\n\t九二一後，臺灣從地震觀測躍進到「地震即時速報」，計算單位由「分鐘」縮短成「秒」，領先全球，並將此系統回饋國際社會。透過九二一後的「深井鑽探」，科學家從地底一千一百一十一公尺處取得斷層帶的新鮮岩心，藉此瞭解斷層錯動過程中發生了什麼化學、物理變化，研究成果登上國際期刊。而利用地裂進行的「槽溝研究」，更足以對中部地質與斷層的再現週期有深刻理解。\r\n\r\n\t回返現場。九二一重建是一個史無前例的龐大社會工程，揭開不同層面的問題，本書從山區、市區到原鄉，帶出不同的重建面向，包括重災區南投埔里、雲林草嶺村、大安溪沿岸原住民泰雅部落、臺中集合式住宅太子吉第等。當時，許多宗教與社會組織在重建工作中擔任要角，本書特別以臺灣基督長老教會為例，從二十年歷程回看九二一經驗是如何讓教會青年與年輕社工陪同災民一起摸索、操練能力，從此改變了這一代人，改變了他們未來要走的路，不論是社工或是災民，都成為臺灣非常珍貴的資產。\r\n\r\n\t九二一地震不僅將全球地震學研究推往新的里程碑，更促使臺灣在社會重構、災害防治上進步，例如：地震參數本土化研究的防災應用、耐震設計標準法規化、建立常備緊急應變系統，以及建立大規模地震情境模擬機制等。當防災可以直接進入日常生活，面對注定再來的地震，我們將有更多的瞭解與準備，不再恐懼。\r\n\r\n"}
{"書名":"深入火山：探索地球上最暴烈的地方","書籍網站":"https:\/\/www.kingstone.com.tw\/\/basic\/2013510019309?zone=book&lid=book_class3_eei&actid=book_class3_eei","作者":"湯姆．道爾","出版社":"大石國際  ","ISBN":9789869292115.0,"圖片網址":"https:\/\/cdn.kingstone.com.tw\/book\/images\/product\/20135\/2013510019309\/2013510019309b.jpg","書籍簡介":"\r\n\r\n\r\n「火山，是有靈魂的山。」\r\n\r\n直到今天，它依然擅於製造驚喜。\r\n\r\n\t \r\n\r\n德國亞馬遜書店讀者五顆星好評\r\n\r\n\t國家地理攝影師卡斯坦‧彼得憑著豐富的火山知識，熟練的攀岩、駕駛滑翔翼和潛水等技能，還有對大自然法則的了解，踏上無數的旅程走訪世界各地的火山──從俄羅斯的勘察加半島到印尼，從冰島到坦尚尼亞，帶回這些絕美的照片。除了收錄豐富的火山資料外，亦收錄鏡頭背後的故事，以及攝影師的拍攝心路歷程。\r\n\r\n"}
{"書名":"地震概論","書籍網站":"https:\/\/www.kingstone.com.tw\/\/basic\/2013540007802?zone=book&lid=book_class3_eei&actid=book_class3_eei","作者":"趙克常 編著、吳善薇 校訂","出版社":"五南      ","ISBN":9789571170558.0,"圖片網址":"https:\/\/cdn.kingstone.com.tw\/book\/images\/product\/20135\/2013540007802\/2013540007802b.jpg","書籍簡介":"\r\n\r\n本書是是介紹和研究地震這種常見的自然現象的，共分十章。第一章介紹地震學的研究範圍和發展簡史；第二章研究地震波的類型及其性質；第三章敘述地震波傳播理論；第四章介紹地球內部的結構；第五章研究地震發震的機理；第六章講述地震儀的工作原理以及地震基本參數的測定方法；第七章論述地震預報的進展情況以及臨陣逃生技巧；第八章重點介紹宏觀地震調查、烈度以及工程地震學方面的內容；第九章敘述勘探地震學方法；第十章介紹由地震引發的海嘯的機制以及如何減輕海嘯災害。　　本書通俗易懂，把地震學的基礎知識和研究方法介紹得系統而全面，對提高讀者自身的自然科學修養大有裨益。同時也是一本相近學科甚至是專業地震工作人員全面瞭解地震學新進展的非常有價值的參考書。本書特色本書通俗易懂，把地震學的基礎知識和研究方法介紹得系統而全面，對提高讀者自身的自然科學修養大有裨益。同時也是一本相近學科甚至是專業地震工作人員全面瞭解地震學新進展的非常有價值的參考書。\r\n                    \r\n"}
{"書名":"板塊構造學說紀事","書籍網站":"https:\/\/www.kingstone.com.tw\/\/basic\/2013530001582?zone=book&lid=book_class3_eei&actid=book_class3_eei","作者":"陳建志","出版社":"五南      ","ISBN":9789571139265.0,"圖片網址":"https:\/\/cdn.kingstone.com.tw\/book\/images\/product\/20135\/2013530001582\/2013530001582b.jpg","書籍簡介":"\r\n\r\n本書為我們一展地球內部的豐富活動及其與人類生存的相依關係，關愛地球就從瞭解地球開始！　　本書是由美國地質調查所委請兩位權威學者－W. Jacquelyne Kious and Robert I. Tilling，特別針對一般大眾規劃而編寫的地球科學入門書，透過大量珍貴的圖表照片、清晰詳盡的內容安排並挑出人們最關心的話題，讓讀者在輕鬆閱讀間，即可學習到地球科學課程中最基礎的板塊構造學知識。　　關於我們腳底下的地殼原貌，您可能有興趣瞭解卻不知從何下手，您可能對近幾年來不斷在世界各地上演的大地震感到好奇！細數土耳其大地震、台灣九二一、日本阪神大地震到最近因南亞大地震而引發的世紀大海嘯，每件事都與人類生存習習相關，而地震的成因－板塊移動所形成的推擠，如此強大的力量與能量究竟又是從何而來？　　本書內容透過中央大學地球科學系陳建志及桃園農田水利會馬家齊老師，以嚴謹的角度、簡潔流暢的譯筆，忠實呈現原書風味，充滿趣味且循序漸近的內容會是您一探地球科學的最佳入門書，也是學校老師最易上手的課輔教材。並且將帶我們一探所居住的地球，透視某些自然景觀的形成原因：●南亞大地震和海嘯為什麼會發生？●是海底火山爆發造成了夏威夷群島還是板塊推擠形成的？●恐龍滅絕的真相不是因為天寒而是…？●板塊構造學說的確立是怎麼演進的？●世界第一高峰喜馬拉雅山怎麼形成的，直至今日為何仍能節節高昇？●夏威夷群島形成的原因竟然是源源不斷的火山岩漿凝成？●古老的年代，非洲大陸和南美洲竟是相連的？●我們腳下的大陸從未平靜、一直處於流動狀態？\r\n\r\n"}
{"書名":"地震必備常識筆記","書籍網站":"https:\/\/www.kingstone.com.tw\/\/basic\/2013540007642?zone=book&lid=book_class3_eei&actid=book_class3_eei","作者":"地震隨時小組","出版社":"台灣東販  ","ISBN":9789862516850.0,"圖片網址":"https:\/\/cdn.kingstone.com.tw\/book\/images\/product\/20135\/2013540007642\/2013540007642b.jpg","書籍簡介":"\r\n\r\n不是「萬一」而是「隨時」365天，天天都是「防災日」由167名阪神大地震受災民眾現身說法的隨時防災手冊本書記錄了由日本167名經歷過1995年阪神大地震的受災民眾，所口述的親身經驗與智慧，讓讀者可以藉由此書的宣導，將地震相關的防災知識融入每個人的生活當中，隨時隨地做好防災的準備。書中除了文字的介紹外，還由人氣藝術工作者「寄藤文平」繪製大量的插畫來輔助說明，讓本書以淺顯易懂的方式教導讀者最基本、最有用的防範地震災害知識。\r\n                    \r\n"}
{"書名":"地球的怒吼","書籍網站":"https:\/\/www.kingstone.com.tw\/\/basic\/2013540006560?zone=book&lid=book_class3_eei&actid=book_class3_eei","作者":"Ellen J. Prager","出版社":"年輪文化  ","ISBN":9789861576213.0,"圖片網址":"https:\/\/cdn.kingstone.com.tw\/book\/images\/product\/20135\/2013540006560\/2013540006560b.jpg","書籍簡介":"\r\n\r\n《地球的怒吼》一書對大自然這三種威脅生命的強大力量的威力與規模，以深入淺出的方式剖析說明。蒐集的資料詳實，由對地震、火山與海嘯研究有成的一流科學家現身說，專家知識鉅細靡遺，美國地質調查所提供難得一見的珍貴資料，圖解彩照一應俱全，讓我們對地震、火山與海嘯發生原因有基本概念，書中還介紹最新科技與最新研究結果，了解大自然威力以及科學能夠及時示警的分析，有了這個預警措施，未來可望減少生命財產的損失。本書內容之豐富，引人入勝，是希望深入認識地震、火山與海嘯世界者必備的指南。也是希望對未來地球發威的機率與地點有清楚概念的讀者，不可錯過的好書。\r\n                    \r\n"}
{"書名":"地球的怒吼","書籍網站":"https:\/\/www.kingstone.com.tw\/\/basic\/2013540006430?zone=book&lid=book_class3_eei&actid=book_class3_eei","作者":"Ellen J.Prag","出版社":"大益文化  ","ISBN":9789861573090.0,"圖片網址":"https:\/\/cdn.kingstone.com.tw\/book\/images\/product\/20135\/2013540006430\/2013540006430b.jpg","書籍簡介":"\r\n\r\n《地球的怒吼》一書對大自然這三種威脅生命的強大力量的威力與規模，以深入淺出的方式剖析說明。蒐集的資料詳實，由對地震、火山與海嘯研究有成的一流科學家現身說，專家知識鉅細靡遺，美國地質調查所提供難得一見的珍貴資料，圖解彩照一應俱全，讓我們對地震、火山與海嘯發生原因有基本概念，書中還介紹最新科技與最新研究結果，了解大自然威力以及科學能夠及時示警的分析，有了這個預警措施，未來可望減少生命財產的損失。本書內容之豐富，引人入勝，是希望深入認識地震、火山與海嘯世界者必備的指南。也是希望對未來地球發威的機率與地點有清楚概念的讀者，不可錯過的好書。《海嘯》\r\n\r\n"}
{"書名":"台灣的火山","書籍網站":"https:\/\/www.kingstone.com.tw\/\/basic\/2023540006323?zone=book&lid=book_class3_eei&actid=book_class3_eei","作者":"宋聖榮","出版社":"遠足文化  ","ISBN":9789867630780.0,"圖片網址":"https:\/\/cdn.kingstone.com.tw\/book\/images\/product\/20235\/2023540006323\/2023540006323b.jpg","書籍簡介":"\r\n\r\n本書特色 台灣對活火山的監測才剛起步，本書作者即為最重要的參與學者，其許多一手的資料均透過本書，首次對外界公開。 本書亦為國內第一本探討台灣火山的科普書。\r\n                    \r\n"}
{"書名":"地球的怒吼","書籍網站":"https:\/\/www.kingstone.com.tw\/\/basic\/2013540006270?zone=book&lid=book_class3_eei&actid=book_class3_eei","作者":"羅夫．席克","出版社":"晨星      ","ISBN":9789574558483.0,"圖片網址":"https:\/\/cdn.kingstone.com.tw\/book\/images\/product\/20135\/2013540006270\/2013540006270b.jpg","書籍簡介":"\r\n\r\n遠在西元79年，夏天正要結束之前的八月，炎熱的高溫依舊籠罩著羅馬史上最負盛名的都城龐貝，仕女依然穿著華服走在街頭。就在某個高溫難耐的夜裡，威蘇翁火山爆發了，龐貝瞬間哀鴻遍野，十八個小時後，一片死寂。《海嘯》　　西元1999年的台灣，寧靜的午夜，突然道路斷電，四處無光，接著便伴隨芮氏規模7.3的無情強震，造成兩千多人的死亡，數不盡的破碎家庭與文化遺產都在這次地震中銷毀。　　2004年要結束以前的南亞地區，一向被譽為度假天堂的南亞地區，來自各國的觀光客聚集在海灘享受美好陽光的時刻，轟然巨浪濤天，天地色變。度假天堂瞬間變成人間煉獄。這一場來自地心板塊的挪動造成的海嘯災難，造成死傷無數。　　這兩個聞名的自然巨變，都在告訴我們，一直以來被認為最可靠堅實的「地板」，隨時都會崩潰，引發巨變，造成不可挽救的災難。《地球的怒吼》要告訴讀者地震形成、火山爆發、海嘯發生的原理，讓讀者明白，地球板塊的運動到底是如何醞釀成災。《火山爆發》\r\n\r\n"}
{"書名":"96公里的錯動：車籠埔斷層與951大地震","書籍網站":"https:\/\/www.kingstone.com.tw\/\/basic\/2013540005358?zone=book&lid=book_class3_eei&actid=book_class3_eei","作者":"游重光","出版社":"秋雨文化  ","ISBN":9789867680648.0,"圖片網址":"https:\/\/cdn.kingstone.com.tw\/book\/images\/product\/20135\/2013540005358\/2013540005358b.jpg","書籍簡介":"\r\n\r\n本書是921大地震以來最具綜合性探討「台灣地震」的專書。書中主要以921大地震之歷史圖片和台大地質系陳文山教授最新的車籠埔斷層研究，探討台灣大地震的成因和災後重建的問題，期使國人注重防震知識，以減少家園的損失。書中運用最具學術價值和圖表，清楚解說台灣地震發生的成因和斷層所在位置，也探討災後家園社區校園和心理重建等層面，是一本關懷與省思921地震5週年最具代表性的著作。\r\n                    \r\n"}
{"書名":"台灣的斷層與地震","書籍網站":"https:\/\/www.kingstone.com.tw\/\/basic\/2013540005228?zone=book&lid=book_class3_eei&actid=book_class3_eei","作者":"蔡衡、楊建夫","出版社":"遠足文化  ","ISBN":9789867630315.0,"圖片網址":"https:\/\/cdn.kingstone.com.tw\/book\/images\/product\/20135\/2013540005228\/2013540005228b.jpg","書籍簡介":"\r\n\r\n作者為台灣地理界的學者專家，對於地震成因、台灣地質與地體環境、板塊與斷層活動，以及震災特性等，均有精闢的研究。本書內容詳盡解說地震爆發的原因，除了溯及不少憾天動地的神話與歷史記錄，亦深入淺出地介紹許多科學看法與理論。希望透過一系列完整而全面性的內容紀實照片和插畫解說，讓一般大眾能學習地震的相關知識，並且更加瞭解台灣的地質環境與地震特性。\r\n                    \r\n"}
{"書名":"岩土力學與地震","書籍網站":"https:\/\/www.kingstone.com.tw\/\/basic\/2013540004696?zone=book&lid=book_class3_eei&actid=book_class3_eei","作者":"廖日昇","出版社":"科技圖書  ","ISBN":9789576553059.0,"圖片網址":"https:\/\/cdn.kingstone.com.tw\/book\/images\/product\/20135\/2013540004696\/2013540004696b.jpg","書籍簡介":"0"}
{"書名":"見證921集集大地震（上）","書籍網站":"https:\/\/www.kingstone.com.tw\/\/basic\/2013540004016?zone=book&lid=book_class3_eei&actid=book_class3_eei","作者":"林呈等","出版社":"麥格羅希爾","ISBN":9789574932412.0,"圖片網址":"https:\/\/cdn.kingstone.com.tw\/book\/images\/product\/20135\/2013540004016\/2013540004016b.jpg","書籍簡介":"\r\n\r\n震害成因與因應對策（上冊）\r\n　基於對台灣這塊土地的熱忱與對社會的使命感，從921大地震當日起，本文作者便已深入各災區，記錄災況、探索災因；並特赴日，研究日本為阪神大地震所做的重建工作。期望本書能為921這次歷史性的大災害之防治能力。本套書包含四大部分，共十八章。\r\n\r\n　此書為上冊，各部分之組成概述如下：\r\n第一部分：背景說明．台灣地層、活斷層與集集大地震相　　　　　關概述。\r\n第二部分：橋梁震害與相關因應對策\r\n　　　　　．橋梁震害之檢查與評估項目、及震害受災橋　　　　　　統計。\r\n　　　　　．大甲溪水系、烏溪水系、濁水溪水系之橋梁　　　　　　震害。\r\n　　　　　．921集集大震橋梁震害成因之歸納與統計分　　　　　　析。\r\n　　　　　．日本阪神大地震災後橋梁之復建程序與因應　　　　　　方式簡介。\r\n\r\n　　　　　．橋梁之耐震補強對策工法。\r\n　\r\n作者簡介\r\n　林呈，國立中興大學土木工桯學系副教授。\r\n\r\n　孫洪福，榮民工程股份有限公司工程師。\r\n                    \r\n"}
{"書名":"見證921集集大地震（下）","書籍網站":"https:\/\/www.kingstone.com.tw\/\/basic\/2013540004146?zone=book&lid=book_class3_eei&actid=book_class3_eei","作者":"林呈等","出版社":"麥格羅希爾","ISBN":9789574932429.0,"圖片網址":"https:\/\/cdn.kingstone.com.tw\/book\/images\/product\/20135\/2013540004146\/2013540004146b.jpg","書籍簡介":"\r\n\r\n震害成因與因應對策（下冊）\r\n　基於對台灣這塊土地的熱忱與對社會的使命感，從921大地震當日起，本文作者便已深入各災區，記錄災況、探索災因；並特赴日，研究日本為阪神大地震所做的重建工作。期望本書能為921這次歷史性的大災害之防治能力。\r\n\r\n　本書為下冊：\r\n　第三部分：水利設施震害、土壤液化災害與相關因應對　　　　　　策。\r\n\r\n　　　　　　．堰壩、崩塌地與堤防護岸等水利震害\r\n　　　　　　．台中、彰化、嘉義、南投之土壤液化災害\r\n　　　　　　．台中港震害．防止土壤液化之對策工法與　　　　　　　應用\r\n　第四部分：建築物震害。\r\n　　　　　\r\n作者簡介\r\n　林呈，國立中興大學土木工桯學系副教授。\r\n\r\n　孫洪福，榮民工程股份有限公司工程師。\r\n                    \r\n"}
{"書名":"談地震工程","書籍網站":"https:\/\/www.kingstone.com.tw\/\/basic\/2014410102740?zone=book&lid=book_class3_eei&actid=book_class3_eei","作者":"劉樹賢","出版社":"科技圖書  ","ISBN":9789576553011.0,"圖片網址":"https:\/\/cdn.kingstone.com.tw\/book\/images\/product\/20144\/2014410102740\/2014410102740b.jpg","書籍簡介":"0"}
{"書名":"火山","書籍網站":"https:\/\/www.kingstone.com.tw\/\/basic\/2013540004566?zone=book&lid=book_class3_eei&actid=book_class3_eei","作者":"黃啟明","出版社":"寰宇      ","ISBN":9789570477122.0,"圖片網址":"https:\/\/cdn.kingstone.com.tw\/book\/images\/product\/20135\/2013540004566\/2013540004566b.jpg","書籍簡介":"0"}
{"書名":"地震前動物為何起騷動","書籍網站":"https:\/\/www.kingstone.com.tw\/\/basic\/2013540003934?zone=book&lid=book_class3_eei&actid=book_class3_eei","作者":"黃清華譯","出版社":"水產      ","ISBN":9789578596627.0,"圖片網址":"https:\/\/cdn.kingstone.com.tw\/book\/images\/product\/20135\/2013540003934\/2013540003934b.jpg","書籍簡介":"0"}
{"書名":"火災對洪水","書籍網站":"https:\/\/www.kingstone.com.tw\/\/basic\/2013280007292?zone=book&lid=book_class3_eei&actid=book_class3_eei","作者":"尼古拉．伯","出版社":"三聯書店  ","ISBN":9789620417740.0,"圖片網址":"https:\/\/cdn.kingstone.com.tw\/book\/images\/product\/20132\/2013280007292\/2013280007292b.jpg","書籍簡介":"0"}
{"書名":"地震","書籍網站":"https:\/\/www.kingstone.com.tw\/\/basic\/2013540004276?zone=book&lid=book_class3_eei&actid=book_class3_eei","作者":"尼爾．莫里","出版社":"三聯書店  ","ISBN":9789620417757.0,"圖片網址":"https:\/\/cdn.kingstone.com.tw\/book\/images\/product\/20135\/2013540004276\/2013540004276b.jpg","書籍簡介":"\r\n\r\n本書對地震相關的自然災害的地理、歷史，以及其對地球和社會的影響，配合近百幅彩圖和照片，作了扼述。\r\n                    \r\n"}
{"書名":"火山","書籍網站":"https:\/\/www.kingstone.com.tw\/\/basic\/2013540004306?zone=book&lid=book_class3_eei&actid=book_class3_eei","作者":"菲利甫．史","出版社":"三聯書店  ","ISBN":9789620417733.0,"圖片網址":"https:\/\/cdn.kingstone.com.tw\/book\/images\/product\/20135\/2013540004306\/2013540004306b.jpg","書籍簡介":"\r\n\r\n本書對火山相關的自然災害的地理、歷史，以及其對地球和社會的影響，配合近百幅彩圖和照片，作了扼述。\r\n                    \r\n"}
{"書名":"地牛翻身：台灣的地震","書籍網站":"https:\/\/www.kingstone.com.tw\/\/basic\/2023540003377?zone=book&lid=book_class3_eei&actid=book_class3_eei","作者":"劉玉龍","出版社":"稻田      ","ISBN":9789570302219.0,"圖片網址":"https:\/\/cdn.kingstone.com.tw\/book\/images\/product\/20235\/2023540003377\/2023540003377b.jpg","書籍簡介":"\r\n\r\n台灣的地震　如果沒有發生九二一集集大地震，是否會警覺到台灣有如此可怕的災害性地震？如果沒有發生九二一集集大地震，是否會積極的建立防災體系，並加強震災防護觀念？　生活在台灣的大家，無法避免的必須長期與地震共處，幸好，台灣地區每年一萬多次的地震中，絕大部分是無害的，反而提供給豐富的資料，讓大家瞭解地底下的構造，更可以時時提醒身處地震帶上所面臨的威脅。　本書以淺顯的文字，告訴大家許多有關地震的知識和常識，例如：什麼是地震？為什麼會發生地震？要怎麼觀測地震？更重要的是，面對這無法預期的地震，應該做些什麼準備？在地震發生的時候？又該如何應變？\r\n\r\n"}
{"書名":"地震大解剖＋地震科學VCD","書籍網站":"https:\/\/www.kingstone.com.tw\/\/basic\/2013540002012?zone=book&lid=book_class3_eei&actid=book_class3_eei","作者":"牛頓出版公","出版社":"牛頓      ","ISBN":null,"圖片網址":"https:\/\/cdn.kingstone.com.tw\/book\/images\/product\/20135\/2013540002012\/2013540002012b.jpg","書籍簡介":"0"}
{"書名":"地震大怪獸＋地震科學VCD","書籍網站":"https:\/\/www.kingstone.com.tw\/\/basic\/2013540002272?zone=book&lid=book_class3_eei&actid=book_class3_eei","作者":"牛頓出版公","出版社":"牛頓      ","ISBN":null,"圖片網址":"https:\/\/cdn.kingstone.com.tw\/book\/images\/product\/20135\/2013540002272\/2013540002272b.jpg","書籍簡介":"0"}
{"書名":"地震大解剖","書籍網站":"https:\/\/www.kingstone.com.tw\/\/basic\/2013540001640?zone=book&lid=book_class3_eei&actid=book_class3_eei","作者":"牛頓出版社","出版社":"牛頓      ","ISBN":9789576275739.0,"圖片網址":"https:\/\/cdn.kingstone.com.tw\/book\/images\/product\/20135\/2013540001640\/2013540001640b.jpg","書籍簡介":"\r\n\r\n集集大地震的特點\r\n　從地震和地質方面，集集大地震有以下幾個特點：\r\n\r\n　１．它發生於過去地震活動不顯著的地區。而另一方面，它則是發生於早被地質界確認為活斷層的車籠埔斷層上。由此可見今後我們應整合這兩方面的資料，才能對潛在震源有較完整的認識。\r\n\r\n　２．車籠埔斷層破裂長度超過８０公里，斷層錯動量最大達８～９公尺。它不但長度長、連續性高且錯動量大，已成為世界少有的大地震逆衝斷層。它的破壞性質從沿線房屋、道路、橋樑、水壩破壞情形可見其勢如破竹、無堅不摧的威力。今後重建最好對地震斷層帶有所規範。\r\n\r\n　３．這次地震在各地引起的地動強度明顯受制於逆衝斷層特性。在斷層沿線及以東上盤地區最大水平加速度在０．４ｇ以上，而在以西下盤地區則在０．２ｇ以下，相差相當懸殊。加以斷層以東多山地，在強震搖撼下，普遍發生山崩或落石，造成傷亡。\r\n\r\n　４．西部濱海地區因強震地動持續長達三十秒以上，致多處產生土壤液化作用，使地盤張列與下陷。這是今後濱海地區開發時，必須注意的課題。\r\n\r\n　５．這次地震傳聞有些前兆現象，是否真實有待進一步收集研判。但從防震的觀點，不宜過寄望地震預測。其實最務實可靠的防震措施是建築足以抗拒最大震力的結構物。這次地震有將近八萬戶房屋受損壞，但是真正倒塌的只有少數建築物，可見按建築法令規範發揮了正面效果。\r\n\r\n　６．這次地震中央氣象局收集了大量強震記錄資料，可供研究之用，希望大家珍惜利用。\r\n                    \r\n"}
{"書名":"地震大怪獸","書籍網站":"https:\/\/www.kingstone.com.tw\/\/basic\/2013540001770?zone=book&lid=book_class3_eei&actid=book_class3_eei","作者":"牛頓出版社","出版社":"牛頓      ","ISBN":9789576275722.0,"圖片網址":"https:\/\/cdn.kingstone.com.tw\/book\/images\/product\/20135\/2013540001770\/2013540001770b.jpg","書籍簡介":"\r\n\r\n921集集大地震\r\n　921集集大地震的強度高達芮氏規模7.3（與日本阪神大地震相同），根據專家們的換算，芮氏規模7.3所釋放出來的能量，約相當於38顆原子彈在地底一公里深處爆炸所產生的威力。\r\n\r\n　由大地震釋放出來的強大能量讓台灣中部的地形、地貌產生了大量水平及垂直位移。中部東西兩側山脈的海岸線向西部縱谷的台中縣市、南投縣擠壓約30公分左右，越靠近車籠埔斷層所在的部分，所產生的擠壓位移越是嚴重；其中又以東勢鎮的情況最為厲害，達8.5公尺。這樣的位移擠壓，讓台灣在地震過後呈現了東西縮減、南北拉長的現象。乍看起來，台灣像瘦了一圈。\r\n\r\n　根據統計，台灣每年平均會發生四千次以上的地震，其中大多數都很微弱，所以我們感覺不到。其中，又以台灣東北部及東部發生地震的次數比較頻繁。這是由於台灣的位置剛好在歐亞大陸板塊和菲律賓海板塊交界的地方，而菲律賓海板塊又不斷地向歐亞板塊推擠，板塊邊緣由於經常摩擦、擠壓而引起強烈震動，所以地震頻繁。\r\n\r\n　隨書附贈「地震科學影集」光碟。本影集已榮獲西班牙拉寇隆亞國際科學影帶節首獎、1994年美國加州國際教育影片及錄影帶節金蘋果獎、日本東京日本獎入圍、法國教育部國際紀錄片選拔五星獎。\r\n                    \r\n"}
{"書名":"日本阪神大地震戡災訪問報告","書籍網站":"https:\/\/www.kingstone.com.tw\/\/basic\/2013540001510?zone=book&lid=book_class3_eei&actid=book_class3_eei","作者":"許坤南","出版社":"建築情報  ","ISBN":9789579793261.0,"圖片網址":"https:\/\/cdn.kingstone.com.tw\/book\/images\/product\/20135\/2013540001510\/2013540001510b.jpg","書籍簡介":"0"}
{"書名":"火山小百科","書籍網站":"https:\/\/www.kingstone.com.tw\/\/basic\/2013540001220?zone=book&lid=book_class3_eei&actid=book_class3_eei","作者":"約翰．法恩","出版社":"貓頭鷹    ","ISBN":9789579684712.0,"圖片網址":"https:\/\/cdn.kingstone.com.tw\/book\/images\/product\/20135\/2013540001220\/2013540001220b.jpg","書籍簡介":"\r\n\r\n火山小百科\r\n　《口袋圖書館》系列的每一本書都小得可以放進口袋裡，內容份量卻也都可以滿足所有求知慾旺盛的腦袋，開啟你對自然科學與歷史等全方面的啟發。\r\n\r\n　另外《口袋圖書館》系列包羅萬象，有歷史、建築、古生物、動植物、科學、天文、地理、星象學、聖經等主題，雖然濃縮，卻頁頁展現洗鍊的文章與精美圖片，是邁入知識殿堂的最佳叩門磚。\r\n\r\n　因此，《口袋圖書館》系列除了全面探討相關主題的重要紀實，還有系統化組織的便覽篇章，包含精心設計的圖表、一目了然的地圖、最新的統計資料等，使得本系列既可收藏，又極富實用價值。\r\n\r\n　這裡的每個條目，都用一本書的篇幅來解釋；所以就單書而言，每本口袋圖書都是獨立而完整的專著，而就整體來說，這些書又是組成全套百科的重要元素。你可以自由選擇自己想要閱讀的條目，輕鬆進入知識的殿堂。\r\n                    \r\n"}
{"書名":"大地怒吼：地震與火山的故事","書籍網站":"https:\/\/www.kingstone.com.tw\/\/basic\/2013540001190?zone=book&lid=book_class3_eei&actid=book_class3_eei","作者":"麥瑟斯．萊維","出版社":"時報文化  ","ISBN":9789571324265.0,"圖片網址":"https:\/\/cdn.kingstone.com.tw\/book\/images\/product\/20135\/2013540001190\/2013540001190b.jpg","書籍簡介":"\r\n\r\n尋震之旅　本書可說是兩個地震迷的尋震之旅。作者不僅詳盡解說地震與火山爆發的原因，也溯及不少有關天搖地動的神話，及人類歷史上許多知名的大地震，如關東大地震、舊金山大地震等。書中有一百零八張圖表作為輔助，因作者本身為建築師，他們也從自身經驗說明地災中現代建築結構的問題，並對控制地震、預測地震提出有科學根據的看法。作者簡介麥瑟斯．萊維（Matthys Levy）　建築工程師，得過無數獎項。與薩爾瓦多利合著《建築何以塌》（Why Building Fall Doun）。馬里歐．薩爾瓦多利（Mario Salvadori）　哥倫比亞大學土木工程學和建築學名譽教授。著有《建築所以立》（Why Building Fall Down）。譯者簡介莊安祺　台灣大學外文系畢業，美國印地安納大學英美文學碩士，現任職傳播媒體。譯作有《愛之旅》、《感官之旅》、《大地怒吼》、《AQ》、《 7 種 IQ》等。\r\n\r\n"}
{"書名":"由阪神地震探討台灣地區建築結構耐震設計","書籍網站":"https:\/\/www.kingstone.com.tw\/\/basic\/2014410089119?zone=book&lid=book_class3_eei&actid=book_class3_eei","作者":"許茂雄","出版社":"台灣營建  ","ISBN":9789579899536.0,"圖片網址":"https:\/\/cdn.kingstone.com.tw\/book\/images\/product\/20144\/2014410089119\/2014410089119b.jpg","書籍簡介":"0"}
{"書名":"由阪神地震探討國內橋樑耐震工程之發展方向","書籍網站":"https:\/\/www.kingstone.com.tw\/\/basic\/2014410089089?zone=book&lid=book_class3_eei&actid=book_class3_eei","作者":"羅俊雄","出版社":"台灣營建  ","ISBN":9789579899512.0,"圖片網址":"https:\/\/cdn.kingstone.com.tw\/book\/images\/product\/20144\/2014410089089\/2014410089089b.jpg","書籍簡介":"0"}
{"書名":"火山：大地之怒","書籍網站":"https:\/\/www.kingstone.com.tw\/\/basic\/2013540001060?zone=book&lid=book_class3_eei&actid=book_class3_eei","作者":"Maurice Krafft","出版社":"時報文化  ","ISBN":9789571319582.0,"圖片網址":"https:\/\/cdn.kingstone.com.tw\/book\/images\/product\/20135\/2013540001060\/2013540001060b.jpg","書籍簡介":"\r\n\r\n大地之怒　自古以來，人類一直想要解釋地震和火山爆發的神秘自然現象。在歷史上，各個文化最有影響力的知名學者都找出各種奇怪的理由來說明這種奧祕。紐西蘭的毛利族（Maori）認為，火山和地震之神羅奧摩柯（Ruaumoko）在母親低頭餵奶時，不小心被壓入地下，此後他就不斷咆哮，並且噴出火焰。《火山爆發》　人們總以為，火山爆發的原因是因地球內部的火焰，但來源為何？約在兩千四百年前，希臘哲人亞里斯多德（Aristotle）認為，和緩的地震來自於地球內部的風吹出洞穴而來，而嚴重的地震則是由吹入地下洞窟的大風造成的，人們對亞里斯多德之說的信仰又延續了兩千年。　火山顫抖著，嚎叫著。火山迸裂，爆發。大地為何抽搐，人類百思不得其解。是火神伏耳甘在地下煉鐵？是神祇相鬥的結果？還是大地生氣了？火山學起步並不晚，20世紀初就已有了科學認識，但是，現代人仍無法精確預測火山爆發的時刻。請跟隨火山學家克拉夫特一同進入火山的世界，聽聽古代關係火山的浪漫傳說，瞭解歷來研究火山的重大進展。　致倫敦皇家協會主席普林格爾騎士先生：　回國之後，對於維蘇威火山和火山周圍的古老火山物質，我仍念念不忘。我深信，若要準確描繪出一個奇妙的地方，又是向那些從來不曾身歷其竟的人描繪，光靠簡單的語言是不夠的。所以，我請來一位大不列顛的天才藝術家，法布里斯先生（Pierre Fabris），畫下我信中提到的有趣景致。這些畫的色彩逼真，生動重現了火山的外觀和內景，包括維蘇威、索爾法塔爾和那不勒斯附近的火山。另外，他也畫下了我所採得的各種火山物質標本，諸如熔岩、凝灰岩、浮石、火山岩、硫磺、氯化鈉等。先生，經您之手，請容我獻上此書給皇家協會，協會收下它是非常?　您謙卑的僕人，漢密爾頓（William Hamilton）作者簡介Maurice Kraflft　生於1946年3月25日。地質學家暨火山學家。1968年，他和妻子──地球化學家卡蒂亞（Katia），建立伏爾甘火山學研究中心，專事研究火山爆發現象。25年裡，他們考察幾百座火山，觀察150餘次火山爆發的情景。寫下20多本火山專著，拍攝了五部紀錄片。同時，他們還建立世上藏書最多的火山學圖書館，收集大量有關火山的圖片。1991年6月3日，夫妻倆拍攝日本云仙岳（Unzen）爆發時，不幸罹難。譯者簡介莊安祺　台灣大學外文系畢業，美國印地安納大學英美文學碩士，現任職傳播媒體。譯作有《愛之旅》、《感官之旅》、《大地怒吼》、《AQ》、《7 種 IQ》等。\r\n\r\n"}
{"書名":"大地震將至：防災逃生秘笈","書籍網站":"https:\/\/www.kingstone.com.tw\/\/basic\/2013540000988?zone=book&lid=book_class3_eei&actid=book_class3_eei","作者":"周易","出版社":"文心      ","ISBN":9789579940207.0,"圖片網址":"https:\/\/cdn.kingstone.com.tw\/book\/images\/product\/20135\/2013540000988\/2013540000988b.jpg","書籍簡介":"0"}
{"書名":"火山與地震","書籍網站":"https:\/\/www.kingstone.com.tw\/\/basic\/2013540000148?zone=book&lid=book_class3_eei&actid=book_class3_eei","作者":"幼獅文化  ","出版社":"停售","ISBN":null,"圖片網址":"https:\/\/cdn.kingstone.com.tw\/book\/images\/product\/20135\/2013540000148\/2013540000148b.jpg","書籍簡介":"0"}
{"書名":"地震工程","書籍網站":"https:\/\/www.kingstone.com.tw\/\/basic\/2013540000308?zone=book&lid=book_class3_eei&actid=book_class3_eei","作者":"徐明同","出版社":"科技圖書  ","ISBN":null,"圖片網址":"https:\/\/cdn.kingstone.com.tw\/book\/images\/product\/20135\/2013540000308\/2013540000308b.jpg","書籍簡介":"0"}
{"書名":"地震","書籍網站":"https:\/\/www.kingstone.com.tw\/\/basic\/2013540000438?zone=book&lid=book_class3_eei&actid=book_class3_eei","作者":"李白華","出版社":"季風      ","ISBN":null,"圖片網址":"https:\/\/cdn.kingstone.com.tw\/book\/images\/product\/20135\/2013540000438\/2013540000438b.jpg","書籍簡介":"0"}
{"書名":"地震工程學","書籍網站":"https:\/\/www.kingstone.com.tw\/\/basic\/2013540000568?zone=book&lid=book_class3_eei&actid=book_class3_eei","作者":"徐明同","出版社":"科技圖書  ","ISBN":null,"圖片網址":"https:\/\/cdn.kingstone.com.tw\/book\/images\/product\/20135\/2013540000568\/2013540000568b.jpg","書籍簡介":"0"}
{"書名":"地震","書籍網站":"https:\/\/www.kingstone.com.tw\/\/basic\/2013540000698?zone=book&lid=book_class3_eei&actid=book_class3_eei","作者":"徐氏文教  ","出版社":"停售","ISBN":null,"圖片網址":"https:\/\/cdn.kingstone.com.tw\/book\/images\/product\/20135\/2013540000698\/2013540000698b.jpg","書籍簡介":"0"}
{"書名":"地震與地震學","書籍網站":"https:\/\/www.kingstone.com.tw\/\/basic\/2013540000728?zone=book&lid=book_class3_eei&actid=book_class3_eei","作者":"正中書局  ","出版社":"停售","ISBN":null,"圖片網址":"https:\/\/cdn.kingstone.com.tw\/book\/images\/product\/20135\/2013540000728\/2013540000728b.jpg","書籍簡介":"0"}
{"書名":"地震工程學","書籍網站":"https:\/\/www.kingstone.com.tw\/\/basic\/2014410031378?zone=book&lid=book_class3_eei&actid=book_class3_eei","作者":"岡本舜三","出版社":"科技圖書  ","ISBN":null,"圖片網址":"https:\/\/cdn.kingstone.com.tw\/book\/images\/product\/20144\/2014410031378\/2014410031378b.jpg","書籍簡介":"0"}
{"書名":"地震","書籍網站":"https:\/\/www.kingstone.com.tw\/\/basic\/2013540002142?zone=book&lid=book_class3_eei&actid=book_class3_eei","作者":"李政隆","出版社":"華視文化  ","ISBN":null,"圖片網址":"https:\/\/cdn.kingstone.com.tw\/book\/images\/product\/20135\/2013540002142\/2013540002142b.jpg","書籍簡介":"0"}
