{"書名":"Game Design Deep Dive","書籍網站":"https:\/\/www.kingstone.com.tw\/\/basic\/203c106128356?zone=english&lid=search&actid=WISE&kw=Game-design&pi=0","作者":"Joshua,Bycer","出版社":"Ingram      ","ISBN":"https:\/\/cdn.kingstone.com.tw\/english\/images\/product\/8191\/9780367638191.jpg","圖片網址":9780367638191,"書籍簡介":"\r\n\r\nGame Design Deep Dive: Roguelikes examines the history and rise of the often-confusing roguelike genre. Despite being more than 30 years old, the roguelike genre remains a mystery to a lot of consumers and developers. Procedural generation, or having the game generate content, has been a cornerstone and point of complexity since its inception. The 2010s saw an explosion of new designs and examples, along with a debate about what a roguelike is. The genre found its way back to mainstream audiences with the award-winning Demon's Souls and Dark Souls. Since then, roguelikes have revolutionized the way we see and design games. Author and game design critic Joshua Bycer explains the differences between the various roguelike designs and give a detailed blueprint showing what makes the best ones work.   The first of its kind talking about the roguelike genre　   Examines the design and methodology of roguelike games and the different variations   A high-level discussion and breakdown of procedural and random content generation  Joshua Bycer is a game design critic with more than seven years of experience critically analyzing game design and the industry itself. In that time, through Game-Wisdom, he has interviewed hundreds of game developers and members of the industry about what it means to design video games. He is also a public speaker and presenter at schools and libraries on game design and game development.\r\n                    \r\n"}
{"書名":"Pattern Language for Game Design","書籍網站":"https:\/\/www.kingstone.com.tw\/\/basic\/203c200904420?zone=english&lid=search&actid=WISE&kw=Game-design&pi=0","作者":"Christopher,Barney","出版社":"Ingram      ","ISBN":"https:\/\/cdn.kingstone.com.tw\/english\/images\/product\/3950\/9780367633950.jpg","圖片網址":9780367633950,"書籍簡介":"\r\n\r\nChristopher Barney's Pattern Language for Game Design builds on the revolutionary work of architect Christopher Alexander to show students, teachers, and game development professionals how to derive best practices in all aspects of game design. Using a series of practical, rigorous exercises, designers can observe and analyze the failures and successes of the games they know and love to find the deep patterns that underlie good design. From an in-depth look at Alexander's work, to a critique of pattern theory in various fields, to a new approach that will challenge your knowledge and put it to work, this book seeks to transform how we look at building the interactive experiences that shape us.  Key Features: 　   Background on the architectural concepts of patterns and a Pattern Language as defined in the work of Christopher Alexander, including his later work on the Fifteen Properties of Wholeness and Generative Codes.   Analysis of other uses of Alexander's work in computer science and game design, and the limitations of those efforts.   A comprehensive set of example exercises to help the reader develop their own patterns that can be used in practical day-to-day game design tasks.　   Exercises that are useful to designers at all levels of experience and can be completed in any order, allowing students to select exercises that match their coursework and allowing professionals to select exercises that address their real-world challenges.　   Discussion of common pitfalls and difficulties with the pattern derivation process.   A guide for game design teachers, studio leaders, and university departments for curating and maintaining institutional Pattern Languages.   Interactive Pattern Language website where you can share patterns with developers throughout the world (patternlanguageforgamedesign.com).   Comprehensive games reference for all games discussed in this book.   　 　 Author Christopher Barney is an industry veteran, with more than a decade of experience designing and engineering games like　Poptropica　and teaching at Northeastern University. He has spoken at conferences, including GDC, DevCom, and PAX, on topics from core game design to social justice. Seeking degrees in game design before formal game design programs existed, Barney built his own undergraduate and graduate curricula out of offerings in sociology, computer science, and independent study. In pursuit of a broad understanding of games, he has worked on projects spanning interactive theater, live-action role-playing game (LARP) design, board games, and tabletop role-playing games (RPGs). An extensive collection of his essays of game design topics can be found on his development blog at perspectivesingamedesign.com.  \r\n\r\n"}
{"書名":"Elements of Game Design","書籍網站":"https:\/\/www.kingstone.com.tw\/\/basic\/203c007103366?zone=english&lid=search&actid=WISE&kw=Game-design&pi=0","作者":"Robert,Zubek","出版社":"Mit Press   ","ISBN":"https:\/\/cdn.kingstone.com.tw\/english\/images\/product\/3915\/9780262043915.jpg","圖片網址":9780262043915,"書籍簡介":"\r\n\r\nAn introduction to the basic concepts of game design, focusing on techniques used in commercial game production.This textbook by a well-known game designer introduces the basics of game design, covering tools and techniques used by practitioners in commercial game production. It presents a model for analyzing game design in terms of three interconnected levels--mechanics and systems, gameplay, and player experience--and explains how novice game designers can use these three levels as a framework to guide their design process. The text is notable for emphasizing models and vocabulary used in industry practice and focusing on the design of games as dynamic systems of gameplay.The book first introduces the core model and framework for analyzing and designing games. It then discusses the three levels in detail, explaining player experience and identifying design goals; introducing low-level structural analysis of gameplay in terms of basic mechanics; describing how mechanics build up into systems; and presenting concepts for understanding gameplay, defined as the dynamic behavior of players when they interact with mechanics and systems. Finally, the book offers students advice on creating game prototypes using an iterative, user-centered process. Each chapter offers a set of exercises for individuals and design challenges for groups.\r\n                    \r\n"}
{"書名":"The Craft and Science of Game Design","書籍網站":"https:\/\/www.kingstone.com.tw\/\/basic\/203c200300119?zone=english&lid=search&actid=WISE&kw=Game-design&pi=0","作者":"Philippe,O'Connor","出版社":"CRC Press","ISBN":"https:\/\/cdn.kingstone.com.tw\/english\/images\/product\/2458\/9780367562458.jpg","圖片網址":9780367562458,"書籍簡介":"\r\n\r\nThis book goes into the nuts and bolts of video game development from the perspective of a veteran designer with over 20 years in the industry. It covers the psychology and biology of why people play games and goes in-depth on the techniques and tricks professional game designers use to be successful in game development. If you are looking to make a career in video games or are already in the industry, the insights and hard-earned lessons contained in this book are sure to be useful to all levels of the profession.\r\n                    \r\n"}
{"書名":"Pattern Language for Game Design","書籍網站":"https:\/\/www.kingstone.com.tw\/\/basic\/203c011227849?zone=english&lid=search&actid=WISE&kw=Game-design&pi=0","作者":"Christopher,Barney","出版社":"CRC Press","ISBN":"https:\/\/cdn.kingstone.com.tw\/english\/images\/product\/7725\/9780367367725.jpg","圖片網址":9780367367725,"書籍簡介":"\r\n\r\nChris Barney's Pattern Language for Game Design builds on the revolutionary work of architect Christopher Alexander to show students, teachers, and game development professionals how to derive best practices in all aspects of game design. Using a series of practical, rigorous exercises, designers can observe and analyze the failures and successes of the games they know and love to find the deep patterns that underlie good design. From an in-depth look at Alexander's work, to a critique of pattern theory in various fields, to a new approach that will challenge your knowledge and put it to work, this book seeks to transform how we look at building the interactive experiences that shape us.  Key Features: 　   Background on the architectural concepts of patterns and a Pattern Language as defined in the work of Christopher Alexander, including his later work on the Fifteen Properties of Wholeness and Generative Codes.   Analysis of other uses of Alexander's work in computer science and game design, and the limitations of those efforts.   A comprehensive set of example exercises to help the reader develop their own patterns that can be used in practical day-to-day game design tasks.　   Exercises that are useful to designers at all levels of experience and can be completed in any order, allowing students to select exercises that match their coursework and allowing professionals to select exercises that address their real-world challenges.　   Discussion of common pitfalls and difficulties with the pattern derivation process.   A guide for game design teachers, studio leaders, and university departments for curating and maintaining institutional Pattern Languages.   An Interactive Pattern Language website where you can share patterns with developers throughout the world (patternlanguageforgamedesign.com).   Comprehensive games reference for all games discussed in this book.   　 　 Author Chris Barney is an industry veteran with more than a decade of experience designing and engineering games such as Poptropica and teaching at Northeastern University. He has spoken at conferences, including GDC, DevCom, and PAX, on topics from core game design to social justice. Seeking degrees in game design before formal game design programs existed, Barney built his own undergraduate and graduate curricula out of offerings in sociology, computer science, and independent study. In pursuit of a broad understanding of games, he has worked on projects spanning interactive theater, live-action role-playing game (LARP) design, board games, and tabletop role-playing games (RPGs). An extensive collection of his essays of game design topics can be found on his development blog at perspectivesingamedesign.com.  \r\n\r\n"}
{"書名":"The Craft and Science of Game Design","書籍網站":"https:\/\/www.kingstone.com.tw\/\/basic\/203c011470763?zone=english&lid=search&actid=WISE&kw=Game-design&pi=0","作者":"Philippe,O'Connor","出版社":"CRC Press","ISBN":"https:\/\/cdn.kingstone.com.tw\/english\/images\/product\/6532\/9780367556532.jpg","圖片網址":9780367556532,"書籍簡介":"\r\n\r\nThe Craft and Science of Game Design: A Video Game Designer's Manual goes into the nuts and bolts of video game development from the perspective of a veteran designer with more than 20 years of experience in the industry. It covers the psychology and biology of why people play games and goes in depth on the techniques and tricks professional game designers use to be successful in game development. If you are looking to make a career in video games, or are already in the industry, the insights and hard-earned lessons contained in this book are sure to be useful at all levels of the profession.  Originally from Canada, Phil O'Connor has been making video games all over the world since 1997. Phil has worked at some of the industry's largest studios on some of the biggest projects, including Far Cry 3 and Rainbow Six Siege. With credits on nearly 20 games, Phil has shared in this book some of the less-known details of being a game designer in today's video game industry, along with a breakdown of some of the skills to help professional designers shine.\r\n                    \r\n"}
{"書名":"Triadic Game Design","書籍網站":"https:\/\/www.kingstone.com.tw\/\/basic\/203c108536956?zone=english&lid=search&actid=WISE&kw=Game-design&pi=0","作者":"Casper,Harteveld","出版社":"Springer    ","ISBN":"https:\/\/cdn.kingstone.com.tw\/english\/images\/product\/9230\/9781447159230.jpg","圖片網址":9781447159230,"書籍簡介":"\r\n\r\nMany designers, policy makers, teachers, and other practitioners are beginning to understand the usefulness of using digital games beyond entertainment. Games have been developed for teaching, recruiting and to collect data to improve search engines. This book examines the fundamentals of designing any game with a serious purpose and provides a way of thinking on how to design one successfully. The reader will be introduced to a design philosophy called \"Triadic Game Design.\"; a theory that all games involve three worlds: the worlds of Reality, Meaning, and Play. Each world is affiliated with aspects. A balance needs to be found within and between the three worlds. Such a balance is difficult to achieve, during the design many tensions will arise, forcing designers to make trade-offs. To deal with these tensions and to ensure that the right decisions are made to create a harmonic game, a frame of reference is needed. This is what Triadic Game Design offers.\r\n                    \r\n"}
{"書名":"Affordance Theory in Game Design","書籍網站":"https:\/\/www.kingstone.com.tw\/\/basic\/203c004915630?zone=english&lid=search&actid=WISE&kw=Game-design&pi=0","作者":"Hamna,Aslam","出版社":"Morgan & Claypool","ISBN":"https:\/\/cdn.kingstone.com.tw\/english\/images\/product\/7522\/9781681737522.jpg","圖片網址":9781681737522,"書籍簡介":"\r\n\r\nGames, whether educational or recreational, are meant to be fun. How do we ensure that the game delivers its intent? The answer to this question is playtesting. However, a haphazard playtest process cannot discover play experience from various dimensions. Players' perceptions, affordances, age, gender, culture, and many more human factors influence play experience. A playtest requires an intensive experimental process and scientific protocols to ensure that the outcomes seen are reliable for the designer. Playtesting and players' affordances are the focus of this book. This book is not just about the playtest procedures but also demonstrates how they lead to the conclusions obtained when considering data sets. The playtest process or playtest stories differ according to the hypothesis under investigation. We cover examples of playtesting to identify the impact of human factors, such as age and gender, to examine a player's preferences for game objects' design and colors. The book details topics to reflect on possible emotional outcomes of the player at the early stages of game design as well as the methodology for presenting questions to players in such a way as to elicit authentic feedback. This book is intended mainly for game designers, researchers, and developers. However, it provides a general understanding of affordances and human factors that can be informative for readers working in any domain.\r\n                    \r\n"}
{"書名":"Affordance Theory in Game Design","書籍網站":"https:\/\/www.kingstone.com.tw\/\/basic\/203c006117179?zone=english&lid=search&actid=WISE&kw=Game-design&pi=0","作者":"Aslam,Hamna","出版社":"Morgan & Claypool","ISBN":"https:\/\/cdn.kingstone.com.tw\/english\/images\/product\/7546\/9781681737546.jpg","圖片網址":9781681737546,"書籍簡介":"\r\n\r\nGames, whether educational or recreational, are meant to be fun. How do we ensure that the game delivers its intent? The answer to this question is playtesting. However, a haphazard playtest process cannot discover play experience from various dimensions. Players' perceptions, affordances, age, gender, culture, and many more human factors influence play experience. A playtest requires an intensive experimental process and scientific protocols to ensure that the outcomes seen are reliable for the designer. Playtesting and players' affordances are the focus of this book. This book is not just about the playtest procedures but also demonstrates how they lead to the conclusions obtained when considering data sets. The playtest process or playtest stories differ according to the hypothesis under investigation. We cover examples of playtesting to identify the impact of human factors, such as age and gender, to examine a player's preferences for game objects' design and colors. The book details topics to reflect on possible emotional outcomes of the player at the early stages of game design as well as the methodology for presenting questions to players in such a way as to elicit authentic feedback. This book is intended mainly for game designers, researchers, and developers. However, it provides a general understanding of affordances and human factors that can be informative for readers working in any domain.\r\n                    \r\n"}
{"書名":"Classic Game Design","書籍網站":"https:\/\/www.kingstone.com.tw\/\/basic\/203c905109559?zone=english&lid=search&actid=WISE&kw=Game-design&pi=0","作者":"Franz,Lanzinger","出版社":"Ingram      ","ISBN":"https:\/\/cdn.kingstone.com.tw\/english\/images\/product\/3855\/9781683923855.jpg","圖片網址":9781683923855,"書籍簡介":"\r\n\r\nYou too can learn to design and develop classic arcade video games like Pong, Pac-Man, Space Invaders, and Scramble. Collision detection, extra lives, power ups, and countless other essential design elements were invented by the mostly anonymous designers at the early pioneering companies that produced these great games. In this book you'll go step by step, using modern, free software tools such as Unity to create five games in the classic style, inspired by retro favorites like: Pong, Breakout, Space Invaders, Scramble, and Pac-Man. All the source code, art, and sound sources for the projects are available on the companion files. You'll discover the fun of making your own games, putting in your own color graphics, adjusting the scoring, coding the AI, and creating the sound effects. You'll gain a deep understanding of the roots of modern video game design: the classics of the '70s and '80s.  Features:   Uses Unity, C#, Blender, GIMP, and Audacity to make five fun classic games 4-color throughout with companion files that include source code, art, and full projects (also available for downloading from the publisher by emailing proof of purchase to info@merclearning.com) Includes historical anecdotes direct from one of the fabled Atari coin-op programmers Detailed step-by-step instructions, dozens of exercises, and rules of classic game design Contains unique insights on applying classic game design concepts to modern games.\r\n                    \r\n"}
{"書名":"Minimalist Game Design","書籍網站":"https:\/\/www.kingstone.com.tw\/\/basic\/203c601689833?zone=english&lid=search&actid=WISE&kw=Game-design&pi=0","作者":"Nealen, Andrew","出版社":"A K Peters  ","ISBN":"https:\/\/cdn.kingstone.com.tw\/english\/images\/product\/1791\/9781466581791.jpg","圖片網址":9781466581791,"書籍簡介":"0"}
{"書名":"Introduction to Game Design","書籍網站":"https:\/\/www.kingstone.com.tw\/\/basic\/203c109591613?zone=english&lid=search&actid=WISE&kw=Game-design&pi=0","作者":"McConnell","出版社":"Jones &     ","ISBN":"https:\/\/cdn.kingstone.com.tw\/english\/images\/product\/1750\/9780763781750.jpg","圖片網址":9780763781750,"書籍簡介":"0"}
{"書名":"Clockwork Game Design","書籍網站":"https:\/\/www.kingstone.com.tw\/\/basic\/203c010190086?zone=english&lid=search&actid=WISE&kw=Game-design&pi=0","作者":"Keith,Burgun","出版社":"Routledge   ","ISBN":"https:\/\/cdn.kingstone.com.tw\/english\/images\/product\/8225\/9781138428225.jpg","圖片網址":9781138428225,"書籍簡介":"\r\n\r\nOnly by finding and focusing on a core mechanism can you further your pursuit of elegance in strategy game design.Clockwork Game Design is the most functional and directly applicable theory for game design. It details the clockwork game design pattern, which focuses on building around fundamental functionality. You can then use this understanding to prescribe a system for building and refining your rulesets. A game can achieve clarity of purpose by starting with a strong core, then removing elements that conflict with that core while adding elements that support it.Filled with examples and exercises detailing how to put the clockwork game design pattern into use, this book is a must-have manual for designing games. A hands-on, practical book that outlines a very specific approach to designing games Develop the mechanics that make your game great, and limit or remove factors that disrupt the core concept Practice designing games through the featured exercises and illustrations\r\n                    \r\n"}
{"書名":"Game Design Workshop","書籍網站":"https:\/\/www.kingstone.com.tw\/\/basic\/203c805384854?zone=english&lid=search&actid=WISE&kw=Game-design&pi=0","作者":"Fullerton, Tracy","出版社":"A K Peters  ","ISBN":"https:\/\/cdn.kingstone.com.tw\/english\/images\/product\/7679\/9781138427679.jpg","圖片網址":9781138427679,"書籍簡介":"0"}
{"書名":"Advances in Human Factors in Wearable Technologies and Game Design","書籍網站":"https:\/\/www.kingstone.com.tw\/\/basic\/203c108637697?zone=english&lid=search&actid=WISE&kw=Game-design&pi=0","作者":"Tareq Z,Ahram","出版社":"Springer    ","ISBN":"https:\/\/cdn.kingstone.com.tw\/english\/images\/product\/6184\/9783319946184.jpg","圖片網址":9783319946184,"書籍簡介":"\r\n\r\nThis book focuses on the human aspects of wearable technologies and game design, which are often neglected. It shows how user centered practices can optimize wearable experience, thus improving user acceptance, satisfaction and engagement towards novel wearable gadgets. It describes both research and best practices in the applications of human factors and ergonomics to sensors, wearable technologies and game design innovations, as well as results obtained upon integration of the wearability principles identified by various researchers for aesthetics, affordance, comfort, contextual-awareness, customization, ease of use, ergonomy, intuitiveness, obtrusiveness, information overload, privacy, reliability, responsiveness, satisfaction, subtlety, user friendliness and wearability. The book is based on the AHFE 2018 Conference on Human Factors and Wearable Technologies and the AHFE 2018 Conference on Human Factors in Game Design and Virtual Environments, held on July 21-25, 2018 in Orlando, Florida, and addresses professionals, researchers, and students dealing with the human aspects of wearable, smart and\/or interactive technologies and game design research.\r\n\r\n"}
{"書名":"The Art of Game Design","書籍網站":"https:\/\/www.kingstone.com.tw\/\/basic\/203c712893022?zone=english&lid=search&actid=WISE&kw=Game-design&pi=0","作者":"Schell, Jesse","出版社":"A K Peters  ","ISBN":"https:\/\/cdn.kingstone.com.tw\/english\/images\/product\/3696\/9781138413696.jpg","圖片網址":9781138413696,"書籍簡介":"0"}
{"書名":"The Art of Game Design","書籍網站":"https:\/\/www.kingstone.com.tw\/\/basic\/203c408578507?zone=english&lid=search&actid=WISE&kw=Game-design&pi=0","作者":"Schell, Jesse","出版社":"A K Peters  ","ISBN":"https:\/\/cdn.kingstone.com.tw\/english\/images\/product\/8645\/9781466598645.jpg","圖片網址":9781466598645,"書籍簡介":"0"}
{"書名":"Advances in Game Design and Development Research","書籍網站":"https:\/\/www.kingstone.com.tw\/\/basic\/203c410769603?zone=english&lid=search&actid=WISE&kw=Game-design&pi=0","作者":"Martell, Caroline (EDT)","出版社":"Ingram      ","ISBN":"https:\/\/cdn.kingstone.com.tw\/english\/images\/product\/4781\/9781633214781.jpg","圖片網址":9781633214781,"書籍簡介":"0"}
{"書名":"The Building Blocks of Game Design","書籍網站":"https:\/\/www.kingstone.com.tw\/\/basic\/203c308198269?zone=english&lid=search&actid=WISE&kw=Game-design&pi=0","作者":"Ham, Ethan","出版社":"Routledge   ","ISBN":"https:\/\/cdn.kingstone.com.tw\/english\/images\/product\/7009\/9780415627009.jpg","圖片網址":9780415627009,"書籍簡介":"0"}
{"書名":"Theory of Fun for Game Design","書籍網站":"https:\/\/www.kingstone.com.tw\/\/basic\/203c312479941?zone=english&lid=search&actid=WISE&kw=Game-design&pi=0","作者":"Koster, Raph","出版社":"Oreilly &   ","ISBN":"https:\/\/cdn.kingstone.com.tw\/english\/images\/product\/3215\/9781449363215.jpg","圖片網址":9781449363215,"書籍簡介":"\r\n\r\nNow in full color, the 10th anniversary edition of this classic book takes you deep into the influences that underlie modern video games, and examines the elements they share with traditional games such as checkers. At the heart of his exploration, veteran game designer Raph Koster takes a close look at the concept of fun and why it's the most vital element in any game.Why do some games become boring quickly, while others remain fun for years? How do games serve as fundamental and powerful learning tools? Whether you're a game developer, dedicated gamer, or curious observer, this illustrated, fully updated edition helps you understand what drives this major cultural force, and inspires you to take it further.You'll discover that: Games play into our innate ability to seek patterns and solve puzzlesMost successful games are built upon the same elementsSlightly more females than males now play gamesMany games still teach primitive survival skillsFictional dressing for modern games is more developed than the conceptual elementsTruly creative designers seldom use other games for inspirationGames are beginning to evolve beyond their prehistoric origins\r\n                    \r\n"}
{"書名":"Classic Game Design","書籍網站":"https:\/\/www.kingstone.com.tw\/\/basic\/203c308773025?zone=english&lid=search&actid=WISE&kw=Game-design&pi=0","作者":"Lanzinger, Franz","出版社":"Ingram      ","ISBN":"https:\/\/cdn.kingstone.com.tw\/english\/images\/product\/5976\/9781937585976.jpg","圖片網址":9781937585976,"書籍簡介":"0"}
{"書名":"Video Game Design Foundations","書籍網站":"https:\/\/www.kingstone.com.tw\/\/basic\/203c312694498?zone=english&lid=search&actid=WISE&kw=Game-design&pi=0","作者":"Ploor, D. Michael","出版社":"Goodheart-Wilcox Publisher","ISBN":"https:\/\/cdn.kingstone.com.tw\/english\/images\/product\/2786\/9781619602786.jpg","圖片網址":9781619602786,"書籍簡介":"\r\n\r\n Video Game Design Foundations provides all of the resources needed for the classroom. Access to easy-to-use game engine software is available with the Software Design Guide, and a detailed scope and activity sequence chart is included in the teaching package. Aligning with the International Game Developers Association (IGDA)-recommended educational framework, lessons provide a top-level overview of the video game design process, from the beginning of the game build to the sales and marketing of the final product. STEM, college and career readiness, and Career and Technical Student Organization event preparation activities are included in every chapter.  - Instructors can quickly and easily establish a video game program within their schools--no previous experience is needed. - Author teaches video game classes at the high school level and consults with states on course standards. - Content and game builds are age appropriate.\r\n                    \r\n"}
{"書名":"Game Design Secrets","書籍網站":"https:\/\/www.kingstone.com.tw\/\/basic\/203c308368893?zone=english&lid=search&actid=WISE&kw=Game-design&pi=0","作者":"Au, Wagner James","出版社":"Ingram      ","ISBN":"https:\/\/cdn.kingstone.com.tw\/english\/images\/product\/7745\/9781118337745.jpg","圖片網址":9781118337745,"書籍簡介":"0"}
{"書名":"100 Principles of Game Design","書籍網站":"https:\/\/www.kingstone.com.tw\/\/basic\/203c308175417?zone=english&lid=search&actid=WISE&kw=Game-design&pi=1","作者":"Despain, Wendy (EDT)","出版社":"New Riders  ","ISBN":"https:\/\/cdn.kingstone.com.tw\/english\/images\/product\/2498\/9780321902498.jpg","圖片網址":9780321902498,"書籍簡介":"0"}
{"書名":"Common Sense Game Design","書籍網站":"https:\/\/www.kingstone.com.tw\/\/basic\/203c109712483?zone=english&lid=search&actid=WISE&kw=Game-design&pi=1","作者":"Not Available (NA)","出版社":"A K Peters  ","ISBN":"https:\/\/cdn.kingstone.com.tw\/english\/images\/product\/4469\/9781568814469.jpg","圖片網址":9781568814469,"書籍簡介":"0"}
{"書名":"Video Game Design Foundations Software Design Guide","書籍網站":"https:\/\/www.kingstone.com.tw\/\/basic\/203c401701273?zone=english&lid=search&actid=WISE&kw=Game-design&pi=1","作者":"Ploor, D. Michael","出版社":"Goodheart-Wilcox Publisher","ISBN":"https:\/\/cdn.kingstone.com.tw\/english\/images\/product\/2823\/9781619602823.jpg","圖片網址":9781619602823,"書籍簡介":"\r\n\r\nThe Software Design Guide provides the hands-on application of the theory presented in the textbook. The SDG should be considered an integral part of the curriculum. It is where students take the theory learned in the textbook and use that knowledge to build video games. Working in simulated design teams, students will experience all aspects of video game design, from the planning stages, through the design and programming, and concluding with a capstone project.  Each chapter in the SDG is correlated to the textbook chapter. There are several activities for each chapter. The last chapter in the SDG is a capstone project that requires students to apply all of the knowledge acquired in the textbook and SDG. The activities in the software design guide make use of The Games Factory 2, which is a fully-functioning game engine (not a demo version). The Games Factory 2 is available free to schools with the purchase of the software design guide. It may be installed on any school owned or leased computer.\r\n\r\n"}
{"書名":"Game Design Essentials","書籍網站":"https:\/\/www.kingstone.com.tw\/\/basic\/203c308368048?zone=english&lid=search&actid=WISE&kw=Game-design&pi=1","作者":"Mitchell, Briar Lee","出版社":"Sybex Inc   ","ISBN":"https:\/\/cdn.kingstone.com.tw\/english\/images\/product\/9279\/9781118159279.jpg","圖片網址":9781118159279,"書籍簡介":"0"}
{"書名":"Foundation Game Design With Html5 and Javascript","書籍網站":"https:\/\/www.kingstone.com.tw\/\/basic\/2034550206351?zone=english&lid=search&actid=WISE&kw=Game-design&pi=1","作者":"Rex,Van Der Spuy","出版社":"Ingram      ","ISBN":"https:\/\/cdn.kingstone.com.tw\/english\/images\/product\/7166\/9781430247166.jpg","圖片網址":9781430247166,"書籍簡介":"\r\n\r\nFoundation Game Design with HTML5 and JavaScript teaches you everything you need to know about how to make video games. If you've never done any programming before and don't know where to start, this book will show you how to make games from start to finish. You'll learn all the latest programming technologies (HTML5, CSS, and JavaScript) to create your games. All written in a fun and friendly style with open-ended projects that encourage you to build your own original games.Foundation Game Design with HTML5 and JavaScript starts by showing you how you can use basic programing to create logic games, adventure games, and create interactive game graphics. Design a game character, learn to control it with the keyboard, mouse, or touch screen interface, and then learn how to use collision detection to build an interactive game world. You'll learn to make maze games, platform jumping games, and fast paced action games that cover all the popular genres of 2D gaming. Create intelligent enemies, use realistic physics, sound effects and music, and learn how to animate game characters. Whether you're creating games for the web or mobile devices, everything you need to get started on a career as a game designer is right here. Focused and friendly introduction to making games with HTML5.  Essential programming and graphic design techniques for building games, with each chapter gently building on the skills of preceding chapters.  Detailed case studies demonstrating techniques that can be used for making games in a wide variety of genres.\r\n                    \r\n"}
{"書名":"Social Game Design","書籍網站":"https:\/\/www.kingstone.com.tw\/\/basic\/203c312147214?zone=english&lid=search&actid=WISE&kw=Game-design&pi=1","作者":"Fields, Tim","出版社":"Ingram      ","ISBN":"https:\/\/cdn.kingstone.com.tw\/english\/images\/product\/7668\/9780240817668.jpg","圖片網址":9780240817668,"書籍簡介":"0"}
{"書名":"Practical Game Design","書籍網站":"https:\/\/www.kingstone.com.tw\/\/basic\/203c109690078?zone=english&lid=search&actid=WISE&kw=Game-design&pi=1","作者":"Sheldon, Lee","出版社":"Five Star   ","ISBN":"https:\/\/cdn.kingstone.com.tw\/english\/images\/product\/6600\/9781435456600.jpg","圖片網址":9781435456600,"書籍簡介":"0"}
{"書名":"Practical Tools for Game Design Students","書籍網站":"https:\/\/www.kingstone.com.tw\/\/basic\/203c209651676?zone=english&lid=search&actid=WISE&kw=Game-design&pi=1","作者":"Hiwiller, Zack","出版社":"Ingram      ","ISBN":"https:\/\/cdn.kingstone.com.tw\/english\/images\/product\/4202\/9781461004202.jpg","圖片網址":9781461004202,"書籍簡介":"0"}
{"書名":"Video Game Design Foundations Instructor’s Manual","書籍網站":"https:\/\/www.kingstone.com.tw\/\/basic\/203c501754063?zone=english&lid=search&actid=WISE&kw=Game-design&pi=1","作者":"Ploor, D. Michael","出版社":"Ingram      ","ISBN":"https:\/\/cdn.kingstone.com.tw\/english\/images\/product\/6245\/9781605256245.jpg","圖片網址":9781605256245,"書籍簡介":"0"}
{"書名":"Introduction to Video Game Design Instructor’s Manual","書籍網站":"https:\/\/www.kingstone.com.tw\/\/basic\/203c402679094?zone=english&lid=search&actid=WISE&kw=Game-design&pi=1","作者":"Ploor, D. Michael","出版社":"Ingram      ","ISBN":"https:\/\/cdn.kingstone.com.tw\/english\/images\/product\/4692\/9781605254692.jpg","圖片網址":9781605254692,"書籍簡介":"0"}
{"書名":"Video Game Design Foundations","書籍網站":"https:\/\/www.kingstone.com.tw\/\/basic\/203c110342633?zone=english&lid=search&actid=WISE&kw=Game-design&pi=1","作者":"Ploor, D. Michael","出版社":"Ingram      ","ISBN":"https:\/\/cdn.kingstone.com.tw\/english\/images\/product\/3039\/9781605253039.jpg","圖片網址":9781605253039,"書籍簡介":"0"}
{"書名":"Advanced Game Design with Flash","書籍網站":"https:\/\/www.kingstone.com.tw\/\/basic\/203c109467588?zone=english&lid=search&actid=WISE&kw=Game-design&pi=1","作者":"Van Der Spuy, Rex","出版社":"Apress      ","ISBN":"https:\/\/cdn.kingstone.com.tw\/english\/images\/product\/7397\/9781430227397.jpg","圖片網址":9781430227397,"書籍簡介":"\r\n\r\nCreating games in Flash is a never-ending journey of exploration, learning, and most of all, fun. Once you've mastered the basics, a new world is opened up to you, enabling you to take your existing skills to the next level and discover new skills that will in turn open new doors. This book is a direct continuation of Foundation Game Design with Flash, and is a complete point-by-point roundup of the most important skills a Flash game designer needs to know. You'll increase your ActionScript knowledge and your game design skills while creating some excellent example games. You'll learn advanced collision detection skills; professional AI and pathfinding; and how to load and save game data, create destructible environments, and build and switch game levels.  Each chapter highlights a new advanced technique illustrated by practical examples.  Examples of games are given in a variety of genres, all of which take an object-oriented programming approach.  Advanced game design topics are covered, including vector-based collision reaction, pathfinding, billiard ball physics, and modeling game data.\r\n                    \r\n"}
{"書名":"Video Game Design Foundations - Examview Assessment Suite","書籍網站":"https:\/\/www.kingstone.com.tw\/\/basic\/203c110375940?zone=english&lid=search&actid=WISE&kw=Game-design&pi=1","作者":"Ploor, D. Michael","出版社":"Ingram      ","ISBN":"https:\/\/cdn.kingstone.com.tw\/english\/images\/product\/3053\/9781605253053.jpg","圖片網址":9781605253053,"書籍簡介":"0"}
{"書名":"Video Game Design Foundations Instructor’s Cd","書籍網站":"https:\/\/www.kingstone.com.tw\/\/basic\/203c110368058?zone=english&lid=search&actid=WISE&kw=Game-design&pi=1","作者":"Ploor, D. Michael","出版社":"Ingram      ","ISBN":"https:\/\/cdn.kingstone.com.tw\/english\/images\/product\/3046\/9781605253046.jpg","圖片網址":9781605253046,"書籍簡介":"0"}
{"書名":"Fundamentals of Game Design","書籍網站":"https:\/\/www.kingstone.com.tw\/\/basic\/203c308173440?zone=english&lid=search&actid=WISE&kw=Game-design&pi=1","作者":"Adams, Ernest","出版社":"New Riders  ","ISBN":"https:\/\/cdn.kingstone.com.tw\/english\/images\/product\/3377\/9780321643377.jpg","圖片網址":9780321643377,"書籍簡介":"0"}
{"書名":"Video Game Design Foundations Bundle","書籍網站":"https:\/\/www.kingstone.com.tw\/\/basic\/203c110368057?zone=english&lid=search&actid=WISE&kw=Game-design&pi=1","作者":"Ploor, D. Michael","出版社":"Ingram      ","ISBN":"https:\/\/cdn.kingstone.com.tw\/english\/images\/product\/3152\/9781605253152.jpg","圖片網址":9781605253152,"書籍簡介":"0"}
{"書名":"Video Game Design Foundations - Powerpoint Presentations-individual License","書籍網站":"https:\/\/www.kingstone.com.tw\/\/basic\/203c110375941?zone=english&lid=search&actid=WISE&kw=Game-design&pi=1","作者":"Ploor, D. Michael","出版社":"Ingram      ","ISBN":"https:\/\/cdn.kingstone.com.tw\/english\/images\/product\/3060\/9781605253060.jpg","圖片網址":9781605253060,"書籍簡介":"0"}
{"書名":"Video Game Design Foundations - Powerpoint Presentations-site License","書籍網站":"https:\/\/www.kingstone.com.tw\/\/basic\/203c110375942?zone=english&lid=search&actid=WISE&kw=Game-design&pi=1","作者":"Ploor, D. Michael","出版社":"Ingram      ","ISBN":"https:\/\/cdn.kingstone.com.tw\/english\/images\/product\/3077\/9781605253077.jpg","圖片網址":9781605253077,"書籍簡介":"0"}
{"書名":"Game Design Foundations","書籍網站":"https:\/\/www.kingstone.com.tw\/\/basic\/203c109435926?zone=english&lid=search&actid=WISE&kw=Game-design&pi=1","作者":"Pedersen, Roger E.","出版社":"Ingram      ","ISBN":"https:\/\/cdn.kingstone.com.tw\/english\/images\/product\/0346\/9781598220346.jpg","圖片網址":9781598220346,"書籍簡介":"0"}
{"書名":"Beyond Game Design","書籍網站":"https:\/\/www.kingstone.com.tw\/\/basic\/203c109360232?zone=english&lid=search&actid=WISE&kw=Game-design&pi=1","作者":"Bartle, Richard","出版社":"Charles Ri  ","ISBN":"https:\/\/cdn.kingstone.com.tw\/english\/images\/product\/6713\/9781584506713.jpg","圖片網址":9781584506713,"書籍簡介":"0"}
{"書名":"David Perry on Game Design","書籍網站":"https:\/\/www.kingstone.com.tw\/\/basic\/203c109355259?zone=english&lid=search&actid=WISE&kw=Game-design&pi=1","作者":"Perry, David","出版社":"Charles Ri  ","ISBN":"https:\/\/cdn.kingstone.com.tw\/english\/images\/product\/6683\/9781584506683.jpg","圖片網址":9781584506683,"書籍簡介":"0"}
{"書名":"Foundation Game Design With Flash","書籍網站":"https:\/\/www.kingstone.com.tw\/\/basic\/203c308443596?zone=english&lid=search&actid=WISE&kw=Game-design&pi=1","作者":"Van Der Spuy, Rex","出版社":"Apress      ","ISBN":"https:\/\/cdn.kingstone.com.tw\/english\/images\/product\/8210\/9781430218210.jpg","圖片網址":9781430218210,"書籍簡介":"\r\n\r\nSo you want to make a video game. Where do you start? What do you need to learn? To whom can you look for help? If you've ever asked any of these questions, you'll know how difficult it is to find the answers. I asked myself these same questions many years ago in a little village outside of Bangalore, India, where I was teaching programming and interactive media at an international school. All my students were playing games and they all wanted to create games, but there were no comp- hensive books or online resources available on how to do this. A little bit of research turned up something surprising: not only did basic game design require relatively little programming knowledge but the same set of techniques could also be used over and over again in different contexts to create completely different kinds of games. It was fun to do, the results were immediate, and it was a great creative outlet. The result of this research was an in-house textbook on game design that formed the basis of three high school-level courses and inspired the writing of this book.\r\n                    \r\n"}
{"書名":"The Art of Game Design","書籍網站":"https:\/\/www.kingstone.com.tw\/\/basic\/203c308119044?zone=english&lid=search&actid=WISE&kw=Game-design&pi=1","作者":"Schell, Jesse","出版社":"Ingram      ","ISBN":"https:\/\/cdn.kingstone.com.tw\/english\/images\/product\/4966\/9780123694966.jpg","圖片網址":9780123694966,"書籍簡介":"0"}
{"書名":"Game Design Workshop","書籍網站":"https:\/\/www.kingstone.com.tw\/\/basic\/203c308148805?zone=english&lid=search&actid=WISE&kw=Game-design&pi=1","作者":"Fullerton, Tracy","出版社":"CRC Pr I Llc","ISBN":"https:\/\/cdn.kingstone.com.tw\/english\/images\/product\/9748\/9780240809748.jpg","圖片網址":9780240809748,"書籍簡介":"0"}
{"書名":"Game Design","書籍網站":"https:\/\/www.kingstone.com.tw\/\/basic\/203c109194398?zone=english&lid=search&actid=WISE&kw=Game-design&pi=2","作者":"Schuytema, Paul","出版社":"Charles Ri  ","ISBN":"https:\/\/cdn.kingstone.com.tw\/english\/images\/product\/4719\/9781584504719.jpg","圖片網址":9781584504719,"書籍簡介":"0"}
{"書名":"Game Design Course","書籍網站":"https:\/\/www.kingstone.com.tw\/\/basic\/203c109234734?zone=english&lid=search&actid=WISE&kw=Game-design&pi=2","作者":"Thompson, Jim","出版社":"Ingram      ","ISBN":"https:\/\/cdn.kingstone.com.tw\/english\/images\/product\/8948\/9780471968948.jpg","圖片網址":9780471968948,"書籍簡介":"0"}
{"書名":"Introduction to Video Game Design And Development","書籍網站":"https:\/\/www.kingstone.com.tw\/\/basic\/203c109227585?zone=english&lid=search&actid=WISE&kw=Game-design&pi=2","作者":"Saulter, Joseph","出版社":"Ingram      ","ISBN":"https:\/\/cdn.kingstone.com.tw\/english\/images\/product\/4025\/9780073294025.jpg","圖片網址":9780073294025,"書籍簡介":"0"}
{"書名":"Game Design for Teens","書籍網站":"https:\/\/www.kingstone.com.tw\/\/basic\/203c109143108?zone=english&lid=search&actid=WISE&kw=Game-design&pi=2","作者":"Pardew, Les","出版社":"Course Techn","ISBN":"https:\/\/cdn.kingstone.com.tw\/english\/images\/product\/4966\/9781592004966.jpg","圖片網址":9781592004966,"書籍簡介":"0"}
{"書名":"Theory of Fun for Game Design","書籍網站":"https:\/\/www.kingstone.com.tw\/\/basic\/203c110122230?zone=english&lid=search&actid=WISE&kw=Game-design&pi=2","作者":"Koster, Raph","出版社":"Oreilly &   ","ISBN":"https:\/\/cdn.kingstone.com.tw\/english\/images\/product\/6037\/9781449316037.jpg","圖片網址":9781449316037,"書籍簡介":"\r\n\r\nA Theory of Fun for Game Design is not your typical how-to book. It features a novel way of teaching interactive designers how to create and improve their designs to incorporate the highest degree of fun. As the book shows, designing for fun is all about making interactive products like games highly entertaining, engaging, and addictive. The book's unique approach of providing a highly visual storyboard approach combined with a narrative on the art and practice of designing for fun is sure to be a hit with game and interactive designers, At first glance A Theory of Fun for Game Design is a book that will truly inspire and challenge game designers to think in new was; however, its universal message will influence designers from all walks of life. This book captures the real essence of what drives us to seek out products and experiences that are truly fun and entertaining. The author masterfully presents his engaging theory by showing readers how many designs are lacking because they are predictable and not engaging enough. He then explains how great designers use different types of elements in new ways to make designs more fun and compelling. Anyone who is interested in design will enjoy how the book works on two levels--as a quick inspiration guide to game design, or as an informative discussion that details the insightful thinking from a great mind in the game industry.\r\n                    \r\n"}
{"書名":"Ultimate Game Design","書籍網站":"https:\/\/www.kingstone.com.tw\/\/basic\/203c510695124?zone=english&lid=search&actid=WISE&kw=Game-design&pi=2","作者":"Meigs, Tom","出版社":"McGraw-Hill ","ISBN":"https:\/\/cdn.kingstone.com.tw\/english\/images\/product\/8991\/9780072228991.jpg","圖片網址":9780072228991,"書籍簡介":"\r\n\r\nPublisher's Note: Products purchased from Third Party sellers are not guaranteed by the publisher for quality, authenticity, or access to any online entitlements included with the product.Create game worlds with professional techniques and insights offered by one of the gaming industry giants, Tom Meigs, who has worked at THQ, Sony, and DisneyBuild games with techniques and insights from a pro. Author and game developer Tom Meigs shows you the finer points of world building and behavior scripting. Learn about level stubbing, lighting, prop and item placement, camera tricks, particle and effects systems, communication loops, Massively Multiplayer Online Games, and much more.\r\n                    \r\n"}
{"書名":"Macromedia Flash MX 2004 Game Design Demystified","書籍網站":"https:\/\/www.kingstone.com.tw\/\/basic\/2044550087720?zone=english&lid=search&actid=WISE&kw=Game-design&pi=2","作者":"Makar- Jobe","出版社":"Macromedia  ","ISBN":"https:\/\/cdn.kingstone.com.tw\/english\/images\/product\/3987\/9780735713987.jpg","圖片網址":9780735713987,"書籍簡介":"0"}
