{"書名":"你也能做出Google：用Elasticsearch搭建叢集搜索引擎","書籍網站":"https:\/\/www.kingstone.com.tw\/\/basic\/2013120550506?zone=book&lid=search&actid=WISE&kw=Elasticsearch&pi=0","作者":"牛冬","出版社":"深智數位  ","ISBN":"https:\/\/cdn.kingstone.com.tw\/book\/images\/product\/20131\/2013120550506\/2013120550506b.jpg","圖片網址":9789865501358,"書籍簡介":"\r\n\r\n\r\n本書重點\r\n\r\n\t全書分三大部分，包括Elasticsearch前傳、實戰和生態，讓你先打好基礎\r\n\r\n\t接下來進行實作，並且能熟練Elasticsearch的第三方好用外掛程式\r\n\r\n\t全中文支援，最強的結巴、ansj、jcseg等斷詞功能整合\r\n\r\n\t了解節點、分片、路由、分段、索引、文件等概念，更能針對API應用\r\n\r\n\tICU、ELK、Head, Cerebro, Beats的完整使用\r\n\r\n\t \r\n\r\n本書主要內容\r\n\r\n\t01 搜尋技術發展史 介紹搜尋引擎技術發展的歷史，並想像未來搜尋引擎技術的發展情況。\r\n\r\n\t02 搜尋技術基礎 以資料的檢索為切入點，對搜尋引擎的核心模組進行詳細說明。\r\n\r\n\t03 初　識Elasticsearch 介紹Elasticsearch 基本情況及安裝、設定、核心概念及其架構設計。\r\n\r\n\t04 初級用戶端實戰 介紹在Elasticsearch 中初級客戶端相關API 的使用及用戶端常用的設定屬性等。\r\n\r\n\t05 進階用戶端文件實戰一 介紹Java 進階用戶端對文件操作API 的使用。              \r\n\r\n\t06 進階用戶端文件實戰二  介紹文件進階API 的使用，均為批次操作介面。\r\n\r\n\t07 搜尋實戰  介紹搜尋API 的使用。\r\n\r\n\t08 索引實戰  介紹索引API 的使用，有關18 個索引操作相關的介面，\r\n\r\n\t09 Elasticsearch 外掛程式 介紹Elasticsearch 的外掛程式生態。\r\n\r\n\t10 Elasticsearch 生態圈 介紹Elasticsearch 的生態圈， 即ELK Stack。\r\n\r\n\t適合讀者群  有一定基礎知識的初、中階Elasticsearch學習者閱讀。\r\n\r\n\t \r\n\r\n本書特色\r\n\r\n\t \r\n\r\n\t◎ 初學者快速上手，建置搜尋引擎全景\r\n\r\n\t◎ 洞悉Elasticsearch 生態，建立連結知識網路\r\n\r\n\t \r\n\r\n\t► 基於Elasticsearch 7.X 系列版本撰寫。\r\n\r\n\t► 聚焦初學者學習和實作需要，不求基礎知識全部覆蓋，但求必備知識透徹易懂。\r\n\r\n\t► 讓初學者快速上手的同時， 幫助他們建置搜尋引擎全景、洞悉 Elasticsearch 生態、建立連結知識網路。\r\n\r\n\t► 由淺入深，先讓初學者會用，再介紹背後的原理。\r\n\r\n\t \r\n\r\n"}
{"書名":"貫串Elasticsearch & Lucene：輕鬆開發高強全文檢索搜尋引擎","書籍網站":"https:\/\/www.kingstone.com.tw\/\/basic\/2013120521957?zone=book&lid=search&actid=WISE&kw=Elasticsearch&pi=0","作者":"姚攀","出版社":"佳魁      ","ISBN":"https:\/\/cdn.kingstone.com.tw\/book\/images\/product\/20131\/2013120521957\/2013120521957b.jpg","圖片網址":9789863797807,"書籍簡介":"\r\n\r\n．分散式搜尋分析系統．Java資訊檢索函式庫．高擴充性與可用性．強效資料處理．大資料時代的資訊檢索技術：騰訊、阿里巴巴、百度、東京等一線互聯網公司正大力推進Elasticsearch的使用場景，本書以豐富的實例介紹Elasticsearch，可幫助讀者快速應用Lucene庫處理全文檢索業務，掌握使用Elasticsearch搭建分散式搜尋引擎的方法與技巧。本書為入門Lucene、Elasticsearch：首先介紹資訊檢索領域中一些基本理論，也就是Lucene的數學模型，之後介紹如何使用Lucene 函數庫建置全文檢索系統，最後介紹Elasticsearch。按照從數學模型到入門基礎再到專案實戰的想法來撰寫，數學模型讓讀者知其然也知其所以然，入門基礎是理論到實際應用的必經之路，專案實戰則是為了學以致用。書中的每一部分都力圖簡明扼要，使用大量實例和程式，為讀者能夠快速掌握全文檢索技術掃除障礙。適用：學生、Java 程式開發者、搜尋引擎研發人員\r\n                    \r\n"}
{"書名":"世界排名第一的搜索引擎開發：Elasticsearch + Lucene用Java實作","書籍網站":"https:\/\/www.kingstone.com.tw\/\/basic\/2013120465312?zone=book&lid=search&actid=WISE&kw=Elasticsearch&pi=0","作者":"姚攀","出版社":"佳魁數位  ","ISBN":"https:\/\/cdn.kingstone.com.tw\/book\/images\/product\/20131\/2013120465312\/2013120465312b.jpg","圖片網址":9789863796343,"書籍簡介":"\r\n\r\n\r\n\t大資料時代的資訊檢索技術                      \r\n\r\n\t騰訊、阿里巴巴、百度、東京等一線互聯網公司正大力推進Elasticsearch的使用場景，本書以豐富的實例介紹Elasticsearch，可幫助讀者快速應用Lucene庫處理全文檢索業務，掌握使用Elasticsearch搭建分散式搜尋引擎的方法與技巧。\r\n\t本書為入門Lucene、Elasticsearch\r\n\r\n\t首先介紹資訊檢索領域中一些基本理論，也就是Lucene的數學模型，之後介紹如何使用Lucene 函數庫建置全文檢索系統，最後介紹\r\n\r\n\tElasticsearch。按照從數學模型到入門基礎再到專案實戰的想法來撰寫，\r\n\r\n\t數學模型讓讀者知其然也知其所以然，入門基礎是理論到實際應用的必經之路，專案實戰則是為了學以致用。書中的每一部分都力圖簡明扼要，使用大量實例和程式，為讀者能夠快速掌握全文檢索技術掃除障礙。       \r\n\r\n\t適用：學生、Java 程式開發者、搜尋引擎研發人員。\r\n\r\n"}
{"書名":"世界第一的大數據分析工具：Elasticsearch輕鬆上手","書籍網站":"https:\/\/www.kingstone.com.tw\/\/basic\/2013120359772?zone=book&lid=search&actid=WISE&kw=Elasticsearch&pi=0","作者":"高凱","出版社":"佳魁      ","ISBN":"https:\/\/cdn.kingstone.com.tw\/book\/images\/product\/20131\/2013120359772\/2013120359772b.jpg","圖片網址":9789863792291,"書籍簡介":"\r\n\r\n\r\n\t大數據時代，程式設計師一定要跨入ElasticSearch、Logstash、Kibana本書從分散式大數據搜索、記錄檔採擷與視覺化三個角度出發，以非結構化文字資訊、半結構化的記錄檔資料為處理物件，進行巨觀解決方案與微觀方法技巧全面闡釋。\r\n\r\n\t從專案實作的角度掌握ELK 的基本使用方法和技巧，是一本綜合介紹ELK架構的編著，範圍廣泛，內容新穎，條理清晰。\r\n\r\n"}
