{"書名":"水的導讀：如何從小池塘窺見太平洋？教你用五感探索自然","書籍網站":"https:\/\/www.kingstone.com.tw\/\/basic\/2013510021760?zone=book&lid=book_class3_eeg&actid=book_class3_eeg","作者":"崔斯坦．古力","出版社":"行人文化  ","ISBN":9789869622349.0,"圖片網址":"https:\/\/cdn.kingstone.com.tw\/book\/images\/product\/20135\/2013510021760\/2013510021760b.jpg","書籍簡介":"\r\n\r\n\r\n•紐約時報暢銷書\r\n•2016富比世10大保護與環境類書籍\r\n•星期日泰晤士報「必讀」書目\r\n•旁觀者雜誌科學類重點推薦\r\n•華爾街日報、每日電訊報等，英、美極具公信力之各大報章雜誌強烈推薦必讀好書。\r\n\r\n水分占據地球、人體各70%，我們對水的理解卻不到7%\r\n\r\n 作者崔斯坦是赫赫有名的「自然嚮導者」，意即不透過任何電子儀器與高科技設備，僅憑五感與習得的基礎知識架構，找到與自然親密相處的最美方式。他長期鼓勵並引導大眾如何運用人類與生具有的感官能力，看見自然，將原本可見但被忽略的事物帶回生命經驗裡，得到嶄新體驗。學習透過觀水、察水、解水明白自然環境運作模式與生物動態這件事，除了帶來獨立生活的求生技能外，更能為我們看似平凡的普通生活額外添加一份獨有的雅致趣味。\r\n\r\n 他將生活中的水象，結合人類學、地輿學、民間傳說、美學，透過水的現象，帶入柔軟易讀的基礎水知識，接著再將「鏡頭」對準與此現象息息相關的生物動態與特性，討論如何將一個個有趣的小知識連結起來，成為我們生活之中的「好工具」，例如：在野外露營時，如何觀察一些山間常見野鳥動態，輕鬆地找到清澈水源。\r\n\r\n 在全書的脈絡下，首先以生活中常見的水體：路邊積水、溪河、湖泊開始，以日常經驗為例，從中找出易見卻易粗糙帶過的水象觀察→分枝討論水科學知識→與此相關產生的人群活動、環境。接著以水的現象：聚焦「水色、光影、聲音」，讀出自然界其他知識，如：憑不同水聲畫出高低起伏的地形地圖，甚至讀出民族文化中與水共處、借助水生存的技法。最後來到海洋，從海岸、沙灘、潮流明白與大海平安寧靜共處的方式，更處處可見得自保妙計。\r\n\r\n 全書可說是在自然與美感裡流動的科學，如何觀水v.s.觀水的藝術，更是充滿人文精神及豐富、好讀的科普知識，將人－文化－自然三者串聯。\r\n\r\n 台灣四面環海，位處亞熱帶，乃溫暖、潮濕、多雨，生物多樣性的海島國家，也擁有豐富的溪流面貌，島上人們與水環環共生的文史悠久，「水」在我們身周無處不見，故此書更值得台灣讀者一讀，經水的導讀，你將讀見風與光、讀見色譜、讀見伏藏地下的世界、讀見萬物思考，讀見一部情節魔幻絢麗而雋永真實的大自然經典。\r\n\r\n"}
{"書名":"海洋與文明  世界航海史","書籍網站":"https:\/\/www.kingstone.com.tw\/\/basic\/2017200000684?zone=book&lid=book_class3_eeg&actid=book_class3_eeg","作者":"林肯·潘恩","出版社":"廣場出版  ","ISBN":9789869532556.0,"圖片網址":"https:\/\/cdn.kingstone.com.tw\/book\/images\/product\/20172\/2017200000684\/2017200000684b.jpg","書籍簡介":"\r\n\r\n\r\n改變你觀察世界的方式\r\n請將注意力集中在面前的世界地圖——那幅地圖有 70% 都被海洋的藍色所覆蓋。\r\n\r\n\r\n 本書從海洋的視角出發，重新講述一部完整的世界歷史，說明人類如何透過水: 海洋、河流與湖泊進行交流與互動，以及交換和傳播商品、物產與文化。旨在揭示各個族群、國家與文明通過全球的水路，在塑造本身文明的同時也在創造歷史。這是一部航海者的史詩。這部跨國界、跨學科的歷史著作，主要關注各塊大陸之間的海上聯系，並揭示其中重大的跨文化影響和變化。盡管書中並不缺乏關於帝國、王國和城邦的故事，但沿海地區與海上航路也占據着同樣重要的位置，來自不同地區的人們在那里不僅交換商品，也交換着語言、思想和宗教，並接觸到其他地區的商業、法律、審美乃至飲食。\r\n\r\n 無論作為一名作者還是一名讀者，在進行世界海洋史的研究之前，都面臨著兩個問題，即「什麼是海洋史」和「什麼是世界史」。這兩個問題的答案與眾多的觀點和主題相關。世界史涉及對背景和取向各不相同的人群之間的複雜活動的綜合研究。在地區、國家和區域的層面上，其複雜性遠遠超出了歷史學家從政治、宗教及文化方面所做的傳統劃分。作為一個跨學科、跨區域的研究課題，海洋史是世界史的一個分支，包括船舶制造、海上貿易、海洋探險、人類遷徙、海軍戰爭等諸多主題。而海洋史研究的前提，則是通過研究發生在海上或者與海洋相關的事件，為研究人類事務提供一種獨特的視角。因此，海洋史學家們會利用諸如藝術、宗教、語言、法律和政治經濟等學科來進行研究。\r\n\r\n 過去的一個世紀見證了海洋史研究路徑的顯著變化。以前，出於對古代文物的興趣，學者們致力於研究古代的船隻、船隻模型、圖像、民族志以及相關的辭典和書目。海洋史研究曾經主要集中於保護和解釋那些便於利用的材料，這引導歷史學家們開始關注歐洲、地中海和現代北美的航海史和海軍史。航海成就幾乎一直被視作歐洲的一個特例，其中唯一有實際重要作用的就是哥倫布在 1492 年到達美洲的劃時代航行。我們在這裡要說的是，這個故事將直接地解釋歐洲人是如何使用他們先進的航海和海軍技術，並將其影響力施加到世界其他地區的。\r\n\r\n 這種「歐洲中心論」的世界觀被西方史學界中廣泛流傳的信條進一步強化了，而西方史學家充分解釋了「現存不同人類社會之間的不平等」。在19世紀和20世紀初，種族優越論最清晰的物質表現就是海權，歐洲人有能力將自己的海上霸權延伸到海外，創造並維持遠在另一個半球的殖民帝國。這帶來了一種非歷史性的概括：希臘人和英國人是海洋居民，羅馬人和中國人則是陸地居民。這樣的假設掩蓋了複雜的實際情況。\r\n\r\n 正當這種趨勢發展之際，費爾南‧布勞岱爾（Fernand Braudel）的代表作《菲力浦二世時代的地中海和地中海世界》（The Mediterranean andthe Mediterranean World in the Age of Philip II，1949 年）為海洋史研究提供了全新的路徑。這些跡象表明，不管是出於商業、戰爭、探險還是移民的目的，人類在技術和社會層面上對水上生活的不斷適應，一直是人類歷史發展的一種動力。然而，許多主流的歷史敘述不願意承認這一點。賈雷德•戴蒙德（Jared Diamond）在其《槍炮、病菌與鋼鐵：人類社會的命運》（Guns,Germs, and Steel: The Fates of Human Societies）一書中僅以不到一頁的篇幅來描述航海技術，他指的僅僅是船隻，而沒有論及航行或者其他與之相關的能力。另一個例子是 J. M. 羅伯茨（J. M. Roberts）的《世界歷史》（History f the World）。他注意到，從托博爾斯克到鄂霍次克海的太平洋港口之間有 3,000 英里，卻僅有三條運輸通道。但他並沒有討論作為兩地之間定居者生活基礎的船隻，及其在西伯利亞發展過程中對內河貿易的重要影響。他甚至沒有指出各條河流的名稱，這就像討論從匹茲堡到新奧爾良的水路而沒有提及俄亥俄河或密西西比河一樣。戴蒙德和羅伯茨的著作是在 20 世紀寫成的，理應包含更多海洋史的內容。但它們並沒有反映大眾觀念中海洋世界的變化。\r\n\r\n 事實上，我們生活在一個深受航海事業影響的時代。書敘述的一個組成部分，但從本質上講，書中討論船隻的內容較少，更多地則是在討論船隻運載的人、人們的文化和物質創造、農作物、獸群、人們之間的衝突與偏見、人們對未來的期望以及對過去的記憶。在考察這一事業的過程中，我一直被海軍史學家尼古拉斯‧羅傑（NicholasRodger）下面的話所引導。他寫道：「整體的海軍史研究將有著巨大的價值。即便第一個嘗試的人徹底失敗了，他仍然能夠激勵其他更優秀的學者去完成這項工作。」本書的研究遠遠超出了海軍史的範疇，因此相比之下也將面臨更大的風險。但是，即便本書沒有多大價值，我還是希望它能夠激勵更多人來研究這段為我們所共用的引人入勝的歷史。\r\n\r\n"}
{"書名":"海洋與海岸管理","書籍網站":"https:\/\/www.kingstone.com.tw\/\/basic\/2013510021210?zone=book&lid=book_class3_eeg&actid=book_class3_eeg","作者":"邱文彥","出版社":"五南      ","ISBN":9789571193007.0,"圖片網址":"https:\/\/cdn.kingstone.com.tw\/book\/images\/product\/20135\/2013510021210\/2013510021210b.jpg","書籍簡介":"\r\n\r\n\r\n\t海洋提供人類糧食、保育、航運、觀光、能源、醫藥、研究和教育等多樣性的功能，對於國家安全及氣候調節也扮演重要的角色。雖然《聯合國海洋法公約》已訂定海洋使用與管理的基本規範，許多國家也陸續建立海洋保護區，但海洋保護或主權爭端的問題依然層出不窮，例如釣魚台列嶼爭議、日本沖之鳥礁爭議、中菲南海仲裁案，以及保育類動物被盜捕事件等，均引發各方高度關注。\r\n\r\n\t本書結合「海洋」與「海岸」，由全球視野關注海洋事務，並以亞太、兩岸和台灣的議題進行論述，解析海洋生態系統、要述保護公約，並例舉美國、中國、日本、韓國等海洋國家之法政制度，申論台灣「海洋四法」及組織改造。\r\n\r\n\t書中針對海洋與海岸管理事務分章討論，內容涵蓋諸多領域，環保層面的生態保育、永續漁業、汙染防治、海域巡護，到文化層面的資產保存、海洋教育，以及產業層面的觀光遊憩、環境評估、海洋能源、藍色經濟、國際趨勢和未來挑戰等。各章均附有延伸討論及參考文獻，可供讀者進行深入研究及參考閱讀。\r\n\r\n\t全書基於海洋國土、海洋治理、整合規劃與永續管理的理念，介紹並探討各種海洋相關知識及議題，揭櫫海洋國家願景，是海洋管理領域不可多得之全面性著作。\r\n\r\n"}
{"書名":"拯救水資源危機","書籍網站":"https:\/\/www.kingstone.com.tw\/\/basic\/2015540094219?zone=book&lid=book_class3_eeg&actid=book_class3_eeg","作者":"賽司．席格","出版社":"時報文化  ","ISBN":9789571368979.0,"圖片網址":"https:\/\/cdn.kingstone.com.tw\/book\/images\/product\/20155\/2015540094219\/2015540094219b.jpg","書籍簡介":"\r\n\r\n\r\n台灣名列世界第18缺水國家\r\n全球近5成人口面臨用水短缺\r\n缺水問題是全球最大風險\r\n再不正視，水荒困境會愈嚴峻\r\n本書告訴你，如何解決缺水危機\r\n\r\n\r\n 台灣雨量充沛卻年年缺水，我們該如何善用每滴水，以保水技術解決迫在眉睫的水資源危機，為全球加劇暖化做好準備。\r\n\r\n 本書描述一個小國家，如何發展精密的水利技術，不但解決水荒問題還成為水資源豐沛國家，又能供水給鄰國，成為全球經濟成長最快的國家之一。這個小國就是被稱為「流奶與蜜之地」的以色列。\r\n\r\n 以色列國土近六成是沙漠，一年降雨不到七百毫米、不及台灣三分之一雨量，但他們發揮每滴水最大效率。以色列人都有共識，即使天然資源不足、人口快速成長，又有區域政治的不安定，也要把水資源安全當成國家與人民的第一要務。他們立法規定，水是全民的共同財產；政府不補貼水費，讓人民知道便宜的水才貴；凝聚國民意識，為此願景犧牲個人自由；持續創新水資源處理技術，為自己打造有保障、充滿活力、生機盎然的未來。\r\n\r\n 本書告訴你，為什麼以色列能辦到？他們如何處理水資源問題？使用什麼新技術？建立怎樣的安全措施？每位讀者了解以色列如何克服艱鉅的挑戰，從破碎的土地轉型成水資源強權，都能從本書獲益。\r\n\r\n 克服水資源危機需要計畫與實踐，還需要吸收新思維，結合人民意志。對水資源的使用限制，也不一定會阻礙經濟發展、影響政治穩定，如果處理得當，這些限制將會推動國家發展並創造新機會。名列全球十八位缺水國家的台灣，現在開始改革還不晚，但先看看以色列怎麼做！\r\n\r\n拯救水資源危機！以色列9大致勝力：\r\n （1）立水利法，規定水是全民的共同財產\r\n （2）政府不補貼，讓人民知道便宜的水才貴\r\n （3）凝聚國民意識，改造先進的水利系統\r\n （4）政治人物勿插手，由水務局專業領導\r\n （5）塑造重視水的文化，與政府建立夥伴關係\r\n （6）一切都很重要，整合所有水源與保水技術\r\n （7）專款專用，權力下放地方技術官僚\r\n （8）尋找創新點子，鼓勵私人公司提出解決方案\r\n （9）全面整合數據，提早預警供水系統\r\n\r\n"}
{"書名":"水書","書籍網站":"https:\/\/www.kingstone.com.tw\/\/basic\/2013690013425?zone=book&lid=book_class3_eeg&actid=book_class3_eeg","作者":"郭憲壽、蕭超隆","出版社":"養沛文化館","ISBN":9789865665401.0,"圖片網址":"https:\/\/cdn.kingstone.com.tw\/book\/images\/product\/20136\/2013690013425\/2013690013425b.jpg","書籍簡介":"\r\n\r\n\r\n為 醫事人員‧健康食品開發人員‧飲用水產品研發人員 而寫，\r\n更為了通透水的健康密碼的民眾而寫。\r\n\r\n\r\n學‧醫‧病三方的合作，十幾年的研究結晶\r\n\r\n\t「對於社會，我們認為學者有一種責任，至少必須在自己的專業領域中，力圖藉由研究，摒除利益的考量，就只為澄清觀念、端正視聽。我們希望這本書可以引起專業人士的關注，從『源頭』開始，導正社會大眾的健康飲水觀念，脫離人云亦云、以訛傳訛的惡性循環。」─郭憲壽‧蕭超隆\r\n\r\n◆生命為何離不開水？\r\n\r\n\t作者多年的研究發現，一般水和體內水有不同的穩定同位素組成狀態。細胞內生化分子不僅需要水來驅動，使其摺疊形成具生理活性所必需的立體構造，更需要從水獲得同位素以安定細胞內生化分子，藉此抵禦氧化或輻射攻擊。這個發現使我們終於明白，為什麼生命離不開水。\r\n\r\n◆人體中有65%是水，這些水，卻承載了100%的健康訊息\r\n\r\n\t健康檢查的目的是要了解自己身體的健康狀態，檢查的項目依各醫院或健檢中心多少會有些不同，而血液檢驗則屬於必要的檢查項目。目前的血液檢驗，幾乎是「溶質」的檢驗，對於不可或缺的「溶劑」卻往往漠視。根據作者的研究，血液中純水的「穩定氫氧同位素組成狀態」是用以評估全身性健康狀態的最佳的指標。這是人類醫療史上不可輕視的一項重要研究報告。\r\n\r\n◆喝水不是喝補品，養成正確飲水觀\r\n\r\n\t一般飲水中的礦物質、微量元素以離子形態存在，離子周圍的水分子呈現對稱狀態，其水合物無法對應生命分子，很可能因找不到「主子」而被排泄出去或堵塞在細胞間。這就是為什麼作者主張無須迷信那些高價的「加料水」，而長久以來，營養學家始終強調體內需要的礦物質、微量元素要從食物攝取，而不是從飲用水攝取。\r\n\r\n\t關心飲水健康的您，\r\n\t還在「喝什麼水最好」的問題上迷茫嗎？\r\n\t關於水與人體健康的探討，\r\n\t還只停留在「水不過是溶劑」的認知嗎？\r\n\r\n\t如果我們能夠從基礎面來補充水知識，\r\n\t認識水的同位素狀態對環境、對生命體的意義，\r\n\t同時理解水在體內運作的原理，\r\n\t在「選擇喝什麼水」的這個議題上，\r\n\t就能為自己增添喝水的自信。\r\n\r\n\t請認真看待書中的研究成果，\r\n\t正視血漿純水的同位素組成狀態，\r\n\t在醫療檢測系統中，積極預防疾病的發生！\r\n\r\n本書特色\r\n\r\n\t‧從根本探究水與健康的關係，立基科學研究，一分證據講一分話\r\n\t‧台灣學者對於「水」的多年研究心血，數據、圖表完整呈現。\r\n\t‧專業醫師、健康食品開發人員必備科學新知。\r\n\t‧欲掌握根本知識、破解飲水迷思、不再人云亦云的你，絕對不可錯過！\r\n\r\n"}
{"書名":"看見台灣的海洋世界","書籍網站":"https:\/\/www.kingstone.com.tw\/\/basic\/2013510017015?zone=book&lid=book_class3_eeg&actid=book_class3_eeg","作者":"張崑雄","出版社":"文經出版社","ISBN":9789576637162.0,"圖片網址":"https:\/\/cdn.kingstone.com.tw\/book\/images\/product\/20135\/2013510017015\/2013510017015b.jpg","書籍簡介":"\r\n\r\n\r\n看見台灣，就從海洋開始\r\n\r\n  \r\n\r\n 台灣的陸地資源並不多，被稱為寶島的理由，其實正是因為它在海中，但這卻常被人忘記。早年因戒嚴跟海防，一般民眾不太可能去到海邊、親近海洋，更何況是認識海洋與愛上海洋了。\r\n\r\n 在中小學課本只有國立編譯館一種「部編本」的年代，小學三年級下學期的國語課本裡，「海底奇觀」與「拜訪張教授」這兩課，一篇選錄自他的這本書，一篇則是採訪他的新聞，成為這一世代台灣人認識海洋的啟蒙教材。\r\n\r\n 本書將台灣海洋與海邊的各種生物，分成三大單元：（一）海裡的各行各業（二）海裡的社會現象（三）海裡的自然現象，讓讀者能更認識我們最該熟悉卻又最陌生的海洋世界。\r\n\r\n 盼望藉這本書讓大家認識海洋、認識海裡的魚，認識台灣的海洋資源，然後，再一起來保護台灣的海洋、保育海洋中的生物多樣性。\r\n\r\n本書特色\r\n\r\n國際知名的海洋學家，帶你潛入海中，認識一直圍繞與陪伴我們的水中朋友\r\n\r\n 你相信嗎？海裡有醫師、魔術師、模特兒、裝甲兵與砲兵\r\n 也有藝人、殺手，狩獵者、清道夫、密醫等各行各業\r\n 還有房東、房客、背包客、千面人等社會群像\r\n 金鼎、金馬與金穗三大獎作家，以科學角度與幽默筆觸\r\n 成為你悠游海底的最佳導覽，帶你體驗《海底總動員》\r\n\r\n 四面環海的台灣，要看見她，當然不能只從空中俯瞰，更不能只在陸上觀察。台灣位於全球最大的地歐亞陸塊和最大的海太平洋交接地帶，黑潮帶來了世界一流的海洋資源，尤其是多樣生物性，這裡的魚類種類佔全球十分之一、鯨類四分之一、海龜二分之一……可惜大多數的台灣人並不知道。\r\n\r\n 更可惜的是，這個擁有一千多公里海岸線的島嶼，因為長期戒嚴與教科書裡的大陸意識形態，讓此地的民眾不知海、不親海，甚至害怕海。如今我們的海岸，多數已被堤防、消波塊、工業區、發電廠甚至垃圾場佔據了。\r\n\r\n 國際知名的海洋生態與漁業生物專家張崑雄，為了讓海洋子民的視野能真正擴及海洋，讓我們的思維不再受限於陸地，立志要經由簡明舉例、圖文並茂的解說，讓6歲以上閱讀程度的讀者，就能透過本書，從另一個角度看見台灣。\r\n\r\n"}
{"書名":"Formosa 海平面下：浮潛台灣婆娑之洋‧美麗之島","書籍網站":"https:\/\/www.kingstone.com.tw\/\/basic\/2013660005818?zone=book&lid=book_class3_eeg&actid=book_class3_eeg","作者":"陳楊文","出版社":"山岳      ","ISBN":9789862483190.0,"圖片網址":"https:\/\/cdn.kingstone.com.tw\/book\/images\/product\/20136\/2013660005818\/2013660005818b.jpg","書籍簡介":"\r\n\r\n第一本以海洋觀點，系統紀錄台灣島沿海的海洋生態與變遷以文學性觀察台灣海洋生態與文化，媲美生態書寫經典卡森海洋三部曲的力作超過500張從海平面上到潛入海平面下的珍貴影像，親身體驗作者眼中的海洋世界翻過每一頁，都是讓你驚呼不可思議的繽紛即景Formosa，福爾摩沙，婆娑之洋、美麗之島，臺灣。我們腳下所踩的土地如此熟悉，卻從未想過跨過水天一色的一瞬反光，還有什麼樣的風景。作者陳楊文投注20年心力關注海洋議題，記錄這些幾乎近在眼前的海平面下，如同《少年PI的奇幻漂流》般超乎想像──不同的是，這就在我們身邊，就在台灣的淺海海域中真實上演；生活在一座島上，我們忙著向內或向外張望，卻始終沒有低頭，發現最豐饒富沃的寶藏。陳楊文說：「……進入水中，是燦爛卻寧靜的世界，伴我度過青春歲月。只是接下來的歲月，公路巨龍帶來人潮與垃圾潮，慢慢掩沒這個私屬花園，只好不忍離去。二○○五年再訪，往日的七彩珊瑚礁被優養化海藻覆蓋，成為一片海中草原－－這是我二十年後的環境見證，然而再二十年、再二十年後呢？」書中這些讓人驚嘆的影像即景，是不是在這個瞬間，都在消逝？往後只能在記憶之中存在？也許，就是現在，我們應該開始學習尊重這塊土地，善待週遭的海洋。以虔敬的態度、正確的方式親近環境，溫柔對待我們的島嶼。就是現在，謙卑地記起這座島與居住的不只是人類，更有千千萬萬我們無法想像的生命型態，絕非我們所見一隅。海洋，並不是我們的水族缸，而是生命的起源，我們的母親。本書特色●與海洋旅者共遊，漫遊海平面下的美好生態超過500張的第一手迷人寫真，搭配生動自然、媲美生態寫作經典大作的深度文學筆調，與讀者分享觀察到生物與物理空間的互動，完整呈現整個海洋中最華麗、多樣之處。所有你想像過、未曾想像過的動物與植物，以隱匿藏躲或是艷麗到極致的萬千姿態，在海中綻放成一處你最接近的未知新世界。●台灣近海生態導覽之旅長時間親訪台灣10處最佳海中生態與旅遊導覽，帶你共遊成熟珊瑚礁岩X冬晴觀察寶地X多樣化生態世界，即使無法親臨，也值得永久收藏的台灣海洋生態圖文。●適合親子共遊－－北台海灣：馬崗、香蘭與澳底●台北都心的後花園－－北海岸：外木山與龜吼●未受過多干擾的成熟珊瑚礁岩－－東部：石梯坪與三仙台基翬●冬晴的珊瑚觀察寶地－－恆春半島西側：萬里桐●多樣化的生態世界－－南台海灣：雷打石、眺石\r\n\r\n"}
{"書名":"魚場學（魚海況學）","書籍網站":"https:\/\/www.kingstone.com.tw\/\/basic\/2014870011408?zone=book&lid=book_class3_eeg&actid=book_class3_eeg","作者":"元珍","出版社":"台北弘揚  ","ISBN":9789866073342.0,"圖片網址":"https:\/\/cdn.kingstone.com.tw\/book\/images\/product\/20148\/2014870011408\/2014870011408b.jpg","書籍簡介":"\r\n\r\n\r\n\t本書針對水產生物與地球物理流體力學方面的介紹與連結，並加入高考、普考、漁撈技師的考試內容。\r\n\r\n"}
{"書名":"零下任務：臺灣科學界第一次南極長征","書籍網站":"https:\/\/www.kingstone.com.tw\/\/basic\/2013000077239?zone=book&lid=book_class3_eeg&actid=book_class3_eeg","作者":"國立海洋生物博物館","出版社":"時報文化  ","ISBN":9789571355504.0,"圖片網址":"https:\/\/cdn.kingstone.com.tw\/book\/images\/product\/20130\/2013000077239\/2013000077239b.jpg","書籍簡介":"\r\n\r\n極地大發現－－企鵝體內竟含高量戴奧辛海洋生物有機萃取物可抗癌臺灣海洋科學家深入南極150天，帶你看見不為人知的冰封世界！★魚類大都頭大身小，血液呈現白色！★笠螺大如鮑魚，直徑長達8公分！★身體透明、如天使降臨的「冰之精靈」，竟是肉食生物！★海綿、海膽、陽燧足的有機萃取物可抗癌、抗發炎！★企鵝體內含戴奧辛等有機汙染物是雞肉的20倍，豬肉的545倍！南極是各先進國家正積極研究的新天地，臺灣由於種種原因未能參與其中。2009年，國立海洋生物博物館、正修科技大學、東華大學、中山大學與大陸南極考察隊攜手合作，臺灣研究人員得以藉由中國大陸研究船、研究站前往南極收集第一手資料，完成不可能的「零下任務」，帶回包括土壤和各類生物高達數百個樣本，可望拓展臺灣在海洋天然化學方面的視野，進一步豐富在藥物研發上的基礎。這次任務不僅可望突破臺灣科學研究的局限，也為下一世代的科學人開出一條新路。本書除嚴謹的科學紀實，也生動描繪了極地生活種種，讀者雖無法身歷其境，卻可隨著文字一起破冰，感受全新的天地。\r\n                    \r\n"}
{"書名":"遊水庫聽故事：看水庫的熱鬧與門道","書籍網站":"https:\/\/www.kingstone.com.tw\/\/basic\/2014430011060?zone=book&lid=book_class3_eeg&actid=book_class3_eeg","作者":"張炎銘","出版社":"科技圖書  ","ISBN":9789576554926.0,"圖片網址":"https:\/\/cdn.kingstone.com.tw\/book\/images\/product\/20144\/2014430011060\/2014430011060b.jpg","書籍簡介":"\r\n\r\n由水庫興建的歷史，可一窺過去我國的經濟發展史。過去，水庫已滿足民生用水、增加糧食生產、促進工商經濟發展；未來，若還要興建水庫須注意哪些面向，若不建設水庫，有哪些替代方案？甚至，現有水庫如何加強營運管理，都是值得國人關心的課題。讓水庫能永續經營，不要讓水資源成為我國經濟發展的阻力。水庫並不是一成不變的。正如一般的有機體，水庫會出生，也會衰退與死亡；水庫也會因功能的改變、增減而增刪某些設施，本書只能記錄當下的真實。最後，希望讀者能一書在手、按圖索驥，到各水庫遊玩一番，並一起關心水庫及水資源的問題。\r\n                    \r\n"}
{"書名":"應用水文學","書籍網站":"https:\/\/www.kingstone.com.tw\/\/basic\/2013510011563?zone=book&lid=book_class3_eeg&actid=book_class3_eeg","作者":"徐義人","出版社":"大中國    ","ISBN":9789575211660.0,"圖片網址":"https:\/\/cdn.kingstone.com.tw\/book\/images\/product\/20135\/2013510011563\/2013510011563b.jpg","書籍簡介":"\r\n\r\n※部編大學用書本書特色：1.由於歐美人名之中譯極不統一，故本書於第一次出現人名時，將適當之中譯名加入後，以後就儘量使用原文2.書中多處以「補說」來補充說明，以增廣讀者之學識領域3.遇中文專有名詞有多種英譯名或英文名詞有多種中譯名儘量標明4.蒐集國內水文狀況加以介紹5.例題豐富，各章例題、問題幾乎完全採用公制單位，合乎國情且有利於學習\r\n                    \r\n"}
{"書名":"台灣礁岩海岸原地圖","書籍網站":"https:\/\/www.kingstone.com.tw\/\/basic\/2013860004314?zone=book&lid=book_class3_eeg&actid=book_class3_eeg","作者":"趙世民","出版社":"晨星      ","ISBN":9789574554041.0,"圖片網址":"https:\/\/cdn.kingstone.com.tw\/book\/images\/product\/20138\/2013860004314\/2013860004314b.jpg","書籍簡介":"\r\n\r\n最便利的觀察景點包括台灣本島及各離島著名的礁岩海岸景點：東北角、台東、蘭嶼、墾丁地區、小琉球、澎湖；這些景點有豐富的生物資源，是很好的戶外教學景點，同時常常是研究人員進行樣本採集的地區。奇妙有趣的海岸生物介紹近四百種常見的海岸生物圖鑑，包含了水母、海葵、珊瑚、扁蟲、紐蟲、石鱉、螺、海蛞蝓、海兔、雙殼貝、寄居蟹、蝦、蟹、海星、海參、海膽……多種奇妙有趣的無脊椎動物。\r\n                    \r\n"}
{"書名":"海洋世界奇觀","書籍網站":"https:\/\/www.kingstone.com.tw\/\/basic\/2013080103057?zone=book&lid=book_class3_eeg&actid=book_class3_eeg","作者":"益群書店  ","出版社":"\r\n\r\n立即結帳\r\n","ISBN":null,"圖片網址":"https:\/\/cdn.kingstone.com.tw\/book\/images\/product\/20130\/2013080103057\/2013080103057b.jpg","書籍簡介":"0"}
{"書名":"水之書：最平凡的物質，最超凡的故事","書籍網站":"https:\/\/www.kingstone.com.tw\/\/basic\/2013450003338?zone=book&lid=book_class3_eeg&actid=book_class3_eeg","作者":"阿洛．賈","出版社":"天下文化  ","ISBN":9789864791835.0,"圖片網址":"https:\/\/cdn.kingstone.com.tw\/book\/images\/product\/20134\/2013450003338\/2013450003338b.jpg","書籍簡介":"\r\n\r\n\r\n 作者阿洛．賈將帶領我們踏上雙重旅程：\r\n 一是極地之旅——我們將搭乘海洋研究船，\r\n 冒著狂風巨浪，遠征南冰洋與南極洲，\r\n 去看那裡的巨大冰山、冰原、冰冠、企鵝與海豹，\r\n 以及影響全球天氣的南冰洋，如何展現水的威力與重要性。\r\n 一是科學之旅——我們將從大霹靂後的水之源頭出發，\r\n 途經地球上的生命伊始、人類傍水發展的文明，再返回太空；\r\n 我們將在月球、火星、太陽系外行星，搜尋生命的跡象，\r\n 而水，正是關鍵性的指標。\r\n\r\n 一般來說，同一種物質的固體比液體密度大，\r\n 但是，冰為什麼會反常的浮在水面上？\r\n 而且這種異常特性，竟保護了水底生物免於寒冬凍死。\r\n\r\n 每三千年，地球會完成一次水的「乾坤大挪移」，\r\n 把水從地表移到大氣層、又移回地表，\r\n 所處理的水量，相當於世界上所有的海水，\r\n 因而造就了全球的天氣和氣候系統。\r\n\r\n 我們幾乎是水做的軀體？\r\n 請看這些數據：成人身上平均含有60%至70%的水，\r\n 其中，神經系統有84%是水，肝臟73%、肌肉77%、\r\n 皮膚71%、脂肪則是30%左右，\r\n 血漿、唾液和胃液，幾乎完全是水。\r\n 難怪生物學家說：「生命從沐浴在水裡開始。」\r\n\r\n 你知道嗎？\r\n 種植一杯咖啡所需的咖啡豆，要用掉二百公升的水；\r\n 你愛吃的牛排大餐，每公斤牛肉的成長，\r\n 要用掉一萬五千公升的水；\r\n 而為了生產每個人一整天的食物，\r\n 要用掉超過三萬五千公升的水。\r\n 是水，推動了農業，（水蒸汽）推動了工業革命，\r\n 推動了文明，滋潤了我們的生活。\r\n\r\n《水之書》是一本拓展你科學視野的奇書，囊括了與水相關的科學：\r\n ★ 水的物理學（室溫下呈液態、冰的密度比水小、氫鍵帶來的黏性、溶解度帶來的導電性）\r\n ★ 水的化學與生物化學（水的極性使細胞膜得以存在、氫鍵讓蛋白質摺疊成三維形狀）\r\n ★ 水的宇宙學（水分子如何在宇宙中生成、為何能存留在地球上）\r\n ★ 大氣科學與海洋學（水文循環、季風、環流、全球大洋輸送帶）\r\n ★ 環境科學（水足跡是一種類似碳足跡的環保概念）\r\n ★ 還有地球科學（冰河與冰山）、古氣候學（冰芯研究）、晶體學（冰晶）、天文學與太空科學（衛星與行星的形成、地外水源，如何以水來定義生命）。\r\n\r\n"}
{"書名":"海洋資源管理理論與實務","書籍網站":"https:\/\/www.kingstone.com.tw\/\/basic\/2013670035737?zone=book&lid=book_class3_eeg&actid=book_class3_eeg","作者":"莊慶達主編","出版社":"五南      ","ISBN":9789571152172.0,"圖片網址":"https:\/\/cdn.kingstone.com.tw\/book\/images\/product\/20136\/2013670035737\/2013670035737b.jpg","書籍簡介":"\r\n\r\n本書旨在將海洋資源與管理作一全面性的介紹，廣泛從理論與實務探討海洋資源管理，並分別就海洋生物資源、海洋物理資源、海洋化學資源、海洋地質資源等層面加以探究，同時也包含了海洋資源的特質、海洋環境保護及管理之法律規範等等予以闡述。\r\n                    \r\n"}
{"書名":"海洋大觀園","書籍網站":"https:\/\/www.kingstone.com.tw\/\/basic\/2013660004446?zone=book&lid=book_class3_eeg&actid=book_class3_eeg","作者":"楚山勇","出版社":"瑞昇文化  ","ISBN":9789575266844.0,"圖片網址":"https:\/\/cdn.kingstone.com.tw\/book\/images\/product\/20136\/2013660004446\/2013660004446b.jpg","書籍簡介":"\r\n\r\n像外星人又像寶特瓶的海桶，到底是什麼樣子？螃蟹表演啦啦隊給誰看呢？海中刺蝟是什麼東西？什麼神奇的生物能將佈滿泥沙的海底佈置成五彩繽紛的花田呢？海洋世界是如此多采多姿，充滿夢幻神祕的吸引力，平時到海邊遊玩，卻只能坐在岸上，望著湛藍深海想像，是否曾想過進入這個炫麗世界一探究竟？現在，本書將為讀者揭開海洋大觀園的神祕面紗。由於作者對海底世界深深著迷，因此多次潛入海中，不辭辛勞與海洋生物捉迷藏，拍下一張張美麗獨特的照片，並附上生物的相關簡介和資料，讓讀者也能一窺潛藏海底的奇妙生物。在海邊砂地，可以看到生命力頑強的海星人、橫行霸道的潛砂高手。在岩礁地，有纖細如玻璃手藝品的水母、忙著搬家的寄居蟹和發光的烏賊。在珊瑚礁地帶，有美麗如寶石的寶螺、化身地毯的海葵。透過本書，讓我們一同感受海洋大觀園的魅力吧！ \r\n\r\n"}
{"書名":"海的表情(全彩)","書籍網站":"https:\/\/www.kingstone.com.tw\/\/basic\/2013090021204?zone=book&lid=book_class3_eeg&actid=book_class3_eeg","作者":"中村庸夫","出版社":"世茂      ","ISBN":9789577768223.0,"圖片網址":"https:\/\/cdn.kingstone.com.tw\/book\/images\/product\/20130\/2013090021204\/2013090021204b.jpg","書籍簡介":"\r\n\r\n孕育地球生命的海洋，會因氣候、日光、海底顏色、海洋深度及海中地形……等，變化出萬千表情。人類是如何看待大海，海洋美麗的樣貌裡蘊藏什麼樣的學問，就讓海洋攝影家中村庸夫告訴你 潛水，讓人在反省自我的同時凝視時代之海。 帆船競賽的日子，海面風平浪靜，但在前往南極時，卻遇見震音直逼40度的凶猛波浪向船身襲擊。 為了追逐美麗的波浪，我數度前往冬季夏威夷的北岸，欣賞海面被海風支配，觀察波浪在每一瞬間變化造形，感嘆大海的表情瞬息萬變。 也曾遨遊七海，同時邂逅各種大海的表情。大海的風景與氣溫、水溫、空氣的透明度息息相關，連海岸形勢及雲朵也湊上一腳；令人震懾的嚴寒氣候裡，在下雪後海面可見清晨日光；傍晚，海岸波光粼粼；冬季裡的北太平洋，波浪則結凍如金屬般堅硬；而從上空俯瞰珊瑚礁，海水色彩繽紛，令人目眩神迷。 大海，因水色、天色、日光、反射、海底顏色、深度及海中地形表現不同質感，至今在各個海域，我已見識到數不清的大海風情，藉由本次出版機會，將一幅幅大海的照片重新挑選整理之後與讀者見面，展露光芒。再次品味照片，回想拍照的情景，咀嚼大海的表情，彷彿見到海洋星球─地球。 本書特色 一本結合影像藝術與自然知識的海洋百科！海洋佔地球面積的70%，她的面貌與蘊涵的學問也一樣浩瀚。研究所主修海岸工學的名海洋攝影家中村庸夫於書中，帶領你到各個海域觀摩各種海的表情和海岸地形。藉由他的鏡頭，你將可暢遊地球上橫無際涯的海洋，同時吸收博大精深的海洋資訊。 ◎收藏239幀海洋攝影家中村庸夫的作品，全彩印刷，畫質精美。 ◎照片涵蓋七大洋、南洋、冰洋等海域，猶如進行一趟環海世界之旅。 ◎收錄海流、潮流、潮水、海浪等各種海象，海的面貌盡收眼底。 ◎以海洋相關專有名稱編輯，海洋知識完整豐富。 ◎台灣大學海洋研究所俞何興教授專業審定，宛若一本海洋小百科。\r\n                    \r\n"}
{"書名":"海洋行旅","書籍網站":"https:\/\/www.kingstone.com.tw\/\/basic\/2013510013307?zone=book&lid=book_class3_eeg&actid=book_class3_eeg","作者":"范欽慧","出版社":"親子天下  ","ISBN":9789866948329.0,"圖片網址":"https:\/\/cdn.kingstone.com.tw\/book\/images\/product\/20135\/2013510013307\/2013510013307b.jpg","書籍簡介":"\r\n\r\n還給孩子，我們的海洋 國內第一本海洋教育生態專書，讓孩子學會欣賞海洋、與海洋共處 我因為工作之故，必須跟海洋緊密的接觸。如今，身為一位母親，深刻感受到海洋與孕育生命的奇妙關連，試想，你我的血脈還留著跟海水一樣的鹽度，而我們用十個月的懷胎孕育，溫習了幾億年來生命演化的歷程，那由海洋走向陸地的奇妙蛻變。其中的生命力，深深觸動著我，也因為在海上流浪的過程中，見證了海洋所面對的困境，讓我心疼於那份失落的尊重與珍惜。於是，我決定公開所有海洋帶給我的震撼，並且希望這些內容，也能讓我們的下一代理解與感動。 范欽慧《海洋行旅》前言 全書包括了海洋生態之美，海岸公共工程的省思，討海人的故事，海洋科學的研究、海洋與社區保育、海洋永續之夢…其中也記錄著我過去這兩年來所經歷的軌跡，我期待這樣的內容，能為台灣的海洋教育提供些許養分。所要強調的，絕不僅是自然科學知識的傳遞，而是體認人與海之間深刻的鏈結，最重要的是，我們對海洋的想像，能藉此展開不同的視野。 此外，提供相關主題的「海洋延伸資訊」，可以與孩子或學生在閱讀本書之後，更深入的討論關於海洋的議題。並且，規劃了「海洋散步」，介紹台灣沿岸著名港口、海岸以及離島資訊，提供讀者「走訪海洋教育的現場」最便利完整的資訊。\r\n                    \r\n"}
{"書名":"臺灣河川生態全紀錄(精裝)","書籍網站":"https:\/\/www.kingstone.com.tw\/\/basic\/2013670034235?zone=book&lid=book_class3_eeg&actid=book_class3_eeg","作者":"王漢泉","出版社":"展翊文化  ","ISBN":9789572967157.0,"圖片網址":"https:\/\/cdn.kingstone.com.tw\/book\/images\/product\/20136\/2013670034235\/2013670034235b.jpg","書籍簡介":"\r\n\r\n台灣這塊土地的變遷早已今非昔比，隨著人為過度開發造成環境無以挽回的破壞，隨著作者的足跡，忠實的呈現許多違法等破壞環境的行為，也為台灣河川或溪流的保育生態和教育宣導留下許多可貴的資料。本書特色在於並不只是一本河川分類的書籍，更是一本論述台灣河川溪流生態環境和生態指標的重要書籍，為台灣淡水河川溪流的環境變遷，以及淡水魚類日益嚴重的滅種危機留下最寫實的一章。\r\n\r\n"}
{"書名":"海洋世界","書籍網站":"https:\/\/www.kingstone.com.tw\/\/basic\/2023510012958?zone=book&lid=book_class3_eeg&actid=book_class3_eeg","作者":"瑪奎帝","出版社":"貓頭鷹    ","ISBN":9789867415622.0,"圖片網址":"https:\/\/cdn.kingstone.com.tw\/book\/images\/product\/20235\/2023510012958\/2023510012958b.jpg","書籍簡介":"\r\n\r\n．波浪和潮汐是怎麼形成的．神祕的海底大煙囪．美麗多彩的珊瑚王國．古早的潛水艇．章魚如何使用噴射推進．奇形怪狀的深海魚類《海洋世界》讓神祕的水世界一覽無遺，從生物學、地質學，到生態環境、海底探測史，還有更多更多！《海洋世界》是「目擊者百科」系列的第九本，目擊者百科是英國DK出版社的代表作，有三大特色：‧單一主題、多種角度目擊者百科把百科全書裡的條目獨立成冊，旁徵博引，用歷史、科學、文化等各種面向探討一個主題，你可以在書的每個小角落裡獲得驚喜小知識。‧圖片精彩、內容深入淺出四百張彩色圖片，張張讓你身歷其境、現場目擊，有百科全書的深度，沒有百科全書的單調乏味，再專業的知識也能愉快學習。‧主題包羅萬象，學習永不停止目擊者百科系列包羅萬象，涵蓋人文、地理、歷史、科學，每年還會出版更多主題，無限擴充你的知識寶庫。現在就開始蒐集，建立你專屬的一套目擊者百科！\r\n                    \r\n"}
{"書名":"水文學","書籍網站":"https:\/\/www.kingstone.com.tw\/\/basic\/2013510012805?zone=book&lid=book_class3_eeg&actid=book_class3_eeg","作者":"李光敦","出版社":"五南      ","ISBN":9789571140162.0,"圖片網址":"https:\/\/cdn.kingstone.com.tw\/book\/images\/product\/20135\/2013510012805\/2013510012805b.jpg","書籍簡介":"\r\n\r\n本書旨在說明如何利用水文學原理，以解決水資源開發所面臨的工程問題，並進一步了解工程設施所面臨的風險。本書是以目前各大學共同授課內容為主，並檢視近十年來高普考與各研究所入學考題，以其中超過百分之九十的出現率，而劃定本書的編輯範圍。本書內容涵蓋水文循環、及水區地文特性、降雨、蒸發與蒸散、入滲、地下水、降雨逕流演算、水庫與河道演算、水文統計與頻率分析以及水文量測方法。本書中每一節均有例題與習題，並有習題解答副冊。本書另附有授課教師上課之課程大綱，可作為一般課堂用講義，或作為同學考前複習之重點整理，讀者如有需要請自行至：http:\/\/ind.ntou.edu.tw\/~ktlee　網站下載檔案 \r\n\r\n"}
{"書名":"波浪傳奇：不可思議的海洋波浪","書籍網站":"https:\/\/www.kingstone.com.tw\/\/basic\/2013510012195?zone=book&lid=book_class3_eeg&actid=book_class3_eeg","作者":"永田豐","出版社":"科技圖書  ","ISBN":9789576553837.0,"圖片網址":"https:\/\/cdn.kingstone.com.tw\/book\/images\/product\/20135\/2013510012195\/2013510012195b.jpg","書籍簡介":"\r\n\r\n本書對研究波浪的人是一本入門書，從事與波浪有關行業例如海岸工程師也可由此書獲得有關波浪的知識，但是並非以大眾為對象的書。　　本書寫得淺顯易懂，但是性格認真的作者，認為要寫就要寫得專家看了也覺得有用。　　但不要認為可以用這本書來學習波浪，本書是要突顯教科書中沒有提出的波浪中不可思議的搞怪性質，而且要盡可能不用數式解說，書中也包含了相當多的連所謂波浪專家都沒有注意到的事件。\r\n\r\n"}
{"書名":"藍色星球：一部海洋的自然史","書籍網站":"https:\/\/www.kingstone.com.tw\/\/basic\/2023660004599?zone=book&lid=book_class3_eeg&actid=book_class3_eeg","作者":"艾雷斯泰法","出版社":"時報文化  ","ISBN":9789571341002.0,"圖片網址":"https:\/\/cdn.kingstone.com.tw\/book\/images\/product\/20236\/2023660004599\/2023660004599b.jpg","書籍簡介":"\r\n\r\n 「我們對月球表面的認識，比對我們自己星球的深海還要多。」── 《藍色星球》作者艾雷斯泰‧法瑟吉爾「從太空觀望，地球是藍色的。它像一顆珠寶漂浮在黝黑的虛空中。掩蓋其表面的大片水域反映陽光的照射，創造出寶石一般的藍色。在整個太陽系，地球是唯一擁有如此大量液體水的星球。」科學家估計，我們的星球有70%的地方是由水所覆蓋；難怪人類一直對海洋及海洋底下的東西如此好奇。今天，雖然海洋世界仍有很多事物等著我們去挖掘，但是已然發現的部分，也足以使我們瞭解，在波浪底下，隱藏著含有豐富多樣生命的巨大寶藏。從海岸、海洋的邊緣地帶，直到有奇形怪狀的魚在終年黑暗的世界裡出沒的深海，《藍色星球》帶領我們踏上一趟探險的旅程。沿途，我們認識許許多多美妙的生物，從微小的橈足類到尊貴的藍鯨，從怪異的多毛安康魚到有趣的三棘魨，三棘魨用纖細的三隻腳站立，等待缺乏戒心的獵物上門。從深海難得一見的生物，到濱海地區大家所熟悉的塘鵝和海鸚，《藍色星球》揭露了組成世界水域六個獨特棲息地的種種野生生命。本書結合最新科學證據的生動文字及400張精彩絕倫的照片，深具啟發性和教育性，是第一本完整而深入描述整個海洋系統的科普佳作，也是瞭解海洋自然史不可或缺的指南。\r\n                    \r\n"}
{"書名":"台灣的海洋","書籍網站":"https:\/\/www.kingstone.com.tw\/\/basic\/2013510011433?zone=book&lid=book_class3_eeg&actid=book_class3_eeg","作者":"戴昌鳳","出版社":"遠足文化  ","ISBN":9789867630001.0,"圖片網址":"https:\/\/cdn.kingstone.com.tw\/book\/images\/product\/20135\/2013510011433\/2013510011433b.jpg","書籍簡介":"\r\n\r\n本書由海底誕生的台灣島談起，介紹海底地形、地質，海流、潮汐，海洋生物、生態系統、海洋資源及海洋文化，直至及海洋污染與保育，將海洋台灣的子民必備的知識傳送給讀者。\r\n                    \r\n"}
{"書名":"深海潛航：海底研究先驅的探險紀實","書籍網站":"https:\/\/www.kingstone.com.tw\/\/basic\/2013510010931?zone=book&lid=book_class3_eeg&actid=book_class3_eeg","作者":"羅伯．巴拉","出版社":"商周出版  ","ISBN":9789576679926.0,"圖片網址":"https:\/\/cdn.kingstone.com.tw\/book\/images\/product\/20135\/2013510010931\/2013510010931b.jpg","書籍簡介":"\r\n\r\n深海教父，羅伯.巴拉德帶你回顧深海探險先驅的足跡，深入神秘而深邃的黑暗世界，探索令人驚異的中洋脊火山奇觀與海地綠洲中形形色色的奇異生物，搜尋失落的鐵達尼號沉船殘骸.....\r\n                    \r\n"}
{"書名":"工程水文學","書籍網站":"https:\/\/www.kingstone.com.tw\/\/basic\/2013510010771?zone=book&lid=book_class3_eeg&actid=book_class3_eeg","作者":"吳瑞賢","出版社":"科技圖書  ","ISBN":9789576553295.0,"圖片網址":"https:\/\/cdn.kingstone.com.tw\/book\/images\/product\/20135\/2013510010771\/2013510010771b.jpg","書籍簡介":"\r\n\r\n\r\n 　　工程水文學係廣義土木工程師所必須具備的基礎學識，其主要分為三部分：水文歷程、水文分析及水文統計。其重要性可由一般土木系大學部都列其為必修課，以及國家考試中，土木技師、水利技師、環工技師及水保技師都列其為考試科目得知。近來土木工程防災受到各界的重視，其重要的一環便是工程水文環境的確實掌握，如暴雨推估、洪水預警、減洪手段以及工址安全等，皆仰賴水文分析。\r\n\r\n"}
{"書名":"沉默的寶藏：鹽湖資源","書籍網站":"https:\/\/www.kingstone.com.tw\/\/basic\/2013510010191?zone=book&lid=book_class3_eeg&actid=book_class3_eeg","作者":"張彭熹","出版社":"牛頓      ","ISBN":9789576276088.0,"圖片網址":"https:\/\/cdn.kingstone.com.tw\/book\/images\/product\/20135\/2013510010191\/2013510010191b.jpg","書籍簡介":"\r\n\r\n我們從地理課本中可以了解到，內陸鹽湖包含了食用鹽、鉀、鎂、鋰、鈉、氯、硼…..等具有高經濟價值的礦產，但我們卻不知道這些鹽湖資源在人類文明中實際產生的效益為何，如：鋰是手機電池最主要的原料，鉀是化學肥料主要來源，鹽池的特性可用以產生能源的太陽池，各種清潔用品的開發，甚至鹽湖提煉技術可作為海水淡化技術的基礎等，這些均可在本書中看到。\r\n                    \r\n"}
{"書名":"今日水世界","書籍網站":"https:\/\/www.kingstone.com.tw\/\/basic\/2013510010221?zone=book&lid=book_class3_eeg&actid=book_class3_eeg","作者":"劉昌明","出版社":"牛頓      ","ISBN":9789576276071.0,"圖片網址":"https:\/\/cdn.kingstone.com.tw\/book\/images\/product\/20135\/2013510010221\/2013510010221b.jpg","書籍簡介":"\r\n\r\n不論是中國或台灣，由於經濟活動的發展，造成淡水資源異常的匱乏，故如何珍惜與保護這稀有資源，將是人類必須面對的大課題，而本書旨在提供更深入的水知識，倡導水資源的合理開發。\r\n                    \r\n"}
{"書名":"應用地下水模式：水流與移流傳輸模擬","書籍網站":"https:\/\/www.kingstone.com.tw\/\/basic\/2013510009072?zone=book&lid=book_class3_eeg&actid=book_class3_eeg","作者":"MANY P.ANDER","出版社":"五南      ","ISBN":9789571120188.0,"圖片網址":"https:\/\/cdn.kingstone.com.tw\/book\/images\/product\/20135\/2013510009072\/2013510009072b.jpg","書籍簡介":"0"}
{"書名":"海洋之歌：全球海洋生態展現之旅","書籍網站":"https:\/\/www.kingstone.com.tw\/\/basic\/2013670025820?zone=book&lid=book_class3_eeg&actid=book_class3_eeg","作者":"CARL SAFINA","出版社":"先覺      ","ISBN":9789576074301.0,"圖片網址":"https:\/\/cdn.kingstone.com.tw\/book\/images\/product\/20136\/2013670025820\/2013670025820b.jpg","書籍簡介":"\r\n\r\n海洋生態發現之旅\r\n　你喜歡海洋嗎？你知道海洋占全球多大面積嗎？你曉得海洋和人類生存的密切糾葛嗎？告訴你一項你應該牢記在心的事實，海洋在四十億年前形成，生命在二十五億年前從海洋源起，而人類的存在直到五百萬年前才開始；海洋生態作家瑞秋．卡森曾說：「各種生物，從最小到最大的，生死大權全操在海的手中。」\r\n\r\n　素孚眾望的海洋科學家沙芬納，為了觀察探索海洋生態的變化，啟程至藍色地平線外，進行全球發現之旅；他巡訪各大洋及海洋子民，發現了許多令人意想不到的海洋生態訊息，並且誠摯地將他們帶回岸上，寫成這部難得一見的作品。\r\n\r\n　在這部包羅萬象，文筆優美的遊歷紀錄裡，沙芬納帶領我們到海岸，島嶼，礁群及大海深淵探險，目睹瀕臨末期狀態的海洋漁業，傾聽各方人士暢抒己見，讓我們對海洋生態現況有著身歷其境的見聞與感受。\r\n\r\n　此外，沙芬納還明確地傳達警告和希望的訊息：我們不能只是袖手旁觀地監督海洋生態發展，必須立刻行動，才能為後代留下生意盎然，化生萬物的美麗海洋。\r\n作者簡介\r\n    卡爾‧沙芬納（Carl Safina）畢生親近海洋，是漁夫，也是海鳥科學家，提倡復原海洋資源和生命力不遺餘力，曾獲普烏慈善基金會「保育暨環境學人獎」。\r\n\r\n    他曾服務於「中大西洋漁業管理委員會」，並曾擔任「史密生協會」的「海洋星球」顧問委員，以及「世界保育聯盟」的「鯊魚專家小組」成員。\r\n\r\n　一九九○年，沙芬納在「美國奧杜邦協會」成立「活海洋計畫」，並擔任計畫主任。\r\n    目前他住在紐約，是耶魯大學副教授。\r\n譯者簡介\r\n    杜默，資深文字工作者，曾任出版社主編、雜誌執行副總編輯，歷任首都、自立、中晚、中時等報國際組，現任報社國際新聞中心撰述委員。\r\n\r\n    譯作有《玄奘絲路行》、《美食與毒菌》、《聖經密碼》、《東方與西方》、《行銷學》等。\r\n                    \r\n"}
{"書名":"藍色的寶庫：21世紀的海洋開發","書籍網站":"https:\/\/www.kingstone.com.tw\/\/basic\/2014370076310?zone=book&lid=book_class3_eeg&actid=book_class3_eeg","作者":"郭芳","出版社":"水產      ","ISBN":9789578596580.0,"圖片網址":"https:\/\/cdn.kingstone.com.tw\/book\/images\/product\/20143\/2014370076310\/2014370076310b.jpg","書籍簡介":"\r\n\r\n21世紀的海洋開發\r\n　海洋是藍色的巨大寶庫，被譽為「生命的搖籃」、「資源的寶庫」、「風雨的故鄉」、「洲際間的橋樑」和人類的「第二生存空間」。\r\n\r\n　當今時代，人類的生存和發展面臨人口、資源、環境的多重壓力，陸地空間及其資源已經到了不堪重負的境地，嚴重制約著人類社會的生存和發展。為此，人們把眼光轉向了廣闊無垠的海洋，加大了對海洋的開發力度，以求利用的需要。\r\n\r\n　人們普遍認為，２１世紀將是「海洋世紀」，一個全面開發海洋的時代即將到來。\r\n                    \r\n"}
{"書名":"台灣沿海濕地調查","書籍網站":"https:\/\/www.kingstone.com.tw\/\/basic\/2013510008730?zone=book&lid=book_class3_eeg&actid=book_class3_eeg","作者":"韓乃鎮企劃","出版社":"民生報    ","ISBN":9789578336117.0,"圖片網址":"https:\/\/cdn.kingstone.com.tw\/book\/images\/product\/20135\/2013510008730\/2013510008730b.jpg","書籍簡介":"0"}
{"書名":"海洋動物知多少","書籍網站":"https:\/\/www.kingstone.com.tw\/\/basic\/2023830004213?zone=book&lid=book_class3_eeg&actid=book_class3_eeg","作者":"王祖衍","出版社":"水產      ","ISBN":9789578596443.0,"圖片網址":"https:\/\/cdn.kingstone.com.tw\/book\/images\/product\/20238\/2023830004213\/2023830004213b.jpg","書籍簡介":"0"}
{"書名":"豐富的海洋資源","書籍網站":"https:\/\/www.kingstone.com.tw\/\/basic\/2013510008570?zone=book&lid=book_class3_eeg&actid=book_class3_eeg","作者":"江昆達","出版社":"臺灣書店  ","ISBN":9789575671389.0,"圖片網址":"https:\/\/cdn.kingstone.com.tw\/book\/images\/product\/20135\/2013510008570\/2013510008570b.jpg","書籍簡介":"\r\n\r\n豐富的海洋資源\r\n　台灣四面環海，海岸線達一千六百公里，島嶼七十餘座，海洋資源不可限量，然而過去因各項不當措失，使得居民逐漸遺失了「海的氣環質」及忘卻其周遭海域資源。本書作者們感念於此，乃就海洋生態、生物資源、化學資源及物理資源等角度，剖析我們於擁有的豐富。\r\n\r\n　台灣島上陸地狹長，面積小，資源稀少，而四周卻環海，她所蘊藏的豐富資源，以及如何妥善開發使之永續利用的方法，仍不為眾人所瞭解，所以編輯成書，企昐廣為傳閱，散播海洋資源的理念，進而拋磚引玉，吸引更多人尤其是青年們的投入，為這塊土地和這一片海獻出愛護的真誠。\r\n作者簡介\r\n　方力行　\r\n　民國四十年次\r\n　美國加州大學聖地牙哥分校海洋生物博士\r\n\r\n　徐基新\r\n　民國四十年次\r\n　美國伊利諾大學微生物學博士\r\n                    \r\n"}
{"書名":"明日的海洋","書籍網站":"https:\/\/www.kingstone.com.tw\/\/basic\/2013510008440?zone=book&lid=book_class3_eeg&actid=book_class3_eeg","作者":"郁慧芳","出版社":"業強      ","ISBN":9789576833366.0,"圖片網址":"https:\/\/cdn.kingstone.com.tw\/book\/images\/product\/20135\/2013510008440\/2013510008440b.jpg","書籍簡介":"0"}
{"書名":"圖繪海洋地圖集","書籍網站":"https:\/\/www.kingstone.com.tw\/\/basic\/2023510008203?zone=book&lid=book_class3_eeg&actid=book_class3_eeg","作者":"阿妮坦賈納","出版社":"台英      ","ISBN":9789576322884.0,"圖片網址":"https:\/\/cdn.kingstone.com.tw\/book\/images\/product\/20235\/2023510008203\/2023510008203b.jpg","書籍簡介":"0"}
{"書名":"海洋無脊椎動物飼育要領","書籍網站":"https:\/\/www.kingstone.com.tw\/\/basic\/2013860003102?zone=book&lid=book_class3_eeg&actid=book_class3_eeg","作者":"陳章波","出版社":"海洋生博館","ISBN":null,"圖片網址":"https:\/\/cdn.kingstone.com.tw\/book\/images\/product\/20138\/2013860003102\/2013860003102b.jpg","書籍簡介":"0"}
{"書名":"新編十萬個為什麼15：海洋開發篇","書籍網站":"https:\/\/www.kingstone.com.tw\/\/basic\/2013080133658?zone=book&lid=book_class3_eeg&actid=book_class3_eeg","作者":"王國忠","出版社":"大行      ","ISBN":9789577591456.0,"圖片網址":"https:\/\/cdn.kingstone.com.tw\/book\/images\/product\/20130\/2013080133658\/2013080133658b.jpg","書籍簡介":"0"}
{"書名":"流體力學與水文學","書籍網站":"https:\/\/www.kingstone.com.tw\/\/basic\/2013320016413?zone=book&lid=book_class3_eeg&actid=book_class3_eeg","作者":"沈永寧","出版社":"陳宜玲    ","ISBN":null,"圖片網址":"https:\/\/cdn.kingstone.com.tw\/book\/images\/product\/20133\/2013320016413\/2013320016413b.jpg","書籍簡介":"0"}
{"書名":"救救海洋","書籍網站":"https:\/\/www.kingstone.com.tw\/\/basic\/2013670014381?zone=book&lid=book_class3_eeg&actid=book_class3_eeg","作者":"陳鎮東","出版社":"時報文化  ","ISBN":9789571307220.0,"圖片網址":"https:\/\/cdn.kingstone.com.tw\/book\/images\/product\/20136\/2013670014381\/2013670014381b.jpg","書籍簡介":"\r\n\r\n海洋生病了！\r\n　如果把地球上所有山都鏟平，填入海裡，海水還有兩公里深。如果把聖母峰移到海最深的地方，峰頂還有水面下二千六百公尺。這樣大的海，卻因為重金屬、紅潮、放射性物質和髒亂的廢棄物等，不禁讓海洋宣告，我病了！\r\n\r\n　擁有豐富資源的海洋卻變成人類的垃圾桶，維持海域環境免受污染，是每個人的責任。　\r\n\r\n　6300年前，人類就開始利用海洋中的資源，甚至構想一座海上城市，將人口往海上疏散──這個地球上所有的山都填不滿的大海，因為紅潮、重金屬、DDT、放射性物質和海邊髒亂的廢棄物，已明顯的告知大家：海洋生病了！讓我們共同朝零污染、零破壞的海島生活看齊！\r\n\r\n　\r\n作者簡介\r\n　陳鎮東\r\n\r\n　一九四九年出生\r\n　台灣大學化工系學士，美國邁阿密大學海洋學碩士、博士\r\n　現任：中山大學海洋科學院院長\r\n　著作：救救海洋\r\n                    \r\n"}
{"書名":"海運同盟","書籍網站":"https:\/\/www.kingstone.com.tw\/\/basic\/2015570007296?zone=book&lid=book_class3_eeg&actid=book_class3_eeg","作者":"徐氏文教  ","出版社":"停售","ISBN":null,"圖片網址":"https:\/\/cdn.kingstone.com.tw\/book\/images\/product\/20155\/2015570007296\/2015570007296b.jpg","書籍簡介":"0"}
{"書名":"海洋漁場學","書籍網站":"https:\/\/www.kingstone.com.tw\/\/basic\/2014370039728?zone=book&lid=book_class3_eeg&actid=book_class3_eeg","作者":"鄭利榮","出版社":"徐氏文教  ","ISBN":null,"圖片網址":"https:\/\/cdn.kingstone.com.tw\/book\/images\/product\/20143\/2014370039728\/2014370039728b.jpg","書籍簡介":"0"}
{"書名":"工程水文學","書籍網站":"https:\/\/www.kingstone.com.tw\/\/basic\/2014430000651?zone=book&lid=book_class3_eeg&actid=book_class3_eeg","作者":"K.LINSLEY-","出版社":"大中國    ","ISBN":null,"圖片網址":"https:\/\/cdn.kingstone.com.tw\/book\/images\/product\/20144\/2014430000651\/2014430000651b.jpg","書籍簡介":"0"}
{"書名":"水文氣象學與壩工工程","書籍網站":"https:\/\/www.kingstone.com.tw\/\/basic\/2014430001153?zone=book&lid=book_class3_eeg&actid=book_class3_eeg","作者":"自然科學  ","出版社":"停售","ISBN":null,"圖片網址":"https:\/\/cdn.kingstone.com.tw\/book\/images\/product\/20144\/2014430001153\/2014430001153b.jpg","書籍簡介":"0"}
{"書名":"水利工程一水文氣象","書籍網站":"https:\/\/www.kingstone.com.tw\/\/basic\/2014430002525?zone=book&lid=book_class3_eeg&actid=book_class3_eeg","作者":"黃毓嵩","出版社":"銀禾文化  ","ISBN":null,"圖片網址":"https:\/\/cdn.kingstone.com.tw\/book\/images\/product\/20144\/2014430002525\/2014430002525b.jpg","書籍簡介":"0"}
{"書名":"水文與工程","書籍網站":"https:\/\/www.kingstone.com.tw\/\/basic\/2014430003737?zone=book&lid=book_class3_eeg&actid=book_class3_eeg","作者":"科技圖書  ","出版社":"停售","ISBN":null,"圖片網址":"https:\/\/cdn.kingstone.com.tw\/book\/images\/product\/20144\/2014430003737\/2014430003737b.jpg","書籍簡介":"0"}
{"書名":"水文學","書籍網站":"https:\/\/www.kingstone.com.tw\/\/basic\/2014430004239?zone=book&lid=book_class3_eeg&actid=book_class3_eeg","作者":"姜承吾","出版社":"科技圖書  ","ISBN":null,"圖片網址":"https:\/\/cdn.kingstone.com.tw\/book\/images\/product\/20144\/2014430004239\/2014430004239b.jpg","書籍簡介":"0"}
{"書名":"水文工程學","書籍網站":"https:\/\/www.kingstone.com.tw\/\/basic\/2014430004369?zone=book&lid=book_class3_eeg&actid=book_class3_eeg","作者":"東華      ","出版社":"停售","ISBN":null,"圖片網址":"https:\/\/cdn.kingstone.com.tw\/book\/images\/product\/20144\/2014430004369\/2014430004369b.jpg","書籍簡介":"0"}
{"書名":"水文工程學","書籍網站":"https:\/\/www.kingstone.com.tw\/\/basic\/2014430004529?zone=book&lid=book_class3_eeg&actid=book_class3_eeg","作者":"東華      ","出版社":"停售","ISBN":null,"圖片網址":"https:\/\/cdn.kingstone.com.tw\/book\/images\/product\/20144\/2014430004529\/2014430004529b.jpg","書籍簡介":"0"}
{"書名":"水資源開發與河川水文","書籍網站":"https:\/\/www.kingstone.com.tw\/\/basic\/2014430004789?zone=book&lid=book_class3_eeg&actid=book_class3_eeg","作者":"張玉田","出版社":"徐氏文教  ","ISBN":null,"圖片網址":"https:\/\/cdn.kingstone.com.tw\/book\/images\/product\/20144\/2014430004789\/2014430004789b.jpg","書籍簡介":"0"}
{"書名":"海洋學論集","書籍網站":"https:\/\/www.kingstone.com.tw\/\/basic\/2013510000314?zone=book&lid=book_class3_eeg&actid=book_class3_eeg","作者":"關世傑","出版社":"文化大學  ","ISBN":null,"圖片網址":"https:\/\/cdn.kingstone.com.tw\/book\/images\/product\/20135\/2013510000314\/2013510000314b.jpg","書籍簡介":"0"}
{"書名":"海洋學","書籍網站":"https:\/\/www.kingstone.com.tw\/\/basic\/2013510000444?zone=book&lid=book_class3_eeg&actid=book_class3_eeg","作者":"陳奇珍","出版社":"大中國    ","ISBN":null,"圖片網址":"https:\/\/cdn.kingstone.com.tw\/book\/images\/product\/20135\/2013510000444\/2013510000444b.jpg","書籍簡介":"0"}
{"書名":"海洋學","書籍網站":"https:\/\/www.kingstone.com.tw\/\/basic\/2013510000574?zone=book&lid=book_class3_eeg&actid=book_class3_eeg","作者":"陳奇珍","出版社":"大中國    ","ISBN":null,"圖片網址":"https:\/\/cdn.kingstone.com.tw\/book\/images\/product\/20135\/2013510000574\/2013510000574b.jpg","書籍簡介":"0"}
{"書名":"海洋與陸地","書籍網站":"https:\/\/www.kingstone.com.tw\/\/basic\/2013510001236?zone=book&lid=book_class3_eeg&actid=book_class3_eeg","作者":"幼獅文化  ","出版社":"停售","ISBN":null,"圖片網址":"https:\/\/cdn.kingstone.com.tw\/book\/images\/product\/20135\/2013510001236\/2013510001236b.jpg","書籍簡介":"0"}
{"書名":"海洋富源","書籍網站":"https:\/\/www.kingstone.com.tw\/\/basic\/2013510001366?zone=book&lid=book_class3_eeg&actid=book_class3_eeg","作者":"今日世界  ","出版社":"停售","ISBN":null,"圖片網址":"https:\/\/cdn.kingstone.com.tw\/book\/images\/product\/20135\/2013510001366\/2013510001366b.jpg","書籍簡介":"0"}
{"書名":"陸移海轉","書籍網站":"https:\/\/www.kingstone.com.tw\/\/basic\/2013510001496?zone=book&lid=book_class3_eeg&actid=book_class3_eeg","作者":"今日世界  ","出版社":"停售","ISBN":null,"圖片網址":"https:\/\/cdn.kingstone.com.tw\/book\/images\/product\/20135\/2013510001496\/2013510001496b.jpg","書籍簡介":"0"}
{"書名":"海洋的誘惑","書籍網站":"https:\/\/www.kingstone.com.tw\/\/basic\/2013510001526?zone=book&lid=book_class3_eeg&actid=book_class3_eeg","作者":"馮鵬年","出版社":"中視文公  ","ISBN":null,"圖片網址":"https:\/\/cdn.kingstone.com.tw\/book\/images\/product\/20135\/2013510001526\/2013510001526b.jpg","書籍簡介":"0"}
{"書名":"海的科學９９個謎","書籍網站":"https:\/\/www.kingstone.com.tw\/\/basic\/2013510001816?zone=book&lid=book_class3_eeg&actid=book_class3_eeg","作者":"莊瑞蓮","出版社":"文皇      ","ISBN":null,"圖片網址":"https:\/\/cdn.kingstone.com.tw\/book\/images\/product\/20135\/2013510001816\/2013510001816b.jpg","書籍簡介":"0"}
{"書名":"海洋","書籍網站":"https:\/\/www.kingstone.com.tw\/\/basic\/2013510001946?zone=book&lid=book_class3_eeg&actid=book_class3_eeg","作者":"戚啟動","出版社":"季風      ","ISBN":null,"圖片網址":"https:\/\/cdn.kingstone.com.tw\/book\/images\/product\/20135\/2013510001946\/2013510001946b.jpg","書籍簡介":"0"}
{"書名":"海洋神秘事件","書籍網站":"https:\/\/www.kingstone.com.tw\/\/basic\/2013510002028?zone=book&lid=book_class3_eeg&actid=book_class3_eeg","作者":"標準      ","出版社":"停售","ISBN":null,"圖片網址":"https:\/\/cdn.kingstone.com.tw\/book\/images\/product\/20135\/2013510002028\/2013510002028b.jpg","書籍簡介":"0"}
{"書名":"海洋學","書籍網站":"https:\/\/www.kingstone.com.tw\/\/basic\/2013510003940?zone=book&lid=book_class3_eeg&actid=book_class3_eeg","作者":"開明      ","出版社":"停售","ISBN":null,"圖片網址":"https:\/\/cdn.kingstone.com.tw\/book\/images\/product\/20135\/2013510003940\/2013510003940b.jpg","書籍簡介":"0"}
{"書名":"水文學","書籍網站":"https:\/\/www.kingstone.com.tw\/\/basic\/2013510004152?zone=book&lid=book_class3_eeg&actid=book_class3_eeg","作者":"蔡光雄","出版社":"科技圖書  ","ISBN":null,"圖片網址":"https:\/\/cdn.kingstone.com.tw\/book\/images\/product\/20135\/2013510004152\/2013510004152b.jpg","書籍簡介":"0"}
{"書名":"水文學","書籍網站":"https:\/\/www.kingstone.com.tw\/\/basic\/2013510004312?zone=book&lid=book_class3_eeg&actid=book_class3_eeg","作者":"蔡光雄","出版社":"科技圖書  ","ISBN":null,"圖片網址":"https:\/\/cdn.kingstone.com.tw\/book\/images\/product\/20135\/2013510004312\/2013510004312b.jpg","書籍簡介":"0"}
{"書名":"普通海洋學","書籍網站":"https:\/\/www.kingstone.com.tw\/\/basic\/2013510005104?zone=book&lid=book_class3_eeg&actid=book_class3_eeg","作者":"徐氏文教  ","出版社":"停售","ISBN":null,"圖片網址":"https:\/\/cdn.kingstone.com.tw\/book\/images\/product\/20135\/2013510005104\/2013510005104b.jpg","書籍簡介":"0"}
{"書名":"水文氣象學","書籍網站":"https:\/\/www.kingstone.com.tw\/\/basic\/2013510005364?zone=book&lid=book_class3_eeg&actid=book_class3_eeg","作者":"徐氏文教  ","出版社":"停售","ISBN":null,"圖片網址":"https:\/\/cdn.kingstone.com.tw\/book\/images\/product\/20135\/2013510005364\/2013510005364b.jpg","書籍簡介":"0"}
{"書名":"海洋學概論","書籍網站":"https:\/\/www.kingstone.com.tw\/\/basic\/2013510005784?zone=book&lid=book_class3_eeg&actid=book_class3_eeg","作者":"徐氏文教  ","出版社":"停售","ISBN":null,"圖片網址":"https:\/\/cdn.kingstone.com.tw\/book\/images\/product\/20135\/2013510005784\/2013510005784b.jpg","書籍簡介":"0"}
{"書名":"太平洋的故事","書籍網站":"https:\/\/www.kingstone.com.tw\/\/basic\/2011400005692?zone=book&lid=book_class3_eeg&actid=book_class3_eeg","作者":"房龍","出版社":"大眾      ","ISBN":null,"圖片網址":"https:\/\/cdn.kingstone.com.tw\/book\/images\/product\/20114\/2011400005692\/2011400005692b.jpg","書籍簡介":"0"}
{"書名":"趣味海洋問題","書籍網站":"https:\/\/www.kingstone.com.tw\/\/basic\/2010830001069?zone=book&lid=book_class3_eeg&actid=book_class3_eeg","作者":"書泉      ","出版社":"貨到通知我","ISBN":null,"圖片網址":"https:\/\/cdn.kingstone.com.tw\/book\/images\/product\/20108\/2010830001069\/2010830001069b.jpg","書籍簡介":"0"}
{"書名":"最完美海水水族箱","書籍網站":"https:\/\/www.kingstone.com.tw\/\/basic\/2029930017900?zone=book&lid=book_class3_eeg&actid=book_class3_eeg","作者":"觀賞魚雜誌","出版社":"停售","ISBN":9789579989909.0,"圖片網址":"https:\/\/cdn.kingstone.com.tw\/book\/images\/product\/20299\/2029930017900\/2029930017900b.jpg","書籍簡介":"0"}
{"書名":"海洋觀賞魚圖鑑","書籍網站":"https:\/\/www.kingstone.com.tw\/\/basic\/2023880006137?zone=book&lid=book_class3_eeg&actid=book_class3_eeg","作者":"有為      ","出版社":"停售","ISBN":null,"圖片網址":"https:\/\/cdn.kingstone.com.tw\/book\/images\/product\/20238\/2023880006137\/2023880006137b.jpg","書籍簡介":"0"}
{"書名":"海洋哺乳類","書籍網站":"https:\/\/www.kingstone.com.tw\/\/basic\/2023890000903?zone=book&lid=book_class3_eeg&actid=book_class3_eeg","作者":"銀禾文化  ","出版社":"停售","ISBN":null,"圖片網址":"https:\/\/cdn.kingstone.com.tw\/book\/images\/product\/20238\/2023890000903\/2023890000903b.jpg","書籍簡介":"0"}
{"書名":"海洋與海島","書籍網站":"https:\/\/www.kingstone.com.tw\/\/basic\/2023510001099?zone=book&lid=book_class3_eeg&actid=book_class3_eeg","作者":"讀者文摘  ","出版社":"停售","ISBN":null,"圖片網址":"https:\/\/cdn.kingstone.com.tw\/book\/images\/product\/20235\/2023510001099\/2023510001099b.jpg","書籍簡介":"0"}
{"書名":"海底世界","書籍網站":"https:\/\/www.kingstone.com.tw\/\/basic\/2023510006179?zone=book&lid=book_class3_eeg&actid=book_class3_eeg","作者":"牛頓      ","出版社":"停售","ISBN":null,"圖片網址":"https:\/\/cdn.kingstone.com.tw\/book\/images\/product\/20235\/2023510006179\/2023510006179b.jpg","書籍簡介":"0"}
{"書名":"海洋化學概論","書籍網站":"https:\/\/www.kingstone.com.tw\/\/basic\/2023660000171?zone=book&lid=book_class3_eeg&actid=book_class3_eeg","作者":"黃正德","出版社":"大地出版社","ISBN":null,"圖片網址":"https:\/\/cdn.kingstone.com.tw\/book\/images\/product\/20236\/2023660000171\/2023660000171b.jpg","書籍簡介":"0"}
{"書名":"海洋浮游生物學","書籍網站":"https:\/\/www.kingstone.com.tw\/\/basic\/2013660001810?zone=book&lid=book_class3_eeg&actid=book_class3_eeg","作者":"鄭重","出版社":"水產      ","ISBN":null,"圖片網址":"https:\/\/cdn.kingstone.com.tw\/book\/images\/product\/20136\/2013660001810\/2013660001810b.jpg","書籍簡介":"0"}
{"書名":"水文學","書籍網站":"https:\/\/www.kingstone.com.tw\/\/basic\/2013510007788?zone=book&lid=book_class3_eeg&actid=book_class3_eeg","作者":"VIESSMAN.K","出版社":"科技圖書  ","ISBN":null,"圖片網址":"https:\/\/cdn.kingstone.com.tw\/book\/images\/product\/20135\/2013510007788\/2013510007788b.jpg","書籍簡介":"0"}
{"書名":"蘊孕生命的海洋","書籍網站":"https:\/\/www.kingstone.com.tw\/\/basic\/2023080113857?zone=book&lid=book_class3_eeg&actid=book_class3_eeg","作者":"護幼社文化","出版社":"停售","ISBN":null,"圖片網址":"https:\/\/cdn.kingstone.com.tw\/book\/images\/product\/20230\/2023080113857\/2023080113857b.jpg","書籍簡介":"0"}
{"書名":"海洋的秘密","書籍網站":"https:\/\/www.kingstone.com.tw\/\/basic\/2013080104849?zone=book&lid=book_class3_eeg&actid=book_class3_eeg","作者":"李世煒編著","出版社":"嘉鴻出版社","ISBN":null,"圖片網址":"https:\/\/cdn.kingstone.com.tw\/book\/images\/product\/20130\/2013080104849\/2013080104849b.jpg","書籍簡介":"0"}
{"書名":"海洋的探索","書籍網站":"https:\/\/www.kingstone.com.tw\/\/basic\/2013080100001?zone=book&lid=book_class3_eeg&actid=book_class3_eeg","作者":"大坤書局  ","出版社":"停售","ISBN":null,"圖片網址":"https:\/\/cdn.kingstone.com.tw\/book\/images\/product\/20130\/2013080100001\/2013080100001b.jpg","書籍簡介":"0"}
{"書名":"幼福有聲小百科海洋篇","書籍網站":"https:\/\/www.kingstone.com.tw\/\/basic\/2013080097677?zone=book&lid=book_class3_eeg&actid=book_class3_eeg","作者":"白姐姐主講","出版社":"幼福文化  ","ISBN":null,"圖片網址":"https:\/\/cdn.kingstone.com.tw\/book\/images\/product\/20130\/2013080097677\/2013080097677b.jpg","書籍簡介":"0"}
{"書名":"應用水文學","書籍網站":"https:\/\/www.kingstone.com.tw\/\/basic\/2013510007238?zone=book&lid=book_class3_eeg&actid=book_class3_eeg","作者":"王如意","出版社":"土木水利  ","ISBN":null,"圖片網址":"https:\/\/cdn.kingstone.com.tw\/book\/images\/product\/20135\/2013510007238\/2013510007238b.jpg","書籍簡介":"0"}
{"書名":"水文學","書籍網站":"https:\/\/www.kingstone.com.tw\/\/basic\/2013510007078?zone=book&lid=book_class3_eeg&actid=book_class3_eeg","作者":"宋希尚","出版社":"臺灣商務  ","ISBN":null,"圖片網址":"https:\/\/cdn.kingstone.com.tw\/book\/images\/product\/20135\/2013510007078\/2013510007078b.jpg","書籍簡介":"0"}
{"書名":"海底探險","書籍網站":"https:\/\/www.kingstone.com.tw\/\/basic\/2023510007831?zone=book&lid=book_class3_eeg&actid=book_class3_eeg","作者":"正中書局  ","出版社":"停售","ISBN":null,"圖片網址":"https:\/\/cdn.kingstone.com.tw\/book\/images\/product\/20235\/2023510007831\/2023510007831b.jpg","書籍簡介":"0"}
{"書名":"天空山川陸地海洋","書籍網站":"https:\/\/www.kingstone.com.tw\/\/basic\/2023080075582?zone=book&lid=book_class3_eeg&actid=book_class3_eeg","作者":"啟思      ","出版社":"停售","ISBN":null,"圖片網址":"https:\/\/cdn.kingstone.com.tw\/book\/images\/product\/20230\/2023080075582\/2023080075582b.jpg","書籍簡介":"0"}
{"書名":"海洋與人類","書籍網站":"https:\/\/www.kingstone.com.tw\/\/basic\/2013510006866?zone=book&lid=book_class3_eeg&actid=book_class3_eeg","作者":"徐氏文教  ","出版社":"停售","ISBN":null,"圖片網址":"https:\/\/cdn.kingstone.com.tw\/book\/images\/product\/20135\/2013510006866\/2013510006866b.jpg","書籍簡介":"0"}
{"書名":"海洋環境","書籍網站":"https:\/\/www.kingstone.com.tw\/\/basic\/2013510006736?zone=book&lid=book_class3_eeg&actid=book_class3_eeg","作者":"陸繼雄","出版社":"淑馨      ","ISBN":null,"圖片網址":"https:\/\/cdn.kingstone.com.tw\/book\/images\/product\/20135\/2013510006736\/2013510006736b.jpg","書籍簡介":"0"}
{"書名":"海洋地質學","書籍網站":"https:\/\/www.kingstone.com.tw\/\/basic\/2023510006629?zone=book&lid=book_class3_eeg&actid=book_class3_eeg","作者":"周瑞燉","出版社":"聯經      ","ISBN":null,"圖片網址":"https:\/\/cdn.kingstone.com.tw\/book\/images\/product\/20235\/2023510006629\/2023510006629b.jpg","書籍簡介":"0"}
{"書名":"水的故事","書籍網站":"https:\/\/www.kingstone.com.tw\/\/basic\/2023510006469?zone=book&lid=book_class3_eeg&actid=book_class3_eeg","作者":"牛頓      ","出版社":"停售","ISBN":null,"圖片網址":"https:\/\/cdn.kingstone.com.tw\/book\/images\/product\/20235\/2023510006469\/2023510006469b.jpg","書籍簡介":"0"}
{"書名":"海洋與生物","書籍網站":"https:\/\/www.kingstone.com.tw\/\/basic\/2013080065232?zone=book&lid=book_class3_eeg&actid=book_class3_eeg","作者":"李世煒","出版社":"嘉鴻出版社","ISBN":null,"圖片網址":"https:\/\/cdn.kingstone.com.tw\/book\/images\/product\/20130\/2013080065232\/2013080065232b.jpg","書籍簡介":"0"}
{"書名":"墾丁國家公園海岸植被","書籍網站":"https:\/\/www.kingstone.com.tw\/\/basic\/2013510006316?zone=book&lid=book_class3_eeg&actid=book_class3_eeg","作者":"陳玉","出版社":"墾丁公園管","ISBN":null,"圖片網址":"https:\/\/cdn.kingstone.com.tw\/book\/images\/product\/20135\/2013510006316\/2013510006316b.jpg","書籍簡介":"0"}
