{"書名":"簡易工程數學","書籍網站":"https:\/\/www.kingstone.com.tw\/\/basic\/2014400144484?zone=book&lid=book_class3_eic&actid=book_class3_eic","作者":"黃中彥","出版社":"五南      ","ISBN":9789571198781.0,"圖片網址":"https:\/\/cdn.kingstone.com.tw\/book\/images\/product\/20144\/2014400144484\/2014400144484b.jpg","書籍簡介":"\r\n\r\n工程數學是大專院校理工科系學生必修之科目且是各專業科目之基礎，本書以精闢簡要之文字來描述，避免使用艱澀的用詞，本書內容包含常微分方程式、拉氏轉換、富利葉分析、向量分析、矩陣、複變數分析等等，涵蓋工程數學最基礎、最重要的部份。使讀者能在短時間內對工程數學初步了解，立即應用在專業課程上。\r\n                    \r\n"}
{"書名":"技工手冊","書籍網站":"https:\/\/www.kingstone.com.tw\/\/basic\/2013030013443?zone=book&lid=book_class3_eic&actid=book_class3_eic","作者":"陳文海","出版社":"世一文化  ","ISBN":4719742140603.0,"圖片網址":"https:\/\/cdn.kingstone.com.tw\/book\/images\/product\/20130\/2013030013443\/2013030013443b.jpg","書籍簡介":"\r\n\r\n內容有單位換算對照表、應用數學、案工基本畫線法、金屬材料重量表、熱處理法等。\r\n                    \r\n"}
{"書名":"圖解建築的數學‧物理教室","書籍網站":"https:\/\/www.kingstone.com.tw\/\/basic\/2014400128958?zone=book&lid=book_class3_eic&actid=book_class3_eic","作者":"原口秀昭","出版社":"積木文化  ","ISBN":9789865865146.0,"圖片網址":"https:\/\/cdn.kingstone.com.tw\/book\/images\/product\/20144\/2014400128958\/2014400128958b.jpg","書籍簡介":"\r\n\r\n從零開始打穩一定要知道的地基一次精通建構木造、RC造、S造建築不可不知的數理基礎！你是對建築或設計有興趣，但聽到向量、力學就倒退三尺的人嗎？你是否看到教科書裡的數理公式就哈欠連連呢？翻開這本書，讓數學、物理成為你最實用的理論工具！◎ 全書262回合，1頁1回合、只要3分鐘，讓你了解一項重要的數理觀念。◎ 輕鬆有趣的漫畫問答，瞬間釐清已經忘記或總是一知半解的公式原理。什麼是牛頓？什麼是焦耳？重量和質量不一樣嗎？kgf和kg差在哪裡？log又是什麼？何時會用到向量？微積分可以做什麼？為什麼弧度或立體角是必要的？面對這些看似簡單的基礎問題，在你腦海中是否可以找到明確的答案？高中學過的數學與物理，是不是已經忘得差不多了？本書將成為經常陷入迷惘的理工科學生及建築相關從業者的最佳專屬助教。由牛頓、焦耳開始，依照建築設計的學習階段精心編排。輕鬆的口吻，配上生動的漫畫，任何人只要從頭開始閱讀，就可以一步步打下數學與物理的穩固基礎，還有必備的化學知識與關鍵的建築原理，不僅是初入門的工科學生必備的基礎知識手冊，更是實務工作者或有志從事設計，卻對理科知識缺乏信心的人，不可錯過的實戰寶典！\r\n                    \r\n"}
{"書名":"工程數學（下）（洪）","書籍網站":"https:\/\/www.kingstone.com.tw\/\/basic\/2014460197253?zone=book&lid=book_class3_eic&actid=book_class3_eic","作者":"洪賢昇編著","出版社":"五南      ","ISBN":9789571146263.0,"圖片網址":"https:\/\/cdn.kingstone.com.tw\/book\/images\/product\/20144\/2014460197253\/2014460197253b.jpg","書籍簡介":"\r\n\r\n\r\n\t工程數學是工程相關科系的必修課程，對於工程各領域的專業應用，提供基礎的數學理論和方法。本書係依據教育部所訂之「工程數學」課程標準編著完成，適合大專院校理工科系教學和專業人員自修及參考之用。\r\n\r\n\t \r\n\r\n\t基於作者多年來教授「工程數學」的心得，本書在內容的編排上力求簡明，使修習者易讀易懂。\r\n\r\n\t每一章節的觀念，均有例題的演算來說明，並提供各類型的習題以供讀者自我練習。此外，於附錄中附有每一章節的習題解答，供研習者核對結果，以期得到學以致用之成效。為了講求實用性，每章均有工程應用實例，以引發讀者的學習興趣。\r\n\r\n\t \r\n\r\n\t本書分成上、下兩冊，共九章：上冊內容有五章，分別為第一章：一階微分方程式、第二章：二階及高階線性微分方程式、第三章：拉普拉斯轉換、第四章：矩陣與行列式、第五章：矩陣的分析與應用；下冊內容有四章，分別為第六章：向量微積分、第七章：傅立葉分析、第八章：偏微分方程式、第九章：複變函數分析。授課教師可視學生科系和授課時數，對於章節內容加以取捨，以期收到最佳的學習效果。\r\n\r\n"}
{"書名":"基礎工程數學","書籍網站":"https:\/\/www.kingstone.com.tw\/\/basic\/2014460197383?zone=book&lid=book_class3_eic&actid=book_class3_eic","作者":"黃學亮編著","出版社":"五南      ","ISBN":9789571155852.0,"圖片網址":"https:\/\/cdn.kingstone.com.tw\/book\/images\/product\/20144\/2014460197383\/2014460197383b.jpg","書籍簡介":"\r\n\r\n\r\n\t工程數學是大專院校理工科系學生必修之科目且是各專業科目之基礎，本書以精闢簡要之文字來描述，避免使用艱澀的用詞，本書內容包含常微分方程式、拉氏轉 換、富利葉分析、向量分析、矩陣、複變數分析等等，涵蓋工程數學最基礎、最重要的部份。使讀者能在短時間內對工程數學初步了解，立即應用在專業課程上。\r\n\r\n"}
{"書名":"工程數學（上）","書籍網站":"https:\/\/www.kingstone.com.tw\/\/basic\/2014400096882?zone=book&lid=book_class3_eic&actid=book_class3_eic","作者":"洪賢昇","出版社":"五南      ","ISBN":9789571143835.0,"圖片網址":"https:\/\/cdn.kingstone.com.tw\/book\/images\/product\/20144\/2014400096882\/2014400096882b.jpg","書籍簡介":"\r\n\r\n工程數學是工程相關科系的必修課程，對於工程各領域的專業應用，提供基礎的數學理論和方法。本書係依據教育部所訂之「工程數學」課程標準編著完成，適合大專院校理工科系教學和專業人員自修及參考之用。　　基於作者多年來教授「工程數學」的心得，本書在內容的編排上力求簡明，使修習者易讀易懂。每一章節的觀念，均有例題的演算來說明，並提供各類型的習題以供讀者自我練習。此外，於附錄中附有每一章節的習題解答，供研習者核對結果，以期得到學以致用之成效。為了講求實用性，每章均有工程應用實例，以引發讀者的學習興趣。本書分成上、下兩冊，共九章：上冊內容有五章，分別為第一章：一階微分方程式、第二章： 二階及高階線性微分方程式、第三章：拉普拉斯轉換、第四章：矩陣與行列式、第五章： 矩陣的分析與應用；下冊內容有四章，分別為第六章：向量微積分、第七章：傅立葉分析、第八章：偏微分方程式、第九章：複變函數分析。授課教師可視學生科系和授課時數，對於章節內容加以取捨，以期收到最佳的學習效果。 \r\n\r\n"}
{"書名":"工程數學（下）","書籍網站":"https:\/\/www.kingstone.com.tw\/\/basic\/2014400083769?zone=book&lid=book_class3_eic&actid=book_class3_eic","作者":"吳文棋","出版社":"五南      ","ISBN":9789571118994.0,"圖片網址":"https:\/\/cdn.kingstone.com.tw\/book\/images\/product\/20144\/2014400083769\/2014400083769b.jpg","書籍簡介":"0"}
{"書名":"工程數學（精華版）","書籍網站":"https:\/\/www.kingstone.com.tw\/\/basic\/2014400083189?zone=book&lid=book_class3_eic&actid=book_class3_eic","作者":"蔡曜光","出版社":"揚智文化  ","ISBN":9789578637894.0,"圖片網址":"https:\/\/cdn.kingstone.com.tw\/book\/images\/product\/20144\/2014400083189\/2014400083189b.jpg","書籍簡介":"\r\n\r\n工程數學\r\n　本書特色：\r\n\r\n　‧內容廣博，由淺入深－囊括各名書之主要內容。\r\n\r\n　‧例題充裕，技巧解題－去除煩雜方法提供訣竅。\r\n\r\n　‧理論推導，精簡扼要－步驟清晰避免死背原理。\r\n\r\n　‧考題收集，應考利器－近年來機關及各校題庫。\r\n\r\n　‧精選習題，皆附答案－便利讀者複習測驗之用。\r\n                    \r\n"}
{"書名":"向量分析","書籍網站":"https:\/\/www.kingstone.com.tw\/\/basic\/2014460200007?zone=book&lid=book_class3_eic&actid=book_class3_eic","作者":"施仁斌","出版社":"五南      ","ISBN":9789571155647.0,"圖片網址":"https:\/\/cdn.kingstone.com.tw\/book\/images\/product\/20144\/2014460200007\/2014460200007b.jpg","書籍簡介":"\r\n\r\n分析向量為大學部工程數學的一部分，電磁波、光學、近代物理都有向量分析的影子，而電磁學、光學、近代物理等物理，就是將來電子產品、通訊產品、能源產品至奈米科學、生醫電子等之研習基石，足見向量分析這門數學的重要影響。本書的內容，著重於計算能力提升與定理的理解與應用，以因應未來銜接課程，如電磁學，因電磁學極為抽象難理解，需透過數學推導計算，才能得到精確的結果或才能得到精準物理現象的解釋，例如馬克士威爾第一式在說明電荷產生多大的電場與方向，第二式說明，電流產生多大的磁場與方向等，要精確計算出電荷產生的電場大小、方向，電流產生的磁場大小和方向，甚至電磁波中精確計算出，波在兩介質間的反射率、穿透率、阻抗等等，就都需相當熟悉向量分析的數學計算。因基於目前向量分析中文書非常少，且缺乏有詳細說明的內容與觀念及合宜的練習題與範例，本書相當合適理工、資電等大學部的同學入門研讀。\r\n                    \r\n"}
{"書名":"工程數學：微分方程","書籍網站":"https:\/\/www.kingstone.com.tw\/\/basic\/2014460199417?zone=book&lid=book_class3_eic&actid=book_class3_eic","作者":"鄭義榮編著","出版社":"五南      ","ISBN":9789571160221.0,"圖片網址":"https:\/\/cdn.kingstone.com.tw\/book\/images\/product\/20144\/2014460199417\/2014460199417b.jpg","書籍簡介":"\r\n\r\n\r\n本書特色\r\n\r\n\t◎內容簡明精要，易讀易懂\r\n\t◎例題類型多元，面面俱到\r\n\t◎歷屆試題演練，熟悉題型\r\n\r\n\t \r\n\r\n\t本書係專為大專院校理工科系學生所編寫的「工程數學」教材，主要針對「工程數學」中之常微分方程(ODE)、傅立葉分析(Fourier)以及偏微分方程(PDE)作一編寫。\r\n\r\n\t \r\n\r\n\t本書編輯之重點，即把「工程數學」之基本原理與理論之核心內容解釋交代清楚，並輔以例題來加以演練與驗證。同時於每一章最後一節，收納整理了歷屆研究所試題以供練習，並讓學生明瞭每一試題皆是由「工程數學」之基本原理與理論所衍生而出，因此若能熟練其基本原理與理論，相信能在工程數學這一學科上有不錯之成績。\r\n\r\n"}
{"書名":"工程數學寶典(上冊)","書籍網站":"https:\/\/www.kingstone.com.tw\/\/basic\/2014400102682?zone=book&lid=book_class3_eic&actid=book_class3_eic","作者":"宋子文","出版社":"偉文      ","ISBN":9789866512162.0,"圖片網址":"https:\/\/cdn.kingstone.com.tw\/book\/images\/product\/20144\/2014400102682\/2014400102682b.jpg","書籍簡介":"\r\n\r\n本書內容包含：第一章　基礎微積分第二章　一階微分方程式第三章　高階微分方程式第四章　級數解第五章　特殊函數第六章　Strum Liouville邊界值問題第七章　Fourier級數第八章　Laplace轉換第九章　偏微分方程式\r\n                    \r\n"}
{"書名":"工程數學寶典(下冊)","書籍網站":"https:\/\/www.kingstone.com.tw\/\/basic\/2014400102712?zone=book&lid=book_class3_eic&actid=book_class3_eic","作者":"宋子文","出版社":"偉文      ","ISBN":9789866512186.0,"圖片網址":"https:\/\/cdn.kingstone.com.tw\/book\/images\/product\/20144\/2014400102712\/2014400102712b.jpg","書籍簡介":"\r\n\r\n本書內容包含：第十章　基礎向量分析及向量函數的微分微積分第十一章　複變函數分析第十二章　矩陣分析\r\n                    \r\n"}
{"書名":"工程數學-上冊","書籍網站":"https:\/\/www.kingstone.com.tw\/\/basic\/2014400097414?zone=book&lid=book_class3_eic&actid=book_class3_eic","作者":"陳自雄","出版社":"儒林圖書  ","ISBN":9789574997947.0,"圖片網址":"https:\/\/cdn.kingstone.com.tw\/book\/images\/product\/20144\/2014400097414\/2014400097414b.jpg","書籍簡介":"0"}
{"書名":"工程數學：提昇雙語＆工程應用能力","書籍網站":"https:\/\/www.kingstone.com.tw\/\/basic\/2014000005611?zone=book&lid=book_class3_eic&actid=book_class3_eic","作者":"繆紹綱","出版社":"全華      ","ISBN":9789572137550.0,"圖片網址":"https:\/\/cdn.kingstone.com.tw\/book\/images\/product\/20140\/2014000005611\/2014000005611b.jpg","書籍簡介":"0"}
{"書名":"高等工程數學（上）5ed","書籍網站":"https:\/\/www.kingstone.com.tw\/\/basic\/2014400090330?zone=book&lid=book_class3_eic&actid=book_class3_eic","作者":"蘇金佳","出版社":"東華      ","ISBN":9789812347374.0,"圖片網址":"https:\/\/cdn.kingstone.com.tw\/book\/images\/product\/20144\/2014400090330\/2014400090330b.jpg","書籍簡介":"0"}
{"書名":"工程數學第三版","書籍網站":"https:\/\/www.kingstone.com.tw\/\/basic\/2014400090590?zone=book&lid=book_class3_eic&actid=book_class3_eic","作者":"莊紹容．楊","出版社":"東華      ","ISBN":9789574831968.0,"圖片網址":"https:\/\/cdn.kingstone.com.tw\/book\/images\/product\/20144\/2014400090590\/2014400090590b.jpg","書籍簡介":"0"}
{"書名":"控制系統數學（修訂版）","書籍網站":"https:\/\/www.kingstone.com.tw\/\/basic\/2013000057835?zone=book&lid=book_class3_eic&actid=book_class3_eic","作者":"林俊良","出版社":"全華      ","ISBN":9789572128985.0,"圖片網址":"https:\/\/cdn.kingstone.com.tw\/book\/images\/product\/20130\/2013000057835\/2013000057835b.jpg","書籍簡介":"0"}
{"書名":"工程數學（上）","書籍網站":"https:\/\/www.kingstone.com.tw\/\/basic\/2013000024868?zone=book&lid=book_class3_eic&actid=book_class3_eic","作者":"許桂敏","出版社":"全華      ","ISBN":9789572139578.0,"圖片網址":"https:\/\/cdn.kingstone.com.tw\/book\/images\/product\/20130\/2013000024868\/2013000024868b.jpg","書籍簡介":"0"}
{"書名":"基礎工程數學（修訂版）","書籍網站":"https:\/\/www.kingstone.com.tw\/\/basic\/2013000024998?zone=book&lid=book_class3_eic&actid=book_class3_eic","作者":"黃學亮","出版社":"全華      ","ISBN":9789572137703.0,"圖片網址":"https:\/\/cdn.kingstone.com.tw\/book\/images\/product\/20130\/2013000024998\/2013000024998b.jpg","書籍簡介":"0"}
{"書名":"高等工程數學（下）第八版","書籍網站":"https:\/\/www.kingstone.com.tw\/\/basic\/2013000025070?zone=book&lid=book_class3_eic&actid=book_class3_eic","作者":"杜鳳棋","出版社":"全華      ","ISBN":9789572130933.0,"圖片網址":"https:\/\/cdn.kingstone.com.tw\/book\/images\/product\/20130\/2013000025070\/2013000025070b.jpg","書籍簡介":"0"}
{"書名":"高等工程數學（上）第八版","書籍網站":"https:\/\/www.kingstone.com.tw\/\/basic\/2013000025100?zone=book&lid=book_class3_eic&actid=book_class3_eic","作者":"黃冠達．莊","出版社":"全華      ","ISBN":9789572127506.0,"圖片網址":"https:\/\/cdn.kingstone.com.tw\/book\/images\/product\/20130\/2013000025100\/2013000025100b.jpg","書籍簡介":"0"}
{"書名":"工程數學","書籍網站":"https:\/\/www.kingstone.com.tw\/\/basic\/2013100048184?zone=book&lid=book_class3_eic&actid=book_class3_eic","作者":"陳在泩","出版社":"儒林圖書  ","ISBN":9789574995509.0,"圖片網址":"https:\/\/cdn.kingstone.com.tw\/book\/images\/product\/20131\/2013100048184\/2013100048184b.jpg","書籍簡介":"0"}
{"書名":"工程數學寶典","書籍網站":"https:\/\/www.kingstone.com.tw\/\/basic\/2014712016462?zone=book&lid=book_class3_eic&actid=book_class3_eic","作者":"劉金祿","出版社":"儒林圖書  ","ISBN":9789574992676.0,"圖片網址":"https:\/\/cdn.kingstone.com.tw\/book\/images\/product\/20147\/2014712016462\/2014712016462b.jpg","書籍簡介":"0"}
{"書名":"工程數學（上）","書籍網站":"https:\/\/www.kingstone.com.tw\/\/basic\/2014400083639?zone=book&lid=book_class3_eic&actid=book_class3_eic","作者":"吳文棋","出版社":"五南      ","ISBN":9789571118970.0,"圖片網址":"https:\/\/cdn.kingstone.com.tw\/book\/images\/product\/20144\/2014400083639\/2014400083639b.jpg","書籍簡介":"0"}
{"書名":"工程數學","書籍網站":"https:\/\/www.kingstone.com.tw\/\/basic\/2014400083059?zone=book&lid=book_class3_eic&actid=book_class3_eic","作者":"蔡曜光","出版社":"揚智文化  ","ISBN":9789578637887.0,"圖片網址":"https:\/\/cdn.kingstone.com.tw\/book\/images\/product\/20144\/2014400083059\/2014400083059b.jpg","書籍簡介":"\r\n\r\n工程數學\r\n　本書特色：\r\n\r\n　‧內容廣博，由淺入深－囊括各名書之主要內容。\r\n\r\n　‧例題充裕，技巧解題－去除煩雜方法提供訣竅。\r\n\r\n　‧理論推導，精簡扼要－步驟清晰避免死背原理。\r\n\r\n　‧考題收集，應考利器－近年來機關及各校題庫。\r\n\r\n　‧精選習題，皆附答案－便利讀者複習測驗之用。\r\n                    \r\n"}
{"書名":"工程數學","書籍網站":"https:\/\/www.kingstone.com.tw\/\/basic\/2014400082427?zone=book&lid=book_class3_eic&actid=book_class3_eic","作者":"李文勳","出版社":"科技圖書  ","ISBN":9789576552564.0,"圖片網址":"https:\/\/cdn.kingstone.com.tw\/book\/images\/product\/20144\/2014400082427\/2014400082427b.jpg","書籍簡介":"0"}
{"書名":"工程數學","書籍網站":"https:\/\/www.kingstone.com.tw\/\/basic\/2014400081895?zone=book&lid=book_class3_eic&actid=book_class3_eic","作者":"蔡繁仁","出版社":"全華      ","ISBN":9789572111321.0,"圖片網址":"https:\/\/cdn.kingstone.com.tw\/book\/images\/product\/20144\/2014400081895\/2014400081895b.jpg","書籍簡介":"0"}
{"書名":"工桯數學","書籍網站":"https:\/\/www.kingstone.com.tw\/\/basic\/2014400081635?zone=book&lid=book_class3_eic&actid=book_class3_eic","作者":"蔡曜光","出版社":"漢忠文化  ","ISBN":9789579929066.0,"圖片網址":"https:\/\/cdn.kingstone.com.tw\/book\/images\/product\/20144\/2014400081635\/2014400081635b.jpg","書籍簡介":"0"}
{"書名":"工程數學 上冊","書籍網站":"https:\/\/www.kingstone.com.tw\/\/basic\/2014400081505?zone=book&lid=book_class3_eic&actid=book_class3_eic","作者":"鄒宏基","出版社":"儒林圖書  ","ISBN":9789576527210.0,"圖片網址":"https:\/\/cdn.kingstone.com.tw\/book\/images\/product\/20144\/2014400081505\/2014400081505b.jpg","書籍簡介":"0"}
{"書名":"工程數學精要與詳解","書籍網站":"https:\/\/www.kingstone.com.tw\/\/basic\/2014400081475?zone=book&lid=book_class3_eic&actid=book_class3_eic","作者":"鄒宏基","出版社":"儒林圖書  ","ISBN":9789576527227.0,"圖片網址":"https:\/\/cdn.kingstone.com.tw\/book\/images\/product\/20144\/2014400081475\/2014400081475b.jpg","書籍簡介":"0"}
{"書名":"工程數學（全）","書籍網站":"https:\/\/www.kingstone.com.tw\/\/basic\/2014400081345?zone=book&lid=book_class3_eic&actid=book_class3_eic","作者":"鄒宏基","出版社":"儒林圖書  ","ISBN":9789576527029.0,"圖片網址":"https:\/\/cdn.kingstone.com.tw\/book\/images\/product\/20144\/2014400081345\/2014400081345b.jpg","書籍簡介":"0"}
{"書名":"高考工程數學總整理（上）","書籍網站":"https:\/\/www.kingstone.com.tw\/\/basic\/2014400080393?zone=book&lid=book_class3_eic&actid=book_class3_eic","作者":"陳逸青","出版社":"全華      ","ISBN":9789572107621.0,"圖片網址":"https:\/\/cdn.kingstone.com.tw\/book\/images\/product\/20144\/2014400080393\/2014400080393b.jpg","書籍簡介":"0"}
{"書名":"工程數學（上）","書籍網站":"https:\/\/www.kingstone.com.tw\/\/basic\/2014400079434?zone=book&lid=book_class3_eic&actid=book_class3_eic","作者":"林炳宏","出版社":"全華      ","ISBN":9789572106778.0,"圖片網址":"https:\/\/cdn.kingstone.com.tw\/book\/images\/product\/20144\/2014400079434\/2014400079434b.jpg","書籍簡介":"0"}
{"書名":"工程數學（下冊）","書籍網站":"https:\/\/www.kingstone.com.tw\/\/basic\/2014400079724?zone=book&lid=book_class3_eic&actid=book_class3_eic","作者":"鄒宏基編著","出版社":"儒林圖書  ","ISBN":9789576526282.0,"圖片網址":"https:\/\/cdn.kingstone.com.tw\/book\/images\/product\/20144\/2014400079724\/2014400079724b.jpg","書籍簡介":"0"}
{"書名":"工程數學學習要訣（專科版）","書籍網站":"https:\/\/www.kingstone.com.tw\/\/basic\/2014400079014?zone=book&lid=book_class3_eic&actid=book_class3_eic","作者":"劉明昌","出版社":"文笙書局  ","ISBN":null,"圖片網址":"https:\/\/cdn.kingstone.com.tw\/book\/images\/product\/20144\/2014400079014\/2014400079014b.jpg","書籍簡介":"0"}
{"書名":"工程數值方法：附BASIC與FORTRAN程式範","書籍網站":"https:\/\/www.kingstone.com.tw\/\/basic\/2013100028780?zone=book&lid=book_class3_eic&actid=book_class3_eic","作者":"全華      ","出版社":"停售","ISBN":9789578967007.0,"圖片網址":"https:\/\/cdn.kingstone.com.tw\/book\/images\/product\/20131\/2013100028780\/2013100028780b.jpg","書籍簡介":"0"}
{"書名":"工程數學（上冊）","書籍網站":"https:\/\/www.kingstone.com.tw\/\/basic\/2014400079694?zone=book&lid=book_class3_eic&actid=book_class3_eic","作者":"鄒宏基編著","出版社":"儒林圖書  ","ISBN":9789576526169.0,"圖片網址":"https:\/\/cdn.kingstone.com.tw\/book\/images\/product\/20144\/2014400079694\/2014400079694b.jpg","書籍簡介":"0"}
{"書名":"高等工程數學（下）第七版","書籍網站":"https:\/\/www.kingstone.com.tw\/\/basic\/2014400078802?zone=book&lid=book_class3_eic&actid=book_class3_eic","作者":"羅如燕","出版社":"全華      ","ISBN":9789572105672.0,"圖片網址":"https:\/\/cdn.kingstone.com.tw\/book\/images\/product\/20144\/2014400078802\/2014400078802b.jpg","書籍簡介":"0"}
{"書名":"高等工程數學（上）第七版","書籍網站":"https:\/\/www.kingstone.com.tw\/\/basic\/2014400078192?zone=book&lid=book_class3_eic&actid=book_class3_eic","作者":"ERWIN KREYSZ","出版社":"全華      ","ISBN":9789572104750.0,"圖片網址":"https:\/\/cdn.kingstone.com.tw\/book\/images\/product\/20144\/2014400078192\/2014400078192b.jpg","書籍簡介":"0"}
{"書名":"工程數學考題分析整理","書籍網站":"https:\/\/www.kingstone.com.tw\/\/basic\/2014400077690?zone=book&lid=book_class3_eic&actid=book_class3_eic","作者":"陳新得","出版社":"全華      ","ISBN":null,"圖片網址":"https:\/\/cdn.kingstone.com.tw\/book\/images\/product\/20144\/2014400077690\/2014400077690b.jpg","書籍簡介":"0"}
{"書名":"高等工程數學（下冊）","書籍網站":"https:\/\/www.kingstone.com.tw\/\/basic\/2014400077010?zone=book&lid=book_class3_eic&actid=book_class3_eic","作者":"ERWIN KREYSZ","出版社":"新陸書局  ","ISBN":9789579147101.0,"圖片網址":"https:\/\/cdn.kingstone.com.tw\/book\/images\/product\/20144\/2014400077010\/2014400077010b.jpg","書籍簡介":"0"}
{"書名":"工程數學","書籍網站":"https:\/\/www.kingstone.com.tw\/\/basic\/2015210855935?zone=book&lid=book_class3_eic&actid=book_class3_eic","作者":"必成      ","出版社":"停售","ISBN":null,"圖片網址":"https:\/\/cdn.kingstone.com.tw\/book\/images\/product\/20152\/2015210855935\/2015210855935b.jpg","書籍簡介":"0"}
{"書名":"高等工程數學","書籍網站":"https:\/\/www.kingstone.com.tw\/\/basic\/2014400007741?zone=book&lid=book_class3_eic&actid=book_class3_eic","作者":"大行      ","出版社":"停售","ISBN":null,"圖片網址":"https:\/\/cdn.kingstone.com.tw\/book\/images\/product\/20144\/2014400007741\/2014400007741b.jpg","書籍簡介":"0"}
{"書名":"高等工程數學","書籍網站":"https:\/\/www.kingstone.com.tw\/\/basic\/2014400007871?zone=book&lid=book_class3_eic&actid=book_class3_eic","作者":"大行      ","出版社":"停售","ISBN":null,"圖片網址":"https:\/\/cdn.kingstone.com.tw\/book\/images\/product\/20144\/2014400007871\/2014400007871b.jpg","書籍簡介":"0"}
{"書名":"工程數學","書籍網站":"https:\/\/www.kingstone.com.tw\/\/basic\/2014400013070?zone=book&lid=book_class3_eic&actid=book_class3_eic","作者":"文源      ","出版社":"停售","ISBN":null,"圖片網址":"https:\/\/cdn.kingstone.com.tw\/book\/images\/product\/20144\/2014400013070\/2014400013070b.jpg","書籍簡介":"0"}
{"書名":"工程數學","書籍網站":"https:\/\/www.kingstone.com.tw\/\/basic\/2014400013100?zone=book&lid=book_class3_eic&actid=book_class3_eic","作者":"文源      ","出版社":"停售","ISBN":null,"圖片網址":"https:\/\/cdn.kingstone.com.tw\/book\/images\/product\/20144\/2014400013100\/2014400013100b.jpg","書籍簡介":"0"}
{"書名":"高等工程數學詳解","書籍網站":"https:\/\/www.kingstone.com.tw\/\/basic\/2014400020641?zone=book&lid=book_class3_eic&actid=book_class3_eic","作者":"劉建勛","出版社":"超博      ","ISBN":null,"圖片網址":"https:\/\/cdn.kingstone.com.tw\/book\/images\/product\/20144\/2014400020641\/2014400020641b.jpg","書籍簡介":"0"}
{"書名":"高等工程數學精解","書籍網站":"https:\/\/www.kingstone.com.tw\/\/basic\/2014400020771?zone=book&lid=book_class3_eic&actid=book_class3_eic","作者":"劉建勛","出版社":"超博      ","ISBN":null,"圖片網址":"https:\/\/cdn.kingstone.com.tw\/book\/images\/product\/20144\/2014400020771\/2014400020771b.jpg","書籍簡介":"0"}
{"書名":"高等工程數學","書籍網站":"https:\/\/www.kingstone.com.tw\/\/basic\/2014400023277?zone=book&lid=book_class3_eic&actid=book_class3_eic","作者":"丁錫鏞","出版社":"國家      ","ISBN":null,"圖片網址":"https:\/\/cdn.kingstone.com.tw\/book\/images\/product\/20144\/2014400023277\/2014400023277b.jpg","書籍簡介":"0"}
{"書名":"高等工程數學","書籍網站":"https:\/\/www.kingstone.com.tw\/\/basic\/2014400023307?zone=book&lid=book_class3_eic&actid=book_class3_eic","作者":"丁錫鏞","出版社":"國家      ","ISBN":null,"圖片網址":"https:\/\/cdn.kingstone.com.tw\/book\/images\/product\/20144\/2014400023307\/2014400023307b.jpg","書籍簡介":"0"}
{"書名":"高等工程數學習題詳解","書籍網站":"https:\/\/www.kingstone.com.tw\/\/basic\/2014400023437?zone=book&lid=book_class3_eic&actid=book_class3_eic","作者":"丁錫鏞","出版社":"國家      ","ISBN":null,"圖片網址":"https:\/\/cdn.kingstone.com.tw\/book\/images\/product\/20144\/2014400023437\/2014400023437b.jpg","書籍簡介":"0"}
{"書名":"高等工程數學習題詳解","書籍網站":"https:\/\/www.kingstone.com.tw\/\/basic\/2014400023567?zone=book&lid=book_class3_eic&actid=book_class3_eic","作者":"丁錫鏞","出版社":"國家      ","ISBN":null,"圖片網址":"https:\/\/cdn.kingstone.com.tw\/book\/images\/product\/20144\/2014400023567\/2014400023567b.jpg","書籍簡介":"0"}
{"書名":"高等工程數學","書籍網站":"https:\/\/www.kingstone.com.tw\/\/basic\/2014400023987?zone=book&lid=book_class3_eic&actid=book_class3_eic","作者":"袁定培","出版社":"東華      ","ISBN":null,"圖片網址":"https:\/\/cdn.kingstone.com.tw\/book\/images\/product\/20144\/2014400023987\/2014400023987b.jpg","書籍簡介":"0"}
{"書名":"高等工程數學","書籍網站":"https:\/\/www.kingstone.com.tw\/\/basic\/2014400024069?zone=book&lid=book_class3_eic&actid=book_class3_eic","作者":"袁定培","出版社":"東華      ","ISBN":null,"圖片網址":"https:\/\/cdn.kingstone.com.tw\/book\/images\/product\/20144\/2014400024069\/2014400024069b.jpg","書籍簡介":"0"}
{"書名":"高等工程數學","書籍網站":"https:\/\/www.kingstone.com.tw\/\/basic\/2014400024199?zone=book&lid=book_class3_eic&actid=book_class3_eic","作者":"袁定培","出版社":"東華      ","ISBN":null,"圖片網址":"https:\/\/cdn.kingstone.com.tw\/book\/images\/product\/20144\/2014400024199\/2014400024199b.jpg","書籍簡介":"0"}
{"書名":"高等工程數學","書籍網站":"https:\/\/www.kingstone.com.tw\/\/basic\/2014400024229?zone=book&lid=book_class3_eic&actid=book_class3_eic","作者":"東華      ","出版社":"停售","ISBN":null,"圖片網址":"https:\/\/cdn.kingstone.com.tw\/book\/images\/product\/20144\/2014400024229\/2014400024229b.jpg","書籍簡介":"0"}
{"書名":"高等工程數學","書籍網站":"https:\/\/www.kingstone.com.tw\/\/basic\/2014400024359?zone=book&lid=book_class3_eic&actid=book_class3_eic","作者":"黃文儀","出版社":"東華      ","ISBN":null,"圖片網址":"https:\/\/cdn.kingstone.com.tw\/book\/images\/product\/20144\/2014400024359\/2014400024359b.jpg","書籍簡介":"0"}
{"書名":"高等工程數學","書籍網站":"https:\/\/www.kingstone.com.tw\/\/basic\/2014400024489?zone=book&lid=book_class3_eic&actid=book_class3_eic","作者":"黃文儀","出版社":"東華      ","ISBN":null,"圖片網址":"https:\/\/cdn.kingstone.com.tw\/book\/images\/product\/20144\/2014400024489\/2014400024489b.jpg","書籍簡介":"0"}
{"書名":"高等工程數學","書籍網站":"https:\/\/www.kingstone.com.tw\/\/basic\/2014400024519?zone=book&lid=book_class3_eic&actid=book_class3_eic","作者":"黃文儀","出版社":"東華      ","ISBN":null,"圖片網址":"https:\/\/cdn.kingstone.com.tw\/book\/images\/product\/20144\/2014400024519\/2014400024519b.jpg","書籍簡介":"0"}
{"書名":"高等工程數學","書籍網站":"https:\/\/www.kingstone.com.tw\/\/basic\/2014400024649?zone=book&lid=book_class3_eic&actid=book_class3_eic","作者":"黃文儀","出版社":"東華      ","ISBN":null,"圖片網址":"https:\/\/cdn.kingstone.com.tw\/book\/images\/product\/20144\/2014400024649\/2014400024649b.jpg","書籍簡介":"0"}
{"書名":"KREYSZIG高等工程數學","書籍網站":"https:\/\/www.kingstone.com.tw\/\/basic\/2014400025011?zone=book&lid=book_class3_eic&actid=book_class3_eic","作者":"超博      ","出版社":"停售","ISBN":null,"圖片網址":"https:\/\/cdn.kingstone.com.tw\/book\/images\/product\/20144\/2014400025011\/2014400025011b.jpg","書籍簡介":"0"}
{"書名":"高等工程數學","書籍網站":"https:\/\/www.kingstone.com.tw\/\/basic\/2014400025721?zone=book&lid=book_class3_eic&actid=book_class3_eic","作者":"科技圖書  ","出版社":"貨到通知我","ISBN":null,"圖片網址":"https:\/\/cdn.kingstone.com.tw\/book\/images\/product\/20144\/2014400025721\/2014400025721b.jpg","書籍簡介":"0"}
{"書名":"高等工程數學","書籍網站":"https:\/\/www.kingstone.com.tw\/\/basic\/2014400025851?zone=book&lid=book_class3_eic&actid=book_class3_eic","作者":"科技圖書  ","出版社":"貨到通知我","ISBN":null,"圖片網址":"https:\/\/cdn.kingstone.com.tw\/book\/images\/product\/20144\/2014400025851\/2014400025851b.jpg","書籍簡介":"0"}
{"書名":"高等工程數學精解","書籍網站":"https:\/\/www.kingstone.com.tw\/\/basic\/2014400026193?zone=book&lid=book_class3_eic&actid=book_class3_eic","作者":"超博      ","出版社":"停售","ISBN":null,"圖片網址":"https:\/\/cdn.kingstone.com.tw\/book\/images\/product\/20144\/2014400026193\/2014400026193b.jpg","書籍簡介":"0"}
{"書名":"工程數學","書籍網站":"https:\/\/www.kingstone.com.tw\/\/basic\/2014400026643?zone=book&lid=book_class3_eic&actid=book_class3_eic","作者":"科技圖書  ","出版社":"停售","ISBN":null,"圖片網址":"https:\/\/cdn.kingstone.com.tw\/book\/images\/product\/20144\/2014400026643\/2014400026643b.jpg","書籍簡介":"0"}
{"書名":"高等工程數學精解","書籍網站":"https:\/\/www.kingstone.com.tw\/\/basic\/2014400031470?zone=book&lid=book_class3_eic&actid=book_class3_eic","作者":"超博      ","出版社":"停售","ISBN":null,"圖片網址":"https:\/\/cdn.kingstone.com.tw\/book\/images\/product\/20144\/2014400031470\/2014400031470b.jpg","書籍簡介":"0"}
{"書名":"工程數學","書籍網站":"https:\/\/www.kingstone.com.tw\/\/basic\/2014400031890?zone=book&lid=book_class3_eic&actid=book_class3_eic","作者":"陳盛有","出版社":"全華      ","ISBN":null,"圖片網址":"https:\/\/cdn.kingstone.com.tw\/book\/images\/product\/20144\/2014400031890\/2014400031890b.jpg","書籍簡介":"0"}
{"書名":"高等工程數學(KA)","書籍網站":"https:\/\/www.kingstone.com.tw\/\/basic\/2014400031920?zone=book&lid=book_class3_eic&actid=book_class3_eic","作者":"KAPLAN","出版社":"東華      ","ISBN":null,"圖片網址":"https:\/\/cdn.kingstone.com.tw\/book\/images\/product\/20144\/2014400031920\/2014400031920b.jpg","書籍簡介":"0"}
{"書名":"高等工程數學(KA)","書籍網站":"https:\/\/www.kingstone.com.tw\/\/basic\/2014400032002?zone=book&lid=book_class3_eic&actid=book_class3_eic","作者":"KAPLAN","出版社":"東華      ","ISBN":null,"圖片網址":"https:\/\/cdn.kingstone.com.tw\/book\/images\/product\/20144\/2014400032002\/2014400032002b.jpg","書籍簡介":"0"}
{"書名":"高等工程數學(KA)","書籍網站":"https:\/\/www.kingstone.com.tw\/\/basic\/2014400032132?zone=book&lid=book_class3_eic&actid=book_class3_eic","作者":"KAPLAN","出版社":"東華      ","ISBN":null,"圖片網址":"https:\/\/cdn.kingstone.com.tw\/book\/images\/product\/20144\/2014400032132\/2014400032132b.jpg","書籍簡介":"0"}
{"書名":"高等工程數學(KA)","書籍網站":"https:\/\/www.kingstone.com.tw\/\/basic\/2014400032262?zone=book&lid=book_class3_eic&actid=book_class3_eic","作者":"KAPLAN","出版社":"東華      ","ISBN":null,"圖片網址":"https:\/\/cdn.kingstone.com.tw\/book\/images\/product\/20144\/2014400032262\/2014400032262b.jpg","書籍簡介":"0"}
{"書名":"高等工程數學綱要及題","書籍網站":"https:\/\/www.kingstone.com.tw\/\/basic\/2014400034136?zone=book&lid=book_class3_eic&actid=book_class3_eic","作者":"傅光華","出版社":"東華      ","ISBN":null,"圖片網址":"https:\/\/cdn.kingstone.com.tw\/book\/images\/product\/20144\/2014400034136\/2014400034136b.jpg","書籍簡介":"0"}
{"書名":"高等工程數學綱要及題","書籍網站":"https:\/\/www.kingstone.com.tw\/\/basic\/2014400034396?zone=book&lid=book_class3_eic&actid=book_class3_eic","作者":"傅光華","出版社":"東華      ","ISBN":null,"圖片網址":"https:\/\/cdn.kingstone.com.tw\/book\/images\/product\/20144\/2014400034396\/2014400034396b.jpg","書籍簡介":"0"}
{"書名":"高等工程數學綱要及題","書籍網站":"https:\/\/www.kingstone.com.tw\/\/basic\/2014400034556?zone=book&lid=book_class3_eic&actid=book_class3_eic","作者":"傅光華","出版社":"東華      ","ISBN":null,"圖片網址":"https:\/\/cdn.kingstone.com.tw\/book\/images\/product\/20144\/2014400034556\/2014400034556b.jpg","書籍簡介":"0"}
{"書名":"高等工程數學(KR)","書籍網站":"https:\/\/www.kingstone.com.tw\/\/basic\/2014400034686?zone=book&lid=book_class3_eic&actid=book_class3_eic","作者":"KREYSZING","出版社":"東華      ","ISBN":null,"圖片網址":"https:\/\/cdn.kingstone.com.tw\/book\/images\/product\/20144\/2014400034686\/2014400034686b.jpg","書籍簡介":"0"}
{"書名":"高等工程數學綱要及題","書籍網站":"https:\/\/www.kingstone.com.tw\/\/basic\/2014400034716?zone=book&lid=book_class3_eic&actid=book_class3_eic","作者":"傅光華","出版社":"東華      ","ISBN":null,"圖片網址":"https:\/\/cdn.kingstone.com.tw\/book\/images\/product\/20144\/2014400034716\/2014400034716b.jpg","書籍簡介":"0"}
{"書名":"高等工程數學(KR)","書籍網站":"https:\/\/www.kingstone.com.tw\/\/basic\/2014400034846?zone=book&lid=book_class3_eic&actid=book_class3_eic","作者":"KRE","出版社":"東華      ","ISBN":null,"圖片網址":"https:\/\/cdn.kingstone.com.tw\/book\/images\/product\/20144\/2014400034846\/2014400034846b.jpg","書籍簡介":"0"}
{"書名":"工程數學","書籍網站":"https:\/\/www.kingstone.com.tw\/\/basic\/2014400035058?zone=book&lid=book_class3_eic&actid=book_class3_eic","作者":"莊紹容","出版社":"東華      ","ISBN":null,"圖片網址":"https:\/\/cdn.kingstone.com.tw\/book\/images\/product\/20144\/2014400035058\/2014400035058b.jpg","書籍簡介":"0"}
{"書名":"工程數學","書籍網站":"https:\/\/www.kingstone.com.tw\/\/basic\/2014400036550?zone=book&lid=book_class3_eic&actid=book_class3_eic","作者":"徐氏文教  ","出版社":"停售","ISBN":null,"圖片網址":"https:\/\/cdn.kingstone.com.tw\/book\/images\/product\/20144\/2014400036550\/2014400036550b.jpg","書籍簡介":"0"}
{"書名":"工程數學","書籍網站":"https:\/\/www.kingstone.com.tw\/\/basic\/2014400036710?zone=book&lid=book_class3_eic&actid=book_class3_eic","作者":"徐氏文教  ","出版社":"停售","ISBN":null,"圖片網址":"https:\/\/cdn.kingstone.com.tw\/book\/images\/product\/20144\/2014400036710\/2014400036710b.jpg","書籍簡介":"0"}
{"書名":"工程數學","書籍網站":"https:\/\/www.kingstone.com.tw\/\/basic\/2014400037342?zone=book&lid=book_class3_eic&actid=book_class3_eic","作者":"超博      ","出版社":"停售","ISBN":null,"圖片網址":"https:\/\/cdn.kingstone.com.tw\/book\/images\/product\/20144\/2014400037342\/2014400037342b.jpg","書籍簡介":"0"}
{"書名":"工程數學習題解答單數","書籍網站":"https:\/\/www.kingstone.com.tw\/\/basic\/2014400038974?zone=book&lid=book_class3_eic&actid=book_class3_eic","作者":"孫燦彬","出版社":"全華      ","ISBN":null,"圖片網址":"https:\/\/cdn.kingstone.com.tw\/book\/images\/product\/20144\/2014400038974\/2014400038974b.jpg","書籍簡介":"0"}
{"書名":"高等工程數學","書籍網站":"https:\/\/www.kingstone.com.tw\/\/basic\/2014400041547?zone=book&lid=book_class3_eic&actid=book_class3_eic","作者":"P.V.O`NEIL","出版社":"科技圖書  ","ISBN":null,"圖片網址":"https:\/\/cdn.kingstone.com.tw\/book\/images\/product\/20144\/2014400041547\/2014400041547b.jpg","書籍簡介":"0"}
{"書名":"高等工程數學","書籍網站":"https:\/\/www.kingstone.com.tw\/\/basic\/2014400041707?zone=book&lid=book_class3_eic&actid=book_class3_eic","作者":"P.V.O`NEIL","出版社":"科技圖書  ","ISBN":null,"圖片網址":"https:\/\/cdn.kingstone.com.tw\/book\/images\/product\/20144\/2014400041707\/2014400041707b.jpg","書籍簡介":"0"}
{"書名":"高等工程數學","書籍網站":"https:\/\/www.kingstone.com.tw\/\/basic\/2014400043381?zone=book&lid=book_class3_eic&actid=book_class3_eic","作者":"P.V.O`NEIL","出版社":"科技圖書  ","ISBN":null,"圖片網址":"https:\/\/cdn.kingstone.com.tw\/book\/images\/product\/20144\/2014400043381\/2014400043381b.jpg","書籍簡介":"0"}
{"書名":"工程數學","書籍網站":"https:\/\/www.kingstone.com.tw\/\/basic\/2014400044173?zone=book&lid=book_class3_eic&actid=book_class3_eic","作者":"巫垂晃","出版社":"正文書局  ","ISBN":null,"圖片網址":"https:\/\/cdn.kingstone.com.tw\/book\/images\/product\/20144\/2014400044173\/2014400044173b.jpg","書籍簡介":"0"}
{"書名":"高等工程數學","書籍網站":"https:\/\/www.kingstone.com.tw\/\/basic\/2014400048201?zone=book&lid=book_class3_eic&actid=book_class3_eic","作者":"BARRTETT","出版社":"東華      ","ISBN":null,"圖片網址":"https:\/\/cdn.kingstone.com.tw\/book\/images\/product\/20144\/2014400048201\/2014400048201b.jpg","書籍簡介":"0"}
{"書名":"工程數學導論","書籍網站":"https:\/\/www.kingstone.com.tw\/\/basic\/2014400048881?zone=book&lid=book_class3_eic&actid=book_class3_eic","作者":"吳章義","出版社":"全華      ","ISBN":null,"圖片網址":"https:\/\/cdn.kingstone.com.tw\/book\/images\/product\/20144\/2014400048881\/2014400048881b.jpg","書籍簡介":"0"}
{"書名":"工程數學","書籍網站":"https:\/\/www.kingstone.com.tw\/\/basic\/2014400049413?zone=book&lid=book_class3_eic&actid=book_class3_eic","作者":"中央圖書  ","出版社":"停售","ISBN":null,"圖片網址":"https:\/\/cdn.kingstone.com.tw\/book\/images\/product\/20144\/2014400049413\/2014400049413b.jpg","書籍簡介":"0"}
{"書名":"高等工程數學","書籍網站":"https:\/\/www.kingstone.com.tw\/\/basic\/2014400049833?zone=book&lid=book_class3_eic&actid=book_class3_eic","作者":"東華      ","出版社":"停售","ISBN":null,"圖片網址":"https:\/\/cdn.kingstone.com.tw\/book\/images\/product\/20144\/2014400049833\/2014400049833b.jpg","書籍簡介":"0"}
{"書名":"工程數學解析","書籍網站":"https:\/\/www.kingstone.com.tw\/\/basic\/2014400050792?zone=book&lid=book_class3_eic&actid=book_class3_eic","作者":"黃漢邦","出版社":"超級科技  ","ISBN":null,"圖片網址":"https:\/\/cdn.kingstone.com.tw\/book\/images\/product\/20144\/2014400050792\/2014400050792b.jpg","書籍簡介":"0"}
{"書名":"高等工程數學","書籍網站":"https:\/\/www.kingstone.com.tw\/\/basic\/2014400050822?zone=book&lid=book_class3_eic&actid=book_class3_eic","作者":"超級科技  ","出版社":"停售","ISBN":null,"圖片網址":"https:\/\/cdn.kingstone.com.tw\/book\/images\/product\/20144\/2014400050822\/2014400050822b.jpg","書籍簡介":"0"}
{"書名":"工程數學","書籍網站":"https:\/\/www.kingstone.com.tw\/\/basic\/2014400051294?zone=book&lid=book_class3_eic&actid=book_class3_eic","作者":"朱越生","出版社":"正中書局  ","ISBN":null,"圖片網址":"https:\/\/cdn.kingstone.com.tw\/book\/images\/product\/20144\/2014400051294\/2014400051294b.jpg","書籍簡介":"0"}
{"書名":"工程數學","書籍網站":"https:\/\/www.kingstone.com.tw\/\/basic\/2014400051324?zone=book&lid=book_class3_eic&actid=book_class3_eic","作者":"朱越生","出版社":"正中書局  ","ISBN":null,"圖片網址":"https:\/\/cdn.kingstone.com.tw\/book\/images\/product\/20144\/2014400051324\/2014400051324b.jpg","書籍簡介":"0"}
{"書名":"工程數學","書籍網站":"https:\/\/www.kingstone.com.tw\/\/basic\/2014400051744?zone=book&lid=book_class3_eic&actid=book_class3_eic","作者":"蕭堉雄","出版社":"全華      ","ISBN":null,"圖片網址":"https:\/\/cdn.kingstone.com.tw\/book\/images\/product\/20144\/2014400051744\/2014400051744b.jpg","書籍簡介":"0"}
{"書名":"工程數學","書籍網站":"https:\/\/www.kingstone.com.tw\/\/basic\/2014400051874?zone=book&lid=book_class3_eic&actid=book_class3_eic","作者":"蕭堉雄","出版社":"全華      ","ISBN":null,"圖片網址":"https:\/\/cdn.kingstone.com.tw\/book\/images\/product\/20144\/2014400051874\/2014400051874b.jpg","書籍簡介":"0"}
{"書名":"KREYSZIG高等工程數學","書籍網站":"https:\/\/www.kingstone.com.tw\/\/basic\/2014400051904?zone=book&lid=book_class3_eic&actid=book_class3_eic","作者":"超級科技  ","出版社":"停售","ISBN":null,"圖片網址":"https:\/\/cdn.kingstone.com.tw\/book\/images\/product\/20144\/2014400051904\/2014400051904b.jpg","書籍簡介":"0"}
{"書名":"工程數學","書籍網站":"https:\/\/www.kingstone.com.tw\/\/basic\/2014400052086?zone=book&lid=book_class3_eic&actid=book_class3_eic","作者":"大行      ","出版社":"停售","ISBN":null,"圖片網址":"https:\/\/cdn.kingstone.com.tw\/book\/images\/product\/20144\/2014400052086\/2014400052086b.jpg","書籍簡介":"0"}
{"書名":"高等工程數學","書籍網站":"https:\/\/www.kingstone.com.tw\/\/basic\/2014400052246?zone=book&lid=book_class3_eic&actid=book_class3_eic","作者":"復文書局  ","出版社":"停售","ISBN":null,"圖片網址":"https:\/\/cdn.kingstone.com.tw\/book\/images\/product\/20144\/2014400052246\/2014400052246b.jpg","書籍簡介":"0"}
{"書名":"高等工程數學","書籍網站":"https:\/\/www.kingstone.com.tw\/\/basic\/2014400052376?zone=book&lid=book_class3_eic&actid=book_class3_eic","作者":"復文書局  ","出版社":"停售","ISBN":null,"圖片網址":"https:\/\/cdn.kingstone.com.tw\/book\/images\/product\/20144\/2014400052376\/2014400052376b.jpg","書籍簡介":"0"}
{"書名":"工程數學","書籍網站":"https:\/\/www.kingstone.com.tw\/\/basic\/2014400053298?zone=book&lid=book_class3_eic&actid=book_class3_eic","作者":"楊精松","出版社":"東華      ","ISBN":null,"圖片網址":"https:\/\/cdn.kingstone.com.tw\/book\/images\/product\/20144\/2014400053298\/2014400053298b.jpg","書籍簡介":"0"}
{"書名":"KREYSZIG高等工程數學","書籍網站":"https:\/\/www.kingstone.com.tw\/\/basic\/2014400053748?zone=book&lid=book_class3_eic&actid=book_class3_eic","作者":"超級科技  ","出版社":"停售","ISBN":null,"圖片網址":"https:\/\/cdn.kingstone.com.tw\/book\/images\/product\/20144\/2014400053748\/2014400053748b.jpg","書籍簡介":"0"}
{"書名":"高等工程數學","書籍網站":"https:\/\/www.kingstone.com.tw\/\/basic\/2014400053878?zone=book&lid=book_class3_eic&actid=book_class3_eic","作者":"東華      ","出版社":"停售","ISBN":null,"圖片網址":"https:\/\/cdn.kingstone.com.tw\/book\/images\/product\/20144\/2014400053878\/2014400053878b.jpg","書籍簡介":"0"}
{"書名":"工程數學導論","書籍網站":"https:\/\/www.kingstone.com.tw\/\/basic\/2014400053908?zone=book&lid=book_class3_eic&actid=book_class3_eic","作者":"吳章義","出版社":"全華      ","ISBN":null,"圖片網址":"https:\/\/cdn.kingstone.com.tw\/book\/images\/product\/20144\/2014400053908\/2014400053908b.jpg","書籍簡介":"0"}
{"書名":"工程數學精要","書籍網站":"https:\/\/www.kingstone.com.tw\/\/basic\/2014400054400?zone=book&lid=book_class3_eic&actid=book_class3_eic","作者":"張振賢","出版社":"東華      ","ISBN":null,"圖片網址":"https:\/\/cdn.kingstone.com.tw\/book\/images\/product\/20144\/2014400054400\/2014400054400b.jpg","書籍簡介":"0"}
{"書名":"高等工程數學綱要及題","書籍網站":"https:\/\/www.kingstone.com.tw\/\/basic\/2014400054820?zone=book&lid=book_class3_eic&actid=book_class3_eic","作者":"傅光華","出版社":"東華      ","ISBN":null,"圖片網址":"https:\/\/cdn.kingstone.com.tw\/book\/images\/product\/20144\/2014400054820\/2014400054820b.jpg","書籍簡介":"0"}
{"書名":"高等工程數學綱要及解","書籍網站":"https:\/\/www.kingstone.com.tw\/\/basic\/2014400056794?zone=book&lid=book_class3_eic&actid=book_class3_eic","作者":"傅光華","出版社":"東華      ","ISBN":null,"圖片網址":"https:\/\/cdn.kingstone.com.tw\/book\/images\/product\/20144\/2014400056794\/2014400056794b.jpg","書籍簡介":"0"}
{"書名":"高等工程數學精要","書籍網站":"https:\/\/www.kingstone.com.tw\/\/basic\/2014400058088?zone=book&lid=book_class3_eic&actid=book_class3_eic","作者":"于思禮","出版社":"東華      ","ISBN":null,"圖片網址":"https:\/\/cdn.kingstone.com.tw\/book\/images\/product\/20144\/2014400058088\/2014400058088b.jpg","書籍簡介":"0"}
{"書名":"高等工程數學精要","書籍網站":"https:\/\/www.kingstone.com.tw\/\/basic\/2014400058118?zone=book&lid=book_class3_eic&actid=book_class3_eic","作者":"于思禮","出版社":"東華      ","ISBN":null,"圖片網址":"https:\/\/cdn.kingstone.com.tw\/book\/images\/product\/20144\/2014400058118\/2014400058118b.jpg","書籍簡介":"0"}
{"書名":"工程數學","書籍網站":"https:\/\/www.kingstone.com.tw\/\/basic\/2014410044651?zone=book&lid=book_class3_eic&actid=book_class3_eic","作者":"蕭明椿","出版社":"儒林圖書  ","ISBN":null,"圖片網址":"https:\/\/cdn.kingstone.com.tw\/book\/images\/product\/20144\/2014410044651\/2014410044651b.jpg","書籍簡介":"0"}
{"書名":"電工數學","書籍網站":"https:\/\/www.kingstone.com.tw\/\/basic\/2014480149188?zone=book&lid=book_class3_eic&actid=book_class3_eic","作者":"中華攝影  ","出版社":"停售","ISBN":null,"圖片網址":"https:\/\/cdn.kingstone.com.tw\/book\/images\/product\/20144\/2014480149188\/2014480149188b.jpg","書籍簡介":"0"}
{"書名":"電工數學","書籍網站":"https:\/\/www.kingstone.com.tw\/\/basic\/2014480156179?zone=book&lid=book_class3_eic&actid=book_class3_eic","作者":"潘純新","出版社":"全華      ","ISBN":null,"圖片網址":"https:\/\/cdn.kingstone.com.tw\/book\/images\/product\/20144\/2014480156179\/2014480156179b.jpg","書籍簡介":"0"}
{"書名":"電工數學","書籍網站":"https:\/\/www.kingstone.com.tw\/\/basic\/2014480160374?zone=book&lid=book_class3_eic&actid=book_class3_eic","作者":"中央圖書  ","出版社":"停售","ISBN":null,"圖片網址":"https:\/\/cdn.kingstone.com.tw\/book\/images\/product\/20144\/2014480160374\/2014480160374b.jpg","書籍簡介":"0"}
{"書名":"高等工程數學","書籍網站":"https:\/\/www.kingstone.com.tw\/\/basic\/2024400007764?zone=book&lid=book_class3_eic&actid=book_class3_eic","作者":"大行      ","出版社":"停售","ISBN":null,"圖片網址":"https:\/\/cdn.kingstone.com.tw\/book\/images\/product\/20244\/2024400007764\/2024400007764b.jpg","書籍簡介":"0"}
{"書名":"高等工程數學","書籍網站":"https:\/\/www.kingstone.com.tw\/\/basic\/2024400007894?zone=book&lid=book_class3_eic&actid=book_class3_eic","作者":"大行      ","出版社":"停售","ISBN":null,"圖片網址":"https:\/\/cdn.kingstone.com.tw\/book\/images\/product\/20244\/2024400007894\/2024400007894b.jpg","書籍簡介":"0"}
{"書名":"高等工程科技數學理論","書籍網站":"https:\/\/www.kingstone.com.tw\/\/basic\/2024400026796?zone=book&lid=book_class3_eic&actid=book_class3_eic","作者":"宋振春","出版社":"大行      ","ISBN":null,"圖片網址":"https:\/\/cdn.kingstone.com.tw\/book\/images\/product\/20244\/2024400026796\/2024400026796b.jpg","書籍簡介":"0"}
{"書名":"高等工程數學","書籍網站":"https:\/\/www.kingstone.com.tw\/\/basic\/2024400051637?zone=book&lid=book_class3_eic&actid=book_class3_eic","作者":"超級科技  ","出版社":"停售","ISBN":null,"圖片網址":"https:\/\/cdn.kingstone.com.tw\/book\/images\/product\/20244\/2024400051637\/2024400051637b.jpg","書籍簡介":"0"}
{"書名":"工程數學","書籍網站":"https:\/\/www.kingstone.com.tw\/\/basic\/2024400061124?zone=book&lid=book_class3_eic&actid=book_class3_eic","作者":"李文勳","出版社":"科技圖書  ","ISBN":null,"圖片網址":"https:\/\/cdn.kingstone.com.tw\/book\/images\/product\/20244\/2024400061124\/2024400061124b.jpg","書籍簡介":"0"}
{"書名":"工程模糊數學方法","書籍網站":"https:\/\/www.kingstone.com.tw\/\/basic\/2014400076198?zone=book&lid=book_class3_eic&actid=book_class3_eic","作者":"謝維信","出版社":"儒林圖書  ","ISBN":9789576523809.0,"圖片網址":"https:\/\/cdn.kingstone.com.tw\/book\/images\/product\/20144\/2014400076198\/2014400076198b.jpg","書籍簡介":"0"}
{"書名":"高等工程數學（上冊）","書籍網站":"https:\/\/www.kingstone.com.tw\/\/basic\/2014400076938?zone=book&lid=book_class3_eic&actid=book_class3_eic","作者":"ERWIN KREYSZ","出版社":"新陸書局  ","ISBN":9789579147095.0,"圖片網址":"https:\/\/cdn.kingstone.com.tw\/book\/images\/product\/20144\/2014400076938\/2014400076938b.jpg","書籍簡介":"0"}
{"書名":"工程數學觀念分析","書籍網站":"https:\/\/www.kingstone.com.tw\/\/basic\/2014400075696?zone=book&lid=book_class3_eic&actid=book_class3_eic","作者":"陳志偉編著","出版社":"標竿出版社","ISBN":null,"圖片網址":"https:\/\/cdn.kingstone.com.tw\/book\/images\/product\/20144\/2014400075696\/2014400075696b.jpg","書籍簡介":"0"}
{"書名":"工程數學觀念分析","書籍網站":"https:\/\/www.kingstone.com.tw\/\/basic\/2014400075726?zone=book&lid=book_class3_eic&actid=book_class3_eic","作者":"陳志偉編著","出版社":"標竿出版社","ISBN":null,"圖片網址":"https:\/\/cdn.kingstone.com.tw\/book\/images\/product\/20144\/2014400075726\/2014400075726b.jpg","書籍簡介":"0"}
{"書名":"工程數學學習要訣","書籍網站":"https:\/\/www.kingstone.com.tw\/\/basic\/2014400075856?zone=book&lid=book_class3_eic&actid=book_class3_eic","作者":"劉明昌編著","出版社":"文笙書局  ","ISBN":null,"圖片網址":"https:\/\/cdn.kingstone.com.tw\/book\/images\/product\/20144\/2014400075856\/2014400075856b.jpg","書籍簡介":"0"}
{"書名":"工程數學學習要訣","書籍網站":"https:\/\/www.kingstone.com.tw\/\/basic\/2014400076068?zone=book&lid=book_class3_eic&actid=book_class3_eic","作者":"劉明昌編著","出版社":"文笙書局  ","ISBN":null,"圖片網址":"https:\/\/cdn.kingstone.com.tw\/book\/images\/product\/20144\/2014400076068\/2014400076068b.jpg","書籍簡介":"0"}
{"書名":"高等工程數學","書籍網站":"https:\/\/www.kingstone.com.tw\/\/basic\/2014400075146?zone=book&lid=book_class3_eic&actid=book_class3_eic","作者":"程雋","出版社":"文笙書局  ","ISBN":null,"圖片網址":"https:\/\/cdn.kingstone.com.tw\/book\/images\/product\/20144\/2014400075146\/2014400075146b.jpg","書籍簡介":"0"}
{"書名":"高等工程數學","書籍網站":"https:\/\/www.kingstone.com.tw\/\/basic\/2014400075276?zone=book&lid=book_class3_eic&actid=book_class3_eic","作者":"程雋","出版社":"文笙書局  ","ISBN":null,"圖片網址":"https:\/\/cdn.kingstone.com.tw\/book\/images\/product\/20144\/2014400075276\/2014400075276b.jpg","書籍簡介":"0"}
{"書名":"高等工程數學","書籍網站":"https:\/\/www.kingstone.com.tw\/\/basic\/2014400076228?zone=book&lid=book_class3_eic&actid=book_class3_eic","作者":"PETER V.ON","出版社":"全華      ","ISBN":null,"圖片網址":"https:\/\/cdn.kingstone.com.tw\/book\/images\/product\/20144\/2014400076228\/2014400076228b.jpg","書籍簡介":"0"}
{"書名":"高等工程數學","書籍網站":"https:\/\/www.kingstone.com.tw\/\/basic\/2014400074484?zone=book&lid=book_class3_eic&actid=book_class3_eic","作者":"全華      ","出版社":"停售","ISBN":null,"圖片網址":"https:\/\/cdn.kingstone.com.tw\/book\/images\/product\/20144\/2014400074484\/2014400074484b.jpg","書籍簡介":"0"}
{"書名":"工程數學","書籍網站":"https:\/\/www.kingstone.com.tw\/\/basic\/2015211084914?zone=book&lid=book_class3_eic&actid=book_class3_eic","作者":"張群編","出版社":"大碩      ","ISBN":null,"圖片網址":"https:\/\/cdn.kingstone.com.tw\/book\/images\/product\/20152\/2015211084914\/2015211084914b.jpg","書籍簡介":"0"}
{"書名":"工程數學觀念分析","書籍網站":"https:\/\/www.kingstone.com.tw\/\/basic\/2014400075306?zone=book&lid=book_class3_eic&actid=book_class3_eic","作者":"陳志偉編著","出版社":"標竿出版社","ISBN":null,"圖片網址":"https:\/\/cdn.kingstone.com.tw\/book\/images\/product\/20144\/2014400075306\/2014400075306b.jpg","書籍簡介":"0"}
{"書名":"電工數學","書籍網站":"https:\/\/www.kingstone.com.tw\/\/basic\/2014400069107?zone=book&lid=book_class3_eic&actid=book_class3_eic","作者":"趙楷","出版社":"松崗      ","ISBN":null,"圖片網址":"https:\/\/cdn.kingstone.com.tw\/book\/images\/product\/20144\/2014400069107\/2014400069107b.jpg","書籍簡介":"0"}
{"書名":"高等工程數學","書籍網站":"https:\/\/www.kingstone.com.tw\/\/basic\/2014400068315?zone=book&lid=book_class3_eic&actid=book_class3_eic","作者":"全華      ","出版社":"停售","ISBN":null,"圖片網址":"https:\/\/cdn.kingstone.com.tw\/book\/images\/product\/20144\/2014400068315\/2014400068315b.jpg","書籍簡介":"0"}
{"書名":"工程數學研析","書籍網站":"https:\/\/www.kingstone.com.tw\/\/basic\/2014400068155?zone=book&lid=book_class3_eic&actid=book_class3_eic","作者":"陳玲玲","出版社":"科技圖書  ","ISBN":null,"圖片網址":"https:\/\/cdn.kingstone.com.tw\/book\/images\/product\/20144\/2014400068155\/2014400068155b.jpg","書籍簡介":"0"}
{"書名":"高等工程數學","書籍網站":"https:\/\/www.kingstone.com.tw\/\/basic\/2014400068025?zone=book&lid=book_class3_eic&actid=book_class3_eic","作者":"松崗      ","出版社":"停售","ISBN":null,"圖片網址":"https:\/\/cdn.kingstone.com.tw\/book\/images\/product\/20144\/2014400068025\/2014400068025b.jpg","書籍簡介":"0"}
{"書名":"77工程數學研究所試題","書籍網站":"https:\/\/www.kingstone.com.tw\/\/basic\/2014400067653?zone=book&lid=book_class3_eic&actid=book_class3_eic","作者":"張傑","出版社":"文笙書局  ","ISBN":null,"圖片網址":"https:\/\/cdn.kingstone.com.tw\/book\/images\/product\/20144\/2014400067653\/2014400067653b.jpg","書籍簡介":"0"}
{"書名":"高等工程數學","書籍網站":"https:\/\/www.kingstone.com.tw\/\/basic\/2014400066151?zone=book&lid=book_class3_eic&actid=book_class3_eic","作者":"松崗      ","出版社":"停售","ISBN":null,"圖片網址":"https:\/\/cdn.kingstone.com.tw\/book\/images\/product\/20144\/2014400066151\/2014400066151b.jpg","書籍簡介":"0"}
{"書名":"高等工程數學","書籍網站":"https:\/\/www.kingstone.com.tw\/\/basic\/2013140043996?zone=book&lid=book_class3_eic&actid=book_class3_eic","作者":"全華      ","出版社":"停售","ISBN":null,"圖片網址":"https:\/\/cdn.kingstone.com.tw\/book\/images\/product\/20131\/2013140043996\/2013140043996b.jpg","書籍簡介":"0"}
{"書名":"工程數學習題手冊","書籍網站":"https:\/\/www.kingstone.com.tw\/\/basic\/2014400065659?zone=book&lid=book_class3_eic&actid=book_class3_eic","作者":"蕭永奇","出版社":"矩陣      ","ISBN":null,"圖片網址":"https:\/\/cdn.kingstone.com.tw\/book\/images\/product\/20144\/2014400065659\/2014400065659b.jpg","書籍簡介":"0"}
{"書名":"工程數學習題手冊","書籍網站":"https:\/\/www.kingstone.com.tw\/\/basic\/2014410062891?zone=book&lid=book_class3_eic&actid=book_class3_eic","作者":"黃諦仁","出版社":"矩陣      ","ISBN":null,"圖片網址":"https:\/\/cdn.kingstone.com.tw\/book\/images\/product\/20144\/2014410062891\/2014410062891b.jpg","書籍簡介":"0"}
{"書名":"工程數學","書籍網站":"https:\/\/www.kingstone.com.tw\/\/basic\/2014400064997?zone=book&lid=book_class3_eic&actid=book_class3_eic","作者":"復文書局  ","出版社":"停售","ISBN":null,"圖片網址":"https:\/\/cdn.kingstone.com.tw\/book\/images\/product\/20144\/2014400064997\/2014400064997b.jpg","書籍簡介":"0"}
{"書名":"工程數學","書籍網站":"https:\/\/www.kingstone.com.tw\/\/basic\/2014400065079?zone=book&lid=book_class3_eic&actid=book_class3_eic","作者":"復文書局  ","出版社":"停售","ISBN":null,"圖片網址":"https:\/\/cdn.kingstone.com.tw\/book\/images\/product\/20144\/2014400065079\/2014400065079b.jpg","書籍簡介":"0"}
{"書名":"高等工程數學","書籍網站":"https:\/\/www.kingstone.com.tw\/\/basic\/2014400069237?zone=book&lid=book_class3_eic&actid=book_class3_eic","作者":"WYLIE","出版社":"東華      ","ISBN":null,"圖片網址":"https:\/\/cdn.kingstone.com.tw\/book\/images\/product\/20144\/2014400069237\/2014400069237b.jpg","書籍簡介":"0"}
{"書名":"高等工程數學","書籍網站":"https:\/\/www.kingstone.com.tw\/\/basic\/2014400062993?zone=book&lid=book_class3_eic&actid=book_class3_eic","作者":"WIFRE K.","出版社":"科技圖書  ","ISBN":null,"圖片網址":"https:\/\/cdn.kingstone.com.tw\/book\/images\/product\/20144\/2014400062993\/2014400062993b.jpg","書籍簡介":"0"}
{"書名":"工程數學","書籍網站":"https:\/\/www.kingstone.com.tw\/\/basic\/2024400062176?zone=book&lid=book_class3_eic&actid=book_class3_eic","作者":"李文勳","出版社":"科技圖書  ","ISBN":null,"圖片網址":"https:\/\/cdn.kingstone.com.tw\/book\/images\/product\/20244\/2024400062176\/2024400062176b.jpg","書籍簡介":"0"}
{"書名":"高等工程數學","書籍網站":"https:\/\/www.kingstone.com.tw\/\/basic\/2014400062023?zone=book&lid=book_class3_eic&actid=book_class3_eic","作者":"PETER V","出版社":"科技圖書  ","ISBN":null,"圖片網址":"https:\/\/cdn.kingstone.com.tw\/book\/images\/product\/20144\/2014400062023\/2014400062023b.jpg","書籍簡介":"0"}
{"書名":"高等工程數學","書籍網站":"https:\/\/www.kingstone.com.tw\/\/basic\/2014400061651?zone=book&lid=book_class3_eic&actid=book_class3_eic","作者":"PETER V.O`","出版社":"科技圖書  ","ISBN":null,"圖片網址":"https:\/\/cdn.kingstone.com.tw\/book\/images\/product\/20144\/2014400061651\/2014400061651b.jpg","書籍簡介":"0"}
{"書名":"高等工程數學","書籍網站":"https:\/\/www.kingstone.com.tw\/\/basic\/2014400061941?zone=book&lid=book_class3_eic&actid=book_class3_eic","作者":"PETER V","出版社":"科技圖書  ","ISBN":null,"圖片網址":"https:\/\/cdn.kingstone.com.tw\/book\/images\/product\/20144\/2014400061941\/2014400061941b.jpg","書籍簡介":"0"}
{"書名":"工程數學","書籍網站":"https:\/\/www.kingstone.com.tw\/\/basic\/2014400060609?zone=book&lid=book_class3_eic&actid=book_class3_eic","作者":"陳亮來","出版社":"科技圖書  ","ISBN":null,"圖片網址":"https:\/\/cdn.kingstone.com.tw\/book\/images\/product\/20144\/2014400060609\/2014400060609b.jpg","書籍簡介":"0"}
{"書名":"工程數學","書籍網站":"https:\/\/www.kingstone.com.tw\/\/basic\/2014400060319?zone=book&lid=book_class3_eic&actid=book_class3_eic","作者":"楊文賓","出版社":"欣技      ","ISBN":null,"圖片網址":"https:\/\/cdn.kingstone.com.tw\/book\/images\/product\/20144\/2014400060319\/2014400060319b.jpg","書籍簡介":"0"}
{"書名":"高等工程科技數學理論","書籍網站":"https:\/\/www.kingstone.com.tw\/\/basic\/2014400026773?zone=book&lid=book_class3_eic&actid=book_class3_eic","作者":"大行      ","出版社":"停售","ISBN":null,"圖片網址":"https:\/\/cdn.kingstone.com.tw\/book\/images\/product\/20144\/2014400026773\/2014400026773b.jpg","書籍簡介":"0"}
{"書名":"高等工程數學","書籍網站":"https:\/\/www.kingstone.com.tw\/\/basic\/2014400060159?zone=book&lid=book_class3_eic&actid=book_class3_eic","作者":"W.KAPLAN","出版社":"科技圖書  ","ISBN":null,"圖片網址":"https:\/\/cdn.kingstone.com.tw\/book\/images\/product\/20144\/2014400060159\/2014400060159b.jpg","書籍簡介":"0"}
