{"書名":"魔法歷史—世界史","書籍網站":"https:\/\/www.kingstone.com.tw\/\/basic\/2015250037049?zone=book&lid=book_class3_baf&actid=book_class3_baf","作者":"鄒臥龍、吳靖","出版社":"鶴立      ","ISBN":9789866343865.0,"圖片網址":"https:\/\/cdn.kingstone.com.tw\/book\/images\/product\/20152\/2015250037049\/2015250037049b.jpg","書籍簡介":"\r\n\r\n分門別類的魔法世界史，讓你用點播的心情讀歷史！世界之大，一堆文化永遠記不住？各種歷史變化總在腦中乾坤大挪移？痛恨亂七八糟散落各處的革命與戰爭紀錄？沒時間整理筆記，就讓《魔法世界史》幫助你回憶。本書由上古、中古、近代、現代四個時間點，以及國別、文化兩大主題精要整理世界史，輕鬆好讀無負擔。小巧的尺寸便於攜帶，可隨時隨地針對自己的弱項查閱背記；輕薄的頁數捨去冗言贅字，翻開即見最精華充實內容，適合考前快速複習。\r\n                    \r\n"}
{"書名":"魔法歷史—中國史","書籍網站":"https:\/\/www.kingstone.com.tw\/\/basic\/2015213527969?zone=book&lid=book_class3_baf&actid=book_class3_baf","作者":"鄒臥龍","出版社":"鶴立      ","ISBN":9789866343728.0,"圖片網址":"https:\/\/cdn.kingstone.com.tw\/book\/images\/product\/20152\/2015213527969\/2015213527969b.jpg","書籍簡介":"\r\n\r\n本書特色分門別類的魔法中國史，讓你用點播的心情讀歷史！朝代接續、政治局勢永遠記不住？各種歷史變化總在腦中乾坤大挪移？痛恨亂七八糟散落各處的歷朝制度？沒時間整理筆記，就讓《魔法中國史》幫助你回憶。本書從政治、經濟、文化、社會、制度各個角度精要整理中國史，輕鬆好讀無負擔。小巧的尺寸便於攜帶，可隨時隨地針對自己的弱項查閱背記；輕薄的頁數捨去冗言贅字，翻開即見最精華充實內容，適合考前快速複習。 \r\n\r\n"}
{"書名":"彩圖易讀版世界文化史年表","書籍網站":"https:\/\/www.kingstone.com.tw\/\/basic\/2017130026150?zone=book&lid=book_class3_baf&actid=book_class3_baf","作者":"幼福文化","出版社":"漢宇國際  ","ISBN":9789862284261.0,"圖片網址":"https:\/\/cdn.kingstone.com.tw\/book\/images\/product\/20171\/2017130026150\/2017130026150b.jpg","書籍簡介":"\r\n\r\n\r\n善用年表來閱覽世界文化演變的歷史\r\n時序脈絡不混淆，一讀就通！\r\n\r\n\r\n►文化史搭配正史，全方位理解歷史從古至今的演變\r\n\r\n\t閱讀世界史時，是不是時常覺得好像少了一個環節沒說清楚呢？\r\n\t缺少的正是文化史，許多歷史事件的導火線都與「文化」相關，\r\n\t若不了解每一階段的文化演變，讀起來就會感到模糊不清，\r\n\t因此閱讀建議搭配服用文化史，讓你讀歷史不再覺得朦朦朧朧！\r\n\r\n►依照發生年代排序，時間線清楚不混亂\r\n\r\n\t相信許多人在閱讀歷史時，常常感到時序混亂，不知道自己到底看了什麼，深有同感的朋友，請打開這本書，這些煩惱都將是小CASE。本書以年表為主，大事欄為輔，在年表看到有什麼想更深入了解的事件，就可以直接瀏覽詳細內容，時序排得整整齊齊，讓你讀歷史不再被年代數字弄得身心疲憊！\r\n\r\n►跳脫艱深的文字，以親民直白的語氣來詳述文化史發展，看歷史就好像在看故事一樣\r\n\r\n\t歷史文字本身就稍微有點艱澀，有時會需要多讀幾次才能在腦中消化，但在「多讀幾次」的過程中，就會耗盡人的耐性。為了達成看一次就懂的目標，本書以輕鬆的語氣來敘述描寫重要的歷史大事，讓讀者讀歷史能像看故事般快速理解！\r\n\r\n本書特色\r\n\r\n★    全書分成五個章節，年表搭配歷史記事，內容詳細、脈絡清楚\r\n\t以年表貫穿全書，詳細記錄事件發生時間與地點，並於大事欄詳細記述重要史事的前因後果，就算從頭到尾一口氣讀完本書，回想起來也不會覺得混淆不清。\r\n\r\n★    以全彩插畫取代歷史圖片，輕鬆活潑不嚴肅\r\n\t全書採用全彩插畫來代替隨處可見的歷史圖片，使歷史文字跳脫艱深嚴肅的印象，能以輕鬆愉悅的心情來閱讀的圖文書。\r\n\r\n"}
{"書名":"世界編年史","書籍網站":"https:\/\/www.kingstone.com.tw\/\/basic\/2017110029430?zone=book&lid=book_class3_baf&actid=book_class3_baf","作者":"Peter Chrisp\/Joe Fullman\/","出版社":"明山書局  ","ISBN":9789866384288.0,"圖片網址":"https:\/\/cdn.kingstone.com.tw\/book\/images\/product\/20171\/2017110029430\/2017110029430b.jpg","書籍簡介":"\r\n\r\n\r\n【從石器時代到數位時代的世界歷史進程】\r\n\r\n\r\n\t古埃及為什麼會出現高度發展的文明？古羅馬人可能遇到維京人嗎？現今的南美洲人為什麼大多操持西班牙語或葡萄牙語？到底是什麼原因，驅使這麼多人要遠渡重洋，抵達世界的另一端追尋新生活？\r\n\r\n\t跟隨書中詳細的歷史年表，從650萬年前來到現在，找尋這些問題的答案！\r\n\r\n\t本書描繪歷史上的關鍵人物、主題、事件，以及歷史上的兒童生活、來自過去的話語、令人驚異的事實與數據──這些面向集合起來，呈現人類世界的歷史全貌。\r\n\r\n本書特色\r\n\r\n\t．穿越時空回到過去，探究到底是哪些歷史人物、哪些歷史事件，造就了現今世界的面貌！\r\n\r\n\t．藉由時間軸和豐富的彩色圖片，帶領讀者走進時光隧道─從人類最原始的工具，到最先進的數位科技─讓過去的一切在眼前重生。\r\n\r\n\t．重大的歷史事件以特輯呈現─例如「法國大革命」或「美國民權運動」─並介紹事件中的關鍵人物。\r\n\r\n\t．展現歷史上不同時代兒童的真實生活，讓小讀者能夠身歷其境。\r\n\r\n\t．涵蓋1,500張以上的照片、插畫、地圖或圖表，帶領讀者穿越世界歷史的每一個時代、看見一年又一年的變化。\r\n\r\n"}
{"書名":"西洋史大事長編（三版）","書籍網站":"https:\/\/www.kingstone.com.tw\/\/basic\/2017400075581?zone=book&lid=book_class3_baf&actid=book_class3_baf","作者":"陳逸雯","出版社":"幼獅文化  ","ISBN":9789864490202.0,"圖片網址":"https:\/\/cdn.kingstone.com.tw\/book\/images\/product\/20174\/2017400075581\/2017400075581b.jpg","書籍簡介":"\r\n\r\n\r\n本書以工具書的型式呈現一部橫跨六千年的西洋通史。\r\n\r\n\t \r\n\r\n\t全書以歐洲史為軸心，自西元前四千年近東和埃及地區等西方文明源頭的發展，以迄現代全球化的國際社會現勢，採大事編年與紀事本末的混合體書寫，對每個時代中重要事件及人物功績做簡要記載，是一本認識西方與世界歷史必備的工具書。\r\n\r\n\t \r\n\r\n\t本書附錄增列歐洲歷史分期表、歷代教宗簡表、人文藝術界的百大名家、世界20大知名博物館、重要國際組織與會議等資訊。\r\n\r\n"}
{"書名":"彩圖易讀版世界史年表","書籍網站":"https:\/\/www.kingstone.com.tw\/\/basic\/2017110027146?zone=book&lid=book_class3_baf&actid=book_class3_baf","作者":"李光欣","出版社":"漢宇國際  ","ISBN":9789862283592.0,"圖片網址":"https:\/\/cdn.kingstone.com.tw\/book\/images\/product\/20171\/2017110027146\/2017110027146b.jpg","書籍簡介":"\r\n\r\n\r\n閱讀世界史時，\r\n\r\n各個地區的歷史容易感到混淆嗎？\r\n\r\n本書一目了然地區分\r\n\r\n大事發生的年代、地區及詳細記事\r\n\r\n讓讀者輕鬆掌控各國歷史脈絡，一讀就通！\r\n\r\n\t \r\n\r\n\t簡單區分發生的年代、地區及記事，使世界史井然有序，不再混亂 \r\n\r\n\t本書主要以年表貫連全書，分為古代史、中世紀史、近代史及現代史等四部分，順時序，串聯各個時期的史實、人物、文獻典籍及宗教藝術等，簡單、快速了解世界歷史的來龍去脈，不再越讀越霧煞煞。\r\n\r\n\t \r\n\r\n歷史記事軼聞與史實交錯，有趣又好記\r\n\r\n\t從歷史中挑選百多餘件重要事件，於大事欄以趣味故事的方式詳細敘述前因後果，讓讀者好似身歷其境。除了可以當作一般休閒讀物來看，對於準備應考的學生亦可幫助其加深印象，更好記憶！\r\n\r\n\t \r\n\r\n全彩插畫穿插其中，輕鬆活潑不嚴肅\r\n\r\n\t本書採用全彩插畫替代隨處可見的歷史圖片，不僅增加讀者於閱讀上的新鮮感，也能跳脫艱澀的歷史文字，使歷史不再是正經嚴肅的文字敘述，而是以輕鬆愉悅的圖文來呈現。\r\n\r\n\t \r\n\r\n本書特色\r\n\r\n\t \r\n\r\n\t多達200張彩圖，輔助閱讀、清晰易懂\r\n\r\n\t本書穿插多張插圖，讓歷史不再死氣沉沉，鮮明又有趣！\r\n\r\n\t \r\n\r\n\t精選134件大事，以輕鬆口吻詳細敘述完整始末，有趣不乏味\r\n\r\n\t本書精選多件大事，輔助閱讀年表，清楚明瞭、好記憶！\r\n\r\n"}
{"書名":"用年表讀通世界歷史","書籍網站":"https:\/\/www.kingstone.com.tw\/\/basic\/2017110021304?zone=book&lid=book_class3_baf&actid=book_class3_baf","作者":"翁淑玲","出版社":"商周出版  ","ISBN":9789862723111.0,"圖片網址":"https:\/\/cdn.kingstone.com.tw\/book\/images\/product\/20171\/2017110021304\/2017110021304b.jpg","書籍簡介":"\r\n\r\n懂得運用年表，世界歷史一讀就通！發揮「年表」的優點──視覺化，時間點清楚，線性發展明白，方便查詢；配合「歷史事件始末敘述」──掌握來龍去脈，瞭解前因後果，置身歷史現場，閱讀趣味高；結合「編年體」與「紀事本末體」兩大特色，相互對照，這是你案頭必備工具書。本書特色◎上起遠古，下迄西元二○一二年，依時代分為八章，每章有一總說。◎年表標示西元、地區、時代，繫以世界歷史事件，包括各國的王朝興衰、君王更替、戰役、改革、政爭、動亂、重要人物等；並有中國歷史大事直接對照。◎一百六十餘條世界歷史重要事件始末敘述，標題清楚，敘事明白，與年表呼應。◎以時間為經，事件為緯，一本方便查詢、適合學生與一般大眾閱讀的世界歷史工具書。本書有助於：1.學生讀者解決世界歷史綜觀學習上的困難，加強歷史的時間概念，同時提供中西歷史對照，是有用的參考工具書，也可以是有助於歷史學習的課外讀物。2.歷史愛好者對於重大事件的線性整理與時期範疇歸納。3.一般民眾可快速查閱，並中西對照，以解決世界歷史事件時間定位點上模糊不清的困擾。4.對世界歷史有興趣的讀者，快速、有效理解重要歷史事件的發展始末。5.對世界歷史有興趣並想學好的讀者，藉由視覺化的表現形式，結合「紀年體」與「紀事本末體」的特色，兩相呼應，內化世界歷史常識與概念，是案頭必備工具書。\r\n                    \r\n"}
{"書名":"用年表讀通中國歷史","書籍網站":"https:\/\/www.kingstone.com.tw\/\/basic\/2016100109404?zone=book&lid=book_class3_baf&actid=book_class3_baf","作者":"雷敦淵","出版社":"商周出版  ","ISBN":9789861208268.0,"圖片網址":"https:\/\/cdn.kingstone.com.tw\/book\/images\/product\/20161\/2016100109404\/2016100109404b.jpg","書籍簡介":"\r\n\r\n懂得運用年表，中國歷史一讀就通！發揮「年表」的優點──視覺化，時間點清楚，線性發展明白，方便查詢；配合「歷史事件始末敘述」──掌握來龍去脈，瞭解前因後果，置身歷史現場，閱讀趣味高； 結合「編年體」與「紀事本末體」兩大特色，相互對照，這是你案頭必備工具書。全書特色：◎上起遠古，下迄民國一百年，依朝代分十五章，每章有一總說。◎年表標示西元、朝代、帝王年號，繫以中國歷史事件，包括朝代興衰、帝王更替、戰役、改革、政爭、變亂、將相人物等；西洋歷史大事直接對照。◎二百二十餘條中國歷史重要事件始末敘述，標題清楚，敘事明白，與年表呼應。◎以時間為經，事件為緯，一本方便查詢、適合學生與一般大眾閱讀的中國歷史工具書。本書有助於：1.學生讀者解決中國歷史綜觀學習上的困難，加強歷史的時間概念，同時提供中西歷史對照，是有用的參考工具書，也可以是有助於歷史學習的課外讀物。2.歷史愛好者對於重大事件的線性整理與時期範疇歸納。3.一般民眾可快速查閱，並中西對照，以解決中國歷史事件時間定位點上模糊不清的困擾。4.對中國歷史有興趣的讀者，快速、有效理解重要歷史事件的發展始末。5.對中國歷史有興趣並想學好的讀者，藉由視覺化的表現形式，結合「紀年體」與「紀事本末體」的特色，兩相呼應，內化中國歷史常識與概念，是案頭必備工具書。本書特色本書透過「時間軸」、「定點標示」、「歷史事件始末敘述」三大元素，幫助讀者如學生、歷史愛好者、一般讀者，掌握歷史事件的時間定位點、線性發展、時期範疇，以及重要歷史事件的完整背景與來龍去脈。全書特色條列如下：1.以年表為主的中國歷史書籍，沿襲編年史的體例，多以表列，標年月日以記載大事，純屬工具書性質，非常實用，但毫無閱讀樂趣可言。本書發揮「年表」所長，並補其所短，為特定的主題，量身打造兼具「有用」與「有趣」的歷史工具書。2.全書設計出一個「時間軸」（西元、中國朝代、帝王、年號），貫穿全書，以表現出歷史長河與時間的流動、演變。3.中國歷史重大事件，包括朝代興衰、帝王更替、戰役、改革、政爭、變亂、將相人物等等，在時間軸上定點標示，或是呈現時間範疇。4.重大歷史事件在與時間軸相對應下，有完整的始末發展敘述。5.西方歷史重大事件的對照。目前此形式的相關書籍，規劃有三書：《用年表讀通中國歷史》、《用年表讀通中國文學史》、《用年表讀通中國文化史》。\r\n                    \r\n"}
{"書名":"認識台灣歷史大事年表","書籍網站":"https:\/\/www.kingstone.com.tw\/\/basic\/2016020002151?zone=book&lid=book_class3_baf&actid=book_class3_baf","作者":"益群書店編輯部","出版社":"益群書店  ","ISBN":9789575528935.0,"圖片網址":"https:\/\/cdn.kingstone.com.tw\/book\/images\/product\/20160\/2016020002151\/2016020002151b.jpg","書籍簡介":"\r\n\r\n「認識台灣歷史大事年表」共有兩面，每面都有其不同的閱讀重點。台灣的歷史發展在大致上可以被區分成史前時代、三國至明代、國際競爭、鄭氏治台、清領、日本殖民以及中華民國在台灣7個時期，由於每個歷史事件發生時，都有各自的時間、執政者以及國號紀年，因此，常常會遇到「時間錯亂、順序顛倒」的麻煩，年表的正面是以國立編譯館「認識台灣」教科書為基礎，將教科書中所提及的台灣歷史事件一一抽出，再依事件發生時的「西元年」先後順序條列編排，重新歸類在這7個時期之下，對照每個時期執政者的輪替，若按照年表上的事件順序閱讀後，就可以清楚了解台灣歷史發生當下的時代背景概念以及輕鬆釐清每一個事件之間互相影響的邏輯。年表的背面內容則是以主題式的整理歸納為主，一共設定8個主題，有原住民14族分布圖、明清行政區的沿革、清領時期的事件及影響、台灣的建置與沿革、清領時期的重要水圳、戒嚴時期的民主運動、歷任正副總統、兩岸互動等等。此系列年表尚有「中國歷史大事年表」、「外國歷史大事年表」、「中外歷史大事年表」三種。\r\n                    \r\n"}
{"書名":"歷史哪裡有問題：戰爭大浩劫篇","書籍網站":"https:\/\/www.kingstone.com.tw\/\/basic\/2016020001819?zone=book&lid=book_class3_baf&actid=book_class3_baf","作者":"佛古森","出版社":"好讀      ","ISBN":9789861780399.0,"圖片網址":"https:\/\/cdn.kingstone.com.tw\/book\/images\/product\/20160\/2016020001819\/2016020001819b.jpg","書籍簡介":"\r\n\r\n從拿起石矛的那一刻，人類就開始了一場生存戰爭，與猛獸對抗；文明開展之後，人類為了搶奪地盤與水資源，展開城邦之戰；迄至今日，為了石油和國際間千奇百怪的原因，都可以變成世界大戰的導因。在戰爭的人為災禍之外，瘟疫乾旱和洪水地震乃至於沙塵暴等自然災難，卻也一刻不曾遠離過人們的生活空間。本書針對人類史上重要戰役和世紀大浩劫的種種形態，設計出數百道問題來解惑—— 它能告訴你的，除了知識之外，還有更多！！\r\n\r\n"}
{"書名":"外國歷史年表","書籍網站":"https:\/\/www.kingstone.com.tw\/\/basic\/2015213359492?zone=book&lid=book_class3_baf&actid=book_class3_baf","作者":"鄒臥龍","出版社":"鶴立      ","ISBN":9789867525239.0,"圖片網址":"https:\/\/cdn.kingstone.com.tw\/book\/images\/product\/20152\/2015213359492\/2015213359492b.jpg","書籍簡介":"\r\n\r\n\r\n 本書依序詳盡地列舉外國各年代大事，讓同學在學習外國歷史時，能確切地了解各年代發生的事件，知道其發生時間及先後順序，幫助同學建立一個完整的外國歷史架構。\r\n\r\n  \r\n\r\n 本書並附有上古時期各民族的世界史觀及中古至近代歐洲世界史觀的發展，讓同學在研習各世界史觀時能夠清楚而不混亂。\r\n\r\n"}
{"書名":"中國歷史年表","書籍網站":"https:\/\/www.kingstone.com.tw\/\/basic\/2015213412401?zone=book&lid=book_class3_baf&actid=book_class3_baf","作者":"鄒臥龍","出版社":"鶴立      ","ISBN":9789867525246.0,"圖片網址":"https:\/\/cdn.kingstone.com.tw\/book\/images\/product\/20152\/2015213412401\/2015213412401b.jpg","書籍簡介":"\r\n\r\n\r\n 本書依序詳盡地列舉中國各朝代大事，讓同學在學習中國歷史時，能確切地了解各朝代發生的事件，知道其發生時間及先後順序，幫助同學建立一個完整的中國歷史架構。\r\n\r\n  \r\n\r\n 本書並附有中國各朝代中央官制及地方制度比較表，幫助同學知悉中國各朝代制度的異同，在學習典章制度時不再雜亂無章。\r\n\r\n"}
{"書名":"西洋歷史年表","書籍網站":"https:\/\/www.kingstone.com.tw\/\/basic\/2016020001659?zone=book&lid=book_class3_baf&actid=book_class3_baf","作者":"漢宇編輯部","出版社":"漢宇國際  ","ISBN":4715006428036.0,"圖片網址":"https:\/\/cdn.kingstone.com.tw\/book\/images\/product\/20160\/2016020001659\/2016020001659b.jpg","書籍簡介":"\r\n\r\n本表概述西洋歷史各年大勢 本書特色 手掌大小方便攜帶 \r\n\r\n"}
{"書名":"葉榮鐘年表","書籍網站":"https:\/\/www.kingstone.com.tw\/\/basic\/2017820369437?zone=book&lid=book_class3_baf&actid=book_class3_baf","作者":"葉榮鐘","出版社":"晨星      ","ISBN":9789574551613.0,"圖片網址":"https:\/\/cdn.kingstone.com.tw\/book\/images\/product\/20178\/2017820369437\/2017820369437b.jpg","書籍簡介":"\r\n\r\n\r\n這部年表，編入了葉榮鐘生平、著作年表的部分，藉由列表，一位跨越語言一代的殖民地知識分子之熱情與平淡清晰呈現。\r\n本書也收入葉榮鐘寫給家人的書信。葉榮鐘是個勤於寫信的人，寫給妻子和子女的家書總數有一兩千封之多。編入本集的部分，是以晚年的生活、讀書與寫作為選擇的重點，聊以為研讀其晚年著作之補注。\r\n葉榮鐘辭世的時候，徐復觀、黃得時、洪炎秋、王詩琅等幾位先生都寫了追憶的文章。這些文字，也能幫助我們從較為開闊的角度去了解葉榮鐘一生的風範。這些篇章也收入在本書中。\r\n\r\n"}
{"書名":"中國大事年表","書籍網站":"https:\/\/www.kingstone.com.tw\/\/basic\/2016100050690?zone=book&lid=book_class3_baf&actid=book_class3_baf","作者":"陳慶麒編篡","出版社":"臺灣商務  ","ISBN":9789570509007.0,"圖片網址":"https:\/\/cdn.kingstone.com.tw\/book\/images\/product\/20161\/2016100050690\/2016100050690b.jpg","書籍簡介":"\r\n\r\n\r\n\t本書略採詳近略遠之旨：自民國二十一年上溯至民元前二百六十七年，每葉率以十年為率。\r\n\r\n\t前二百六十八年至前二千七百五十二年，（西周共和元）則每葉大抵為二十年。更逆溯一千五百年。則每葉率為一百年。至民元前四千二百五十年。更上推二千八百年。（前七千零五十二）則極簡矣。此所以便計算及檢閱也。\r\n\r\n\t世界大事年表一書，傅運森君編著。蓋為培養學人常識起見，務尚簡要。日本東京三省堂發之模範世界最新年表，頗為詳贍，間有紕謬。今雖力求詳略適中，而學力淺薄，諸多未當。識者?之！\r\n\r\n"}
{"書名":"中國歷代大事年表","書籍網站":"https:\/\/www.kingstone.com.tw\/\/basic\/2016020000607?zone=book&lid=book_class3_baf&actid=book_class3_baf","作者":"益群書店編輯部","出版社":"益群書店  ","ISBN":9789575520410.0,"圖片網址":"https:\/\/cdn.kingstone.com.tw\/book\/images\/product\/20160\/2016020000607\/2016020000607b.jpg","書籍簡介":"\r\n\r\n\r\n\t小開本，攜帶方便。本書以時間為主軸，依年代順序列舉中國的重要大事，幫助同學建立一個完整的歷史架構。\r\n\r\n"}
{"書名":"中華五千年大事記","書籍網站":"https:\/\/www.kingstone.com.tw\/\/basic\/2016100037790?zone=book&lid=book_class3_baf&actid=book_class3_baf","作者":"林達禮","出版社":"大孚      ","ISBN":9789577650788.0,"圖片網址":"https:\/\/cdn.kingstone.com.tw\/book\/images\/product\/20161\/2016100037790\/2016100037790b.jpg","書籍簡介":"0"}
{"書名":"用年表讀中外歷史","書籍網站":"https:\/\/www.kingstone.com.tw\/\/basic\/2016000022179?zone=book&lid=book_class3_baf&actid=book_class3_baf","作者":"雷敦淵、楊士朋、翁淑玲","出版社":"商周出版  ","ISBN":4717702087838.0,"圖片網址":"https:\/\/cdn.kingstone.com.tw\/book\/images\/product\/20160\/2016000022179\/2016000022179b.jpg","書籍簡介":"\r\n\r\n\r\n懂得運用年表，中外歷史一讀就通！\r\n\r\n\r\n\t發揮「年表」的優點──視覺化，時間點清楚，線性發展明白，方便查詢；\r\n\t配合「歷史事件始末敘述」──掌握來龍去脈，瞭解前因後果，置身歷史現場，閱讀趣味高；\r\n\t結合「編年體」與「紀事本末體」兩大特色，相互對照，這是你案頭必備工具書。\r\n\r\n《用年表看懂中國歷史》\r\n\t◎上起遠古，下迄民國一百年，依朝代分十五章，每章有一總說。\r\n\t◎年表標示西元、朝代、帝王年號，繫以中國歷史事件，包括朝代興衰、帝王更替、戰役、改革、政爭、變亂、將相人物等；西洋歷史大事直接對照。\r\n\t◎二百二十餘條中國歷史重要事件始末敘述，標題清楚，敘事明白，與年表呼應。\r\n\t◎以時間為經，事件為緯，一本方便查詢、適合學生與一般大眾閱讀的中國歷史工具書。\r\n\r\n《用年表看懂世界歷史》\r\n\t◎上起遠古，下迄西元二○一二年，依時代分為八章，每章有一總說。\r\n\t◎年表標示西元、地區、時代，繫以世界歷史事件，包括各國的王朝興衰、君王更替、戰役、改革、政爭、動亂、重要人物等；並有中國歷史大事直接對照。\r\n\t◎一百六十餘條世界歷史重要事件始末敘述，標題清楚，敘事明白，與年表呼應。\r\n\t◎以時間為經，事件為緯，一本方便查詢、適合學生與一般大眾閱讀的世界歷史工具書。\r\n\r\n"}
{"書名":"性別教育-超越兩性關係","書籍網站":"https:\/\/www.kingstone.com.tw\/\/basic\/2015440431961?zone=book&lid=book_class3_baf&actid=book_class3_baf","作者":"叢書系列","出版社":"洪葉大城北","ISBN":9789866828850.0,"圖片網址":"https:\/\/cdn.kingstone.com.tw\/book\/images\/product\/20154\/2015440431961\/2015440431961b.jpg","書籍簡介":"\r\n\r\n本書是從性別教育與性別社會學視野出發的超越「兩性關係」之探討，其內容分為導論、社會性別、超越兩性關係與性別教育等四大篇十四章。本書涵蓋範圍廣泛且文筆深入淺出，可作為大專院校性別角色、兩性關係與性別教育相關課程之教材，也適合作為各級教師性別教育之讀本，甚至家長與社會人士瞭解兩性關係與性別教育之參考。\r\n                    \r\n"}
{"書名":"中外歷史大事年表","書籍網站":"https:\/\/www.kingstone.com.tw\/\/basic\/2016020002311?zone=book&lid=book_class3_baf&actid=book_class3_baf","作者":"樊如編著","出版社":"中華書局  ","ISBN":9789628931736.0,"圖片網址":"https:\/\/cdn.kingstone.com.tw\/book\/images\/product\/20160\/2016020002311\/2016020002311b.jpg","書籍簡介":"\r\n\r\n依公元紀年次序，條列公元前35世紀—2009年的中外大事。並附錄中外政權更迭簡表\r\n                    \r\n"}
{"書名":"中外歷史年表","書籍網站":"https:\/\/www.kingstone.com.tw\/\/basic\/2015213358440?zone=book&lid=book_class3_baf&actid=book_class3_baf","作者":"鄒臥龍","出版社":"鶴立      ","ISBN":9789867525260.0,"圖片網址":"https:\/\/cdn.kingstone.com.tw\/book\/images\/product\/20152\/2015213358440\/2015213358440b.jpg","書籍簡介":"\r\n\r\n\r\n 本書以時間為主軸，依年代順序列舉中國史與外國史的重要大事，幫助同學建立一個完整的歷史架構。 \r\n\r\n"}
{"書名":"中國歷史年表","書籍網站":"https:\/\/www.kingstone.com.tw\/\/basic\/2016020001499?zone=book&lid=book_class3_baf&actid=book_class3_baf","作者":"漢宇編輯部","出版社":"漢宇國際  ","ISBN":4715006428012.0,"圖片網址":"https:\/\/cdn.kingstone.com.tw\/book\/images\/product\/20160\/2016020001499\/2016020001499b.jpg","書籍簡介":"\r\n\r\n\r\n\t最新修訂~國、高中生必備\r\n\r\n"}
{"書名":"中外歷史年表","書籍網站":"https:\/\/www.kingstone.com.tw\/\/basic\/2016020001529?zone=book&lid=book_class3_baf&actid=book_class3_baf","作者":"漢宇編輯部","出版社":"漢宇國際  ","ISBN":4715006428029.0,"圖片網址":"https:\/\/cdn.kingstone.com.tw\/book\/images\/product\/20160\/2016020001529\/2016020001529b.jpg","書籍簡介":"\r\n\r\n本表概述中外歷史各年大勢 本書特色 手掌大小方便攜帶 \r\n\r\n"}
{"書名":"特價390元－中國人史綱上下不分售","書籍網站":"https:\/\/www.kingstone.com.tw\/\/basic\/2016180003685?zone=book&lid=book_class3_baf&actid=book_class3_baf","作者":"柏楊","出版社":"星光      ","ISBN":4714858268210.0,"圖片網址":"https:\/\/cdn.kingstone.com.tw\/book\/images\/product\/20161\/2016180003685\/2016180003685b.jpg","書籍簡介":"0"}
{"書名":"中國歷史年代簡表","書籍網站":"https:\/\/www.kingstone.com.tw\/\/basic\/2016020001079?zone=book&lid=book_class3_baf&actid=book_class3_baf","作者":"文物出版社","出版社":"三聯書店  ","ISBN":9789620421808.0,"圖片網址":"https:\/\/cdn.kingstone.com.tw\/book\/images\/product\/20160\/2016020001079\/2016020001079b.jpg","書籍簡介":"\r\n\r\n一本線索清晰、時間準確的工具書，主要包括“年代簡表”和“年號通檢”兩部分，便於您查對中國歷史年代。一本內容豐富、設計精美的畫冊，包含200多幅歷史圖片，使您對中國歷史有更加直觀的認識。\r\n                    \r\n"}
{"書名":"中國歷史年表（上下冊不分售）","書籍網站":"https:\/\/www.kingstone.com.tw\/\/basic\/2016100070124?zone=book&lid=book_class3_baf&actid=book_class3_baf","作者":"柏楊","出版社":"星光      ","ISBN":9789576772795.0,"圖片網址":"https:\/\/cdn.kingstone.com.tw\/book\/images\/product\/20161\/2016100070124\/2016100070124b.jpg","書籍簡介":"0"}
{"書名":"中國通史綱要","書籍網站":"https:\/\/www.kingstone.com.tw\/\/basic\/2016100063553?zone=book&lid=book_class3_baf&actid=book_class3_baf","作者":"江增慶","出版社":"五南      ","ISBN":9789571120751.0,"圖片網址":"https:\/\/cdn.kingstone.com.tw\/book\/images\/product\/20161\/2016100063553\/2016100063553b.jpg","書籍簡介":"0"}
{"書名":"人類的軌跡－中外歷史大事年表","書籍網站":"https:\/\/www.kingstone.com.tw\/\/basic\/2017110002792?zone=book&lid=book_class3_baf&actid=book_class3_baf","作者":"林哲生","出版社":"花田      ","ISBN":9789572707913.0,"圖片網址":"https:\/\/cdn.kingstone.com.tw\/book\/images\/product\/20171\/2017110002792\/2017110002792b.jpg","書籍簡介":"\r\n\r\n人類的軌跡\r\n　西洋史通常將人類歷史分為上古、中古和近代三個時期，上古史指的是希臘、羅馬時期，中古史指的是封建時期，近代史指的是現代國家興起以後。\r\n\r\n　但中國人是依據斷代劃分歷史，例如、先秦史、秦漢史、魏晉南北朝史、隋唐史、宋遼金史、元史、明史、清史等，就像是以王朝興亡為準的帝王家譜。\r\n\r\n　若要比較中西方的歷史，秦始皇統一天下，結束了中國的上古史；而漢唐到清末的這一段輝煌奪目卻盛極而衰的中古史，較之西方中古黑暗時期要冗長得多；至於現代史上的中國，非但無法與西方現代國家並駕齊驅，瞠乎其後遠矣。\r\n                    \r\n"}
{"書名":"中國歷史大事記","書籍網站":"https:\/\/www.kingstone.com.tw\/\/basic\/2016100060217?zone=book&lid=book_class3_baf&actid=book_class3_baf","作者":"曾蓓蓓","出版社":"年輪文化  ","ISBN":9789578284074.0,"圖片網址":"https:\/\/cdn.kingstone.com.tw\/book\/images\/product\/20161\/2016100060217\/2016100060217b.jpg","書籍簡介":"0"}
{"書名":"中華世界史綱","書籍網站":"https:\/\/www.kingstone.com.tw\/\/basic\/2016100059198?zone=book&lid=book_class3_baf&actid=book_class3_baf","作者":"蘇啟明","出版社":"五南      ","ISBN":9789571114668.0,"圖片網址":"https:\/\/cdn.kingstone.com.tw\/book\/images\/product\/20161\/2016100059198\/2016100059198b.jpg","書籍簡介":"0"}
{"書名":"中國歷史年表","書籍網站":"https:\/\/www.kingstone.com.tw\/\/basic\/2016100050270?zone=book&lid=book_class3_baf&actid=book_class3_baf","作者":"柏楊","出版社":"躍昇文化  ","ISBN":9789576302831.0,"圖片網址":"https:\/\/cdn.kingstone.com.tw\/book\/images\/product\/20161\/2016100050270\/2016100050270b.jpg","書籍簡介":"0"}
{"書名":"外國歷史綱要","書籍網站":"https:\/\/www.kingstone.com.tw\/\/basic\/2017400006424?zone=book&lid=book_class3_baf&actid=book_class3_baf","作者":"劉曉扶","出版社":"開明      ","ISBN":null,"圖片網址":"https:\/\/cdn.kingstone.com.tw\/book\/images\/product\/20174\/2017400006424\/2017400006424b.jpg","書籍簡介":"0"}
{"書名":"外國史大綱","書籍網站":"https:\/\/www.kingstone.com.tw\/\/basic\/2017400008558?zone=book&lid=book_class3_baf&actid=book_class3_baf","作者":"方豪","出版社":"正中書局  ","ISBN":null,"圖片網址":"https:\/\/cdn.kingstone.com.tw\/book\/images\/product\/20174\/2017400008558\/2017400008558b.jpg","書籍簡介":"0"}
{"書名":"年代對照表","書籍網站":"https:\/\/www.kingstone.com.tw\/\/basic\/2016020000317?zone=book&lid=book_class3_baf&actid=book_class3_baf","作者":"王學穎","出版社":"育英社    ","ISBN":null,"圖片網址":"https:\/\/cdn.kingstone.com.tw\/book\/images\/product\/20160\/2016020000317\/2016020000317b.jpg","書籍簡介":"0"}
{"書名":"中國歷代各族紀年表","書籍網站":"https:\/\/www.kingstone.com.tw\/\/basic\/2016020000447?zone=book&lid=book_class3_baf&actid=book_class3_baf","作者":"木鐸      ","出版社":"停售","ISBN":null,"圖片網址":"https:\/\/cdn.kingstone.com.tw\/book\/images\/product\/20160\/2016020000447\/2016020000447b.jpg","書籍簡介":"0"}
{"書名":"中日關係史事年表","書籍網站":"https:\/\/www.kingstone.com.tw\/\/basic\/2016430000211?zone=book&lid=book_class3_baf&actid=book_class3_baf","作者":"蘇振申","出版社":"文化大學  ","ISBN":null,"圖片網址":"https:\/\/cdn.kingstone.com.tw\/book\/images\/product\/20164\/2016430000211\/2016430000211b.jpg","書籍簡介":"0"}
{"書名":"瓜沙曹氏年表","書籍網站":"https:\/\/www.kingstone.com.tw\/\/basic\/2016100019420?zone=book&lid=book_class3_baf&actid=book_class3_baf","作者":"羅振玉","出版社":"香港里仁  ","ISBN":null,"圖片網址":"https:\/\/cdn.kingstone.com.tw\/book\/images\/product\/20161\/2016100019420\/2016100019420b.jpg","書籍簡介":"0"}
{"書名":"中國歷史紀年表","書籍網站":"https:\/\/www.kingstone.com.tw\/\/basic\/2016100028835?zone=book&lid=book_class3_baf&actid=book_class3_baf","作者":"萬國鼎","出版社":"學海      ","ISBN":null,"圖片網址":"https:\/\/cdn.kingstone.com.tw\/book\/images\/product\/20161\/2016100028835\/2016100028835b.jpg","書籍簡介":"0"}
{"書名":"中國歷史年表","書籍網站":"https:\/\/www.kingstone.com.tw\/\/basic\/2026020000200?zone=book&lid=book_class3_baf&actid=book_class3_baf","作者":"柏楊","出版社":"星光      ","ISBN":null,"圖片網址":"https:\/\/cdn.kingstone.com.tw\/book\/images\/product\/20260\/2026020000200\/2026020000200b.jpg","書籍簡介":"0"}
{"書名":"年代對照表","書籍網站":"https:\/\/www.kingstone.com.tw\/\/basic\/2026020000330?zone=book&lid=book_class3_baf&actid=book_class3_baf","作者":"王學穎","出版社":"育英社    ","ISBN":null,"圖片網址":"https:\/\/cdn.kingstone.com.tw\/book\/images\/product\/20260\/2026020000330\/2026020000330b.jpg","書籍簡介":"0"}
{"書名":"五千年中國歷代世系表","書籍網站":"https:\/\/www.kingstone.com.tw\/\/basic\/2026020000590?zone=book&lid=book_class3_baf&actid=book_class3_baf","作者":"學生書局  ","出版社":"停售","ISBN":null,"圖片網址":"https:\/\/cdn.kingstone.com.tw\/book\/images\/product\/20260\/2026020000590\/2026020000590b.jpg","書籍簡介":"0"}
{"書名":"中國歷史年表","書籍網站":"https:\/\/www.kingstone.com.tw\/\/basic\/2016020000287?zone=book&lid=book_class3_baf&actid=book_class3_baf","作者":"柏楊","出版社":"星光      ","ISBN":null,"圖片網址":"https:\/\/cdn.kingstone.com.tw\/book\/images\/product\/20160\/2016020000287\/2016020000287b.jpg","書籍簡介":"0"}
{"書名":"中國歷史紀年表","書籍網站":"https:\/\/www.kingstone.com.tw\/\/basic\/2016100032900?zone=book&lid=book_class3_baf&actid=book_class3_baf","作者":"華世出版社","出版社":"華世      ","ISBN":null,"圖片網址":"https:\/\/cdn.kingstone.com.tw\/book\/images\/product\/20161\/2016100032900\/2016100032900b.jpg","書籍簡介":"0"}
{"書名":"中國歷史大事年表","書籍網站":"https:\/\/www.kingstone.com.tw\/\/basic\/2026020000750?zone=book&lid=book_class3_baf&actid=book_class3_baf","作者":"華世出版社","出版社":"華世      ","ISBN":null,"圖片網址":"https:\/\/cdn.kingstone.com.tw\/book\/images\/product\/20260\/2026020000750\/2026020000750b.jpg","書籍簡介":"0"}
{"書名":"歷代帝王年表","書籍網站":"https:\/\/www.kingstone.com.tw\/\/basic\/2017820151322?zone=book&lid=book_class3_baf&actid=book_class3_baf","作者":"齊召南","出版社":"臺灣商務  ","ISBN":null,"圖片網址":"https:\/\/cdn.kingstone.com.tw\/book\/images\/product\/20178\/2017820151322\/2017820151322b.jpg","書籍簡介":"0"}
{"書名":"歷代帝王年表","書籍網站":"https:\/\/www.kingstone.com.tw\/\/basic\/2017820151452?zone=book&lid=book_class3_baf&actid=book_class3_baf","作者":"齊召南","出版社":"臺灣商務  ","ISBN":null,"圖片網址":"https:\/\/cdn.kingstone.com.tw\/book\/images\/product\/20178\/2017820151452\/2017820151452b.jpg","書籍簡介":"0"}
