[{"BOOKNAME": "紙上律師：創業有辦法", "ISBN": "9789571384917", "USER": "li**y01", "CONTENT": "這本書將創業開公司會遇到的法律相關問題做了清楚的整理，包括商標、著作權法、有限公司v.s.股份有限公司、週休二日勞基法等相關都詳列，就算非創業需求，也是生活中必須知道的法律常識。"}, {"BOOKNAME": "如何處理車禍糾紛？", "ISBN": "9789863581079", "USER": "be********************.tw", "CONTENT": "車禍糾紛的解決，隨著時間的經過會有不同的因應之道與解決模式。 本書不僅告訴讀者碰到車禍後，被害人要如何確保自身權益，也提供肇事的一方，在發生車禍後，要如何積極面對被害人解決問題，是一本內容淺白易懂，處理車禍糾紛極為實用的工具書。"}, {"BOOKNAME": "如何處理車禍糾紛？", "ISBN": "9789863581079", "USER": "be********************.tw", "CONTENT": "車禍糾紛的解決，隨著時間的經過會有不同的因應之道與解決模式。 本書不僅告訴讀者碰到車禍後，被害人要如何確保自身權益，也提供肇事的一方，在發生車禍後，要如何積極面對被害人解決問題，是一本內容淺白易懂，處理車禍糾紛極為實用的工具書。"}, {"BOOKNAME": "別讓法律找你碴 哈燒話題，弄懂法律不吃虧", "ISBN": "9789570919127", "USER": "mo*******mot", "CONTENT": "別讓書名叫你害怕或覺得無聊。 這是以青少年常遇到的生活法律問題來寫的書，所以藉由淺顯易懂的主題故事，分析其中可能衍生的法律關係，讓讀者了解不同情況，所牽涉到的法律條文。算得上簡明易懂。"}, {"BOOKNAME": "反轉人生：黑白分明的法律世界", "ISBN": "9789868543942", "USER": "er****o69", "CONTENT": "這本書我有聽作者的親自導讀，真的很感動又發人深省；人物刻劃絲絲入扣，整個就像在看小說一樣的生動，每個真實故事都比電影還精彩，對於大師級的人物描述就像把場景拉到明治時代的歷史大電影，是很有感又難得一見超值的人物傳記，很值得推薦喔！"}, {"BOOKNAME": "反轉人生：黑白分明的法律世界", "ISBN": "9789868543942", "USER": "er****o69", "CONTENT": "這本書我有聽作者的親自導讀，真的很感動又發人深省；人物刻劃絲絲入扣，整個就像在看小說一樣的生動，每個真實故事都比電影還精彩，對於大師級的人物描述就像把場景拉到明治時代的歷史大電影，是很有感又難得一見超值的人物傳記，很值得推薦喔！"}, {"BOOKNAME": "法律保護誰？", "ISBN": "9789866047954", "USER": "sh*****001", "CONTENT": "本人曾把錢借給親友,因賴帳不還陷入債務糾紛,心想應自我充實法律知識所以找到這本書,它吸引我是因內容第貳部分[如何聲請支付命令?]讓我一學就上手,我學會了自己寫民事聲請支付命令狀,也了解法院核發支付命令的流程,受益菲淺,易學實用,值得推薦."}, {"BOOKNAME": "法律保護誰？", "ISBN": "9789866047954", "USER": "sh*****001", "CONTENT": "本人曾把錢借給親友,因賴帳不還陷入債務糾紛,心想應自我充實法律知識所以找到這本書,它吸引我是因內容第貳部分[如何聲請支付命令?]讓我一學就上手,我學會了自己寫民事聲請支付命令狀,也了解法院核發支付命令的流程,受益菲淺,易學實用,值得推薦."}, {"BOOKNAME": "法律保護誰？", "ISBN": "9789866047954", "USER": "sh*****001", "CONTENT": "本人曾把錢借給親友,因賴帳不還陷入債務糾紛,心想應自我充實法律知識所以找到這本書,它吸引我是因內容第貳部分[如何聲請支付命令?]讓我一學就上手,我學會了自己寫民事聲請支付命令狀,也了解法院核發支付命令的流程,受益菲淺,易學實用,值得推薦."}, {"BOOKNAME": "羈押魚肉", "ISBN": "9789866614798", "USER": "ci***lin", "CONTENT": "作者林孟皇法官，在本書中力倡「法律即是生活，生活即有法律」的法治教育觀念，由他書中所寫個案的事實與法理的相繩分析解剖，讓我們體會生活中需要法治觀念，而法律更需要表彰人類生活的共同需要。"}]