[{"BOOKNAME": "電子學決戰60天", "ISBN": "9789863450702", "USER": "li****lun", "CONTENT": "有系統化的整理及重點提示在考前這幾天是最為關鍵，除整理要點以外也提供答題建議與注意事項，可惜未更深入剖析高普特國營&#x28;水、電、油、鐵、信&#x29;之間特異處，但依這方向重新審視不足地方，確實是不錯的良伴。"}, {"BOOKNAME": "十年歷屆試題詳解與考點分析(上)", "ISBN": "9789869311908", "USER": "sa****211", "CONTENT": "這本真的超棒的，每一題的觀念都講得非常詳細，從歷屆試題延伸講解相關的背景知識，對於學測出題方向有很高的掌握，大推"}, {"BOOKNAME": "96-101公職人員(高/普/特)歷屆試題精解【基本電學與電子儀表概要】", "ISBN": "9789862269176", "USER": "li****lun", "CONTENT": "收羅冷僻的公職考科雖值得慶幸，但解答常超乎原考科設定族群所該具備的智識，故然近年來考生都高學歷低報，但也該悉心解答。另外；坊間參考書校稿印刷錯誤問題十分常見，這點消費購書的讀者只能自求多福。"}]