[{"BOOKNAME": "尋找台灣味：東南亞X台灣兩地的農業記事", "ISBN": "9789869865623", "USER": "el**irs", "CONTENT": "想認識台灣茶和珍奶如何走出台灣被發揚光大，這本書有蠻詳盡的介紹。最大的收穫是之前新聞一提到手搖飲，表示很多業者使用的是比較廉價次級的越南茶而非台灣茶，但事實上越南引進台灣的種茶技術，水準已不可同日而語。很喜歡書腰上寫的話「台灣不在島內純正的台灣味，而在與世界的連結上」"}, {"BOOKNAME": "從一杯可樂開始的帝國", "ISBN": "9789862728673", "USER": "ti*********616", "CONTENT": "在飲料架上習以為常的飲品，從美國的小鎮行銷至全球，百年來的背後推廣普及讓人不得不好奇。或許是稀鬆平常，所以當看到這本書時，我從未去思考，可口可樂今日的版圖是如何擴張的，翻閱書後，方發現可口可樂的背後是如此多的故事可敘述。"}, {"BOOKNAME": "欺騙的種子：揭發政府不想面對、企業不讓你知道的基因改造滅種黑幕", "ISBN": "9789862351659", "USER": "wu**an0", "CONTENT": "※※※評價：為了自己，你該讀讀！※ 被政府和惡名昭彰的孟山都聯手隱瞞的真相，基改作物對人體是有害的&#x28;連松鼠和饑餓的乳牛都不敢吃&#x29;！這件事在歐盟已被揭發引起軒然大波，不知台灣的媒體在做什麼？ 此書讓我明瞭，不想死的不明不白的話就多吸收點新知。"}, {"BOOKNAME": "來自咖啡產地的急件：9個國家X4萬公里， 一位人權律師的溯源紀實", "ISBN": "9789862351291", "USER": "y6*249*", "CONTENT": "看到咖啡國度的農民生活可能有起色，可能有變化，也可能沒有，但是大家一起努力過...作者完全不提自己的功勞，讓我感動。個人認為「慢食」精神在書中毫無保留的呈現，然而卻沒有人在意（或許根本無法聯想在一起）。就好像你根本不在乎每天的那一杯、那一口，怎麼來。我無法一邊喝咖啡一邊看這本書。"}, {"BOOKNAME": "來自咖啡產地的急件：9個國家X4萬公里， 一位人權律師的溯源紀實", "ISBN": "9789862351291", "USER": "y6*249*", "CONTENT": "看到咖啡國度的農民生活可能有起色，可能有變化，也可能沒有，但是大家一起努力過...作者完全不提自己的功勞，讓我感動。個人認為「慢食」精神在書中毫無保留的呈現，然而卻沒有人在意（或許根本無法聯想在一起）。就好像你根本不在乎每天的那一杯、那一口，怎麼來。我無法一邊喝咖啡一邊看這本書。"}]