[{"BOOKNAME": "我袂放你一個人：律師，永遠的反抗者", "ISBN": "9789862137963", "USER": "47********191", "CONTENT": "法律是保障知道的人，但很多老百姓不知道如何運用，邱律師運用許多真實的案例，告訴我們法律是如何運作，淺顯易懂，也在無形中增加法律常識！其實很多地方看了很難過也很感動，就是因為有太多不公不義的事情，才需要我們挺身而出！"}, {"BOOKNAME": "一個律師的文字戰場", "ISBN": "9789863264217", "USER": "ev******900", "CONTENT": "本書的主角scott是作者的丈夫，書中的案子都是他的親身經歷。雖然說是案子，但我們讀起來就是一則則的故事，絲毫沒有一點枯燥的地方，節奏簡明敘事清晰。透過這些故事， 我們得一窺法律人的信仰與為難，推薦給每一個想離法律與正義更靠近一點的人。"}, {"BOOKNAME": "化不可能為可能：李昌鈺的鑑識人生", "ISBN": "9789578039377", "USER": "ic****029", "CONTENT": "以前從電視上看到李昌鈺，一直覺得他是位公正的鑑識人員，看完此書後發現他不僅公正，還是位相當努力與上進的人，很難想像七十多歲的他依舊保持的對工作的熱情與堅持，從這本書上得到許多正面能量，誠心推薦！"}, {"BOOKNAME": "化不可能為可能：李昌鈺的鑑識人生", "ISBN": "9789578039377", "USER": "ic****029", "CONTENT": "以前從電視上看到李昌鈺，一直覺得他是位公正的鑑識人員，看完此書後發現他不僅公正，還是位相當努力與上進的人，很難想像七十多歲的他依舊保持的對工作的熱情與堅持，從這本書上得到許多正面能量，誠心推薦！"}]