[{"BOOKNAME": "102年郵政特考套書（四版）（專業職（二）內勤、外勤人員適用）", "ISBN": "9999862650359", "USER": "ko****na3", "CONTENT": "這套考試用書它其中精闢的解說,清楚易懂的敘述和充分的重點提示,對考前準備有加乘的效果,若同樣是想準備郵政招考的同伴來說是必看的一套考試用書哦!"}, {"BOOKNAME": "郵政(郵局)[內勤][速成+題庫]超值強效套書【105年全新考科範圍】(附讀書計畫表)", "ISBN": "4712933094419", "USER": "na********t01", "CONTENT": "有針對今年的考情去分析，重要考點不至於遺漏，我覺得這套好入門適合短期衝刺，讀完不會花太多時間，書中的專業讀書計畫，也幫助自己省去規劃進度的麻煩。"}, {"BOOKNAME": "郵政法規(內勤)完全攻略(郵局招考適用)", "ISBN": "4712765685229", "USER": "an*******924", "CONTENT": "「郵局招考」屬於不定期招考的特殊考試，主要視招考機關的用人需求提報招考的考試，所以考試日期不固定，這幾年郵局面臨退休潮，人力需求旺盛，預計會年年招考，準備的科目少，只要有心好好準備~就有機會考上!"}]