[{"BOOKNAME": "想像和界限：臺灣語言文體的混生", "ISBN": "9789866525728", "USER": "a9**123", "CONTENT": "語言文體是思想溝通的手段，也是反映人類文化、歷史與思想的鏡子，人類在構築文化認同或建構群體想像時，語言文體一項是絕佳的材料。臺灣和日本同屬在東亞地區與「漢字文化圈&quot;，在欠缺相當程度的「差異&quot;下，日本對於臺灣的殖民統治構成了獨特的混成語現象。"}, {"BOOKNAME": "灣生回家(全新增訂版)", "ISBN": "9789573277071", "USER": "zx******787", "CONTENT": "很棒的電影,很棒的書,書中有許多電影未看到的故事,每一個故事都扣人心弦,時代的遺憾造成了許多人的傷害,值得省思"}, {"BOOKNAME": "灣生回家(全新增訂版)", "ISBN": "9789573277071", "USER": "zx******787", "CONTENT": "很棒的電影,很棒的書,書中有許多電影未看到的故事,每一個故事都扣人心弦,時代的遺憾造成了許多人的傷害,值得省思"}, {"BOOKNAME": "灣生回家(全新增訂版)", "ISBN": "9789573277071", "USER": "zx******787", "CONTENT": "很棒的電影,很棒的書,書中有許多電影未看到的故事,每一個故事都扣人心弦,時代的遺憾造成了許多人的傷害,值得省思"}, {"BOOKNAME": "灣生回家(全新增訂版)", "ISBN": "9789573277071", "USER": "zx******787", "CONTENT": "很棒的電影,很棒的書,書中有許多電影未看到的故事,每一個故事都扣人心弦,時代的遺憾造成了許多人的傷害,值得省思"}, {"BOOKNAME": "灣生回家(全新增訂版)", "ISBN": "9789573277071", "USER": "zx******787", "CONTENT": "很棒的電影,很棒的書,書中有許多電影未看到的故事,每一個故事都扣人心弦,時代的遺憾造成了許多人的傷害,值得省思"}, {"BOOKNAME": "島嶼浮世繪：日治臺灣的大眾生活", "ISBN": "9789869051804", "USER": "s1*****103", "CONTENT": "本書從日治時期的大眾文化史為出發點，讓讀者得以見識日治時期的台灣人民是如何生活的，以及這些日治時期方引入的建築、設施或制度是怎樣影響台灣人民的日常生活。"}, {"BOOKNAME": "島嶼浮世繪：日治臺灣的大眾生活", "ISBN": "9789869051804", "USER": "s1*****103", "CONTENT": "本書從日治時期的大眾文化史為出發點，讓讀者得以見識日治時期的台灣人民是如何生活的，以及這些日治時期方引入的建築、設施或制度是怎樣影響台灣人民的日常生活。"}, {"BOOKNAME": "流轉家族：泰雅公主媽媽、日本警察爸爸和我的故事", "ISBN": "9789573268109", "USER": "s1*****103", "CONTENT": "從這本書可以看到原住民與日本互動，看到日本政府是如何透過婚姻去安撫原作民，而又本書也有提到霧社事件，更能讓讀者從原住民的角度去看霧社事件的真正一面。"}, {"BOOKNAME": "流轉家族：泰雅公主媽媽、日本警察爸爸和我的故事", "ISBN": "9789573268109", "USER": "s1*****103", "CONTENT": "從這本書可以看到原住民與日本互動，看到日本政府是如何透過婚姻去安撫原作民，而又本書也有提到霧社事件，更能讓讀者從原住民的角度去看霧社事件的真正一面。"}, {"BOOKNAME": "日本統治下的台灣", "ISBN": "9789867375544", "USER": "s1*****103", "CONTENT": "這本書讓讀者可以了解日本統治下50年的台灣，從1895年馬關條約被割讓，到1945年第二次世界大戰結束，看日本統治台灣下台灣的變化。"}, {"BOOKNAME": "日本帝國主義下之台灣", "ISBN": "9789579765671", "USER": "s1*****103", "CONTENT": "本書是研究日治時期經濟史的經典作，透過矢內原忠雄以一位日本知識份子對殖民地的關懷，用馬克思經濟史的脈絡來看日本國資本主義在台灣的進行，顯見了台灣的從屬性。"}]