[{"BOOKNAME": "自願被吃的豬：100個讓人想破頭的哲學問題（新版）", "ISBN": "9789863446729", "USER": "83********680", "CONTENT": "這是一本集結了西洋哲學界較為經典的100個思想實驗，以及作者開放式的評論。在讀了三分之一之後，自己也慢慢能夠看透故事中所欲引射的真實世界中的那些兩難，非常有成就感！且本書譯筆非常流暢與道地，讓我時常忘記自己是在閱讀外國人的譯作。"}, {"BOOKNAME": "哲學不該正經學：哈佛笑魁開的哲學必修課", "ISBN": "9789869367783", "USER": "72********016", "CONTENT": "身為非本科生，雖然過去有看過一些哲學類的科普書籍，本書作者也盡可能用淺顯易懂的方式撰寫本書，但因為書中提到眾多哲學分支，讀者需要跟的上作者的思考脈絡或是額外查閱資料才會有讀通了的感覺。若是對哲學有相當興趣和涉獵的讀者來閱讀本書，會比較感受的到閱讀樂趣。"}, {"BOOKNAME": "羅爾斯與正義論", "ISBN": "9789571159546", "USER": "s1*****103", "CONTENT": "《正義論》向來被認為是20世紀最重要的政治哲學著作之ㄧ，而此書作者就像幫讀者做介紹一樣，從羅爾斯的脈絡下去了解此書的原意，不僅提綱挈領的簡述了《正義論》，還可以讓讀者在讀原典時有個依據，比較自己估點與此書的差異與對錯。"}, {"BOOKNAME": "羅爾斯與正義論", "ISBN": "9789571159546", "USER": "s1*****103", "CONTENT": "《正義論》向來被認為是20世紀最重要的政治哲學著作之ㄧ，而此書作者就像幫讀者做介紹一樣，從羅爾斯的脈絡下去了解此書的原意，不僅提綱挈領的簡述了《正義論》，還可以讓讀者在讀原典時有個依據，比較自己估點與此書的差異與對錯。"}, {"BOOKNAME": "人類的不寬容", "ISBN": "9789861781211", "USER": "ge******************.tw", "CONTENT": "不寬容的根源是恐懼，掌握權力的東羅馬皇帝查士丁尼為何壓抑哲學發展，封閉寺廟和破壞埃及文物？因為宗教信仰與知識兩者過度發展會削弱王權。而人類歷史上經常排除異己，本書做了很好看敘述。"}, {"BOOKNAME": "社會哲學導論", "ISBN": "9789867683342", "USER": "ge******************.tw", "CONTENT": "我今年在自學〈社會學〉的知識，社會學的經典鉅作是卡爾．波普的《開放社會及其敵人》，但翻閱之後沒有很理解它，所以，我另外找尋了余集芝先生撰寫的這一本《社會哲學導論》，先理解知識框架，本書淺白的筆觸對我初探社會哲學很有幫助。"}]