[{"BOOKNAME": "矯正印記－藝展風華 從心出發", "ISBN": "9789860442632", "USER": "wo*9er*", "CONTENT": "監獄長期以來給外界一種封閉與世隔絕的印象,然而透過這本書,卻打開了這層面紗,原來分處各地的矯正機關安排了許多不同的技能教導受刑人,而他們不論在食品、工藝品等方面都有不錯的成績,近年來因人權意識抬頭,也對獄政做了不少改革,本書圖文並茂的安排,猶如看一本圖冊,淺顯易懂‧"}, {"BOOKNAME": "2014兩岸及香港矯正（懲教）實務研討會成果實錄", "ISBN": "9789860439793", "USER": "wo*9er*", "CONTENT": "結合兩岸三地獄政學者及實務工作人員，針對受刑人的醫療照護、就業、藝文教化所的研討會，藉由相互觀摩，截長補短，本書圖文並茂，淺寫易懂，可窺兩岸三地獄政發展方現。"}]