[{"BOOKNAME": "日本311默示：瓦礫堆裡最寶貝的紀念", "ISBN": "9789861737225", "USER": "a**ra**", "CONTENT": "這本書給我最重要的啟示&quot;核能的原料還有人命&quot;，真的是很讓人深省的一句，或許我們平常利用核能貪圖方便省錢，但是，不怕一萬只怕萬一的想法，我們是否該深刻去反省自己，這本書中還寫到福島的動物，那篇文章，很讓人流淚"}, {"BOOKNAME": "日本311默示：瓦礫堆裡最寶貝的紀念", "ISBN": "9789861737225", "USER": "a**ra**", "CONTENT": "這本書給我最重要的啟示&quot;核能的原料還有人命&quot;，真的是很讓人深省的一句，或許我們平常利用核能貪圖方便省錢，但是，不怕一萬只怕萬一的想法，我們是否該深刻去反省自己，這本書中還寫到福島的動物，那篇文章，很讓人流淚"}, {"BOOKNAME": "伊拉克戰爭的兒童難民", "ISBN": "9789866437595", "USER": "tr*****ice", "CONTENT": "本書完全是由孩子第一人稱的敘述，因此讀來特別有臨場感，像是真的聽到這些孩子自己的心聲，書中受訪的孩子政治立場不一定相同，可以看到作者中立的呈現事情的不同面向。看看這些孩子，想想我們自己，真是身在福中不知福，希望台灣的孩子都能讀讀這本書，能夠更了解自由和和平的重要！"}, {"BOOKNAME": "311的釜石奇蹟：日本大地震中讓孩子全員生還的特別課程", "ISBN": "9789869546294", "USER": "ch****150", "CONTENT": "相較於大人的陳見，看似「不認真」、「頑皮」的孩子們，危機時卻能發揮比大人更冷靜與堅定的處理，甚至還救了大人們的性命。隨後數章也介紹了校長的堅持，才使得釜石小學的災害教育能夠展開並延續。同時也有收錄了反例的大川小學，也不禁讓人扼腕。"}]