[{"BOOKNAME": "是湊巧還是機率？巧合背後的數學與迷思", "ISBN": "9789862356357", "USER": "d**a1**", "CONTENT": "一本沒有數學，卻是數學的書，這本書說明了在歷史的發展中，歷史的偶然都是必然發生的事情，歷史就是玩骰子的遊戲過程。真是有趣。"}, {"BOOKNAME": "輕鬆學好高中數學", "ISBN": "9789864510375", "USER": "gi*chi*", "CONTENT": "在仔細閱讀本書後，感覺是一本可以推薦給想要更加瞭解高中數學教學或是學習的人所看的書。 當然其中不乏一些讓人比較無法直接深入的部份，但卻不失為一本自學自省的一本數學學習書藉！"}, {"BOOKNAME": "茶水間的數學：熟用這些數字觀念，你一生", "ISBN": "9789868371101", "USER": "tr*****273", "CONTENT": "討厭數學的學生讀了本書後一定會喜愛上數學！ 　　原本再怎麼努力算數學、唸數學，卻怎麼考怎麼低分，快要放棄數學的我，讀了本書後，第一次覺得數學很簡單！有趣的數學小故事、幽默的數學解題方法，讓學習數學成為小case！"}]