[{"BOOKNAME": "倫理21", "ISBN": "9789866112089", "USER": "s1*****103", "CONTENT": "由於作者本書的講述絕大部份運用康德倫理學的架構下去講述，所以要讀本書，會建議讀者對康德倫理學理論有基本的認識，再來看本書會有更好的理解。"}, {"BOOKNAME": "死刑：倫理與法理（思想17）", "ISBN": "9789570837544", "USER": "s1*****103", "CONTENT": "本書試圖以哲學理論建構討論存在已久的死刑存廢問題，是一本需要對死刑之理論依據有所源的讀者可以參考的一本書。"}, {"BOOKNAME": "說真話的勇氣：北野武の新道德", "ISBN": "9789862729830", "USER": "je******314", "CONTENT": "說真話的勇氣是現代正直的人最缺乏的東西…因為說真話最後的結果總是落得一個眾叛親離的下場，換到的只有孤獨。而現在的人太喜歡虛偽，逃避著許多不合理的現實。北野武一開始序上就說，如果無法用心體會別人想傳達的觀念的人，就馬上放下這本書"}, {"BOOKNAME": "為什麼我們需要公共哲學：政治中的道德問題", "ISBN": "9789863440628", "USER": "me*aps*", "CONTENT": "這本書原著於2005年出版，是桑德爾展開公共哲學研究論述與教學實踐的起點。 可以說是桑德爾展開正義，一場思辨之旅與錢買不到的東西 這兩本通俗性政治哲學辯論的奠基之作。 由於本書是由一篇篇短文所組成，內容涵蓋了各種公共事務的道德爭議 因此相當適合對哲學有興趣的讀者閱讀，推薦給大家。"}, {"BOOKNAME": "錢買不到的東西：金錢與正義的攻防", "ISBN": "9789861341965", "USER": "sh*****012", "CONTENT": "想起亞當斯密譬喻『市場是隻看不見得手』，對照現今市場充斥人為所創『誘因機制』的市場導向 ，前者屬市場自然反應狀態的結果，後者屬人為操縱下所設定的市場推論結果，凡屬不自然且人為創造且大量干預的機制必然有人類無法預測的不良後果，藉由這本書可點醒自身環境因市場變異機制所造成影響有多大。"}, {"BOOKNAME": "錢買不到的東西：金錢與正義的攻防", "ISBN": "9789861341965", "USER": "sh*****012", "CONTENT": "想起亞當斯密譬喻『市場是隻看不見得手』，對照現今市場充斥人為所創『誘因機制』的市場導向 ，前者屬市場自然反應狀態的結果，後者屬人為操縱下所設定的市場推論結果，凡屬不自然且人為創造且大量干預的機制必然有人類無法預測的不良後果，藉由這本書可點醒自身環境因市場變異機制所造成影響有多大。"}, {"BOOKNAME": "錢買不到的東西：金錢與正義的攻防", "ISBN": "9789861341965", "USER": "sh*****012", "CONTENT": "想起亞當斯密譬喻『市場是隻看不見得手』，對照現今市場充斥人為所創『誘因機制』的市場導向 ，前者屬市場自然反應狀態的結果，後者屬人為操縱下所設定的市場推論結果，凡屬不自然且人為創造且大量干預的機制必然有人類無法預測的不良後果，藉由這本書可點醒自身環境因市場變異機制所造成影響有多大。"}, {"BOOKNAME": "錢買不到的東西：金錢與正義的攻防", "ISBN": "9789861341965", "USER": "sh*****012", "CONTENT": "想起亞當斯密譬喻『市場是隻看不見得手』，對照現今市場充斥人為所創『誘因機制』的市場導向 ，前者屬市場自然反應狀態的結果，後者屬人為操縱下所設定的市場推論結果，凡屬不自然且人為創造且大量干預的機制必然有人類無法預測的不良後果，藉由這本書可點醒自身環境因市場變異機制所造成影響有多大。"}, {"BOOKNAME": "正義：一場思辨之旅", "ISBN": "9789868271265", "USER": "s1*****103", "CONTENT": "政治哲學所常提到的課題，在此書都有大略的介紹，作者運用了許多的例子來讓非哲學研究者來對他每個章節所提出的中心思想作理解，我想是此書之所以可以熱銷的原因，理論本該要跟現實結合才有用。"}, {"BOOKNAME": "正義：一場思辨之旅", "ISBN": "9789868271265", "USER": "s1*****103", "CONTENT": "政治哲學所常提到的課題，在此書都有大略的介紹，作者運用了許多的例子來讓非哲學研究者來對他每個章節所提出的中心思想作理解，我想是此書之所以可以熱銷的原因，理論本該要跟現實結合才有用。"}, {"BOOKNAME": "正義：一場思辨之旅", "ISBN": "9789868271265", "USER": "s1*****103", "CONTENT": "政治哲學所常提到的課題，在此書都有大略的介紹，作者運用了許多的例子來讓非哲學研究者來對他每個章節所提出的中心思想作理解，我想是此書之所以可以熱銷的原因，理論本該要跟現實結合才有用。"}, {"BOOKNAME": "正義：一場思辨之旅", "ISBN": "9789868271265", "USER": "s1*****103", "CONTENT": "政治哲學所常提到的課題，在此書都有大略的介紹，作者運用了許多的例子來讓非哲學研究者來對他每個章節所提出的中心思想作理解，我想是此書之所以可以熱銷的原因，理論本該要跟現實結合才有用。"}, {"BOOKNAME": "正義：一場思辨之旅", "ISBN": "9789868271265", "USER": "s1*****103", "CONTENT": "政治哲學所常提到的課題，在此書都有大略的介紹，作者運用了許多的例子來讓非哲學研究者來對他每個章節所提出的中心思想作理解，我想是此書之所以可以熱銷的原因，理論本該要跟現實結合才有用。"}, {"BOOKNAME": "正義：一場思辨之旅", "ISBN": "9789868271265", "USER": "s1*****103", "CONTENT": "政治哲學所常提到的課題，在此書都有大略的介紹，作者運用了許多的例子來讓非哲學研究者來對他每個章節所提出的中心思想作理解，我想是此書之所以可以熱銷的原因，理論本該要跟現實結合才有用。"}, {"BOOKNAME": "正義：一場思辨之旅", "ISBN": "9789868271265", "USER": "s1*****103", "CONTENT": "政治哲學所常提到的課題，在此書都有大略的介紹，作者運用了許多的例子來讓非哲學研究者來對他每個章節所提出的中心思想作理解，我想是此書之所以可以熱銷的原因，理論本該要跟現實結合才有用。"}, {"BOOKNAME": "正義：一場思辨之旅", "ISBN": "9789868271265", "USER": "s1*****103", "CONTENT": "政治哲學所常提到的課題，在此書都有大略的介紹，作者運用了許多的例子來讓非哲學研究者來對他每個章節所提出的中心思想作理解，我想是此書之所以可以熱銷的原因，理論本該要跟現實結合才有用。"}]