[{"BOOKNAME": "105年記帳士套書【三民補習班最新上課教材，全新修訂改版】(贈記帳士搶分小法典；附讀書計畫表)", "ISBN": "4712933094204", "USER": "na********t01", "CONTENT": "記帳士考試相較於其他國考考取的容易程度高很多&#x28;真的&#x29;，很多考古題只是換湯不換藥&#x28;哈！&#x29;，作答的時候有著會心一笑之感，ㄟ...這題不就是幾天前才寫過的考古題嗎？所以放心吧，只要掌握書中的最新法規以及考古題，輕鬆準備便能微笑寫完，最後順利通過！"}, {"BOOKNAME": "105年記帳士套書【三民補習班最新上課教材，全新修訂改版】(贈記帳士搶分小法典；附讀書計畫表)", "ISBN": "4712933094204", "USER": "na********t01", "CONTENT": "記帳士考試相較於其他國考考取的容易程度高很多&#x28;真的&#x29;，很多考古題只是換湯不換藥&#x28;哈！&#x29;，作答的時候有著會心一笑之感，ㄟ...這題不就是幾天前才寫過的考古題嗎？所以放心吧，只要掌握書中的最新法規以及考古題，輕鬆準備便能微笑寫完，最後順利通過！"}]