[{"BOOKNAME": "如果你遇見我的朋友蘇格拉底", "ISBN": "9789864775057", "USER": "ge******************.tw", "CONTENT": "艾維澤．塔克碩造了一個大隱於繁華紐約市的哲學宅．蘇格拉底，將《對話錄》的問答用現代版呈現出來，內容頗為有趣，不失哲理，此書是一個易於接觸的哲學小品。"}, {"BOOKNAME": "別因渴望你沒有的，糟蹋了你已經擁有的︰跟斯多噶哲學家對話，學習面對生命處境的智慧", "ISBN": "9789864774166", "USER": "hw*der*", "CONTENT": "淺顯、易懂、好吸收。 覺得從小至今也默默接觸了許多斯哆噶派的想法。 曾經在國學社聽老師講莊子逍遙遊時說：&quot;認識自己所在的極限，有些事情是自己無法控制的，有些則是可以控制的。&quot;現在得知，斯哆噶派也是這麼想，或許東西方許多哲人也是殊途同歸吧。"}, {"BOOKNAME": "哲學超圖解：世界72哲人x古今210個哲思，看圖就懂，面對人生不迷惘！", "ISBN": "9789863841050", "USER": "wa*****g69", "CONTENT": "第一次看到用簡單漫畫的方式來介紹哲學大師及其理論的書,完全採用圖像式思考,不但令人印象深刻還能一目了然,太了不起的老少咸宜的哲學入門書,說是青少年的哲學教科書更不為過,趣味性因漫畫而提高,但是內容深度並未減損,作者實在厲害,看了你會想去接觸哲學也想去思考"}, {"BOOKNAME": "哲學超圖解：世界72哲人x古今210個哲思，看圖就懂，面對人生不迷惘！", "ISBN": "9789863841050", "USER": "wa*****g69", "CONTENT": "第一次看到用簡單漫畫的方式來介紹哲學大師及其理論的書,完全採用圖像式思考,不但令人印象深刻還能一目了然,太了不起的老少咸宜的哲學入門書,說是青少年的哲學教科書更不為過,趣味性因漫畫而提高,但是內容深度並未減損,作者實在厲害,看了你會想去接觸哲學也想去思考"}, {"BOOKNAME": "哲學超圖解：世界72哲人x古今210個哲思，看圖就懂，面對人生不迷惘！", "ISBN": "9789863841050", "USER": "wa*****g69", "CONTENT": "第一次看到用簡單漫畫的方式來介紹哲學大師及其理論的書,完全採用圖像式思考,不但令人印象深刻還能一目了然,太了不起的老少咸宜的哲學入門書,說是青少年的哲學教科書更不為過,趣味性因漫畫而提高,但是內容深度並未減損,作者實在厲害,看了你會想去接觸哲學也想去思考"}]