[{"BOOKNAME": "紅色滲透：中國媒體全球擴張的真相", "ISBN": "9789578654471", "USER": "ge******************.tw", "CONTENT": "紅色滲透的研究成果被2018年胡佛報告引用給美國，讓美國知道共產黨媒體的威脅，台灣2019年底強力推動《反滲透法》其急迫性由此可知，但我親人卻不明白共產黨伎倆，還深以為它是民進黨限制音量的惡法。反中資進駐媒體絕對必要！試想，當民主國家的媒體變成中國關企，我們還能知道新聞真相？"}, {"BOOKNAME": "2049百年馬拉松：中國稱霸全球的祕密戰略", "ISBN": "9789863442639", "USER": "d**a1**", "CONTENT": "用中國的經典思維來思考中國的崛起，這是這本書的特點，這本書說明去中國化是十分不明智的，因為不理解對岸中國，怎麼防衛台灣呢？"}, {"BOOKNAME": "2049百年馬拉松：中國稱霸全球的祕密戰略", "ISBN": "9789863442639", "USER": "d**a1**", "CONTENT": "用中國的經典思維來思考中國的崛起，這是這本書的特點，這本書說明去中國化是十分不明智的，因為不理解對岸中國，怎麼防衛台灣呢？"}, {"BOOKNAME": "穹蒼之下，沉冤待雪：香港抗爭事件被自殺冤魂通靈實錄", "ISBN": "9789571383774", "USER": "el**irs", "CONTENT": "雖然書名講的是香港社會抗爭被自殺的通靈實錄，但其實這部分只佔三分之一，裡面提到熟諳水性但被發現赤裸浮在海面的陳彥霖，以及上新聞澄清的媽媽並不是她的媽媽，這些新聞都曾報導過，看了格外驚心。後面卷二卷三的體驗也有一些蠻恐怖的，但恐怖的是人，不是鬼。"}, {"BOOKNAME": "二零一四甲午香港黃巾之亂", "ISBN": "9789888316458", "USER": "ad********123", "CONTENT": "作者能夠在這關鍵時候站出來，實是十分勇敢。如作者所言，近十幾年以來，一些別有用心的人，於學界、法律界、傳媒、政黨及宗教界別等大規模的滲入，製造謠言、謊言，抹黑政府，製造仇恨，最終促使一場持續多日的內亂。這本書不僅香港人應該看，其他地區的人也當引以為鑒，不要重蹈覆徹！"}, {"BOOKNAME": "關於中國的70個問題", "ISBN": "9789868888760", "USER": "le*****757", "CONTENT": "雖然我很長一段時間沒看相關書籍,完全依賴大學時期的大量閱讀，還是有種&quot;這就是中國&quot;的感覺，當然也有很多從未聽過的事情，像是反貪腐背後的用意及影響等。 看到最後覺得既視感很強烈，很多問題同時發生在現在的台灣，像是公平正義、失業、貪腐等狀況。 若想更瞭解中國，這本書值得一看。"}, {"BOOKNAME": "看見：十年中國的見與思", "ISBN": "9789571358819", "USER": "da***723", "CONTENT": "出忽意料好看的書，我以為我看不下這種的。她的確讓我看見，也照見了人，也比對了台灣的種種。枱面上的看起來就那樣，看妳是否咬牙堅定一口氣，去探尋背後的真相。  人，是書裡最動容，也最驚懼的一片光景。"}, {"BOOKNAME": "看見：十年中國的見與思", "ISBN": "9789571358819", "USER": "da***723", "CONTENT": "出忽意料好看的書，我以為我看不下這種的。她的確讓我看見，也照見了人，也比對了台灣的種種。枱面上的看起來就那樣，看妳是否咬牙堅定一口氣，去探尋背後的真相。  人，是書裡最動容，也最驚懼的一片光景。"}, {"BOOKNAME": "看見：十年中國的見與思", "ISBN": "9789571358819", "USER": "da***723", "CONTENT": "出忽意料好看的書，我以為我看不下這種的。她的確讓我看見，也照見了人，也比對了台灣的種種。枱面上的看起來就那樣，看妳是否咬牙堅定一口氣，去探尋背後的真相。  人，是書裡最動容，也最驚懼的一片光景。"}, {"BOOKNAME": "上海黑幫", "ISBN": "9789866513312", "USER": "fu*******985", "CONTENT": "從黑幫發跡、崛起、運作來鳥瞰時代，本書不僅談上海黑幫人物的傳奇，更重要的是帶我們看到他們的格局，不僅在當代呼風喚雨，也深深影響後代繼起。"}, {"BOOKNAME": "羅輯思維：中國為什麼有前途", "ISBN": "9789864790968", "USER": "ev******429", "CONTENT": "大陸的知識網紅有別於台灣網紅偏重娛樂，以知識為出發點，但並不艱深難懂，作者娓娓道來，兼具知識與知性，觀點亦有可觀之處，值得一讀。"}, {"BOOKNAME": "被隱藏的中國：從新疆、西藏、雲南到滿州的奇異旅程", "ISBN": "9789865842536", "USER": "ti*********616", "CONTENT": "被隱藏的是秘密還是不堪又或者是另一場角逐?這片豐饒的土地，隔著許多空間，就好比隔了千山萬水般，許多無法著墨的事情便消失在過往中。讀了此書，彷彿一場踏上那些不為人所知的旅途。"}]