[{"BOOKNAME": "計算機概論超越講義2013年版(含解析本)資電類與工管類：升科大四技", "ISBN": "9789863081784", "USER": "a0******089", "CONTENT": "這本書收集了相當多的計算機&#x28;電腦&#x29;該知道的知識，寫的相當不錯，就算是想要去瞭解計算機概論的人，也可以買這本書他的內容相當的詳細，不亞於其他本計概書。"}, {"BOOKNAME": "DLC成膜技術(05641)", "ISBN": "9789572149911", "USER": "4**ly**", "CONTENT": "十分詳細，專業的分析及解說。目錄紀錄著各dlc原理，技術的功用，日本對dlc已很成熟，看完這本更加了解原理及如何使用這技術。"}]