[{"BOOKNAME": "自私的基因（2020新版）", "ISBN": "9789864799190", "USER": "ge******************.tw", "CONTENT": "生物學的經典書籍...道金斯認為生物族群為了生存，會與棲息模式或資源相近的另一個生物族群競爭，結果會是優勝劣敗，因此生物體基因是自私的...不過日本學界發現，棲息地的不同會讓需求資源接近的異種生物各自無關，似乎已經開始挑戰傳統進化論了...！"}, {"BOOKNAME": "DNA搭乘頭等艙：清華大學高中學術列車叢書", "ISBN": "9789571168760", "USER": "20*******nks", "CONTENT": "此本書是清華大學所舉辦的「清華開放學堂」與「高中學術列車」二項活動之演講內容。針對重要之主題，深入淺出。是中學生與一般大眾非常好的入門讀物。"}, {"BOOKNAME": "p53：破解癌症密碼的基因", "ISBN": "9789864770182", "USER": "me*****023", "CONTENT": "難得有趣科普書，記敘p53基因發現的過程，及更重要的與癌症相關的研究。p53由原先設想的&quot;致癌&quot;基因到後來認定的&quot;抑癌&quot;，到最後更是發現突變的p53也具有&quot;致癌&quot;功能，高潮迭起，充滿轉折。其中第13章有提到台灣學者的貢獻，殊為有趣。"}, {"BOOKNAME": "基因聖戰：擺脫遺傳的宿命 (新版)", "ISBN": "9789862165218", "USER": "li****lun", "CONTENT": "人類基因圖譜繪製成功前，某些著名的遺傳疾病就已備受矚目而標示出染色體所在位置，至本書付梓以來雖能依照缺陷的片斷去判斷罹病率甚至發病時機，但邁向治癒仍步履蹣跚地前進，但這些怪異的基因為何能存在，恐怕有其演化上的需求，在未透徹理解由來下積極將之抹除，真對子孫們有益嗎？值得細細思量。"}, {"BOOKNAME": "自私的基因", "ISBN": "9789862163252", "USER": "s1*****103", "CONTENT": "基因是自私的=人是自私的? 本書從自然科學的角度去探討基因與自私的相關聯性，不同於哲學家的道德觀點出發，或許能對哲學家爭辯已久的道德理論來個重重一擊也說不定的書，這就是本書為何所吸引我之處。"}, {"BOOKNAME": "DNA的14堂課", "ISBN": "9789864170777", "USER": "ro*******218", "CONTENT": "很完整的讓孩子們理解dna的組成，意思，基因，型態等等的，這本書，不會像原文書一樣枯味乏燥，很好玩，真的看了，也可以一天內看完，讚！"}]