[{"BOOKNAME": "社會工作價值與倫理", "ISBN": "9789866828386", "USER": "83**111", "CONTENT": "社會工作者必備探討倫理價值書，這本是適合詳讀深化的必備書，社工在服務歷程中常遇到的倫理與價值衝突，深讀這本書檢視自己的服務覺察自己的本質，減少服務者跟被服務者的內傷。"}, {"BOOKNAME": "社會工作實務", "ISBN": "9789578424128", "USER": "83**111", "CONTENT": "這本書以沒有再版，很可惜。譯者萬育維老師是社工界著名的老師，對於準備社工師考試或是正在社工系讀書的朋友這本書是必備的工具書，用在學習或檢視社工實務工作很實用。"}]