[{"BOOKNAME": "通往世界的植物：臺灣高山植物的時空旅史", "ISBN": "9789869866255", "USER": "90********852", "CONTENT": "這本科普書好看！不光是在講代表性的台灣植物而已，也有講一點生態學、生態歷史之類的東西，內容很有趣又是台灣學者寫的，推薦對自然科普有興趣的人～"}, {"BOOKNAME": "圖解恐怖怪奇植物學", "ISBN": "9789869683388", "USER": "sh*****666", "CONTENT": "透過這本書瞭解到植物的強大以及演化，而書中也詳細繪製上圖畫讓人更容易去了解。這不是單純介紹植物的工具書，而是介紹植物的歷史以及如何影響到我們的歷史，若是對這一類有興趣的讀者，推薦收藏，這是一本值得細讀的工具書。"}, {"BOOKNAME": "圖解恐怖怪奇植物學", "ISBN": "9789869683388", "USER": "sh*****666", "CONTENT": "透過這本書瞭解到植物的強大以及演化，而書中也詳細繪製上圖畫讓人更容易去了解。這不是單純介紹植物的工具書，而是介紹植物的歷史以及如何影響到我們的歷史，若是對這一類有興趣的讀者，推薦收藏，這是一本值得細讀的工具書。"}, {"BOOKNAME": "世界之樹：孕育地球生命的樹木圖鑑", "ISBN": "9789864086436", "USER": "sh*****666", "CONTENT": "雖然是圖鑑書，但一點也不無趣，文字的描述簡潔又易懂，每一種類別的樹都素描或照片可以比對，不會空泛的想像，認真讀完後，收穫頗豐，知道了許多過去未曾探索的新知識。"}, {"BOOKNAME": "手繪自然筆記", "ISBN": "9789864432301", "USER": "he***a3m", "CONTENT": "細緻可愛的插畫詳實的自然觀察記錄, 內容包含各種動植物, 尤其是鳥類紀錄部分, 特別精彩, 是了解台灣生態不可多得的好書, 喜歡自然插畫正入門的讀者, 很適合用來參考作畫"}, {"BOOKNAME": "菇的呼風喚雨史：從餐桌、工廠、實驗室、戰場到農田，那些人類迷戀、依賴或懼怕的真菌與它們的祕密生活", "ISBN": "9789864591459", "USER": "32********827", "CONTENT": "是一本很棒的菇菇科普書籍，介紹了很多我們日常常見的菇，背後我們不熟悉的歷史，還有許多微小卻深深扭轉人類歷史的菇。由本書學到了很多科普知識，而且印刷精美，是一本值得收藏可以擺在書架上一直欣賞閱讀的書籍。"}, {"BOOKNAME": "萌菇娘圖鑑", "ISBN": "9789573276388", "USER": "su****821", "CONTENT": "這本圖鑑相當有趣，有真實的菇類照片跟二次原擬人的相互呼應下更顯的真實，另配有相關知識跟資訊，在創作上有相當大的幫助~"}, {"BOOKNAME": "與大自然捉迷藏", "ISBN": "9789862670354", "USER": "m4***299", "CONTENT": "將動物的保護色融入捉迷藏遊戲,可以訓練讀者的觀察力與耐力,並且從中認識各種動物,是本讓大人小孩同樂的遊戲書!"}, {"BOOKNAME": "會開花的樹木圖鑑", "ISBN": "9789575266547", "USER": "j**66**", "CONTENT": "本書對於想種會開花的樹的消費者來說，是很好的一本工具書，因為裡面針對於木本開花、結果期的姿態，冬芽、樹皮、葉形、種子等細部照片，書中都有附上。"}, {"BOOKNAME": "花市洋蘭圖鑑", "ISBN": "9789864177851", "USER": "ma****304", "CONTENT": "以前曾經隨意的養過蝴蝶蘭和石斛蘭,最近想要加深對蘭花的接觸和瞭解,看了這本書之後,才知道原來蘭花的種類這麼豐富,對於要種植蘭花的選擇和照顧,有了更深入的認識,是一本很有用的參考書!"}]