[{"BOOKNAME": "超譯尼采 II 權力‧意志", "ISBN": "9789862723944", "USER": "je*****212", "CONTENT": "如果看過超譯尼采ｉ的，就不要錯過這本，這本書很貼心的將尼采的話做分類，讓人能清楚明瞭的閱讀，字彙不艱深，人人皆可閱讀"}, {"BOOKNAME": "查拉圖斯特拉如是說", "ISBN": "9789577632951", "USER": "ge******************.tw", "CONTENT": "尼采的原著譯本、常識來挑戰。《查拉圖斯特拉如是說》是一本輕薄的哲學經典，但內容並不好讀（對我而言），尼采塑造了一個人物『求道者』查拉圖斯特拉，描繪出他在浪跡天涯的旅行裏的各項體悟，以及對人類的生命意義的討論，有興趣的讀者也可以來試試。"}, {"BOOKNAME": "康德（純理性批判）導讀（二版）", "ISBN": "9789570852110", "USER": "ge******************.tw", "CONTENT": "1988年初版，我讀的是2003年的初版五刷，2018年二版，康德哲學的原著不容易閱讀，先看導讀，建立架構是有幫助的。有含意的名詞會用粗體表示，比較不會霧煞煞。內容沒問題，但想吐槽第二版封面也不更新一下，有偷懶之嫌喔。"}, {"BOOKNAME": "拒絕理所當然的思考", "ISBN": "9789864771462", "USER": "fu*******985", "CONTENT": "講到思考，慣性會帶我們做出判斷和反應。大腦習慣用最舒適的方式作出反映，如同書名「理所當然」，本書展現了十個思想家的思考，閱讀的過程打破既有觀念的框架，學會思考並非是填鴨式的累積，更有甚者，要擺脫原有知識，才能得到新的看法。"}, {"BOOKNAME": "咖啡館裏遇見尼采", "ISBN": "9789863523406", "USER": "48**088", "CONTENT": "要真正體驗生命，必須站在生命之上！尼釆是一個孤獨寂寞的先哲；一個在銀河裏閃爍的星星！走近尼釆，直達人生的終極秘密！人類因夢想而偉大，在咖啡館裏遇見尼采，讓我更懂得尼釆！"}, {"BOOKNAME": "超譯尼采", "ISBN": "9789862722206", "USER": "ti*******003", "CONTENT": "這本書非常白話的將尼采這位哲學家 所想表達的人生觀待人處事其道理想法等等 讓人淺顯易懂 且對於讀者自我成長方面非常的有幫助"}, {"BOOKNAME": "超譯尼采", "ISBN": "9789862722206", "USER": "ti*******003", "CONTENT": "這本書非常白話的將尼采這位哲學家 所想表達的人生觀待人處事其道理想法等等 讓人淺顯易懂 且對於讀者自我成長方面非常的有幫助"}, {"BOOKNAME": "超譯尼采", "ISBN": "9789862722206", "USER": "ti*******003", "CONTENT": "這本書非常白話的將尼采這位哲學家 所想表達的人生觀待人處事其道理想法等等 讓人淺顯易懂 且對於讀者自我成長方面非常的有幫助"}, {"BOOKNAME": "超譯尼采", "ISBN": "9789862722206", "USER": "ti*******003", "CONTENT": "這本書非常白話的將尼采這位哲學家 所想表達的人生觀待人處事其道理想法等等 讓人淺顯易懂 且對於讀者自我成長方面非常的有幫助"}, {"BOOKNAME": "超譯尼采", "ISBN": "9789862722206", "USER": "ti*******003", "CONTENT": "這本書非常白話的將尼采這位哲學家 所想表達的人生觀待人處事其道理想法等等 讓人淺顯易懂 且對於讀者自我成長方面非常的有幫助"}, {"BOOKNAME": "超譯尼采", "ISBN": "9789862722206", "USER": "ti*******003", "CONTENT": "這本書非常白話的將尼采這位哲學家 所想表達的人生觀待人處事其道理想法等等 讓人淺顯易懂 且對於讀者自我成長方面非常的有幫助"}, {"BOOKNAME": "超譯尼采", "ISBN": "9789862722206", "USER": "ti*******003", "CONTENT": "這本書非常白話的將尼采這位哲學家 所想表達的人生觀待人處事其道理想法等等 讓人淺顯易懂 且對於讀者自我成長方面非常的有幫助"}, {"BOOKNAME": "超譯尼采", "ISBN": "9789862722206", "USER": "ti*******003", "CONTENT": "這本書非常白話的將尼采這位哲學家 所想表達的人生觀待人處事其道理想法等等 讓人淺顯易懂 且對於讀者自我成長方面非常的有幫助"}, {"BOOKNAME": "超譯尼采", "ISBN": "9789862722206", "USER": "ti*******003", "CONTENT": "這本書非常白話的將尼采這位哲學家 所想表達的人生觀待人處事其道理想法等等 讓人淺顯易懂 且對於讀者自我成長方面非常的有幫助"}, {"BOOKNAME": "高達瑪", "ISBN": "9789578184404", "USER": "s1*****103", "CONTENT": "本書透過介紹高達瑪，讓讀者了解哲學詮釋學大師以及他所發揚光大的哲學詮釋學理論，是一本詮釋學與高達瑪本人的入門之書。"}, {"BOOKNAME": "散步在華爾街的馬克思", "ISBN": "9789862722084", "USER": "s1*****103", "CONTENT": "本書作為一本試圖將馬克思理論撥亂導正的小冊子，讓讀者得以對馬克思理論的批評及其理論能有另一面的了解，資本主義只要存在的一天，馬克思的幽靈相信不僅是在歐洲，而是在全世界遊蕩。"}, {"BOOKNAME": "康德與《純粹理性批判》", "ISBN": "9789571156620", "USER": "s1*****103", "CONTENT": "康德的第一批判是他的立論基礎，然而康德所著之書基本上用大量且自行定義之文字來建構他的論證，一般讀者想了解並不容易，而本書則提供了一種管道，透過本書的講述之下來了解原典，讓讀者能把握康德的原意。"}, {"BOOKNAME": "尼采，對自己的讀者是很挑剔的", "ISBN": "9789866714559", "USER": "s1*****103", "CONTENT": "本書透過對尼采的幾個經典著作以及他的生涯過程，讓讀者能對尼采的哲學理論快速理解，畢竟尼采的著作大部分非學術著作，相信透過此書，尼采的哲學不再讀者的理解中被跟納粹再劃上等號，而能真正的理解尼采。"}, {"BOOKNAME": "否定與合理－馬庫色（單向度的人）導讀", "ISBN": "9789575671426", "USER": "ge**rlo", "CONTENT": "現代社會變遷之快，是任何人都想不到的。台灣也在資本主義與資訊社會的發展過程中，也成為一個單向度的社會。在表面多元化的背後，有一種生存邏輯統治著社會的運行，政治上、經濟上、文化上都是如此。"}, {"BOOKNAME": "道德底形上學之基礎", "ISBN": "9789570801941", "USER": "s1*****103", "CONTENT": "本書可以說是康德《判斷力批判》的前作，大綱式卻又不失康德特色的說明了康德義務論之立論基礎及其根據，是要了解康德道德哲學的人一定要讀的入門書。"}]