[{"BOOKNAME": "飛航解密：美國航太專家關於飛航安全、訓練與管理的大解密", "ISBN": "9789573280187", "USER": "am******796", "CONTENT": "在國家地理頻道等看了好幾季飛航有關的紀錄片，一直對於飛航原理或飛航有關的事感到很有興趣，這本書裡有解釋飛機原理、飛機事故的調查報告還有照片，推薦給和我一樣的飛機迷或喜歡看空中浩劫紀錄片的人。"}, {"BOOKNAME": "航空管制超入門【圖解版】", "ISBN": "9789861779911", "USER": "wa*****g69", "CONTENT": "對於喜歡航空站管制員遊戲的玩家們來說,本書是必讀的基礎知識了,一般讀者也可藉由此書一窺機場運作之奧妙,從飛航簡史,飛航管制區的定義劃分,硬體設施與專業術語,到日本實際機場的介紹,完整的飛機起降作業流程,熱愛飛行的人怎可錯過這樣有趣又完整的作品呢"}, {"BOOKNAME": "直升機為什麼這樣飛？（圖解版）", "ISBN": "9789861775029", "USER": "li****lun", "CONTENT": "問答式的將直昇機的特性作介紹,但本土出版社基於題材取之不易,對臺灣的愛書人原本就是件很無奈的事,但在參照書中因地&#x28;日本&#x29;的法規與擁有的機種外,卻為以附註的方式概略將自己國內情形讓讀者知曉,實在可惜."}, {"BOOKNAME": "飛機的構造與飛行原理（圖解版）", "ISBN": "9789861774749", "USER": "li****lun", "CONTENT": "每頁短短的篇幅中用簡單的圖便或照片解說,很清楚的知道現代飛機的構造,此時有點羨慕日本天空中可以看見數十款飛機,對航空迷來說有這樣豐富的資料集結成書,實在是件很幸福的事."}, {"BOOKNAME": "飛機的構造與飛行原理（圖解版）", "ISBN": "9789861774749", "USER": "li****lun", "CONTENT": "每頁短短的篇幅中用簡單的圖便或照片解說,很清楚的知道現代飛機的構造,此時有點羨慕日本天空中可以看見數十款飛機,對航空迷來說有這樣豐富的資料集結成書,實在是件很幸福的事."}, {"BOOKNAME": "認識摩托車的基本構造（圖解版）", "ISBN": "9789861774596", "USER": "li****lun", "CONTENT": "重機跟速克達還是不太一樣,但摩托車就是長這樣!雖然摩托車被稱為肉包鐵,所有部件泰半外露,只是看得見卻未必看得穿運作的奧秘,能見到簡明的剖析真好."}, {"BOOKNAME": "戰鬥機的祕密【圖解版】", "ISBN": "9789861779225", "USER": "je****628", "CONTENT": "很適合新手戰機迷的一本入門讀物! 內容是針對簡介上提到的每個小問題一一解答，每個問題由2頁文字說明和解說圖組成。因為是一本入門書，所以不會提到太多專有名詞&#x28;有提到的地方也會稍作說明&#x29; 內容淺顯易懂，特別推薦想更加了解戰鬥機卻不知從何開始新手~"}, {"BOOKNAME": "日本JR鐵道車輛大圖鑑", "ISBN": "9789865903541", "USER": "li****lun", "CONTENT": "日本鐵道路網交織縱橫得很綿密，機車頭及車廂種類眾多，尤其強調高速化車身流線造型均深具美感，單收羅jr新幹線與在來線就目不暇給，如果再加入私鐵就更壯觀了。希望臺灣的軌道列車除發揮運輸功能外也能創造美感，增加搭乘的樂趣。"}, {"BOOKNAME": "空中巴士物語Airbus Jet Story", "ISBN": "9789866435928", "USER": "li****lun", "CONTENT": "說是空巴的專輯;封面還用了很炫的a380襯托,結果a380僅蜻蜓點水.都副標題寫了空中巴士物語,後半截居然是歐洲一堆作古的民航機,份量已經不是很足的情況,感覺是濫竽充數的味道,要不改成歐洲民航會比較貼切."}, {"BOOKNAME": "龐德汽車俱樂部-隨車放一本! 時刻保平安", "ISBN": "9789574427871", "USER": "je***u15", "CONTENT": "開車族必備的書,很多時候可以用到,讓你開車一路順暢,幫助有任何車子問題,透過這本書可以暫時解決問題,可以先了解做簡單的維修,以方便大眾突發狀況.."}]