[{"BOOKNAME": "為了活下去：脫北女孩朴研美", "ISBN": "9789862137192", "USER": "ko**971", "CONTENT": "這是一個漂亮年輕女孩的 勇敢告白。最早 我在youtube 看到他的 英文演講 被他的故事打動 卻遠遠比不上這本書給我的震撼!我們何其幸運生在台灣 像北韓這樣的人間煉獄 實在 不應該存在。祝福 延美小姐成就他所想成就的一切!希望世界和平 只有喜樂 沒有痛苦"}, {"BOOKNAME": "為了活下去：脫北女孩朴研美", "ISBN": "9789862137192", "USER": "ko**971", "CONTENT": "這是一個漂亮年輕女孩的 勇敢告白。最早 我在youtube 看到他的 英文演講 被他的故事打動 卻遠遠比不上這本書給我的震撼!我們何其幸運生在台灣 像北韓這樣的人間煉獄 實在 不應該存在。祝福 延美小姐成就他所想成就的一切!希望世界和平 只有喜樂 沒有痛苦"}, {"BOOKNAME": "為了活下去：脫北女孩朴研美", "ISBN": "9789862137192", "USER": "ko**971", "CONTENT": "這是一個漂亮年輕女孩的 勇敢告白。最早 我在youtube 看到他的 英文演講 被他的故事打動 卻遠遠比不上這本書給我的震撼!我們何其幸運生在台灣 像北韓這樣的人間煉獄 實在 不應該存在。祝福 延美小姐成就他所想成就的一切!希望世界和平 只有喜樂 沒有痛苦"}, {"BOOKNAME": "為了活下去：脫北女孩朴研美", "ISBN": "9789862137192", "USER": "ko**971", "CONTENT": "這是一個漂亮年輕女孩的 勇敢告白。最早 我在youtube 看到他的 英文演講 被他的故事打動 卻遠遠比不上這本書給我的震撼!我們何其幸運生在台灣 像北韓這樣的人間煉獄 實在 不應該存在。祝福 延美小姐成就他所想成就的一切!希望世界和平 只有喜樂 沒有痛苦"}, {"BOOKNAME": "為了活下去：脫北女孩朴研美", "ISBN": "9789862137192", "USER": "ko**971", "CONTENT": "這是一個漂亮年輕女孩的 勇敢告白。最早 我在youtube 看到他的 英文演講 被他的故事打動 卻遠遠比不上這本書給我的震撼!我們何其幸運生在台灣 像北韓這樣的人間煉獄 實在 不應該存在。祝福 延美小姐成就他所想成就的一切!希望世界和平 只有喜樂 沒有痛苦"}, {"BOOKNAME": "為了活下去：脫北女孩朴研美", "ISBN": "9789862137192", "USER": "ko**971", "CONTENT": "這是一個漂亮年輕女孩的 勇敢告白。最早 我在youtube 看到他的 英文演講 被他的故事打動 卻遠遠比不上這本書給我的震撼!我們何其幸運生在台灣 像北韓這樣的人間煉獄 實在 不應該存在。祝福 延美小姐成就他所想成就的一切!希望世界和平 只有喜樂 沒有痛苦"}, {"BOOKNAME": "為了活下去：脫北女孩朴研美", "ISBN": "9789862137192", "USER": "ko**971", "CONTENT": "這是一個漂亮年輕女孩的 勇敢告白。最早 我在youtube 看到他的 英文演講 被他的故事打動 卻遠遠比不上這本書給我的震撼!我們何其幸運生在台灣 像北韓這樣的人間煉獄 實在 不應該存在。祝福 延美小姐成就他所想成就的一切!希望世界和平 只有喜樂 沒有痛苦"}, {"BOOKNAME": "擁有七個名字的女孩：一個北韓叛逃者的真實故事", "ISBN": "9789869193818", "USER": "25***096", "CONTENT": "一直知道北韓是個共產國家，但內容還是超乎我的想像，這女孩比我年紀還小，無法相信這樣的生活居然存在，非常的震撼我，好幾次感受都直衝掐住我的喉門。自由代價很高，但真的很重要，心靈的自由，生活的自由，還有現今社會大眾對自由的濫用...，看完這本書，我對於自由再次有了不一樣的感受！"}, {"BOOKNAME": "擁有七個名字的女孩：一個北韓叛逃者的真實故事", "ISBN": "9789869193818", "USER": "25***096", "CONTENT": "一直知道北韓是個共產國家，但內容還是超乎我的想像，這女孩比我年紀還小，無法相信這樣的生活居然存在，非常的震撼我，好幾次感受都直衝掐住我的喉門。自由代價很高，但真的很重要，心靈的自由，生活的自由，還有現今社會大眾對自由的濫用...，看完這本書，我對於自由再次有了不一樣的感受！"}, {"BOOKNAME": "擁有七個名字的女孩：一個北韓叛逃者的真實故事", "ISBN": "9789869193818", "USER": "25***096", "CONTENT": "一直知道北韓是個共產國家，但內容還是超乎我的想像，這女孩比我年紀還小，無法相信這樣的生活居然存在，非常的震撼我，好幾次感受都直衝掐住我的喉門。自由代價很高，但真的很重要，心靈的自由，生活的自由，還有現今社會大眾對自由的濫用...，看完這本書，我對於自由再次有了不一樣的感受！"}, {"BOOKNAME": "他們先殺了我父親：一個柬埔寨女兒的回憶錄", "ISBN": "9789863615996", "USER": "qq******123", "CONTENT": "以前只有在歷史課本中了解共產主義，書中女孩更真實確切的呈現活在共產主義下被犧牲的無辜人民的生活。看完除了覺得慶幸、同情以外，會有更多想法對於尊重生命以及改變世界，希望這世界上每個角落的人都可以獲得平等自由，開心的生活下去。"}, {"BOOKNAME": "他們先殺了我父親：一個柬埔寨女兒的回憶錄", "ISBN": "9789863615996", "USER": "qq******123", "CONTENT": "以前只有在歷史課本中了解共產主義，書中女孩更真實確切的呈現活在共產主義下被犧牲的無辜人民的生活。看完除了覺得慶幸、同情以外，會有更多想法對於尊重生命以及改變世界，希望這世界上每個角落的人都可以獲得平等自由，開心的生活下去。"}, {"BOOKNAME": "他們先殺了我父親：一個柬埔寨女兒的回憶錄", "ISBN": "9789863615996", "USER": "qq******123", "CONTENT": "以前只有在歷史課本中了解共產主義，書中女孩更真實確切的呈現活在共產主義下被犧牲的無辜人民的生活。看完除了覺得慶幸、同情以外，會有更多想法對於尊重生命以及改變世界，希望這世界上每個角落的人都可以獲得平等自由，開心的生活下去。"}, {"BOOKNAME": "他們先殺了我父親：一個柬埔寨女兒的回憶錄", "ISBN": "9789863615996", "USER": "qq******123", "CONTENT": "以前只有在歷史課本中了解共產主義，書中女孩更真實確切的呈現活在共產主義下被犧牲的無辜人民的生活。看完除了覺得慶幸、同情以外，會有更多想法對於尊重生命以及改變世界，希望這世界上每個角落的人都可以獲得平等自由，開心的生活下去。"}, {"BOOKNAME": "他們先殺了我父親：一個柬埔寨女兒的回憶錄", "ISBN": "9789863615996", "USER": "qq******123", "CONTENT": "以前只有在歷史課本中了解共產主義，書中女孩更真實確切的呈現活在共產主義下被犧牲的無辜人民的生活。看完除了覺得慶幸、同情以外，會有更多想法對於尊重生命以及改變世界，希望這世界上每個角落的人都可以獲得平等自由，開心的生活下去。"}, {"BOOKNAME": "他們先殺了我父親：一個柬埔寨女兒的回憶錄", "ISBN": "9789863615996", "USER": "qq******123", "CONTENT": "以前只有在歷史課本中了解共產主義，書中女孩更真實確切的呈現活在共產主義下被犧牲的無辜人民的生活。看完除了覺得慶幸、同情以外，會有更多想法對於尊重生命以及改變世界，希望這世界上每個角落的人都可以獲得平等自由，開心的生活下去。"}, {"BOOKNAME": "他們先殺了我父親：一個柬埔寨女兒的回憶錄", "ISBN": "9789863615996", "USER": "qq******123", "CONTENT": "以前只有在歷史課本中了解共產主義，書中女孩更真實確切的呈現活在共產主義下被犧牲的無辜人民的生活。看完除了覺得慶幸、同情以外，會有更多想法對於尊重生命以及改變世界，希望這世界上每個角落的人都可以獲得平等自由，開心的生活下去。"}, {"BOOKNAME": "他們先殺了我父親：一個柬埔寨女兒的回憶錄", "ISBN": "9789863615996", "USER": "qq******123", "CONTENT": "以前只有在歷史課本中了解共產主義，書中女孩更真實確切的呈現活在共產主義下被犧牲的無辜人民的生活。看完除了覺得慶幸、同情以外，會有更多想法對於尊重生命以及改變世界，希望這世界上每個角落的人都可以獲得平等自由，開心的生活下去。"}, {"BOOKNAME": "他們先殺了我父親：一個柬埔寨女兒的回憶錄", "ISBN": "9789863615996", "USER": "qq******123", "CONTENT": "以前只有在歷史課本中了解共產主義，書中女孩更真實確切的呈現活在共產主義下被犧牲的無辜人民的生活。看完除了覺得慶幸、同情以外，會有更多想法對於尊重生命以及改變世界，希望這世界上每個角落的人都可以獲得平等自由，開心的生活下去。"}, {"BOOKNAME": "他們先殺了我父親：一個柬埔寨女兒的回憶錄", "ISBN": "9789863615996", "USER": "qq******123", "CONTENT": "以前只有在歷史課本中了解共產主義，書中女孩更真實確切的呈現活在共產主義下被犧牲的無辜人民的生活。看完除了覺得慶幸、同情以外，會有更多想法對於尊重生命以及改變世界，希望這世界上每個角落的人都可以獲得平等自由，開心的生活下去。"}, {"BOOKNAME": "他們先殺了我父親：一個柬埔寨女兒的回憶錄", "ISBN": "9789863615996", "USER": "qq******123", "CONTENT": "以前只有在歷史課本中了解共產主義，書中女孩更真實確切的呈現活在共產主義下被犧牲的無辜人民的生活。看完除了覺得慶幸、同情以外，會有更多想法對於尊重生命以及改變世界，希望這世界上每個角落的人都可以獲得平等自由，開心的生活下去。"}, {"BOOKNAME": "他們先殺了我父親：一個柬埔寨女兒的回憶錄", "ISBN": "9789863615996", "USER": "qq******123", "CONTENT": "以前只有在歷史課本中了解共產主義，書中女孩更真實確切的呈現活在共產主義下被犧牲的無辜人民的生活。看完除了覺得慶幸、同情以外，會有更多想法對於尊重生命以及改變世界，希望這世界上每個角落的人都可以獲得平等自由，開心的生活下去。"}, {"BOOKNAME": "他們先殺了我父親：一個柬埔寨女兒的回憶錄", "ISBN": "9789863615996", "USER": "qq******123", "CONTENT": "以前只有在歷史課本中了解共產主義，書中女孩更真實確切的呈現活在共產主義下被犧牲的無辜人民的生活。看完除了覺得慶幸、同情以外，會有更多想法對於尊重生命以及改變世界，希望這世界上每個角落的人都可以獲得平等自由，開心的生活下去。"}, {"BOOKNAME": "他們先殺了我父親：一個柬埔寨女兒的回憶錄", "ISBN": "9789863615996", "USER": "qq******123", "CONTENT": "以前只有在歷史課本中了解共產主義，書中女孩更真實確切的呈現活在共產主義下被犧牲的無辜人民的生活。看完除了覺得慶幸、同情以外，會有更多想法對於尊重生命以及改變世界，希望這世界上每個角落的人都可以獲得平等自由，開心的生活下去。"}, {"BOOKNAME": "他們先殺了我父親：一個柬埔寨女兒的回憶錄", "ISBN": "9789863615996", "USER": "qq******123", "CONTENT": "以前只有在歷史課本中了解共產主義，書中女孩更真實確切的呈現活在共產主義下被犧牲的無辜人民的生活。看完除了覺得慶幸、同情以外，會有更多想法對於尊重生命以及改變世界，希望這世界上每個角落的人都可以獲得平等自由，開心的生活下去。"}, {"BOOKNAME": "他們先殺了我父親：一個柬埔寨女兒的回憶錄", "ISBN": "9789863615996", "USER": "qq******123", "CONTENT": "以前只有在歷史課本中了解共產主義，書中女孩更真實確切的呈現活在共產主義下被犧牲的無辜人民的生活。看完除了覺得慶幸、同情以外，會有更多想法對於尊重生命以及改變世界，希望這世界上每個角落的人都可以獲得平等自由，開心的生活下去。"}, {"BOOKNAME": "他們先殺了我父親：一個柬埔寨女兒的回憶錄", "ISBN": "9789863615996", "USER": "qq******123", "CONTENT": "以前只有在歷史課本中了解共產主義，書中女孩更真實確切的呈現活在共產主義下被犧牲的無辜人民的生活。看完除了覺得慶幸、同情以外，會有更多想法對於尊重生命以及改變世界，希望這世界上每個角落的人都可以獲得平等自由，開心的生活下去。"}, {"BOOKNAME": "他們先殺了我父親：一個柬埔寨女兒的回憶錄", "ISBN": "9789863615996", "USER": "qq******123", "CONTENT": "以前只有在歷史課本中了解共產主義，書中女孩更真實確切的呈現活在共產主義下被犧牲的無辜人民的生活。看完除了覺得慶幸、同情以外，會有更多想法對於尊重生命以及改變世界，希望這世界上每個角落的人都可以獲得平等自由，開心的生活下去。"}, {"BOOKNAME": "他們先殺了我父親：一個柬埔寨女兒的回憶錄", "ISBN": "9789863615996", "USER": "qq******123", "CONTENT": "以前只有在歷史課本中了解共產主義，書中女孩更真實確切的呈現活在共產主義下被犧牲的無辜人民的生活。看完除了覺得慶幸、同情以外，會有更多想法對於尊重生命以及改變世界，希望這世界上每個角落的人都可以獲得平等自由，開心的生活下去。"}, {"BOOKNAME": "他們先殺了我父親：一個柬埔寨女兒的回憶錄", "ISBN": "9789863615996", "USER": "qq******123", "CONTENT": "以前只有在歷史課本中了解共產主義，書中女孩更真實確切的呈現活在共產主義下被犧牲的無辜人民的生活。看完除了覺得慶幸、同情以外，會有更多想法對於尊重生命以及改變世界，希望這世界上每個角落的人都可以獲得平等自由，開心的生活下去。"}, {"BOOKNAME": "暗夜之河：北韓逃脫記", "ISBN": "9789869620161", "USER": "ri***176", "CONTENT": "大家對於北韓的刻板印象，應該是大眾媒體所描寫的窮兵、核武、金正恩。對於沒去過此地的讀者，這本書所描寫的故事，只是陌生國度裡，一個家庭的悲歡離合。但對於到過北朝鮮的我來說，看完後的沉重感卻是久久無法釋懷。因為這個精采的故事，是用生命換來的。"}, {"BOOKNAME": "暗夜之河：北韓逃脫記", "ISBN": "9789869620161", "USER": "ri***176", "CONTENT": "大家對於北韓的刻板印象，應該是大眾媒體所描寫的窮兵、核武、金正恩。對於沒去過此地的讀者，這本書所描寫的故事，只是陌生國度裡，一個家庭的悲歡離合。但對於到過北朝鮮的我來說，看完後的沉重感卻是久久無法釋懷。因為這個精采的故事，是用生命換來的。"}, {"BOOKNAME": "施敏與數位時代的故事", "ISBN": "9789868959002", "USER": "ha***s17", "CONTENT": "本書的文字流暢近人，讀來完全不覺得是艱澀的高科技著作，本書也記錄了台灣半導體時代崛起的那個時代，國內外 的風雲走向，讓人不禁對這些開拓者致上無比的敬意與感謝。"}, {"BOOKNAME": "拭去人類的淚水和平之母韓鶴子自傳", "ISBN": "9789579191593", "USER": "79********891", "CONTENT": "韓鶴子總裁擁抱世界的胸懷令我十分佩服，縱使環境在怎麼樣的鞎艱難，她仍然以著無比的意志力克服，繼續朝著目標邁進。她為了實現人類一家的夢想，將自己的生命完全獻上，與巴契夫與金日成的會面，都是最好的寫照！"}, {"BOOKNAME": "我是馬拉拉", "ISBN": "9789868995000", "USER": "pu******152", "CONTENT": "中東地區對待婦女的不公平，我們可從這本書中窺之一二。 她不是唯一，她是其中之一的馬拉拉，她，希望為婦女們發聲。"}, {"BOOKNAME": "我是馬拉拉", "ISBN": "9789868995000", "USER": "pu******152", "CONTENT": "中東地區對待婦女的不公平，我們可從這本書中窺之一二。 她不是唯一，她是其中之一的馬拉拉，她，希望為婦女們發聲。"}, {"BOOKNAME": "我是馬拉拉", "ISBN": "9789868995000", "USER": "pu******152", "CONTENT": "中東地區對待婦女的不公平，我們可從這本書中窺之一二。 她不是唯一，她是其中之一的馬拉拉，她，希望為婦女們發聲。"}, {"BOOKNAME": "酒井法子 偶像面具的背後", "ISBN": "9789862511237", "USER": "na***i45", "CONTENT": "我覺得這本書有趣的地方不僅在於酒井法子的演藝生涯介紹，而是能對日本演藝圈多一層認識...  包含親衛隊的文化，以及娛樂記者跟演藝公司關係竟可以如此密切，在富士山上的行銷活動也讓我大開眼界！  對我而言很陌生的1980年偶像時代，也因此增加了一些瞭解。"}, {"BOOKNAME": "自由的滋味──彭明敏回憶錄（二○○九年增訂版）", "ISBN": "9789866789472", "USER": "s1*****103", "CONTENT": "透過本書，可以了解到彭明敏的一生，他與他父親與二二八的關係，身為一個國際法大師與第一屆十大傑出青年，為何又跟他的兩位學生提倡台獨？他又是如何從軟禁中逃出來的？又如何關心台灣民主的進展？本書可以給讀者解答。"}, {"BOOKNAME": "活活燒死!", "ISBN": "9789861340180", "USER": "ny*ia5*", "CONTENT": "關於道德或女性品德這件事，我個人覺得台灣有許多觀念也都是假民主或假開明而已，只是與阿拉伯地區相比沒有那麼偏激如此而已。但若我們也搬到阿國的環境下居住，進而被薰染呢？是的，即使是昧著自己良心在做事，我們同樣也會妥協的，這本書可以讓我們看見人性的黑暗"}, {"BOOKNAME": "活活燒死!", "ISBN": "9789861340180", "USER": "ny*ia5*", "CONTENT": "關於道德或女性品德這件事，我個人覺得台灣有許多觀念也都是假民主或假開明而已，只是與阿拉伯地區相比沒有那麼偏激如此而已。但若我們也搬到阿國的環境下居住，進而被薰染呢？是的，即使是昧著自己良心在做事，我們同樣也會妥協的，這本書可以讓我們看見人性的黑暗"}, {"BOOKNAME": "小腳與西服:張幼儀與徐志摩的家變", "ISBN": "9789579553667", "USER": "ma******126", "CONTENT": "身為知名作家徐志摩的前妻、當大家注視他與知己林徽音、與陸小曼轟轟烈烈的愛情時，張幼儀被人遺忘，沒有她的成全、何來徐志摩美麗的愛情，她擺脫傳統活出自我、最後仍成為徐志摩相信傾訴的好友……"}]