[{"BOOKNAME": "單兵注意！懸命班長的當兵衰小事：老鳥篇", "ISBN": "9789868865211", "USER": "li****lun", "CONTENT": "義務役的軍旅生涯每個人因分發部隊各有不同的經歷，如果運氣好新訓中心離家近，自願加入幹訓班當教育班長，是不錯的選擇。此外；下士薪餉也比士兵高，只是：值星揹得頻率超出印象中太多次，或說揹值星，是作者軍旅生活中深刻的一件事。"}, {"BOOKNAME": "單兵注意！懸命班長的當兵衰小事：菜鳥篇", "ISBN": "9789868865204", "USER": "li****lun", "CONTENT": "入伍新兵訓就是這麼一回事，親身報名幹訓班當教育班長身份轉換體會一下，當初教育班長為什麼如此機車就又是另一番滋味。教育班長一直窩在同一個地方看著一批又一批的新兵，跟一般部隊感觸也大不相同。"}, {"BOOKNAME": "主教謀殺案", "ISBN": "9789576772306", "USER": "c**12**", "CONTENT": "此書原名鵝媽媽謀殺案，許多歐美作家愛以鵝媽媽童謠當作推理題材，本書開頭即以小知更鳥為一連串犯罪譜下序曲，接著駝子摔死等仿照鵝媽媽童謠內容般的接連上演慘劇，個人覺得，格林家命案猶勝此作。"}]