[{"BOOKNAME": "天才在左瘋子在右", "ISBN": "9789571371160", "USER": "ch*****807", "CONTENT": "很棒的思維，很難說誰瘋了，或者只是眾數的我們不懂。精神病人有時不見得是病人，反而是大思想家，或是天才。突然覺得很慶幸，我是先讀完史蒂芬霍金的時間解釋，以及理查費曼的相關理論，才來看這本書。不過，因為這樣，證明這本書真的精彩，好看，也很危險。看完會對未知更謙卑。"}, {"BOOKNAME": "唐鳳：我所看待的自由與未來", "ISBN": "9789575036942", "USER": "el**irs", "CONTENT": "這本書不是完全集中焦點在唐鳳這個人，和她一起共事的人，以及一起創造的結果，全都有所描述。看完覺得雖然她被網友誇為神人，但其實並沒有神話的感覺，而是她和一群相信可以改變社會的人共同努力嘗試，剛好政府相關單位也給予人民發揮的空間。"}, {"BOOKNAME": "兼任下流：流浪博士何處去？直擊高教崩壞現場，揭發兼任教師血汗、低薪、難以翻身的真相，從美國經驗反思大學院校公司化、教師商品化的巨大影響", "ISBN": "9789863448280", "USER": "ch*****807", "CONTENT": "這本書的作者很認真，光參考書目後面就列了10頁，只是面對世界快速的、 巨大又無情的改變，整本書讀下來感覺上是兼任流浪教師的悲鳴。彷彿告訴下一代的人，如果要用讀書來往上層流動，會更困難了。"}, {"BOOKNAME": "身為在台灣的新二代，我很害怕", "ISBN": "9789865534004", "USER": "0*65***", "CONTENT": "深信仇恨式言語對未來人生恐所阻礙？族群歧視非台灣特有而是舉世皆然。我從小備受歧視欺凌甚至養成自卑人格，甚幸未因此而扭曲人格。入境隨俗世界各地都一樣，到美國說華語不講英語有人會理您?台灣對外來族群比起到過國家算相對友善。謝謝作者！讓讀者有機會以不同視角看這社會現象。"}, {"BOOKNAME": "身為在台灣的新二代，我很害怕", "ISBN": "9789865534004", "USER": "0*65***", "CONTENT": "深信仇恨式言語對未來人生恐所阻礙？族群歧視非台灣特有而是舉世皆然。我從小備受歧視欺凌甚至養成自卑人格，甚幸未因此而扭曲人格。入境隨俗世界各地都一樣，到美國說華語不講英語有人會理您?台灣對外來族群比起到過國家算相對友善。謝謝作者！讓讀者有機會以不同視角看這社會現象。"}, {"BOOKNAME": "背離親緣（上）：那些與眾不同的孩子，他們的父母，以及他們尋找身分認同的故事", "ISBN": "9789866179969", "USER": "do**********853", "CONTENT": "愛，沒有條件！所以很慶幸不需要面對書本內所提到的這些問題,但還是會想看這本書是因為看完這本書就會更慶幸自己是多幸運, 但也能讓我體認這些父母所需要面對的幸與不幸,以同理心去看待這些小孩,了解這些小孩並有能力的情況下幫助他人。"}, {"BOOKNAME": "或許，我就這樣一個人走了：在時光靜止的孤獨死模型屋裡，一位遺物整理師重現「死亡終將造訪」的生命場景", "ISBN": "9789863448488", "USER": "el**irs", "CONTENT": "作者的工作態度令人尊敬，而且為了讓世人更瞭解孤獨而終的發生並不少見，特地學習如何製作模型，看了現場模型屋的感受，真的很震撼......"}, {"BOOKNAME": "我們不想當英雄：消防員生死前線的心碎告白", "ISBN": "9789571382852", "USER": "el**irs", "CONTENT": "作者本來是駐守山上的救難員，後來轉任急難消防員，現為國會議員，從字裡行間感受得到他的善良和抱負，倍受感動。他向讀者訴求一個重要的提醒，避免讓自己處在危險，就能減輕消防員的工作！例如：不要高估自己的體力，毫無準備去登山，身體突然有狀況就得出動急救。諸如此類的事，我覺得很重要。"}, {"BOOKNAME": "暴民法：當國家為惡、政治失控、正義失靈，人民的反抗無罪", "ISBN": "9789570855418", "USER": "el**irs", "CONTENT": "在防衛倫理學這邊思考許久，作者探討正當的防禦性行動案例，例如：公園裡的槍擊犯、派對裡的醉漢、門前的兇手等等，並藉由引述這些複雜的案例，指出哪些狀況會引起爭議，也提醒我們不需要因為這些政府代理人不是一般人民就給予特殊待遇。"}, {"BOOKNAME": "暴民法：當國家為惡、政治失控、正義失靈，人民的反抗無罪", "ISBN": "9789570855418", "USER": "el**irs", "CONTENT": "在防衛倫理學這邊思考許久，作者探討正當的防禦性行動案例，例如：公園裡的槍擊犯、派對裡的醉漢、門前的兇手等等，並藉由引述這些複雜的案例，指出哪些狀況會引起爭議，也提醒我們不需要因為這些政府代理人不是一般人民就給予特殊待遇。"}, {"BOOKNAME": "不存在的3億人：漂流、貧困、難以翻身，中國農民工的掙扎與悲歌", "ISBN": "9789570855135", "USER": "a**5p**", "CONTENT": "常去大陸上海昆山出差，看到街邊行走的人穿著看起來差距很大，餐廳的服務員口音也不像本地人，一些人吃不起burgerking漢堡，有些人確花錢不手軟，貧富差距太大，人文素質不同，台灣人造訪大陸之前，透過這本書，可以理解貧富差距及可憐農民工的悲微生活。"}, {"BOOKNAME": "武漢封城日記", "ISBN": "9789570854985", "USER": "el**irs", "CONTENT": "竟然能在這麼短的時間裡看到關於疫情封城的紀實，出版社厲害啊！內容排版清楚易讀很舒服，相信是眼力不佳的紙本書讀者也能感到輕鬆──只是內容並不輕鬆。讀著當時的寂靜，對照現在解封的人潮，只希望人們真的能夠從歷史記取教訓。"}, {"BOOKNAME": "好想殺死父母……", "ISBN": "9789869416412", "USER": "an**925", "CONTENT": "很聳動的標題 這也是我會閱讀他的原因 台灣已經進入高齡化社會 很多東西不是我們不想遇到就不會遇到的 更有些事情是我們必須面對 而不願面對的 這本書給了我許多的啟示 是本很棒的書"}, {"BOOKNAME": "後真相：真相已無關緊要，我們要如何分辨真假", "ISBN": "9789571380353", "USER": "el**irs", "CONTENT": "這本書頁數不多，雖然有不少專有名詞，但舉例平易近人非常好閱讀也容易理解，像是邪教信徒的認知失調分析等等，能對後真相有基礎認識。"}, {"BOOKNAME": "老人詐欺：把老人當作目標，不僅是因為老人好騙。更是因為「那個世代」，壟斷最多財富", "ISBN": "9789869742764", "USER": "ma******hen", "CONTENT": "比最貧困女子更上一層樓。鈴木大介在這本書中，有機的整合了他所採訪到詐欺集團內幕的幾個部分，從而推導出集團是有意識的進化為專騙老人的集團的理由。階級衝突因此和世代衝突結合在一起，呈現為找老人下手的表象。非常有說服力的一本書。"}, {"BOOKNAME": "霸凌者：從兒童到成人、從校園到社會，15個觸目驚心的血色告白", "ISBN": "9789863615514", "USER": "64********170", "CONTENT": "這本書一一的揭露出每一位霸凌者，被霸凌的受害者心中所想的，不敢說的，無助的心境，不只是到了叛逆期的孩子，老師，一二年級，這些看似不可能成為霸凌者的角色，年齡都有可能成為被霸凌者一輩子的心結製造者，造成創傷的兇手。"}, {"BOOKNAME": "BL進化論：男子愛可以改變世界!日本首席BL專家的社會觀察與歷史研究", "ISBN": "9789863443803", "USER": "la*****a99", "CONTENT": "被書名深深吸引。全書透過分析大量的bl漫畫及電影，以及讀者與創作者的心理，完整闡述bl的歷史。 就算不熟此類讀物的讀者，也能經由裡面對大量作品的分析，去挑選自己有興趣的讀物。"}, {"BOOKNAME": "自由文化地球國", "ISBN": "9789869314534", "USER": "se***031", "CONTENT": "在網路上無意間看到作者的字卡言論，好奇看完這本書，的確是很有創意的一本書，格局很大，提出了不少新的觀念，雖然細節不足，但已經頗值得思索與品味。"}, {"BOOKNAME": "我們為何膜拜青春？", "ISBN": "9789863600626", "USER": "an****************com", "CONTENT": "我們為何膜拜青春?這本書給了我們很多值得思考的地方 也給了我們許多的省思 很適合給國中升高中的青少年們閱讀、去了解自己現階段的問題"}, {"BOOKNAME": "動漫社會學：別說得好像還有救！", "ISBN": "9789869194327", "USER": "en******875", "CONTENT": "集結各個對acg主題有研究的作者，如cosplay，bl，女僕，遊戲等動漫文化元素，融入社會學的詮釋，盡可能以深入淺出的方式來提出個人觀察及論點，是本能作為動漫研究的工具書。"}, {"BOOKNAME": "思辨：熱血教師的十堂公民課", "ISBN": "9789864060115", "USER": "li****gyi", "CONTENT": "這是一位高中公民老師出的書，對我們時下討論得正熱門的社會話題做了很多層面的論述，很客觀，也很有意思！非常適合家中有國高中生的父母以及教職人員閱讀！"}, {"BOOKNAME": "思辨：熱血教師的十堂公民課", "ISBN": "9789864060115", "USER": "li****gyi", "CONTENT": "這是一位高中公民老師出的書，對我們時下討論得正熱門的社會話題做了很多層面的論述，很客觀，也很有意思！非常適合家中有國高中生的父母以及教職人員閱讀！"}, {"BOOKNAME": "思辨：熱血教師的十堂公民課", "ISBN": "9789864060115", "USER": "li****gyi", "CONTENT": "這是一位高中公民老師出的書，對我們時下討論得正熱門的社會話題做了很多層面的論述，很客觀，也很有意思！非常適合家中有國高中生的父母以及教職人員閱讀！"}, {"BOOKNAME": "思辨：熱血教師的十堂公民課", "ISBN": "9789864060115", "USER": "li****gyi", "CONTENT": "這是一位高中公民老師出的書，對我們時下討論得正熱門的社會話題做了很多層面的論述，很客觀，也很有意思！非常適合家中有國高中生的父母以及教職人員閱讀！"}, {"BOOKNAME": "上癮的真相", "ISBN": "9789867470683", "USER": "wa***838", "CONTENT": "真的是很棒的好書   值得每個家庭擁有   特別在現今的社會   為人父母都應該閱讀這本實用的好書 特別是這本書的版權還用來做公益 值得大推特推"}, {"BOOKNAME": "知識分子論", "ISBN": "9789861736785", "USER": "s1*****103", "CONTENT": "薩伊德的這本書，打造了一個理想的知識分子應有的模範，而藉由此書，也得以一窺薩依德的學識之廣，利用這些學識來證成，一個知識份子所該有的要素。"}, {"BOOKNAME": "殺戮的艱難", "ISBN": "9789868658165", "USER": "s1*****103", "CONTENT": "此書從各種不同的角度去探討死刑存廢的問題，兒也概述了為何作者認為死刑應該被廢棄的原因，不同於法律的論證或是哲學的探討，此書作者提供了讀者不同的觀點去看待死刑存廢的問題，更希望的是，更多人來關心這個議題。"}, {"BOOKNAME": "信仰的終結：宗教、恐怖行動及理性的未來", "ISBN": "9789865842741", "USER": "wa*****g69", "CONTENT": "作者試圖以純理性思考批判解讀宗教的本質,論理嚴謹,抽絲剝繭,十分有說服力,並且從始至終作者並未否定宗教所特別重視的神蹟等超自然神秘經驗,他不探討神蹟的真偽,只是諄諄提醒大眾,信仰任何宗教都不該因此失去獨立而理性的判斷,否則邪教或是藉宗教之名行殘虐之事永不會斷絕"}, {"BOOKNAME": "99%的人不知道的世界秘密：別被〔他們〕騙了！", "ISBN": "9789573277125", "USER": "an***690", "CONTENT": "作者以「他們」來形容真正的世界統治者，並以「魯民」來稱呼無知的我們大眾。 「他們」以舖天蓋地的方式在操縱著這世界。 然而姑且不論書中秘密組織的真假，但教導人們以「赤子之心」及追求原始天然的方向來生活，卻是放諸四海皆準的不變法則。"}, {"BOOKNAME": "獨居時代：一個人住，因為我可以", "ISBN": "9789865956578", "USER": "cl******320", "CONTENT": "獨居正在改變我們的世界,獨居不再等於孤獨，而是我們的生活新選擇！群居了二十萬年的人類，在五、六十年前開始了獨居生活群居生活，不再理所當然！十年內，全球獨居人口增加了33。我們要學習一個人住的生活方式但其實，獨居不只是我們的選擇，更需要社會的整體設計。"}, {"BOOKNAME": "失控的正向思考", "ISBN": "9789866723766", "USER": "dr****mrd", "CONTENT": "作者從自己罹患乳癌說起（各位絕對無法想像乳癌患者分享團體為勵志市場創造多少商機），談到吸金功力連大企業都難以望其項背的福音派教會，再一路衝刺到正在全球肆虐的「吸引力法則」，接著隨美國金融海嘯飆到最高點。  閱讀《失控的正向思考》刻不容緩。"}, {"BOOKNAME": "廁所之書", "ISBN": "9789866614804", "USER": "bl**jim", "CONTENT": "這本書作者把它當 paper 來寫，還實際走訪了各國廁所，引用的資料非常多，跟實用性無關，讓讀者認識了廁所、馬桶的演進、進化史。"}]