[{"BOOKNAME": "數學女孩秘密筆記：圓圓的三角函數篇", "ISBN": "9789865779955", "USER": "sh****108", "CONTENT": "高二數學一開始就是三角函數，很多學生對圖形很沒概念，弄不太清楚三角函數。我覺得這次的數學女孩很適合遇到這個問題的學生閱讀，作者透過「我」與三位女孩的故事，帶大家一窺三角函數的世界！"}, {"BOOKNAME": "世界第一簡單線性代數", "ISBN": "9789866363405", "USER": "ku****523", "CONTENT": "這本書真的是我線性代數的救贖!線性代數被當之後就很不喜歡這門科目，後來看了這本書終於有點懂線性代數在講什麼了。比起課堂上教的一大串定義和證明，這裡面的講解和比喻，更能讓我了解其中的意義和邏輯。"}]