[{"BOOKNAME": "波的科學：細數那些在我們四周的波", "ISBN": "9789862624234", "USER": "hw*der*", "CONTENT": "好看，容易讀，讀著讀著就學到許多知識，而且是生活中的之前不曉得的知識。 像是，為什麼海浪都跟海岸平行？明明在海上有各種方向的風，也有各種方向的海浪啊。 像是，高速公路上的塞車，也是一種疏密波等等之類的。 正在讀，後面還會討論波浪舞。 可能跟波有關的都包含在裡面了。"}, {"BOOKNAME": "為什麼E=mc2？看懂質能互換與相對論的第一本書", "ISBN": "9789862623909", "USER": "ge******************.tw", "CONTENT": "愛因斯坦發表相對論，這個公式每個上過學校的都知道，但是公式怎麼推導的呢？愈簡潔的公式，背後原理愈複雜，作者想要為科學的硬知識多寫一本科普書，但沒有適當基礎的話，本書還是讀得挺費心的，因為知識就是如此的廣泛！"}, {"BOOKNAME": "薛丁格生命物理學講義：生命是什麼？", "ISBN": "9789862622841", "USER": "sa******000", "CONTENT": "一百年前的物理學家用量子力學來解釋生命，每個科學家都有自己的一套哲學論，薛丁格嘗試著用科學方法來驗證並解答生命的起源，並且探討各物種的變化是基於遺傳還是突變甚至是外在操作影響，非常科學的去思考生命的本質，畢竟從第一個生命誕生到現在過了35億年，我們仍然無法回答生命是什麼?"}, {"BOOKNAME": "七堂簡單物理課", "ISBN": "9789863209539", "USER": "10**afa", "CONTENT": "從國中便在理科的方面不在行，但這本書用淺顯易懂的方式說明物理，對我而言，物理是個範圍很廣的一們學問，小自微小粒子，大自整個宇宙的擴張，看這本書我更了解我們身處的世界，讓我用另一種觀點來看待我們所在的空間。"}, {"BOOKNAME": "完美的理論：一整個世紀的天才與廣義相對論之戰", "ISBN": "9789863207153", "USER": "me*****023", "CONTENT": "精彩的一本書，作者專注介紹相對論歷史脈絡，由愛因斯坦的廣義相對論講起，結合天文學的發現，整合成一幅宇宙全景圖。但是，關於理論方面或是數學方面的交代非常簡約，需要相關知識的讀者，要更進一步由索引取得相關文獻。"}, {"BOOKNAME": "給未來總統的物理課：從恐怖主義、能源危機、核能安全、太空競賽到全球暖化背後的科學真相", "ISBN": "9789866272868", "USER": "li****lun", "CONTENT": "對環保或綠能來說不是能拿來給總統參選人的好建議,當了總統也得有智慧&#x28;或狗膽&#x29;照著作者講的現實面妥協,不管一任是十年、六年、五年還是四年,任內要開發出一項新科技根本不可能.核融合走這麼久都沒個影,加上經濟拮据一切都困難."}, {"BOOKNAME": "給未來總統的物理課：從恐怖主義、能源危機、核能安全、太空競賽到全球暖化背後的科學真相", "ISBN": "9789866272868", "USER": "li****lun", "CONTENT": "對環保或綠能來說不是能拿來給總統參選人的好建議,當了總統也得有智慧&#x28;或狗膽&#x29;照著作者講的現實面妥協,不管一任是十年、六年、五年還是四年,任內要開發出一項新科技根本不可能.核融合走這麼久都沒個影,加上經濟拮据一切都困難."}, {"BOOKNAME": "別鬧了，費曼先生(20萬冊紀念版)", "ISBN": "9780002160018", "USER": "an****liu", "CONTENT": "科學奇才費曼先生，非常聰明，非常幽默，也非常頑皮，閱讀科學家費曼先生的生平事蹟，不僅不嚴肅，還爆笑連連，天啊，怎麼會有這麼風趣幽默的科學家，讓人折服。"}, {"BOOKNAME": "生命是最精彩的推理小說：一個生物學家眼中的奇妙世界", "ISBN": "9789861371337", "USER": "so*****521", "CONTENT": "令人驚歎不已的生物分子世界!生命的奇妙透過作者的絕妙文筆將之做了精簡的詮釋,讓我們這些科學大外行都能讀得津津有味!沒有教條式的描述,是一本具有文藝氣息,相當特別的科普書."}, {"BOOKNAME": "生命是最精彩的推理小說：一個生物學家眼中的奇妙世界", "ISBN": "9789861371337", "USER": "so*****521", "CONTENT": "令人驚歎不已的生物分子世界!生命的奇妙透過作者的絕妙文筆將之做了精簡的詮釋,讓我們這些科學大外行都能讀得津津有味!沒有教條式的描述,是一本具有文藝氣息,相當特別的科普書."}, {"BOOKNAME": "如何學好中學物理", "ISBN": "9789862166635", "USER": "si*********926", "CONTENT": "書中所提學習物理的困境，真是說到學生的心坎裡了。物理不是一門一分耕耘就一定會有一分收穫的科目，本書一針見血地指出學習物理時必須要有的態度與方法。讀完本書後，物理科也許昇華為先苦後甘的科目了。"}, {"BOOKNAME": "探索時間之謎：宇宙最奇妙的維度", "ISBN": "9789861203546", "USER": "s1*****103", "CONTENT": "本書透過物理學，夾雜哲學與數學來討論時間，但本書作為一本科普書，所以對讀者而言其中的理論並不是那麼艱澀難懂，而讀者也可藉由本書，探討時間的意涵與意義。"}, {"BOOKNAME": "探索時間之謎：宇宙最奇妙的維度", "ISBN": "9789861203546", "USER": "s1*****103", "CONTENT": "本書透過物理學，夾雜哲學與數學來討論時間，但本書作為一本科普書，所以對讀者而言其中的理論並不是那麼艱澀難懂，而讀者也可藉由本書，探討時間的意涵與意義。"}, {"BOOKNAME": "圖解物理學", "ISBN": "9789867881922", "USER": "ha*****004", "CONTENT": "對物理有興趣但又覺得外面教科書太生硬的人，這本書可以給我們基本入們的知識，力學、熱力學、電學、磁力學的基本原理，作者以簡單的敘述加上圖解，可以給我們入門的鑰匙，可以對我們日常生活的一切有更進一不的認識。"}, {"BOOKNAME": "觀念物理Ⅰ牛頓運動定律．動量(改版)", "ISBN": "9789862161456", "USER": "sf*****477", "CONTENT": "這本書在出版當時我就買了, 內容淺顯易懂, 作者像魔術師一樣端出許多讓人意想不到的事件來提高讀者對物理的興趣, 現在連我讀國小的兒子拿來看,都讀的津津有味! 所以我又買了第2集第3集,真是高潮迭起!!"}]