[{"BOOKNAME": "升國中能力先修英語科修訂版", "ISBN": "4712839702623", "USER": "an****liu", "CONTENT": "小六準備國中就可以先練習了，題型不難，測驗孩子的英文閱讀能力，不是要擊垮孩子，無須看過多金男的考題，基本題型都看得懂就可以了。"}, {"BOOKNAME": "升國中能力先修英語科修訂版", "ISBN": "4712839702623", "USER": "an****liu", "CONTENT": "小六準備國中就可以先練習了，題型不難，測驗孩子的英文閱讀能力，不是要擊垮孩子，無須看過多金男的考題，基本題型都看得懂就可以了。"}]