[{"BOOKNAME": "菊島傳說1： 沉睡的黑寶石", "ISBN": "9789860033694", "USER": "ki***252", "CONTENT": "這本書很可愛，用貼近讀者的語言來解釋玄武岩的由來，讀來輕鬆。而書中的插圖很漂亮，一邊讀一邊欣賞，樂趣無窮。"}, {"BOOKNAME": "臺語文學導論", "ISBN": "9789860352658", "USER": "ha*****004", "CONTENT": "台語文學，一個超乎許多人想像的領域，其實已經累積許多人的魯力耕耘成果，只是在政府有心的歧視和人民的不注意下，使得這個已經碩果累累的文類遭人否認和忽視。用土地的語言記錄土地的心情和故事，乃是文學的常態，翻開本書就像打開一座寶庫，許多瑰麗之寶就在眼前等著我們去探索。"}]