[{"BOOKNAME": "寄生蟲圖鑑：不可思議世界裡的居民們", "ISBN": "9789862353912", "USER": "ho****************com", "CONTENT": "這真的是一本長知識的好書,雖然是冷知識,但也令人覺得趣味,內容的陳述簡單易懂,讀完後,就很想飛去日本參觀目黑寄生蟲館~"}, {"BOOKNAME": "寄生蟲圖鑑：不可思議世界裡的居民們", "ISBN": "9789862353912", "USER": "ho****************com", "CONTENT": "這真的是一本長知識的好書,雖然是冷知識,但也令人覺得趣味,內容的陳述簡單易懂,讀完後,就很想飛去日本參觀目黑寄生蟲館~"}, {"BOOKNAME": "寄生蟲圖鑑：不可思議世界裡的居民們", "ISBN": "9789862353912", "USER": "ho****************com", "CONTENT": "這真的是一本長知識的好書,雖然是冷知識,但也令人覺得趣味,內容的陳述簡單易懂,讀完後,就很想飛去日本參觀目黑寄生蟲館~"}, {"BOOKNAME": "觀念生物學1~4（套書）", "ISBN": "9780004173214", "USER": "bb*735*", "CONTENT": "如果要找一套看了不會睡著，又要有跟教科書一樣效果的輔助教材，觀念生物學會是最好的選擇！以幽默的方式呈現看似呆版的內容，能達到寓教於樂、潛移默化的功用，在開學前夕，這套書將是超越別人的最佳利器！"}]