[{"BOOKNAME": "狗狗這樣教，主人好輕鬆2：不打不罵不關，33招解決所有狗狗問題", "ISBN": "9789861858883", "USER": "b1*****101", "CONTENT": "這是本簡單易懂的入門書,書中並不會有太多專有名詞,本書會從最基礎的,慢慢帶入到較難的部分,在本書開頭會講解一些重要的基礎概念,並針對一些錯誤的觀念進行駁斥,當初我看了這本書,獲益良多,在讀到觀念部分的內容,令我感到驚喜,書中有不少有趣的部分,也讓我學習到必須站在狗狗的立場想"}, {"BOOKNAME": "別跟狗爭老大（改版）", "ISBN": "4717702072551", "USER": "ev**est", "CONTENT": "我覺得這是本養毛小孩爸媽應該都要擁有的好書，為了理解你的小孩心理與行為，為了正確引導你的小孩，值得反覆閱讀並思考其中的觀念與方式，幫助很大。"}, {"BOOKNAME": "熊爸教你了解狗狗的心事：訓練過上萬隻狗的知名馴犬師，告訴你如何不打不罵不處罰，一樣可以教出乖巧快樂的", "ISBN": "9789578038981", "USER": "ti****327", "CONTENT": "以簡單的敘述，讓初學者讀起來更為輕鬆易懂。站在養狗人的角度思考，提出養狗人常見的迷思與問題，讓讀者更能了解自己的毛寶貝。"}, {"BOOKNAME": "狗狗，讓我陪你走到最後：照護老犬的幸福時光，一次解答飼主百萬個為什麼！【附贈毛孩寶貝生活實用手冊】", "ISBN": "9789869405669", "USER": "k**ae**", "CONTENT": "家中也有一隻老狗，已經11歲了，是可愛的瑪爾濟斯犬，但卻有小瑪共同的病徵：癲癇、心臟病等問題。很珍惜她曾經給我們的快樂時光，現在是換我們照顧她的時候了！這本書是以獸醫師的角度，講了很多照護的方式以及如何陪伴年老的狗狗，是很實用的書喔~還有附贈的查詢手冊，對我們來說真的是太方便了！"}, {"BOOKNAME": "金寶拔の毛小孩安心鮮料理：台灣首席寵物營養師の愛犬飲食大全， 57道健康食譜，15個療癒案例大公開！", "ISBN": "9789869313636", "USER": "74********100", "CONTENT": "很抱歉~這只是一本冒用專家虛名寫的書,金寶拔暨不是獸醫師也不是營養師,卻在書中涉嫌提到療癒效用,想要藉此提升自己的專業,唉~以金寶拔的資格,在醫療和法律上能夠負什麼責任呢?還不如去買具有獸醫師身份寫的書吧~"}, {"BOOKNAME": "金寶拔の毛小孩安心鮮料理：台灣首席寵物營養師の愛犬飲食大全， 57道健康食譜，15個療癒案例大公開！", "ISBN": "9789869313636", "USER": "74********100", "CONTENT": "很抱歉~這只是一本冒用專家虛名寫的書,金寶拔暨不是獸醫師也不是營養師,卻在書中涉嫌提到療癒效用,想要藉此提升自己的專業,唉~以金寶拔的資格,在醫療和法律上能夠負什麼責任呢?還不如去買具有獸醫師身份寫的書吧~"}, {"BOOKNAME": "狗狗大聯盟  柴犬小學堂", "ISBN": "9789866033964", "USER": "do******343", "CONTENT": "很喜歡狗狗，想知道狗狗的基本知識，這本都可以幫你解惑，不過他是從還是幼犬的小狗開始教起，撫摸、排泄物、食物、基本訓練、基本清潔...等等，最後面也有介紹狗狗可能會有的疾病，很有系統的一本書。"}, {"BOOKNAME": "親手調理與狗狗共享的鮮食譜", "ISBN": "9789865959647", "USER": "ev**est", "CONTENT": "很方便實用的毛小孩鮮食書，用料多樣化，餐點種類繁多，有主菜還有點心，最棒的是除調味不同外，這些料理人跟毛小孩都能食用，書後頁教授的方便存放餐點很讚，美味又實用，如肉丸，香鬆或湯凍。"}, {"BOOKNAME": "寵物營養管理師的狗狗鮮食譜", "ISBN": "9789865957421", "USER": "ev**est", "CONTENT": "這本書重點不在蒐羅多少道料理，而是著墨在各種食材的說明，有何營養哪些可運用，對於觀念幫助很大，這點我覺得很棒！並針對不同狀況有不同餵食法，另外大小體型胖瘦小孩的區別亦有參考表。"}, {"BOOKNAME": "100個錯誤的養狗觀念", "ISBN": "9789577768520", "USER": "as****411", "CONTENT": "內容寫出我對狗狗的認知大多數是錯誤行為  也讓我學到很多狗狗是這樣養的方式  也可減少買不必要的寵物東西  寫的很詳細又明了  之間也用了很多狗狗可愛照  必買的書"}, {"BOOKNAME": "汪星人出任務：酒酒用白眼征服人類的生存日記(包你翻白眼酒酒套組-限量版)", "ISBN": "4710415385697", "USER": "47********997", "CONTENT": "萌翻天的酒大多~ 好想念酒酒的咖稱搭配超短腿組合，整個萌到爆表，計畫新年一定要再去看酒大多，摸摸可愛的頭、小手和屁股~~~萌萌噠≧∇≦~~"}, {"BOOKNAME": "終極狗百科", "ISBN": "9789869378062", "USER": "as****411", "CONTENT": "打開一看才發現原來世界上還有怎麼多樣化的狗狗，我們平日所知道的狗狗品種只是冰山一角  很適合大小朋友養狗狗前看看有那些狗狗  知名熱門犬種也會特別說明"}, {"BOOKNAME": "愛犬教養訓練指南", "ISBN": "9789865760281", "USER": "do******343", "CONTENT": "想要養一隻狗，就要好好地照顧牠，日常生活的吃喝拉撒睡都要仔細地照料，也要訓練基本的技能，真的是馬虎不得，很認同書中的教法。最重要的是，能跟小狗玩真的很開心。"}, {"BOOKNAME": "看見狗狗的72個天賦：狗博士研究50年專業解答，最多狗主人想問的愛犬知識！", "ISBN": "9789865683009", "USER": "mi****8xm", "CONTENT": "內容有趣又實用，讓我更了解家裡的毛寶貝們，也更能及時了解牠們的需求！狗狗是人類最好的朋友，而人類也能藉此書成為狗狗最親密的朋友喔！"}, {"BOOKNAME": "西薩．米蘭狗班長的快樂狗指南", "ISBN": "9789865918330", "USER": "wa*****g69", "CONTENT": "看了幾年的報告狗班長,終於看到他出書了,可以更清楚看他對狗狗心理的描述,以及面對這樣的狗狗,主人應該如何正確的應對與領導,這真的是愛狗人應該仔細研讀的好書,即使不愛狗不養狗的人,我相信看了此書會了解狗這種動物,並知道如何與狗和平共存"}, {"BOOKNAME": "狗狗不是故意的：讀懂牠的心思有狗讚！", "ISBN": "9789861777375", "USER": "qs**589", "CONTENT": "在讀這本之前我完全不懂狗狗，只要牠一不合我的意就打，搞的每次他看到我都在發抖，現在，看過這本後，我能夠更了解狗狗的內心。"}, {"BOOKNAME": "狗狗在跟你說話2！完全看懂安定訊號指南", "ISBN": "9789862621356", "USER": "ev**est", "CONTENT": "值得推薦的好書，雖然我有兩個毛小孩，卻從不了解何謂安定訊號，直到聽了演講和本書，發覺這是非常有趣的，落實到生活的觀察，會發覺小孩真的常使用多種的安定訊號，能更了解小孩，非常棒！"}, {"BOOKNAME": "唐拔博士的養狗必修九堂課：掌握三個月黃金發展期，教出守規矩、聰明的好狗兒！", "ISBN": "9789862621233", "USER": "ti****327", "CONTENT": "對於初養狗的人幫助很大，從養狗前的建設，到教好一隻完美狗狗的過程，一步一步循序漸進的方式，讓讀者可以不用在養狗前就急著讀完它，隨著狗狗長大，慢慢讀，慢慢教，當翻完這本書時，狗狗也變得很有教養!"}, {"BOOKNAME": "這樣吃，狗狗不生病：須崎醫生教你自己做出狗狗的元氣保健料理", "ISBN": "9789868828940", "USER": "wa*****g69", "CONTENT": "震撼啊,可以把狗食當成人類食物般料理,真是把日本人對食物精緻的堅持發揮到極致,加上對狗狗滿滿的愛心,精心設計的菜色中大量使用各種蔬菜,其實是非常正確的,為了狗狗好,除了市售狗糧外,更好的是親自烹煮的鮮食,養分熱量都可以控制,細心為生病狗狗打造專屬美食,好令人感動"}, {"BOOKNAME": "這樣吃，狗狗不生病：須崎醫生教你自己做出狗狗的元氣保健料理", "ISBN": "9789868828940", "USER": "wa*****g69", "CONTENT": "震撼啊,可以把狗食當成人類食物般料理,真是把日本人對食物精緻的堅持發揮到極致,加上對狗狗滿滿的愛心,精心設計的菜色中大量使用各種蔬菜,其實是非常正確的,為了狗狗好,除了市售狗糧外,更好的是親自烹煮的鮮食,養分熱量都可以控制,細心為生病狗狗打造專屬美食,好令人感動"}, {"BOOKNAME": "狗狗在跟你說話！完全聽懂狗吠手冊", "ISBN": "9789862621073", "USER": "ev**est", "CONTENT": "養毛小孩的爸媽都很好奇小孩們到底透過吠叫或行為想表達什麼，吠叫問題也可能造成生活困擾，本書對於毛小孩吠叫方式等有所說明，除讓爸媽了解小孩想傳達的訊息，並給予正確引導，棒！"}, {"BOOKNAME": "超人氣犬種圖鑑 BEST 185", "ISBN": "9789576866241", "USER": "do******343", "CONTENT": "狗的種類好多，而且好多都超可愛的！但在以前都是為了協助人類工作而培育出來的犬種，很多都看起來好相似，搞不好認真研究起來牠們全部都是親戚，而且名字超級無敵霹靂長，超難記。"}, {"BOOKNAME": "別只給我一根骨頭", "ISBN": "9789867531438", "USER": "ta******111", "CONTENT": "可以了解自己的寵物,不用把牠訓練成十項全能,但至少牠能配合我們的生活作息,不只為牠好,也可以讓我們生活的更好"}]