[{"BOOKNAME": "韓國人和你想的不一樣：人妻太咪的韓國有趣文化×特殊習慣×超妙生活觀察", "ISBN": "9789571360324", "USER": "a**ra**", "CONTENT": "因為看了，爸爸我們去哪，看到他們的一根湯匙舀來舀去，實在不可思議，所以買了這本書來看，果然，書中就提到這個問題，跟我們的文化實在差異太多，雖然不太能理解，但是尊重別人的文化，是我們應該做的，看到他們這麼理所當然的洗湯匙，有趣，卻不想去嘗試"}, {"BOOKNAME": "韓國人和你想的不一樣：人妻太咪的韓國有趣文化×特殊習慣×超妙生活觀察", "ISBN": "9789571360324", "USER": "a**ra**", "CONTENT": "因為看了，爸爸我們去哪，看到他們的一根湯匙舀來舀去，實在不可思議，所以買了這本書來看，果然，書中就提到這個問題，跟我們的文化實在差異太多，雖然不太能理解，但是尊重別人的文化，是我們應該做的，看到他們這麼理所當然的洗湯匙，有趣，卻不想去嘗試"}, {"BOOKNAME": "韓國人和你想的不一樣：人妻太咪的韓國有趣文化×特殊習慣×超妙生活觀察", "ISBN": "9789571360324", "USER": "a**ra**", "CONTENT": "因為看了，爸爸我們去哪，看到他們的一根湯匙舀來舀去，實在不可思議，所以買了這本書來看，果然，書中就提到這個問題，跟我們的文化實在差異太多，雖然不太能理解，但是尊重別人的文化，是我們應該做的，看到他們這麼理所當然的洗湯匙，有趣，卻不想去嘗試"}, {"BOOKNAME": "韓國人和你想的不一樣：人妻太咪的韓國有趣文化×特殊習慣×超妙生活觀察", "ISBN": "9789571360324", "USER": "a**ra**", "CONTENT": "因為看了，爸爸我們去哪，看到他們的一根湯匙舀來舀去，實在不可思議，所以買了這本書來看，果然，書中就提到這個問題，跟我們的文化實在差異太多，雖然不太能理解，但是尊重別人的文化，是我們應該做的，看到他們這麼理所當然的洗湯匙，有趣，卻不想去嘗試"}]