[{"BOOKNAME": "素顏的孫文：遊走東亞的獨裁者與職業革命家", "ISBN": "9789865842949", "USER": "h**en**", "CONTENT": "用另外一個角度看國父,很驚豔,應該配合國父們服用,會一次了解更多事.無論後人如何評價他,歷史功業就擺在那,讓我們深思事物的表裡黑白兩面,不是挺好的?"}, {"BOOKNAME": "素顏的孫文：遊走東亞的獨裁者與職業革命家", "ISBN": "9789865842949", "USER": "h**en**", "CONTENT": "用另外一個角度看國父,很驚豔,應該配合國父們服用,會一次了解更多事.無論後人如何評價他,歷史功業就擺在那,讓我們深思事物的表裡黑白兩面,不是挺好的?"}, {"BOOKNAME": "這才是真實的中國史：來自日本右翼史家的觀點", "ISBN": "9789865842666", "USER": "la***210", "CONTENT": "這本書根本不是什麼史書，是作者以右派的極端觀點的一些短評和囈語。居然說21條約定是為中國求平等。稱中日戰爭為事件，掩蓋日本侵略的惡行。還批評台灣不應該怕幅射線污染禁止日本食品進口，恩將仇報。 封頁上印的標語，好像這是一本揭露真像的公正史書，真是笑話呀！   張光華"}, {"BOOKNAME": "這才是真實的中國史：來自日本右翼史家的觀點", "ISBN": "9789865842666", "USER": "la***210", "CONTENT": "這本書根本不是什麼史書，是作者以右派的極端觀點的一些短評和囈語。居然說21條約定是為中國求平等。稱中日戰爭為事件，掩蓋日本侵略的惡行。還批評台灣不應該怕幅射線污染禁止日本食品進口，恩將仇報。 封頁上印的標語，好像這是一本揭露真像的公正史書，真是笑話呀！   張光華"}, {"BOOKNAME": "這才是真實的中國史：來自日本右翼史家的觀點", "ISBN": "9789865842666", "USER": "la***210", "CONTENT": "這本書根本不是什麼史書，是作者以右派的極端觀點的一些短評和囈語。居然說21條約定是為中國求平等。稱中日戰爭為事件，掩蓋日本侵略的惡行。還批評台灣不應該怕幅射線污染禁止日本食品進口，恩將仇報。 封頁上印的標語，好像這是一本揭露真像的公正史書，真是笑話呀！   張光華"}, {"BOOKNAME": "這才是真實的中國史：來自日本右翼史家的觀點", "ISBN": "9789865842666", "USER": "la***210", "CONTENT": "這本書根本不是什麼史書，是作者以右派的極端觀點的一些短評和囈語。居然說21條約定是為中國求平等。稱中日戰爭為事件，掩蓋日本侵略的惡行。還批評台灣不應該怕幅射線污染禁止日本食品進口，恩將仇報。 封頁上印的標語，好像這是一本揭露真像的公正史書，真是笑話呀！   張光華"}, {"BOOKNAME": "這才是真實的中國史：來自日本右翼史家的觀點", "ISBN": "9789865842666", "USER": "la***210", "CONTENT": "這本書根本不是什麼史書，是作者以右派的極端觀點的一些短評和囈語。居然說21條約定是為中國求平等。稱中日戰爭為事件，掩蓋日本侵略的惡行。還批評台灣不應該怕幅射線污染禁止日本食品進口，恩將仇報。 封頁上印的標語，好像這是一本揭露真像的公正史書，真是笑話呀！   張光華"}, {"BOOKNAME": "這才是真實的中國史：來自日本右翼史家的觀點", "ISBN": "9789865842666", "USER": "la***210", "CONTENT": "這本書根本不是什麼史書，是作者以右派的極端觀點的一些短評和囈語。居然說21條約定是為中國求平等。稱中日戰爭為事件，掩蓋日本侵略的惡行。還批評台灣不應該怕幅射線污染禁止日本食品進口，恩將仇報。 封頁上印的標語，好像這是一本揭露真像的公正史書，真是笑話呀！   張光華"}, {"BOOKNAME": "這才是真實的中國史：來自日本右翼史家的觀點", "ISBN": "9789865842666", "USER": "la***210", "CONTENT": "這本書根本不是什麼史書，是作者以右派的極端觀點的一些短評和囈語。居然說21條約定是為中國求平等。稱中日戰爭為事件，掩蓋日本侵略的惡行。還批評台灣不應該怕幅射線污染禁止日本食品進口，恩將仇報。 封頁上印的標語，好像這是一本揭露真像的公正史書，真是笑話呀！   張光華"}, {"BOOKNAME": "毛澤東私人醫生回憶錄（經典版）", "ISBN": "9789571363554", "USER": "ge******************.tw", "CONTENT": "《毛澤東私人醫生回憶錄》是我最早閱讀的首本談中國政治人物的書，該書在對岸列為『禁書』，足見該書紀錄了多少真實畫面！因為內容在對岸極為敏感，故對岸人士僅能透過在台友人購買紙本。中文版刪除一些英文版的內容，閱讀本書時細心的讀者可能要知道一下。大抵來說，是正面評價高的作品，值得收藏。"}, {"BOOKNAME": "宋氏三姊妹與她們的丈夫：20世紀三位傳奇女子，一部動盪百年的中國現代史", "ISBN": "9789863447849", "USER": "f2*****834", "CONTENT": "詳實的考證搭配上作者小說家流暢的文字，敘說出宋家三姐妹如戲劇般傳奇的一生，非常值得得一讀。沒有過多的針貶，卻讓讀者從一樁樁事件中，看見真實的人性。她們就跟你我一樣，有著人性高貴的情操，但也有著無奈的愛恨情仇以及貪嗔慾望，不是神人，只是在歷史洪流中努力走過的三位女性。"}, {"BOOKNAME": "野心家們：被遺忘的中國近代史2", "ISBN": "9789869331364", "USER": "le**206", "CONTENT": "關於民國建國之後，教科書提到的內容很少，只有袁世凱稱帝、二次革命之類一件件短短的事件描述，對尤其是北洋政府十多年時間主政的人物們沒有好好介紹，透過此書，可以補充那段教科書介紹不多的歷史時光"}, {"BOOKNAME": "台灣不教的中國現代史：蔣介石打贏了日本，怎麼一年不到就輸給毛澤東？", "ISBN": "9789865612160", "USER": "ha**100", "CONTENT": "「台灣不教」這個標題，恰好可以映出現在進行式的去中國化。讓國人連自己國家的國號是啥都不曉得。本書撰寫的近代史，非常贊同其美國相關章節。時任總統的杜魯門，其昏庸無能，因個人恩怨阻止中國民主化進程，可謂世界惡人。"}, {"BOOKNAME": "國父「們」︰被遺忘的中國近代史", "ISBN": "9789578039919", "USER": "mo*******************com", "CONTENT": "用幽默的表達方式,活潑且生動的介紹了中華民國開國元勳.歷史不是少數人的歷史.當執政者為了自己的利益而封殺其他先烈或是抹煞其他先烈的功績時.我們必須還給他們一個公道.陳炯明從來都不曾叛變過,黃興功勳不在孫文之下,歷史的真相,可在本書中找到答案!!很推薦此書!!"}, {"BOOKNAME": "國父「們」︰被遺忘的中國近代史", "ISBN": "9789578039919", "USER": "mo*******************com", "CONTENT": "用幽默的表達方式,活潑且生動的介紹了中華民國開國元勳.歷史不是少數人的歷史.當執政者為了自己的利益而封殺其他先烈或是抹煞其他先烈的功績時.我們必須還給他們一個公道.陳炯明從來都不曾叛變過,黃興功勳不在孫文之下,歷史的真相,可在本書中找到答案!!很推薦此書!!"}, {"BOOKNAME": "國父「們」︰被遺忘的中國近代史", "ISBN": "9789578039919", "USER": "mo*******************com", "CONTENT": "用幽默的表達方式,活潑且生動的介紹了中華民國開國元勳.歷史不是少數人的歷史.當執政者為了自己的利益而封殺其他先烈或是抹煞其他先烈的功績時.我們必須還給他們一個公道.陳炯明從來都不曾叛變過,黃興功勳不在孫文之下,歷史的真相,可在本書中找到答案!!很推薦此書!!"}, {"BOOKNAME": "台灣不教的中國近代史：中華民國為什麼是現在的樣子？", "ISBN": "9789866037016", "USER": "ha***885", "CONTENT": "從清末的鴉片戰爭到國共大戰,在求學教育塑造的民族英雄,真正骨子裏是為人民還是為著自身權力所考量?本書的精彩剖析讓人清楚英雄人性,亦可讓你快速膫解那些自喻紳士的強盜國家如何欺凌腐敗又無知的大清帝國;國共大戰,又為何是擁有強大軍力及現代化武器的蔣介石會輸得一敗塗地"}, {"BOOKNAME": "台灣不教的中國近代史：中華民國為什麼是現在的樣子？", "ISBN": "9789866037016", "USER": "ha***885", "CONTENT": "從清末的鴉片戰爭到國共大戰,在求學教育塑造的民族英雄,真正骨子裏是為人民還是為著自身權力所考量?本書的精彩剖析讓人清楚英雄人性,亦可讓你快速膫解那些自喻紳士的強盜國家如何欺凌腐敗又無知的大清帝國;國共大戰,又為何是擁有強大軍力及現代化武器的蔣介石會輸得一敗塗地"}, {"BOOKNAME": "台灣不教的中國近代史：中華民國為什麼是現在的樣子？", "ISBN": "9789866037016", "USER": "ha***885", "CONTENT": "從清末的鴉片戰爭到國共大戰,在求學教育塑造的民族英雄,真正骨子裏是為人民還是為著自身權力所考量?本書的精彩剖析讓人清楚英雄人性,亦可讓你快速膫解那些自喻紳士的強盜國家如何欺凌腐敗又無知的大清帝國;國共大戰,又為何是擁有強大軍力及現代化武器的蔣介石會輸得一敗塗地"}, {"BOOKNAME": "台灣不教的中國近代史：中華民國為什麼是現在的樣子？", "ISBN": "9789866037016", "USER": "ha***885", "CONTENT": "從清末的鴉片戰爭到國共大戰,在求學教育塑造的民族英雄,真正骨子裏是為人民還是為著自身權力所考量?本書的精彩剖析讓人清楚英雄人性,亦可讓你快速膫解那些自喻紳士的強盜國家如何欺凌腐敗又無知的大清帝國;國共大戰,又為何是擁有強大軍力及現代化武器的蔣介石會輸得一敗塗地"}, {"BOOKNAME": "歷史不能忘記張學良", "ISBN": "9789869533218", "USER": "ge******************.tw", "CONTENT": "我是在火車站購買此書，我對民國初期的歷史有興趣理解。張學良是東北軍閥繼承者，人稱『少帥』，他是影響民國歷史的關鍵人物，1936年12月12日西安事變爆發，張學良和楊虎城向蔣中正「兵諫」，軟禁蔣，扭轉國共歷史。作者是日本人，從日本人的觀點出發，比較客觀吧。"}, {"BOOKNAME": "流離歲月：抗戰中的中國人民", "ISBN": "9789571364766", "USER": "ge******************.tw", "CONTENT": "講述八年抗戰、中國難民流離失所的一本書，由加拿大歷史學者書寫的作品，本書討論範圍，只是表面現象的戰爭之苦厄，沒有深入解析戰爭背後的基本面因素，比如民族性、當代思想趨勢、經濟層面等因素，故比較適合給想了解八年抗戰昔日之苦的來看。"}, {"BOOKNAME": "毛澤東：真實的故事", "ISBN": "9789570845532", "USER": "bl******der", "CONTENT": "這本毛傳重點只在於，根據蘇聯解密史料，毛澤東根本就是史達林忠實的追隨者，史達林死後才敢真的走自己的路，而非此前大部分毛傳所認為的毛領導中國革命是走自己的路，與莫斯科保持距離，不是史達林的跟班。也因此，這本毛傳六百多頁明明很厚，但讀起來感覺情節跳躍很快，很多轉折輕描淡寫就帶過去了。"}, {"BOOKNAME": "國民黨員毛澤東", "ISBN": "9789575101398", "USER": "ha**100", "CONTENT": "無論什麼黨派、什麼政治立場，無可否認毛澤東影響近代中國甚鉅。而這個共產黨黨員又和國民黨的關聯有多深？絕非像歷史教科書那樣可三言兩語帶過。瞭解這個締造紅色中國的頭頭，究竟幹了哪些事，對於瞭解中國近代史格外重要。"}, {"BOOKNAME": "中國近代史上的關鍵人物（上）《新校本》", "ISBN": "9789868995406", "USER": "ge******************.tw", "CONTENT": "蘇老人是民國初年時期的人物，他當時寫的這本書，所指的「中國近代史」對於現在的讀者，是清朝末年的名臣。例如耳熟能詳的曾國藩、張之洞、左宗棠、李鴻章，清朝時任台灣巡撫的劉銘傳等，和慈禧太后等皇室。引用了當時大臣的詩集、奏章、書牘、略、議文，史料很多。"}, {"BOOKNAME": "中國近代史上的關鍵人物（下）《新校本》", "ISBN": "9789868995413", "USER": "ge******************.tw", "CONTENT": "上一冊主要講清朝末年四大名臣之事，至於下冊主要說同治、光緒兩位皇帝，以及其它諸王，以前看時代劇有幾個名字耳熟的，比如端王、榮祿和恭親王，其中有一個是北洋軍閥的大頭子「袁世凱」，他的影響力還到了民國時代。"}, {"BOOKNAME": "兩個故宮的離合：歷史翻弄下兩岸故宮的命運", "ISBN": "9789570840179", "USER": "ii*080*", "CONTENT": "好看！一看就停不下來，對於台灣的政治與對文化的觀察，深入且獨到，更能抽離台灣人的客觀，比起故宮七十年星霜來說。翻譯者不是中國美術史專家，有些翻的不太對，但很少，瑕不掩瑜。作者有記者的犀利跟某些獨特的感性，總之就是好看。"}, {"BOOKNAME": "兩個故宮的離合：歷史翻弄下兩岸故宮的命運", "ISBN": "9789570840179", "USER": "ii*080*", "CONTENT": "好看！一看就停不下來，對於台灣的政治與對文化的觀察，深入且獨到，更能抽離台灣人的客觀，比起故宮七十年星霜來說。翻譯者不是中國美術史專家，有些翻的不太對，但很少，瑕不掩瑜。作者有記者的犀利跟某些獨特的感性，總之就是好看。"}, {"BOOKNAME": "金三角國軍血淚史：1950－1981", "ISBN": "9789860194913", "USER": "ss***537", "CONTENT": "金三角,對國人來說是如此的遙遠和陌生,也正是因為如此,我們才有機會看到這本書的出現,且讓我們一同來思考:如果當時這群孤軍成功地守住了緬北,進而反攻了回去,那麼現在的中華民國在國際上會是個怎麼樣的局面?"}, {"BOOKNAME": "袁氏當國", "ISBN": "9789573246800", "USER": "pa*******314", "CONTENT": "唐德剛先生著述中兼具公共閱讀與學術價值的一本著述，大概是研究民國初年問題很值得參考的一本書。唯可惜的是，這個系列的圖書，似乎裝幀品質都不是很好。希望再版能改進吧。"}, {"BOOKNAME": "風起雲湧一九四九【附兩岸史觀】", "ISBN": "9789861279848", "USER": "ha***885", "CONTENT": "此書依照時序詳細描述1949的重要事件,更以國民黨與中共兩方不同立場而對相同事件的不同解讀  身為中華民族的一份子,真應該藉由此書了解這歷史的一刻,詳知這一時期是為何原因,讓國家分裂 讓人民妻離子散,國民黨為何會兵敗如山倒?中共為何能從1~2十萬非正規訓練的民兵組織而到百萬大軍"}]