[{"BOOKNAME": "我跟地球掰掰了：超有事滅絕動物圖鑑", "ISBN": "9789573285403", "USER": "or*van*", "CONTENT": "一開始是被書名吸引的，一如標題內容也是十分好笑。作者用詼諧的筆法寫出各式各樣的滅絕原因，還有長得奇奇怪怪的動物，是會讓人變看邊笑，連小二兒子拿去看也能笑到爆，值得推薦。"}, {"BOOKNAME": "雖然又歪了！沒關係動物寶寶圖鑑", "ISBN": "9789864013210", "USER": "do******343", "CONTENT": "都是為了生存，雖然跟人類不同，但各種動物獨有的稀奇古怪育兒方式，剛出生的小動物是怎麼和爸媽活下來的，這些都用很幽默風趣的方式解說，讓我大大開了眼見。"}, {"BOOKNAME": "動物溝通：一本可以解答你99%疑惑的溝通大全", "ISBN": "9789578587618", "USER": "12*890*", "CONTENT": "我要訂這本書的目的就是可以了解動物能不能跟動物溝通我希望明天郵差叔叔騎摩托車送來我家。我只要看了就可以跟狗狗溝通了！不管跟誰溝通我都沒問題。"}, {"BOOKNAME": "刺蝟達西的異想世界", "ISBN": "9789865779757", "USER": "do******343", "CONTENT": "寵物的生活照真的不好拍，但如果拍出自然又可愛的照片，心馬上被融化了。有寵物的陪伴真的會很開心，外加紀錄和牠在一起的每一天，真的是超幸福的！"}, {"BOOKNAME": "改變歷史的50種動物", "ISBN": "9789866595950", "USER": "sh*****666", "CONTENT": "絕大部分都是熟悉且日常便能見到的動物，但也是有較為陌生、甚至如今已經絕跡難以看見的動物，這本書有趣的地方在於會描寫一些平時不會注意的小知識，多數都頗有趣味。"}, {"BOOKNAME": "大遷徙", "ISBN": "9789868633711", "USER": "sm*******249", "CONTENT": "國家地理頻道耗時多年完成的一部紀錄片，這一本書忠實記載了紀錄片裡的情節，搭配上全彩的圖片及解說文字，是一本寓教於樂的好書。動物為什麼要遷徙？動物又遷徙到哪裡去？這本書都能告訴你，不過因為這本書有點重量，而且又是精裝本，所以要讓小朋友自己讀是有點難，陪著小朋友讀倒是不錯。"}, {"BOOKNAME": "台灣賞螢地圖", "ISBN": "9789574550753", "USER": "ys****105", "CONTENT": "4-5月是賞螢季節，想多了解螢火蟲的生態，找了很久才找到這本很棒的工具書，跟著這本賞螢地圖，可以讓你在適當的月份及地點欣賞這些發光的小精靈，更棒的是這本書在最後章節&#x28;約1/3&#x29;還詳細記錄著各種不同種類螢火蟲的生態資訊，可以說相當實用。"}, {"BOOKNAME": "我是圓仔", "ISBN": "9789571055107", "USER": "pe**r59", "CONTENT": "對於家長來說 能夠結合議題以及親子互動來說 已經不容易了 這本還能深入淺出寓教於樂 真的實屬難得 總之是一本充滿創意的一本書 本人準備趁這個寒假利用這本書 來與兒子一起創造共同的回憶"}, {"BOOKNAME": "我是圓仔", "ISBN": "9789571055107", "USER": "pe**r59", "CONTENT": "對於家長來說 能夠結合議題以及親子互動來說 已經不容易了 這本還能深入淺出寓教於樂 真的實屬難得 總之是一本充滿創意的一本書 本人準備趁這個寒假利用這本書 來與兒子一起創造共同的回憶"}, {"BOOKNAME": "獵豹為什麼要偷腥：46個驚世駭俗的動物秘辛", "ISBN": "9789868692763", "USER": "mo*******mot", "CONTENT": "這本科學輕鬆讀，的確可以很輕鬆地讓我們獲得不少常識。此類書籍通常都有精彩的攝影圖片，加上簡明扼要的文字敘述，翻閱幾回 就可有些概念。"}, {"BOOKNAME": "世界貓頭鷹圖鑑﹝全新美耐版﹞", "ISBN": "9789866651182", "USER": "ca****988", "CONTENT": "因為很喜歡貓頭鷹，所以買了這本書。收錄了多達213種貓頭鷹，而且每隻都有精美的精細插畫，超棒的!! 前言還解釋了一些古時候對貓頭鷹的看法，蠻有趣的，喜歡貓頭鷹的人一定要收藏!"}, {"BOOKNAME": "所羅門王的貓狗指環", "ISBN": "9789868205932", "USER": "ki*****129", "CONTENT": "因為就是喜歡你們這些毛孩子,所以才更想了解你們... 對於寵物的種種迷思ˋ想要成為狗狗貓貓知心的好朋友就從這一本開始 閱讀起來不僅很輕鬆,還會漸漸地愛上它,真的非常謝謝作者創造這本書,實在是一本值得真心愛著毛孩子的人去珍藏的好書"}, {"BOOKNAME": "動物百科圖鑑", "ISBN": "9789867256713", "USER": "j7*023*", "CONTENT": "這本書真的太棒了，內容超豐富又齊全，完整介紹了世界上的動物，適合全年齡觀賞，動物的圖片全是手繪但卻超精緻，希望能再購買!"}]