[{"BOOKNAME": "鐵道的科學", "ISBN": "9789861778570", "USER": "li****lun", "CONTENT": "臺灣的鐵道交通自增加捷運、高鐵後形形色色的路網讓這項便利的交通工具豐富了起來，其中近年來日製車輛（廂）幾佔多數都有詳細附圖解說構造外；在本書中除了可以見識機車頭、電聯車運行，更能看到諸多不同方式運作的軌道運輸系統哦！"}, {"BOOKNAME": "達人開講！鐵道迷的第一本書：100個鐵道愛好者必懂的常識與非常識(彩色圖解版)", "ISBN": "9789865787608", "USER": "li****lun", "CONTENT": "臺灣鐵道逾兩甲子歷史，除環繞全島外，都會區也開始建構星羅棋佈的捷運，除搭乘列車外，台鐵尚有貨運業務，而這些列車行駛在軌道上是怎麼平安、準時地到達目的地呢？每回搭乘火車時，孩子們都好奇的問個沒完，真高興有在地達人分享屬於自己鐵路文化，除欣賞沿途綺麗風光外更可一探火車是怎樣運行的。"}, {"BOOKNAME": "達人開講！鐵道迷的第一本書：100個鐵道愛好者必懂的常識與非常識", "ISBN": "9789865787356", "USER": "a**ra**", "CONTENT": "因為小孩喜歡鐵道，給他買了不少有關鐵道，車站的書，這本也是小孩指定要買的書，現在的小朋友接觸書本的意願不太高，如果能夠依照他的興趣，去挑選他愛看的書，相信對他以後的閱讀是有幫助的"}, {"BOOKNAME": "達人開講！鐵道迷的第一本書：100個鐵道愛好者必懂的常識與非常識", "ISBN": "9789865787356", "USER": "a**ra**", "CONTENT": "因為小孩喜歡鐵道，給他買了不少有關鐵道，車站的書，這本也是小孩指定要買的書，現在的小朋友接觸書本的意願不太高，如果能夠依照他的興趣，去挑選他愛看的書，相信對他以後的閱讀是有幫助的"}]