[{"BOOKNAME": "紅龍果栽培一本通：品種.管理.採收.通路全方位報到！", "ISBN": "9789579157599", "USER": "ma*****ina", "CONTENT": "國內少見有關寫紅龍果栽種的書，這是算很不錯的一本，並可提供給想要嚐試栽種紅龍果的初學者一個很好的參考。"}, {"BOOKNAME": "最高人氣果樹盆栽：免流汗，誰都種得活，看見開花又結果！", "ISBN": "9789861302768", "USER": "ma*****ina", "CONTENT": "曾經在園藝行看到小小的盆栽果樹上卻長滿了果實的現象，而這些果樹以往總以為應該種在土裡才會生，因此覺得很神奇。讀過這本書後才發現其實我們也可以辦到!這本書的內容很實用，特別推薦給住在都市裡想當農夫種果樹的人。"}, {"BOOKNAME": "1坪小空間就能種！小陽台療癒花園提案：超好種的蔬果×花卉×組合盆栽大公開", "ISBN": "9789868958593", "USER": "a**ra**", "CONTENT": "現代人的空間越來越小，想在自己小小的空間中，能夠得到一方清新，這本書不但從基礎說起，最重要的，還有組合解說，讓人可以利用小地方，變成新的綠意"}, {"BOOKNAME": "無農藥水耕栽培：在家就能收成的39種健康蔬菜", "ISBN": "9789866360992", "USER": "a**ra**", "CONTENT": "現代人居住空間狹小，這本書恰恰可以提供喜歡栽種蔬果的朋友參考，不過由於是日文翻譯過來，一些時序，還是要注意一下，書中介紹利用小杯子或者一般種花的小盆子就可以種出食用的蔬果，去年我就種過了，雖然收穫量不多，可是成就感卻是無可取代的"}, {"BOOKNAME": "健康自己種出來：圖解4 大類、20種藥用蔬菜，安心吃，好健康", "ISBN": "9789862576656", "USER": "ra*men*", "CONTENT": "教種菜的書不少,教辨識草藥的書也有,但將此二者合起來介紹再加上一些食譜料理的書我想應該不多,這也是我購買的原因,想一邊種種蔡一邊顧健康啦~~"}, {"BOOKNAME": "健康自己種出來：圖解4 大類、20種藥用蔬菜，安心吃，好健康", "ISBN": "9789862576656", "USER": "ra*men*", "CONTENT": "教種菜的書不少,教辨識草藥的書也有,但將此二者合起來介紹再加上一些食譜料理的書我想應該不多,這也是我購買的原因,想一邊種種蔡一邊顧健康啦~~"}, {"BOOKNAME": "天然‧無毒‧愛家人 堆肥變沃土真簡單（暢銷白金版）", "ISBN": "9789866444593", "USER": "j**66**", "CONTENT": "一般人都要去買化學材料來堆肥，可是這本書卻教你如何利用菜葉．果皮．蛋殼．雞骨．魚骨，或是剩飯．剩菜．茶葉渣．中藥渣．冰箱中的過期食材……，簡單學會「居家堆肥」7大妙法，很值得一看。因為可以種出讓家人安心的食材。"}, {"BOOKNAME": "我的幸福農莊（2012年全新封面改版上市）", "ISBN": "9789865932329", "USER": "a**ra**", "CONTENT": "自己本身就很喜歡種東西，而家裡又住在鄉下，所以有足夠的空地讓我去發揮，但是還是不如書中主角那麼的自在，幾乎是隨心所欲，且大無求的種植方式，那種隨遇而安的輕鬆自然，讓人羨慕，或許大地給予我們的，本來就是最自然的樣貌，人類太過於自私，總要強求，希望大家都抱持尊重自然"}, {"BOOKNAME": "DIY親子餐桌：栽種、採收、料理的親密時光", "ISBN": "9789862482377", "USER": "ne**ark", "CONTENT": "好棒的一本書，我們正讓兩歲兒子在陽台種小白菜。這本書從種植到料理一路介紹下來，真的讓人想動手做做看耶！"}, {"BOOKNAME": "真正的蔬菜不綠", "ISBN": "9789866702921", "USER": "wi****728", "CONTENT": "近十年來在台灣!我們一直在推廣讓身體不靠藥物的自然排毒健康的概念,但一直限於普羅大眾對藥物的迷思與依賴,很高興見到此書的翻譯出版!希望能讓更多人認識自然農法與人體自然健康的正確觀念!"}, {"BOOKNAME": "真正的蔬菜不綠", "ISBN": "9789866702921", "USER": "wi****728", "CONTENT": "近十年來在台灣!我們一直在推廣讓身體不靠藥物的自然排毒健康的概念,但一直限於普羅大眾對藥物的迷思與依賴,很高興見到此書的翻譯出版!希望能讓更多人認識自然農法與人體自然健康的正確觀念!"}, {"BOOKNAME": "永田農法 種出蔬果原滋味", "ISBN": "9789866185397", "USER": "ma*****ina", "CONTENT": "這本書收集許多種蔬果作物並簡略敘述各種作物的栽培重點，並且作者也加入其過去栽培的個人見解，是一本可以提供給園藝耕作愛好者的參考書。"}, {"BOOKNAME": "超簡單~紙杯種蔬菜", "ISBN": "9789866360053", "USER": "a**ra**", "CONTENT": "這本書，我也買了，雖然是翻譯書籍，一些蔬菜種類，台灣不一定買得到，季節溫度也不太相同，但是，自己換算，和參考類似蔬菜種類，一樣可以種得出來，最重要的，是一些小秘方，真的很有效，也可以綠化小空間。"}, {"BOOKNAME": "一坪家庭菜園", "ISBN": "9789867637420", "USER": "a**ra**", "CONTENT": "這本書是我瘋狂愛上自己種菜買的，其實，現代土地寸土寸金，能夠利用小小的土地，用排列的方式，讓自己多添加一份綠意，不只是菜園，甚至可以當成經營一個迷你花園，收成已經不重要，單是那份美感，就足夠了"}, {"BOOKNAME": "盆栽種菜超簡單", "ISBN": "9789861201283", "USER": "a**ra**", "CONTENT": "前陣子，瘋狂愛上自己種菜，買了幾本參考書籍，蠻推薦這本的，內容簡單易懂，而且配圖也蠻適宜，讓種菜新手可以很輕鬆的按書操作，其實，現在人居住越發狹小，給自己一些些綠意空間，讓心情得到紓解，也是不錯的紓壓方式。"}]