[{"BOOKNAME": "小人經：剖析古代奸臣、小人的震撼之作", "ISBN": "9789861784144", "USER": "mi*****u38", "CONTENT": "比厚黑學更早的著作,小人不代表邪惡卑鄙,君子不見得正義正直.小人至少表裡如一,多少君子表面岸然,背裡見不得光,寧坐真小人不做偽君子,要做小人並不是那麼容易,要通達人情,要圓融,該狠要狠,體察上意局勢,趨吉避禍,小人比君子難做多了."}, {"BOOKNAME": "鬼谷子全書", "ISBN": "9789865936280", "USER": "ts****708", "CONTENT": "鬼谷子乃歷年兵家之祖，與孫子兵法齊名且遠遠流長，其門生在當時紛亂之春秋戰國時代各自為將為相，因而值的推鑒如此備受好評之書，"}, {"BOOKNAME": "鬼谷子全書", "ISBN": "9789865936280", "USER": "ts****708", "CONTENT": "鬼谷子乃歷年兵家之祖，與孫子兵法齊名且遠遠流長，其門生在當時紛亂之春秋戰國時代各自為將為相，因而值的推鑒如此備受好評之書，"}]