[{"BOOKNAME": "石油之後，主導人類未來100年命運的新能源霸主：頁岩氣", "ISBN": "9789862352564", "USER": "su***i11", "CONTENT": "這是一本非常科學化的書，對於一些對能源沒有太深了解的讀家來說亦不會太難理解作者的觀點。可以看出作者本身對傳統能源和新能源擁有十分濃厚的興趣和深厚的知識，作者本人也是在能源界工作，所以也說出以往和當今日本面對過和正在面對的能源問題。"}, {"BOOKNAME": "地震與文明的糾纏", "ISBN": "9789863202660", "USER": "hw*der*", "CONTENT": "會一直想讀下去，跟著學到了許多地震的知識。頗有趣，像是提到有些建築師為了研究耐震建築，研究過頭了而變成地震學家。 缺點是：由於附圖不多，有些地名我不曉得在哪裡，需要另外搜尋。 優點是：有時即使沒附圖，光是字面內容也可想像出來。"}, {"BOOKNAME": "環繞世界的小鴨艦隊", "ISBN": "9789862165676", "USER": "zx*****000", "CONTENT": "海洋是如此的大 人們以為海洋可以容納一切 其實卻不是 人們的東西掉到海裡面 他會隨著環流 繞行著地球 然後在某一處沙灘等待人們去發現它們"}, {"BOOKNAME": "環繞世界的小鴨艦隊", "ISBN": "9789862165676", "USER": "zx*****000", "CONTENT": "海洋是如此的大 人們以為海洋可以容納一切 其實卻不是 人們的東西掉到海裡面 他會隨著環流 繞行著地球 然後在某一處沙灘等待人們去發現它們"}, {"BOOKNAME": "台灣的山脈『新版』", "ISBN": "9789866731488", "USER": "l**ke**", "CONTENT": "對於愛山者來說,這本書應該可算是一本不錯的工具書,不止於介紹百岳的基本資料,同時著墨於在高山地區的地形景觀及其成因,如冰河遺跡等高山地形及地質知識.加上不錯的彩圖及插畫,值得一讀."}]