[{"BOOKNAME": "專技高考技師（食品技師）套書（不含食品化學、加工學）", "ISBN": "2020006180115", "USER": "s0***733", "CONTENT": "專業科目參考書，有重點整理，有歷屆考古題加詳解，使考生們可以輕鬆掌握考試重點，節省時間並達到事半功倍的效果，適合準備考證照的考生們多加利用。"}, {"BOOKNAME": "公職人員(高＼普＼特)歷屆試題精解【電子學】", "ISBN": "9789862267349", "USER": "li****lun", "CONTENT": "收集公職考試試題完整度&#x28;電子學概要&#x29;算有用心,惟解題似乎都非常直接,是否要答得如此簡略讀者要慎行,必竟競爭這麼激烈可不能大意,另外沒分析只給答案有些美中不足之憾."}]