[{"BOOKNAME": "怪奇地圖：從虛構想像到歷史知識，115幅趣味地圖翻轉你所認知的世界", "ISBN": "9789869443845", "USER": "sh*****666", "CONTENT": "非常有趣，有很多地圖一點也不像是地圖，反而像是搞怪一樣，但偏偏又會一一標示出上面的地點，就像是看到許多奇幻故事中的神秘島嶼般有趣。"}, {"BOOKNAME": "十二幅地圖看世界史：從科學、政治、宗教和帝國，到民族主義、貿易和全球化，十二個面向，拼出人類歷史的全貌", "ISBN": "9789865722364", "USER": "sh*****666", "CONTENT": "一拿到就迫不急待的打開書，看著充滿古意的地圖，有種巨大歷史沉澱於胸懷之中的感覺！雖然不是歷史系本科生，卻也能從中得到滿滿的趣味！"}, {"BOOKNAME": "坤輿萬國全圖解密：明代測繪世界", "ISBN": "9789570839760", "USER": "sm*******249", "CONTENT": "這本書可以稱得上是論文集了，文字量之大，收錄古地圖之精細，都是本書特色。光是收錄古地圖，已經值回書價，市面上能有收錄這麼多古地圖，且上頭標示清晰可見的書籍就不多，再加上本書針對坤輿萬國全圖與當時其他歐洲流傳的古地圖間地名的比較探討，更是讓人佩服作者對於這個領域所投入的心力與時間。"}, {"BOOKNAME": "覆面部隊：日本白團在台祕史", "ISBN": "9789571320922", "USER": "s1*****103", "CONTENT": "白團作為戰後在台灣的地下顧問團，培育了台灣許多的將才，為何二次大戰後蔣介石會留用曾為侵略國的日本人將領？這些日本人將領又是如何為蔣介石貢獻心力的？本書將揭開這歷史上的神秘面紗。"}]