[{"BOOKNAME": "氣候創造歷史", "ISBN": "9789570840308", "USER": "li****lun", "CONTENT": "有些古文明缺乏文字記載外加慘遭滅族的，很難得知移動的真像。近來對人類起源認知上也比較有共識，且利用分子生物定位也分析各族群的相似度與移動性。只能說有氣象史與地質史佐證，還是地質史的解說引人入勝。"}, {"BOOKNAME": "地球還剩幾年?極端氣候下的關鍵時刻", "ISBN": "9789866152177", "USER": "mo*sia*", "CONTENT": "看過電影的「水世界」嗎？！那不是幻想的影片，我們這個真實的地球上，將要如那般的沈沒在水中了。不論有沒有看過水世界，都來看這本書吧！極端氣候下的關鍵時刻，我們每一個人都要盡一份力，就這幾年未雨綢繆。"}]