[{"BOOKNAME": "陪他們走一段回家的路：國際志工的微小力量", "ISBN": "9789863590545", "USER": "sh*****666", "CONTENT": "透過他的故事，了解到所謂的志工、所謂的國際志工，對於一直以來抱持著困惑和陌生，從這本書裡得到了答案，也得到了一份感動。"}, {"BOOKNAME": "105號公路：泰緬邊境故事", "ISBN": "9789865794224", "USER": "lo****999", "CONTENT": "這是一本讓人深思的書，從踏出台灣的那一步開始，旅程就已經展開。我們要思考的是我是誰？我的文化,我的信仰,以及堅持。要如何去定位自己在泰緬邊境的位置，這是作者的開頭，確是引發人們開始思考的無邊無際。"}, {"BOOKNAME": "為土地種一個希望：嚴長壽和公益平台的故事", "ISBN": "9789863200727", "USER": "ay***007", "CONTENT": "身為一位教育工作者，個人念茲在茲的是如何藉由教育的過程，讓小朋友陶冶出良好品格及正向的價值觀，日後能為社會奉獻一份心力，讓社會更美好。看完嚴總裁的這本書，個人更堅信只要給偏鄉的小朋友機會，他們也能發揮自己的天賦，走出不一樣的路！"}]