[{"BOOKNAME": "改變歷史的50種機器", "ISBN": "9789864590124", "USER": "sh*****666", "CONTENT": "從現代角度去看這些最初的機器，有趣的同時不免帶上一不可思議，進化及演變，在這樣交錯的對照下，更加顯著，也昭顯著我們現在過著怎麼樣的便利人生。"}, {"BOOKNAME": "機械工程學", "ISBN": "9789866185649", "USER": "03*****66a", "CONTENT": "所講解的內容都是生活周遭很常遇見的東西，書裡有著清晰的圖片，並且有淺而易懂的文字說明，無論你對機械工程學有沒有興趣，相信都會覺得這是一本有趣的書。"}, {"BOOKNAME": "3小時讀通稀有金屬", "ISBN": "9789866097072", "USER": "ch*****807", "CONTENT": "週期表大家都背過，但是，這本書讓你覺得金屬很可親，很淺顯易懂，又很可愛，還有稀有金屬應用的實際例子，這樣就會覺得有趣又不困難，覺得很適合給小五及國一的小朋友看。"}]