[{"BOOKNAME": "近看兩蔣家事與國事：一九四五～一九八八軼事見聞錄", "ISBN": "9789571369310", "USER": "d**a1**", "CONTENT": "兩蔣傳記有許多，但是像這樣貼身採訪記錄的，除了翁元先生的書之外，應該沒有其他可以相比擬的。鄭佩芬小姐記載的事情，有許多根本在傳記與正史中所不曾見到，翔實記載，方能拼湊出歷史的真相，現在又終於有一塊拼圖補上去了。"}, {"BOOKNAME": "台海．冷戰．蔣介石：解密檔案中消失的台灣史1948－1988", "ISBN": "9789570845815", "USER": "ha**100", "CONTENT": "好書一本！和那些大談蔣介石卻帶著許多色彩的書不同，著重論事、究史。多方觀察冷戰期間，國民政府的尷尬、護國的掙扎與努力；許多鮮少人知的反攻大陸秘密行動，也在此書講解。看過此書，對已故領導人蔣介石先生、國民政府在臺灣有更多理解。"}, {"BOOKNAME": "最後的帝國軍人：蔣介石與白團", "ISBN": "9789570845075", "USER": "sn***109", "CONTENT": "不同於先前出版有關一群舊日本軍官秘密來台擔任軍事顧問-白團的論述主軸:報答蔣介石總統以德報怨的恩澤或成為威權統治的幫凶等面向,作者透過新的史料出土加以思辨,採訪當事人或親屬遺族提供的日記等第一手資料,顯影出白團成員較為人性的義助動機."}, {"BOOKNAME": "最後的帝國軍人：蔣介石與白團", "ISBN": "9789570845075", "USER": "sn***109", "CONTENT": "不同於先前出版有關一群舊日本軍官秘密來台擔任軍事顧問-白團的論述主軸:報答蔣介石總統以德報怨的恩澤或成為威權統治的幫凶等面向,作者透過新的史料出土加以思辨,採訪當事人或親屬遺族提供的日記等第一手資料,顯影出白團成員較為人性的義助動機."}, {"BOOKNAME": "最後的帝國軍人：蔣介石與白團", "ISBN": "9789570845075", "USER": "sn***109", "CONTENT": "不同於先前出版有關一群舊日本軍官秘密來台擔任軍事顧問-白團的論述主軸:報答蔣介石總統以德報怨的恩澤或成為威權統治的幫凶等面向,作者透過新的史料出土加以思辨,採訪當事人或親屬遺族提供的日記等第一手資料,顯影出白團成員較為人性的義助動機."}, {"BOOKNAME": "被遺忘的年代：尋找兩個譚家與一個女間諜", "ISBN": "9789869047616", "USER": "d**a1**", "CONTENT": "一張照片開始了台灣的譚家找尋那義大利的大媽貝安加，戰爭造成譚家夫妻的離散，也造成貝安加的入獄。當譚愛梅與貝安加見面時，貝安加透過與譚愛梅的見面訴說著他對譚展超的愛，即使經過戰爭、經過背叛，經過苦難。一種深愛的幽思纏繞整本書當中。"}, {"BOOKNAME": "蔣經國與章亞若", "ISBN": "9789570809831", "USER": "ha*****004", "CONTENT": "作者採訪兩岸的相關人士寫出一段動盪時代的蔣經國戀情。愛情原本就是推動歷史的重要因素之一，但是蔣章的戀情到現在還影響著臺灣，這種近百年影響力的愛情實不常見。書中對同件事呈現的許多不同觀點可以看出作者在採訪及蒐集資料方面下的功夫之深，文筆也頗順暢，值得一讀。"}, {"BOOKNAME": "郝柏村解讀蔣公日記一九四五～一九四九", "ISBN": "9789862167540", "USER": "li****lun", "CONTENT": "對中方尤其是國民黨人、事交代得比較清楚，對當時戰況只有文字敘述如附地圖會更加完善，國際動態純屬蔣猜測部份未另佐證僅跟著日記脈絡去走，沒輔以日方史料對照算美中不足之處。雖然如此起碼能瞭解當時最高領導人思維確有極大助益，外加八年日記內容已十分可觀，再深入註釋厚度難以想像。"}]