[{"BOOKNAME": "人工智慧決策的顧客關係管理：含機器人流程自動化、AIoT企業應用系統、區塊鏈", "ISBN": "9789577638953", "USER": "ge******************.tw", "CONTENT": "ａｉｏｔ是「人工智慧＋物聯網」之意，這個概念在產業界一直存在，但人工智慧技術迎來第三波浪潮後，工業機具自動化生產配合ａｉ自控已然是大趨勢，本書另外加之分布式帳本應用的「區塊鏈」科技，可以作為粗淺的簡介書。"}, {"BOOKNAME": "霸權興衰史：1500至2000年的經濟變遷與", "ISBN": "9789571153759", "USER": "ch**044", "CONTENT": "國家的盛衰興亡是命運的安排還是時代潮流趨勢所決定，本書寫下了自1500~2000年的世界局勢的發展變化，現在的世界已進入多元變化時代，美國雖然仍然獨霸於全球，但世界上最強的地位乃取決於貨幣經濟、政治改革、軍事戰略以及科技研發，關鍵在於國家是否有充足人才。"}]