[{"BOOKNAME": "丙級電腦軟體應用術科快攻寶典－2015年最新版（（Windows7 + Word2010/2013版）附Word2010多媒體教學光", "ISBN": "9789863089469", "USER": "my****866", "CONTENT": "電腦在現在日新月異的現代社會中已經不可缺少，但真能會用文書處理的人並不多，這本書不只幫您做好檢定前的準備，也讓您懂得利用文書處理軟體做出最好的效果！讓您舉一反三！"}, {"BOOKNAME": "電腦軟體應用乙級檢定學科-第四版(2012最新版)", "ISBN": "9789862764770", "USER": "ch*******d84", "CONTENT": "很多題目是有在題目出出來，命中率極高，建議要考乙級的考生，可以買來看看，通過率百分之九十一，像我們學校的三年級幾乎都買"}]