[{"BOOKNAME": "風味新竹", "ISBN": "9789860424256", "USER": "ku**485", "CONTENT": "雖在新竹成長，但對家鄉的人文典故未必了解,透過這本書讓我真正體會到家鄉的美，讓我能更進一步去實地探訪，更深入了解家鄉的風土人文"}, {"BOOKNAME": "大臺南的地形：大臺南文化叢書1－地景文化專輯C003", "ISBN": "9789860351835", "USER": "im****234", "CONTENT": "這本書500多頁，全彩印刷，書中每張照片都是台南在地拍攝，照片精美。更難能可貴的，書中文字竟多有引註，又不會妨礙閱讀，絕非一般導遊書科普書所及，可說圖文並茂、雅俗共賞。  我就住在台南，但書中很多地方我卻從沒去過，真是有些汗顏。感謝作者將我的故鄉完美呈現"}, {"BOOKNAME": "台北‧一遊未盡筆記書", "ISBN": "0139101027460", "USER": "ti****579", "CONTENT": "很特別的一本旅遊筆記本，它不重，易攜帶，而且多以格子來代替橫紋線條，使人可以很方便的書寫或繪畫。希望往後能看見其他縣市的筆記本。"}, {"BOOKNAME": "您從哪裡來 [精裝/附光碟]", "ISBN": "9789860340440", "USER": "mo*******mot", "CONTENT": "這是本新住民在她們所謂的新家台灣的故事，有心酸、有辛苦、有歡笑、有眼淚。書中藉著文字敘述她們從故鄉嫁到台灣，在這塊原本陌生的土地上生活的種種，讀來令人敬佩。"}, {"BOOKNAME": "綠島傳統地名：時光流轉中的文化密碼", "ISBN": "9789860313093", "USER": "ha*****004", "CONTENT": "要知道一個地方的歷史，從地名的演變可以清楚的瞭解到，在不同的時空背景下，這個地方經歷了和重變遷。綠島的地名就是從大自然和生活有關的命名方式，逐漸轉換觀光取向，因而綠島的歷史就在新的地名地下被埋沒了，如何讓新舊歷史的記憶可以並存在同一土地上，值得大家來思考。"}, {"BOOKNAME": "風景的想像力：板橋林本源園邸的園林", "ISBN": "9789860265392", "USER": "ti*********616", "CONTENT": "不管是進園前或是出園後，可以看到在歷史軌跡中的痕跡和敘述，讓人無法不停下腳步駐足欣賞。一磚一瓦都是有其意義，建造者和使用者以及觀賞者賦予庭園存在。"}, {"BOOKNAME": "暗夜謎禽：黃魚鴞[DVD]", "ISBN": "9784510301208", "USER": "sn***109", "CONTENT": "雖然片長只有28分鐘,卻是拍攝團隊歷經多年寒暑更替才完成的作品,如果你想一窺台灣最大型的貓頭鷹的生命史:悲歡離合,本片值得細細品味."}, {"BOOKNAME": "金門閩南傳統建築圖鑑：合院（附光碟）", "ISBN": "9789860393972", "USER": "ti*******015", "CONTENT": "修習傳統建築的人都知道，台灣金門有著本島不能相比的顯赫民居。這本書記錄著傳統建築，也記錄了歷史的演變，值得珍藏。"}]