[{"BOOKNAME": "歷雨迎鋒：國軍抗戰紀念碑考", "ISBN": "9789571609133", "USER": "15********802", "CONTENT": "看了這本書，才知道中國的國軍紀念碑非常之滄桑。作者非常有心，匯集了中國各地的國軍紀念碑及碑文，是非常難得的史料"}, {"BOOKNAME": "歷雨迎鋒：國軍抗戰紀念碑考", "ISBN": "9789571609133", "USER": "15********802", "CONTENT": "看了這本書，才知道中國的國軍紀念碑非常之滄桑。作者非常有心，匯集了中國各地的國軍紀念碑及碑文，是非常難得的史料"}, {"BOOKNAME": "歷雨迎鋒：國軍抗戰紀念碑考", "ISBN": "9789571609133", "USER": "15********802", "CONTENT": "看了這本書，才知道中國的國軍紀念碑非常之滄桑。作者非常有心，匯集了中國各地的國軍紀念碑及碑文，是非常難得的史料"}, {"BOOKNAME": "歷雨迎鋒：國軍抗戰紀念碑考", "ISBN": "9789571609133", "USER": "15********802", "CONTENT": "看了這本書，才知道中國的國軍紀念碑非常之滄桑。作者非常有心，匯集了中國各地的國軍紀念碑及碑文，是非常難得的史料"}, {"BOOKNAME": "歷雨迎鋒：國軍抗戰紀念碑考", "ISBN": "9789571609133", "USER": "15********802", "CONTENT": "看了這本書，才知道中國的國軍紀念碑非常之滄桑。作者非常有心，匯集了中國各地的國軍紀念碑及碑文，是非常難得的史料"}, {"BOOKNAME": "總體戰：希特勒崛起的導師與德國開戰的指南", "ISBN": "9789869590587", "USER": "ge******************.tw", "CONTENT": "倘若玩過二戰模擬遊戲「鋼鐵雄心」相信對豐富的戰術科技樹很有印象，讀原書之後才知道原來「總體戰」之概念，是由德國軍事家「魯登道夫」提出，他的《總體戰》是日後納粹德國戰爭指南，本書吸收第一次世界大戰戰敗經驗，記取教訓，發展出全民國防整合諸多元素的戰爭理論。"}, {"BOOKNAME": "二戰回憶錄", "ISBN": "9789863920625", "USER": "ge******************.tw", "CONTENT": "以前聽過梁文道的節目，說過英國首相邱吉爾－－得過諾貝爾文學獎－－即這本《二戰回憶錄》。他以戰時首相的經歷，引用大量政府文件和個人紀錄，記述1930年代初到二戰結束期間的主要國際事件。當時，法國的戴高樂總統一聽說老對頭出書了，不甘示弱地也趕緊寫了本《戰爭回憶錄》。"}, {"BOOKNAME": "追捕納粹1945：半世紀的漫長路，還原歷史真相", "ISBN": "9789862283387", "USER": "so****345", "CONTENT": "有蠻多譯名跟通用的不同，但還算是通順啦。看完覺得很扯，戰犯可以當上總理.總統.法官.局長.警長等等逍遙法外。歐洲各國對此問題又以敷衍對待，只有這些被害者和正義人士有所作為，他們還活到90多歲。"}, {"BOOKNAME": "步兵戰的戰術與戰略：二十世紀步兵作戰的理論與運用", "ISBN": "9789868471368", "USER": "ss***537", "CONTENT": "好書一本!裡面詳細地介紹了關於步兵從二十世紀初的壕溝戰到現代的反恐作戰,作者其精闢的言論令人折服,不禁感嘆竟有如此高明之作!"}, {"BOOKNAME": "上田信經典戰場畫冊（1）歐洲戰場", "ISBN": "9789576776656", "USER": "da****995", "CONTENT": "書本裡擁有著19世紀至20世紀各種經典的軍武插圖，以及附加幾頁介紹其歷史與發展。這本書籍強烈推薦給喜歡軍武的人看，該書雖說介紹的東西太過廣泛，但其高超的繪畫方式與不會太過冗長的介紹包準能滿足軍武迷的需求!更何況作者是最擅長畫軍武的大師「上田信」。"}, {"BOOKNAME": "二次世界大戰（經典戰役）", "ISBN": "9789867448750", "USER": "so****345", "CONTENT": "此書提到的都是喜歡二戰歷史的人都熟悉的戰役&#x28;史達林格勒、中途島、瓜達卡納爾&#x29;，再加上詳盡的敘述，讓你可以更加認識那些慘烈的戰役。"}, {"BOOKNAME": "古寧頭戰紀", "ISBN": "9789578332904", "USER": "c**12**", "CONTENT": "金門這個被稱為&#x28;不幸的歷史祭壇&#x29;島嶼，陸續上演著兩岸人民共同的舞台悲劇，金門與廈門脣齒相依，卻為著歷史，為著理念，共同流著血濃於水的淚，時過境遷後，已然分不清何處是彼岸與對岸?"}, {"BOOKNAME": "中國第一詐書：鬼谷子", "ISBN": "9789863920212", "USER": "pi***611", "CONTENT": "捭闔之術與天地之道相通。天為陽，地為陰，天地之道就是陰陽之道。所以，捭闔之術就是陰陽之術，捭闔陰陽的意思就是變動陰陽四時，即發揮施術者的主觀能動性去變陽為陰，變陰為陽，像改變四時的運行順序那樣去改變事物的發展方向和進程。"}, {"BOOKNAME": "零戰與日本刀", "ISBN": "9789865775681", "USER": "li****lun", "CONTENT": "對於戰敗還一直找理由，叫人匪夷所思！零戰英勇市傳言也是戰後才傳回日本國內，歸咎於太精緻化是沒錯那應該是海軍的問題，包括後繼機亦同，陸軍於一式隼到投降則陸續有鍾馗、飛燕以及疾風等問世。至於總體戰源於思想；沒反省自身作為，就算能重來鐵定也是弄到民生潦倒凋敝敗亡的。"}, {"BOOKNAME": "戰略.戰術.兵器事典Vol.14 遠東圍城器械", "ISBN": "9789866023798", "USER": "ge******************.tw", "CONTENT": "楓樹林出版社的《戰略．戰術．兵器系列事典》彩圖眾多，有素描武器圖、細節圖、場景圖等，讓我很欽佩外國人的研究能力。從公元七世紀至十七世紀的古中國、蒙古、朝鮮、日本幕府的城池、攻城武器、皆做出詳實的解釋。在科研方面是古中國占優的，但真正讓技術發光發熱、應用於戰場的．．．是蒙古人。"}, {"BOOKNAME": "戰略.戰術.兵器事典Vol.15 二戰兵器大比拼", "ISBN": "9789866023835", "USER": "li****lun", "CONTENT": "岳飛打張飛不是華人才有的專利，有碰面的碰不著面的都可發揮想像空間，大和對戰愛荷華級陰錯陽差成後世大艦砲愛好者互相打嘴砲的話題，那俾斯麥跟愛荷華級廝殺呢？零戰對me109？全擺到圖表上秤一秤也是頗有趣的。"}, {"BOOKNAME": "血色夜空海報典藏版(附亨克爾He-219全開大型海報)", "ISBN": "4712070144206", "USER": "li****lun", "CONTENT": "天空本是引發無限遐想，飛行則是夢想的實現之所，至於夜晚該是靜宓祥和的；偏偏將造夢的飛行機器趁著黑夜彼此殺戮，這是人類的悲歌嗎？無數的熱血青年就這麼悄然地自夜空墮落，地上無辜的蒼生也默默地慘遭家破人亡的苦痛。歐陸上空二戰從日正當中戰到明月高掛，歷此磨難者所受之劫後世應為警惕。"}, {"BOOKNAME": "二戰中的德國", "ISBN": "9789868902831", "USER": "so****345", "CONTENT": "此書因為不是翻譯的，所以看起來比較順，沒有文法的錯誤，但是有些錯字。此書內容豐富，也知道了一些資料，裡面有些照片讓我感受深刻。"}, {"BOOKNAME": "切格瓦拉論游擊戰", "ISBN": "9789866200793", "USER": "hh***987", "CONTENT": "總體大部份都對,只是書的技術,戰術和戰略有點舊.. 現時的新科技自動/手動搖控飛機 看看中共要實名購買便知有用吧,後者其實很易自製的 通訊則可用短波電台和隱形laser,尤其是laser&#x28;別用紅外線,mainland看到的,估則mainland也看到紫外光..&#x29; 這個敵人擋不倒吧"}, {"BOOKNAME": "狙擊手", "ISBN": "9789866412387", "USER": "ss***537", "CONTENT": "狙擊手.在世人的眼中總是披著一層神秘的偽裝迷彩,本書已深入淺出的方式帶領讀者更進一步的瞭解狙擊手這種職業所背負的任務以及再歷史中的變化"}, {"BOOKNAME": "陸戰：一次大戰至二十一世紀", "ISBN": "9789866330254", "USER": "ss***537", "CONTENT": "陸軍,一個國家武力最基本也最重要的兵種,如果沒有他們,那麼這個國家將無法保衛自己的領土, 本書詳細的收錄了十九世紀後期直至二十一世紀初之間所發生的重要戰役,可說是一本詳盡的軍事入門指南!"}, {"BOOKNAME": "屠夫", "ISBN": "9789861209258", "USER": "ac*****bbb", "CONTENT": "記者詳實又富娛樂性、紀實文筆歷歷描繪出布魯克林區的險惡與黑手黨家族人物的風貌個性，喜歡美國黑手黨家族風雲的人，絕對不能錯過這本精彩萬分的好書!"}, {"BOOKNAME": "屠夫", "ISBN": "9789861209258", "USER": "ac*****bbb", "CONTENT": "記者詳實又富娛樂性、紀實文筆歷歷描繪出布魯克林區的險惡與黑手黨家族人物的風貌個性，喜歡美國黑手黨家族風雲的人，絕對不能錯過這本精彩萬分的好書!"}, {"BOOKNAME": "屠夫", "ISBN": "9789861209258", "USER": "ac*****bbb", "CONTENT": "記者詳實又富娛樂性、紀實文筆歷歷描繪出布魯克林區的險惡與黑手黨家族人物的風貌個性，喜歡美國黑手黨家族風雲的人，絕對不能錯過這本精彩萬分的好書!"}, {"BOOKNAME": "屠夫", "ISBN": "9789861209258", "USER": "ac*****bbb", "CONTENT": "記者詳實又富娛樂性、紀實文筆歷歷描繪出布魯克林區的險惡與黑手黨家族人物的風貌個性，喜歡美國黑手黨家族風雲的人，絕對不能錯過這本精彩萬分的好書!"}, {"BOOKNAME": "杜立德B：25轟炸東京的故事", "ISBN": "9789866412202", "USER": "li****lun", "CONTENT": "此書比較特殊之處在於將出擊的各機每位空組人員獨立篇幅介紹;以及杜立德的發跡歷程,但後附珊瑚海和中途島之役有些突兀.不如增加b-25的開發史.b-25的細部分解圖似乎誤植."}, {"BOOKNAME": "滇緬戰役（1942-1945）", "ISBN": "9789866412042", "USER": "ss***537", "CONTENT": "曾幾何時,現代人變得如此的漠視歷史,這對那些曾用血肉之驅和一腔熱血來捍衛民族尊嚴的英雄來說,是極為不尊敬的! 本書詳盡的記載從1942年入緬作戰直到1945年抗戰勝利為止間的大小戰役,是一本不折不扣的經典之作!"}, {"BOOKNAME": "無法解放的島嶼：古寧頭戰役背影", "ISBN": "9789866764967", "USER": "ss***537", "CONTENT": "一九四九年十月二十五日凌晨,在台灣本島的西北方的金門小島上爆發了一場規模不大卻對後世影響深遠的戰鬥,如果不是這場戰鬥,那現在台灣是自由的&apos;調色盤&apos;還是單一的&apos;紅色&apos;那就不好說了,在此鄭重向您推薦本書!"}, {"BOOKNAME": "無法解放的島嶼：古寧頭戰役背影", "ISBN": "9789866764967", "USER": "ss***537", "CONTENT": "一九四九年十月二十五日凌晨,在台灣本島的西北方的金門小島上爆發了一場規模不大卻對後世影響深遠的戰鬥,如果不是這場戰鬥,那現在台灣是自由的&apos;調色盤&apos;還是單一的&apos;紅色&apos;那就不好說了,在此鄭重向您推薦本書!"}, {"BOOKNAME": "諾曼第大空降", "ISBN": "9789867726148", "USER": "li****lun", "CONTENT": "雖然hbo拍成迷你影集,但原書敘述的場面更加細膩,同袍間面對著生死交關的患難情誼留存於字字句句中,不同於影集中,書中未對納粹透露出深層的鄙視.純粹是軍人兵戎相見的英雄相惜."}]