[{"BOOKNAME": "里山生活實踐術：友善運用山林Ｘ土地Ｘ溪流，動手蓋房子、有機種植、造土窯的永續生活方案", "ISBN": "9789861778785", "USER": "gr**sci", "CONTENT": "『雖不能至，然心嚮往之』 「里山生活&quot;是我很嚮往的生活境界，然而現實上卻是很難達成。 如果你也跟我一樣，或是還在猶豫，那我會推薦這本書。看的時候一邊讚嘆、一邊筆記，看完之後可以掂掂自己的斤兩，好決定是要安分的乖乖待在城市裡生活，還是要勇敢的走向大自然，實踐自給自足的偉大夢想。"}, {"BOOKNAME": "我們的河", "ISBN": "9789863208655", "USER": "ge******************.tw", "CONTENT": "費根是普立茲獎得主，相當於新聞界的奧斯卡。《我們的河》是一部描寫化學工業的大部頭書，十分宏偉，從十九世紀化學染料對河川的汙染，聊到化學工業對於經濟的發展，接著話峰轉移來到環境被污染後、居民罹患癌症的抗爭史。"}, {"BOOKNAME": "環保一年不會死！不用衛生紙的紐約客減碳生活日記", "ISBN": "9789866158766", "USER": "da***032", "CONTENT": "推薦這本書。 可以把它當小說觀看。作者以生動活潑的筆調敘述他一年的零碳計畫。其中也出現了不少意料外的狀況；我印象最深刻的是他捧著收集來的罐子去買食物時服務人員回給他的反應。 看完整本書後我發現，它傳達給我的不是如何去做環保，而是老一輩傳承下來卻逐漸被我們遺忘的惜福、感恩的態度。"}, {"BOOKNAME": "當快樂腳不再快樂：認識全球暖化", "ISBN": "9789571167015", "USER": "ki*i07*", "CONTENT": "我充分理解暖化的威脅所在，我認為只要從每一個人開始做起，進而到能夠擁有政府的政策，只要能配合好就能有所改善，目前我仍無法想像當過了五、六十年後，美國冰河國家公園卻連一條冰河也沒有了，這條裂痕是人類親手破壞的，氣候雖然無情，但人類的破壞更加無情，暖化所造成的氣候變遷可是銳不可擋的。"}, {"BOOKNAME": "100個即將消失的地方（附《正負2℃》紀錄片﹞", "ISBN": "9789571351803", "USER": "w8***588", "CONTENT": "為什麼看到要消失的地方 除了想哭還是想哭 有點感嘆自己的無能 且很想位地球做點什麼 我或許還小 但我真的很努力從小細節 在幫助地球 溫室效應正在惡化 人類們 保護我們的地球吧"}, {"BOOKNAME": "100個即將消失的地方（附《正負2℃》紀錄片﹞", "ISBN": "9789571351803", "USER": "w8***588", "CONTENT": "為什麼看到要消失的地方 除了想哭還是想哭 有點感嘆自己的無能 且很想位地球做點什麼 我或許還小 但我真的很努力從小細節 在幫助地球 溫室效應正在惡化 人類們 保護我們的地球吧"}, {"BOOKNAME": "不可思議的消費鏈：日常生活的環保神秘殺手", "ISBN": "9789576964503", "USER": "an****liu", "CONTENT": "環保節能是大家耳熟能詳的口號，背道而馳的消費行為卻依然存在，在這消費鏈裡解析每個奢侈品背後的能源，無論是日常生活用品，衣服，飲食，原來都是環境的殺手，要徹底落實環保，還是應該知其所以然。"}]