[{"BOOKNAME": "江湖在哪裡?台灣農業觀察", "ISBN": "9789866873324", "USER": "ha***117", "CONTENT": "看完本書，對台灣的農業現況會更瞭解，也能明瞭農漁會為什麼對台灣的政治如此有影響力，台灣的黑金政治實肇源於這些從根本腐爛的農業制度。台灣政府對農業的袖手旁觀，除了國內政治、選票的考量，還受到美國農產品進口的壓迫。農業本是上天的恩賜，但是卻被醜陋人心假借開發之名所污染，天何言哉？"}, {"BOOKNAME": "馴服汽車：建構永續城市的主要策略", "ISBN": "9789869363068", "USER": "89********258", "CONTENT": "參考文獻全部都是將近十年前的文獻，作為一本2017出版的書，讓我不禁懷疑，難道十年來我們對於永續城市毫無進展嗎？"}, {"BOOKNAME": "土地正義：從土地改革到土地徵收，一段被掩蓋、一再上演的歷史", "ISBN": "9789869351294", "USER": "hi*****boy", "CONTENT": "從出書至今又先後發生了許多事件，黎明幼稚園、不當黨產等，到最近因為原住民傳統領域爭議而還在凱達格蘭道上露塑的原住民團體。雖然大家對臺灣充滿感情，但是對土地的歷史的了解似乎還不夠。這本書正好可以作為初步窺探的入門書，從其他角度來認識常常被平板化的台灣土地史，以及遲遲還在路上的正義。"}, {"BOOKNAME": "土地正義：從土地改革到土地徵收，一段被掩蓋、一再上演的歷史", "ISBN": "9789869351294", "USER": "hi*****boy", "CONTENT": "從出書至今又先後發生了許多事件，黎明幼稚園、不當黨產等，到最近因為原住民傳統領域爭議而還在凱達格蘭道上露塑的原住民團體。雖然大家對臺灣充滿感情，但是對土地的歷史的了解似乎還不夠。這本書正好可以作為初步窺探的入門書，從其他角度來認識常常被平板化的台灣土地史，以及遲遲還在路上的正義。"}, {"BOOKNAME": "改變街區的獨立小店", "ISBN": "9789571364568", "USER": "ka***326", "CONTENT": "經由介紹下讀到這本書，相信愛書店又愛喝咖啡，愛逛特色小店的人必定會從這本中發掘更多與內心相乎應的真實想法。在網路世代的快速消費生活的我們，此書之言更顯人文堅持下的精神的可貴。"}, {"BOOKNAME": "城市的勝利", "ISBN": "9789571355078", "USER": "ch**044", "CONTENT": "城市的好處在本書被形容的充滿著勝利的光輝，城市已經是全世界最安全、最環保衛生、最方便與最富裕的生活場所。城市非常適合人類居住，但城市的大小和人口數的多寡要懂得規劃和控制?"}]