[{"BOOKNAME": "新時間簡史", "ISBN": "9789862133477", "USER": "li****lun", "CONTENT": "史帝芬霍金這位超人氣的物理學作家,再度替普羅大眾揭開自然界最神秘的面紗,從首版起已過的二十年之遙,這版序文由作者自己親自操刀,是怕天上的卡爾沙根不悅,或出於敬重.相比於高能物理與天文學的開拓,二十年確實讓內容更加吸引."}, {"BOOKNAME": "穿梭超時空", "ISBN": "9789862724453", "USER": "ge******************.tw", "CONTENT": "加來道雄是一名日裔美籍理論物理學家，【弦理論】先驅，目前高能物理是物理學非常活躍的一支，其發展程度讓1979年諾獎得主溫伯格感言：理論物理的研究愈來愈像科幻小說了。本書並不容易讀，因為它講的是超空間理論，但本書能讓大家一窺科學前沿的「視界」"}, {"BOOKNAME": "圖解時間簡史", "ISBN": "9789862133460", "USER": "li****lun", "CONTENT": "深邃的物理新知,在霍金流暢的文筆下顯得清晰明瞭,每一章節都十分簡潔讀來全然沒有壓力,各個章節之間的連貫性銜接得非常順暢,不愧是曾榮登暢銷書排行榜之首的傑作,對熱愛科普書籍又景仰大師的作品,值班收藏.翻譯的功力也十分了解,不但在專有名辭甚至能將其精髓用中文呈現,沒枉費大師的新著."}, {"BOOKNAME": "圖解時間簡史", "ISBN": "9789862133460", "USER": "li****lun", "CONTENT": "深邃的物理新知,在霍金流暢的文筆下顯得清晰明瞭,每一章節都十分簡潔讀來全然沒有壓力,各個章節之間的連貫性銜接得非常順暢,不愧是曾榮登暢銷書排行榜之首的傑作,對熱愛科普書籍又景仰大師的作品,值班收藏.翻譯的功力也十分了解,不但在專有名辭甚至能將其精髓用中文呈現,沒枉費大師的新著."}, {"BOOKNAME": "仰望夜空：全世界最想知道的362個宇宙奧祕", "ISBN": "9789862621691", "USER": "li****lun", "CONTENT": "孩童最常仰望滿佈星斗夜空織夢，成年後愈來愈少去看點點星辰，作者多年主持節目搜集得最受喜愛的疑問成冊，以其言簡意賅字句，適合推薦給青少年假期消磨時光又能充實知識的良書。"}, {"BOOKNAME": "宇宙的寂寞心靈", "ISBN": "9789573270843", "USER": "li****lun", "CONTENT": "自牛頓與萊布尼茲發生百餘年來的糾葛後,諸如此類的紛爭汗牛充棟.但經營數載,卻被鄰室不相干研究的同仁無意中給捷足先登,心中的不平可以想像.尤其創立諾貝爾獎後,爭奪更加兇悍."}, {"BOOKNAME": "世紀之謎：火星的奧秘", "ISBN": "9789577762443", "USER": "ge******************.tw", "CONTENT": "漢科克是寫過《上帝的指紋》的暢銷書作家，相信經常待圖書館的人多多少少對這本書會有印象，因為漢科克在遠古神話、天文學、考古學方面多才多藝，儘管他的考古論點不都被認同，但不妨礙他的每本書考究豐富多彩。"}, {"BOOKNAME": "時間簡史", "ISBN": "9789575200022", "USER": "ti*********616", "CONTENT": "因為教授的推薦，於是閱讀此書。在作者的妙筆生花，穿梭在浩瀚銀漢間。物理是夢魘，化學是火星文，數學是蛇蠍，然而此書卻是完全不會因為身為理科門外漢而感到吃力的著作。"}]