[{"BOOKNAME": "原來，古羅馬人這樣過日子！——考古專家帶你直擊古羅馬人生活現場（改版）", "ISBN": "4717702093204", "USER": "ch****150", "CONTENT": "以如時光旅遊般的文筆，帶讀者渡過古羅馬人的一天，同時也穿插著古今對比和考古、歷史等講解。如果對古羅馬歷史不太瞭解，也能輕鬆閱讀的一本好書。"}, {"BOOKNAME": "財富之城：威尼斯共和國的海洋霸權", "ISBN": "9789869410465", "USER": "bl******der", "CONTENT": "除了開頭超瞎的第四次十字軍東征之外，這本讀起來比較沒那麼刺激過癮，中間威尼斯跟熱那亞之間互有輸贏的幾次戰爭，也顯得有點沉悶。但從作者的描述看來，可以感覺得到威尼斯共和國的一些制度算挺先進的，只是商人性格，很多時候將本求利過頭，很難讓人產生好感。"}, {"BOOKNAME": "財富之城：威尼斯共和國的海洋霸權", "ISBN": "9789869410465", "USER": "bl******der", "CONTENT": "除了開頭超瞎的第四次十字軍東征之外，這本讀起來比較沒那麼刺激過癮，中間威尼斯跟熱那亞之間互有輸贏的幾次戰爭，也顯得有點沉悶。但從作者的描述看來，可以感覺得到威尼斯共和國的一些制度算挺先進的，只是商人性格，很多時候將本求利過頭，很難讓人產生好感。"}, {"BOOKNAME": "鐵血與音符：德國人的民族性格", "ISBN": "9789865842628", "USER": "lo**609", "CONTENT": "寫史跟寫評論是不同的，這個作者卻不明白這點，不但論述過於主觀，批評的同時卻又不說出背後的原因，以現代人的眼光評論過去，簡直上帝視角，站著說話腰不疼嗎?想要了解德國史，與其看這本，不如閱讀哈夫納的書。老實說，這本書作者寫作的態度實在令人生氣，不配寫史。"}, {"BOOKNAME": "鐵血與音符：德國人的民族性格", "ISBN": "9789865842628", "USER": "lo**609", "CONTENT": "寫史跟寫評論是不同的，這個作者卻不明白這點，不但論述過於主觀，批評的同時卻又不說出背後的原因，以現代人的眼光評論過去，簡直上帝視角，站著說話腰不疼嗎?想要了解德國史，與其看這本，不如閱讀哈夫納的書。老實說，這本書作者寫作的態度實在令人生氣，不配寫史。"}, {"BOOKNAME": "鐵血與音符：德國人的民族性格", "ISBN": "9789865842628", "USER": "lo**609", "CONTENT": "寫史跟寫評論是不同的，這個作者卻不明白這點，不但論述過於主觀，批評的同時卻又不說出背後的原因，以現代人的眼光評論過去，簡直上帝視角，站著說話腰不疼嗎?想要了解德國史，與其看這本，不如閱讀哈夫納的書。老實說，這本書作者寫作的態度實在令人生氣，不配寫史。"}, {"BOOKNAME": "午夜的佩拉皇宮：近代伊斯坦堡的誕生", "ISBN": "9789863444206", "USER": "ec**dna", "CONTENT": "十一月去玩時在佩拉皇宮飯店住兩晚。當時覺得它體貼友善保守優雅得近乎固執，讓人情不自禁地喜歡。讀此書才驚覺自己有眼不識泰山。它目賭了現代伊斯坦堡的形成，型型色色的人們：居民，老帝國人士，革命分子，難民， 佔領軍，間諜。作者與譯者的文筆流暢而雋永，令我回憶起不禁神魂顛倒，魂牽夢縈。"}, {"BOOKNAME": "倫敦腔 ： 兩個解釋狂的英國文化索引", "ISBN": "9789869280518", "USER": "ao***222", "CONTENT": "倫敦的粉絲迷妹們不容錯過的好書，日常、季節、街景、藝文、娛樂、美食及購物等等，各種包羅萬象的英倫生活與觀察，絕對令喜愛及憧憬倫敦的粉絲們滿足！沒錯，這個城市就是如此地充滿魅力！"}, {"BOOKNAME": "莫斯科不相信眼淚", "ISBN": "9789578246973", "USER": "fe******817", "CONTENT": "俄羅斯，橫跨歐亞的北方大國，不相信眼淚，也不相信笑容。我是在書局無意間翻閱到這本書籍，封面的樸素是不能跟書中內容的精緻所比較的，兩者皆值得嘉許；作者的文字表達，讓人深刻了解到為何俄國的信任心沒辦法放在眼淚上頭，也讓人更深一步了解俄國的種種。對於有興趣的朋友，這本書絕對推薦哦！"}]