[{"BOOKNAME": "庫德的勇氣：庫德族人追求和平與獨立的故事，以及一段跨國界的台庫情緣", "ISBN": "9789865524333", "USER": "54********975", "CONTENT": "很棒的書，好像是第一本庫德的書，。。。。。。。。。。。。。。。。。。。。。。。。。。。。。。。。。。。。。。。。。。。。。。。。。。。。。。。。。。。。"}, {"BOOKNAME": "逆權女子：獄中手記", "ISBN": "9789865406943", "USER": "el**irs", "CONTENT": "金子文子短暫的一生充滿太多磨難，卻也在接連不斷的困境中，養成出堅毅不屈的韌性和信念，看完讓我對她充滿尊敬之心。她不逆權，她只是不想順著周遭的惡意和不公不義忍氣吞聲。"}, {"BOOKNAME": "大人們的餐桌.中華篇：從民初到二十一世紀，22位牽動華人政局的政治人物飲食軼事", "ISBN": "9789571380698", "USER": "le**206", "CONTENT": "不得不說這是一本有趣的書，從餐桌上的飲食看政治，本書不太涉及政治角力，更多的是那些大人物們對吃的癖好和要求，而且會發現這些人物們不僅懂吃，還很會做菜！撇開中華圈的政治糾紛，這是能讓人會心一笑的書籍"}, {"BOOKNAME": "東南方的國度：一趟行經越南、柬埔寨、寮國的旅程", "ISBN": "9789578759947", "USER": "ge******************.tw", "CONTENT": "因為台灣和東南亞的很多國家平常關係蠻密切的，所以有空時就讀他們的歷史，這本便是其中一部，這本屬於半歷史記錄的旅遊書，講述越南、寮國、柬埔寨1930~1960年代被殖民時期與剛脫離統治獨立時期的發展過程。事實上，這本《東南方的國度》出版於1951年，旅遊文學的佳作。"}, {"BOOKNAME": "黑龍江：尋訪帝王、戰士、探險家的歷史足跡，遊走東亞帝國邊界的神祕之河", "ISBN": "9789570852264", "USER": "ge******************.tw", "CONTENT": "《黑龍江》被俄羅斯人稱為阿穆爾河，寫的是從它的源頭、流域變化所帶出的遠東諸民族幾百年的爭鬥史，著重於俄羅斯對遠東的「開拓」（站在大陸的角度則為侵略），主要書寫俄羅斯人喔，不是東北人。"}, {"BOOKNAME": "1919：中國、印度、埃及和韓國，威爾遜主義及民族自決的起點", "ISBN": "9789578654051", "USER": "d**a1**", "CONTENT": "這本書皆露出整個國中三下課本的疑問，為何一次大戰之後，亞洲民族復興運動會走入激烈化，與其說中國、埃及、印度、朝鮮等是對宗主國的不爽與抗議，不如說是對美國的言而無信，甚至置之不理的態度反擊。"}, {"BOOKNAME": "蒙兀兒之後：印度五百年的蛻變，從伊斯蘭帝國、東印度公司統治、英國殖民地到全球最大民主國家的誕生", "ISBN": "9789866723605", "USER": "l**ra**", "CONTENT": "奇怪! 早期印回就可以相處ok~ 全球很多國家都是歐洲殖民後整個衝突不斷，壞習慣增多 非州南美州是最好例子 這裡講英國殖民帶入的東西~結果印度現在公衛還是很差~英國是做了什麼? 分化嗎?"}, {"BOOKNAME": "蒙兀兒之後：印度五百年的蛻變，從伊斯蘭帝國、東印度公司統治、英國殖民地到全球最大民主國家的誕生", "ISBN": "9789866723605", "USER": "l**ra**", "CONTENT": "奇怪! 早期印回就可以相處ok~ 全球很多國家都是歐洲殖民後整個衝突不斷，壞習慣增多 非州南美州是最好例子 這裡講英國殖民帶入的東西~結果印度現在公衛還是很差~英國是做了什麼? 分化嗎?"}, {"BOOKNAME": "東方主義", "ISBN": "9789578453722", "USER": "ha*****004", "CONTENT": "西方人眼中的東方，是真正的東方嗎？研究有別於我們的「他者」，是需要最客觀的眼光來詮釋我們所得到的資料，而不是為了某些殖民、統治的目的，來貶抑和歧視我們的研究對象。縱然歷史言就不可能絕對客觀，但是以開放的心胸來接納與我們不同的文化與人民，才是人類的福祉。"}]