[{"BOOKNAME": "街頭守門人：台大新聞E論壇反黑箱服貿運動報導紀實", "ISBN": "9789869109307", "USER": "s1*****103", "CONTENT": "台大新聞e論壇可說是在318運動中，成立且成名的獨立媒體，而本書正是隨著運動的進行所記錄的辛酸史，紀錄的不只是運動本身，也記錄學生/獨立媒體/主流媒體等關係中的糾葛，作為運動的另一面呈現給讀者一窺究竟。"}, {"BOOKNAME": "我的老師13歲：點燈18", "ISBN": "9789866334818", "USER": "mo*******mot", "CONTENT": "令人疑惑的標題！ 通常，我們腦袋瓜裡頭想的老師，都屬於有一點點年紀的，13歲也可以當老師，為什麼？ 看完這本點燈的三十篇故事，我才靈光一閃：原來，可以給人們有所成長的，都可以是你我的良師！"}]