[{"BOOKNAME": "都市裡的動物行為學：烏鴉的教科書", "ISBN": "9789862622698", "USER": "mu*******120", "CONTENT": "很可愛的一本書！我本來就很喜歡烏鴉，覺得牠們很聰明又有趣，這本書用詼諧輕鬆的筆法，鉅細靡遺地記錄了觀察烏鴉所得到的結果，無論是愛鳥人士、賞鳥人或是對這領域不太熟悉的讀者，都必定能從中獲取樂趣，並更加了解都市鳥種的多樣行為。"}, {"BOOKNAME": "非實用野鳥圖鑑－600種鳥類變身搞笑全紀錄", "ISBN": "9789573266501", "USER": "36**650", "CONTENT": "這本書的作者實在太厲害了，把每一種鳥用漫畫的方式畫出來，沒看過的鳥他畫出來光看就覺得很可愛，有看過的鳥看到他畫的，就會有會心一笑的感覺，他把特徵都畫出來了，是一本好圖鑑&#x28;雖然書名為非實用野鳥圖鑑&#x29;"}, {"BOOKNAME": "非實用野鳥圖鑑－600種鳥類變身搞笑全紀錄", "ISBN": "9789573266501", "USER": "36**650", "CONTENT": "這本書的作者實在太厲害了，把每一種鳥用漫畫的方式畫出來，沒看過的鳥他畫出來光看就覺得很可愛，有看過的鳥看到他畫的，就會有會心一笑的感覺，他把特徵都畫出來了，是一本好圖鑑&#x28;雖然書名為非實用野鳥圖鑑&#x29;"}, {"BOOKNAME": "鸚鵡的祕密！", "ISBN": "9789864433520", "USER": "an*****083", "CONTENT": "現在鸚鵡已成為越來越流行的寵物，可是介紹鸚鵡或與鸚鵡相關的書籍卻仍然不多，市面上雖已有介紹如何照顧鸚鵡的書籍，但本書可說是市面上少見的更全面且深入介紹鸚鵡的書，讓飼主或喜歡鸚鵡的人能更進一步吸收與鸚鵡相關的訊息。飼養動物之前必須先做功課，而此書可列入飼養鸚鵡前參考的書目之一！"}, {"BOOKNAME": "暴走鸚鵡生活雜記", "ISBN": "9789864431311", "USER": "da****656", "CONTENT": "這作者圖畫生動，根本呈現巴丹的生活狀況。有些很爆笑但不誇張，因為巴丹真的會發生這些事！ 不論讀者有無飼育過，都能知道跟這生物生活真是不簡單xd"}, {"BOOKNAME": "鳥的命運就是人的命運：如何從鳥類預知人類健康與自然生態受到的威脅", "ISBN": "9789869047661", "USER": "sn***109", "CONTENT": "作者以淺顯文字與實例,點出如何從鳥類預知人類健康與自然生態受到的威脅,這才明白禽鳥與人類關係是既遙遠又親近,禽鳥一直是生態環境的哨兵,不斷地向人類提出暗示與警訊,像有翠鳥出沒的溪流水域,有猛禽停棲獵食的樹林是健康的,觀察環境不僅是科學家的專責,反而需要更多公民科學家持續關心"}, {"BOOKNAME": "賞鳥Easy Go：陸鳥篇", "ISBN": "9789573263623", "USER": "m4***299", "CONTENT": "有附體色特徵快速查詢圖錄真的很實用!而且也很方便攜帶,不過有一個很大的缺點,那就是有些鳥大標題的中文名稱,特別是畫眉科,不是常用的名稱,使用上容易混淆,頗感不便!"}]