[{"BOOKNAME": "單元操作與輸送現象完全解析", "ISBN": "9789863586128", "USER": "ax****107", "CONTENT": "非常詳細的一本好書，值得有心於在化工單元操作與輸送現象領域求勝的您，充分利用之。再者買書後，與作者取得聯繫，書籍勘誤表與近年相關考題也持續更新解答，這是其他補習班書籍與講義所不能及。衷心推薦此本好書。"}, {"BOOKNAME": "塑膠：有毒的愛情故事", "ISBN": "9789866158506", "USER": "li****lun", "CONTENT": "一方面瞭解身邊可見的眾多塑膠製品的製造歷史與生產過程,也在在警惕大家,在享受便利之餘,也要慎重提防它的高分子難以分解,甚至開始侵蝕入人體..."}, {"BOOKNAME": "塑膠：有毒的愛情故事", "ISBN": "9789866158506", "USER": "li****lun", "CONTENT": "一方面瞭解身邊可見的眾多塑膠製品的製造歷史與生產過程,也在在警惕大家,在享受便利之餘,也要慎重提防它的高分子難以分解,甚至開始侵蝕入人體..."}]