[{"BOOKNAME": "臺灣大案鑑識現場：用科學、心理學、偶爾靈異，與嫌犯鬥智，鑑識專家謝松善帶你解讀犯罪現場。", "ISBN": "9789869946957", "USER": "mi*****015", "CONTENT": "鑑識科學很冷門、很孤獨的一條路。但會選擇走上這條冷清道路者，都是堅毅果敢、追求真相的固執者 - 擇善固執。『阿善師』在臺灣鑑識科學領域頗有名望，通俗淺白的生動解說，即使外行也會迷上。"}, {"BOOKNAME": "今天也要去見殺人犯：韓國犯罪側寫師眼中的人性故事", "ISBN": "9789862489765", "USER": "as***************com", "CONTENT": "作者並沒有用太多的篇幅講述詳細案件，反而寫下了很多從事這個職業的細節，以及對於韓國刑事案件趨勢的關懷。可以感受到作者在母親的角度，用溫暖關懷的文筆寫下了這本書。"}, {"BOOKNAME": "扭曲的正義：檢察官面對的殘酷真相，走向崩潰的檢警與媒體", "ISBN": "9789570857023", "USER": "el**irs", "CONTENT": "待過體制內、因瞭解無法改變而走向體制外的人，應該綜觀全局看得很透徹的。時常被輿情稱為恐龍的法官，原來是低薪高工時的辛苦工作者，看了覺得現實的確很無奈⋯⋯"}, {"BOOKNAME": "您已登入N號房 韓國史上最大宗數位性暴力犯罪吹哨者「追蹤團火花」直擊實錄", "ISBN": "9789571389400", "USER": "mi*****015", "CONTENT": "喧騰一時的n號房事件，起源於近年極紅的社交軟體telegram。事件的爆發，讓人性最自私、汙穢、黑暗的行為逐一攤開於大眾眼前。敬佩且感激追蹤、揭發這一切惡性的吹哨者。也希冀世間能有更多像他們的勇者，挺身而出。"}, {"BOOKNAME": "我的孩子是兇手：一個母親的自白", "ISBN": "9789864774647", "USER": "ch*******220", "CONTENT": "作者蘇•克萊博德是位母親，也是槍手之一迪倫的母親，也是位從天堂掉落地獄的母親。作者用身為槍手母親的身份，把事件發生之後，內心所面臨的困惑、虧疚、悲傷、自責，用最沈痛的文字，向大眾娓娓道來。孩子是父母心中永遠的心肝寶貝，無論年紀。但是，在犯了無法被原諒的錯之時，答案依然還是愛嗎？"}, {"BOOKNAME": "噬罪人Ⅱ：試煉", "ISBN": "9789863422709", "USER": "ol*****981", "CONTENT": "一篇一篇短短的案例,郤篇篇精采,值得探思,講的是兩性,談的郤是人性.生活中充滿試煉,逃不了也躲不過.存在於兩性之間的你爭我奪,有時候郤必須透過法律途徑才能解決,但其實到最後還剩下什麼呢?可能僅有的感情、牽掛都會蕩然無存,贏了官司以為得到了全世界..可是失去的郤超乎你的想像.."}, {"BOOKNAME": "噬罪人Ⅱ：試煉", "ISBN": "9789863422709", "USER": "ol*****981", "CONTENT": "一篇一篇短短的案例,郤篇篇精采,值得探思,講的是兩性,談的郤是人性.生活中充滿試煉,逃不了也躲不過.存在於兩性之間的你爭我奪,有時候郤必須透過法律途徑才能解決,但其實到最後還剩下什麼呢?可能僅有的感情、牽掛都會蕩然無存,贏了官司以為得到了全世界..可是失去的郤超乎你的想像.."}, {"BOOKNAME": "噬罪人Ⅱ：試煉", "ISBN": "9789863422709", "USER": "ol*****981", "CONTENT": "一篇一篇短短的案例,郤篇篇精采,值得探思,講的是兩性,談的郤是人性.生活中充滿試煉,逃不了也躲不過.存在於兩性之間的你爭我奪,有時候郤必須透過法律途徑才能解決,但其實到最後還剩下什麼呢?可能僅有的感情、牽掛都會蕩然無存,贏了官司以為得到了全世界..可是失去的郤超乎你的想像.."}, {"BOOKNAME": "噬罪人Ⅱ：試煉", "ISBN": "9789863422709", "USER": "ol*****981", "CONTENT": "一篇一篇短短的案例,郤篇篇精采,值得探思,講的是兩性,談的郤是人性.生活中充滿試煉,逃不了也躲不過.存在於兩性之間的你爭我奪,有時候郤必須透過法律途徑才能解決,但其實到最後還剩下什麼呢?可能僅有的感情、牽掛都會蕩然無存,贏了官司以為得到了全世界..可是失去的郤超乎你的想像.."}, {"BOOKNAME": "噬罪人Ⅱ：試煉", "ISBN": "9789863422709", "USER": "ol*****981", "CONTENT": "一篇一篇短短的案例,郤篇篇精采,值得探思,講的是兩性,談的郤是人性.生活中充滿試煉,逃不了也躲不過.存在於兩性之間的你爭我奪,有時候郤必須透過法律途徑才能解決,但其實到最後還剩下什麼呢?可能僅有的感情、牽掛都會蕩然無存,贏了官司以為得到了全世界..可是失去的郤超乎你的想像.."}, {"BOOKNAME": "噬罪人Ⅱ：試煉", "ISBN": "9789863422709", "USER": "ol*****981", "CONTENT": "一篇一篇短短的案例,郤篇篇精采,值得探思,講的是兩性,談的郤是人性.生活中充滿試煉,逃不了也躲不過.存在於兩性之間的你爭我奪,有時候郤必須透過法律途徑才能解決,但其實到最後還剩下什麼呢?可能僅有的感情、牽掛都會蕩然無存,贏了官司以為得到了全世界..可是失去的郤超乎你的想像.."}, {"BOOKNAME": "噬罪人", "ISBN": "9789863421146", "USER": "r*aa***", "CONTENT": "「噬罪人」 一位律師把他一些案子的故事寫出來 明明可以贏的很簡單，但自作聰明可能把事變複雜 明明是被害人，卻無法伸張正義，倒霉還有牢獄之災 明明是無辜的，卻無法證明自己是清白的，毀了一生   看了以後多懂一些法律小常識是不錯 不過真的覺得法律真的是保護懂的人… 推薦大家看看"}, {"BOOKNAME": "噬罪人", "ISBN": "9789863421146", "USER": "r*aa***", "CONTENT": "「噬罪人」 一位律師把他一些案子的故事寫出來 明明可以贏的很簡單，但自作聰明可能把事變複雜 明明是被害人，卻無法伸張正義，倒霉還有牢獄之災 明明是無辜的，卻無法證明自己是清白的，毀了一生   看了以後多懂一些法律小常識是不錯 不過真的覺得法律真的是保護懂的人… 推薦大家看看"}, {"BOOKNAME": "噬罪人", "ISBN": "9789863421146", "USER": "r*aa***", "CONTENT": "「噬罪人」 一位律師把他一些案子的故事寫出來 明明可以贏的很簡單，但自作聰明可能把事變複雜 明明是被害人，卻無法伸張正義，倒霉還有牢獄之災 明明是無辜的，卻無法證明自己是清白的，毀了一生   看了以後多懂一些法律小常識是不錯 不過真的覺得法律真的是保護懂的人… 推薦大家看看"}, {"BOOKNAME": "噬罪人", "ISBN": "9789863421146", "USER": "r*aa***", "CONTENT": "「噬罪人」 一位律師把他一些案子的故事寫出來 明明可以贏的很簡單，但自作聰明可能把事變複雜 明明是被害人，卻無法伸張正義，倒霉還有牢獄之災 明明是無辜的，卻無法證明自己是清白的，毀了一生   看了以後多懂一些法律小常識是不錯 不過真的覺得法律真的是保護懂的人… 推薦大家看看"}, {"BOOKNAME": "噬罪人", "ISBN": "9789863421146", "USER": "r*aa***", "CONTENT": "「噬罪人」 一位律師把他一些案子的故事寫出來 明明可以贏的很簡單，但自作聰明可能把事變複雜 明明是被害人，卻無法伸張正義，倒霉還有牢獄之災 明明是無辜的，卻無法證明自己是清白的，毀了一生   看了以後多懂一些法律小常識是不錯 不過真的覺得法律真的是保護懂的人… 推薦大家看看"}, {"BOOKNAME": "噬罪人", "ISBN": "9789863421146", "USER": "r*aa***", "CONTENT": "「噬罪人」 一位律師把他一些案子的故事寫出來 明明可以贏的很簡單，但自作聰明可能把事變複雜 明明是被害人，卻無法伸張正義，倒霉還有牢獄之災 明明是無辜的，卻無法證明自己是清白的，毀了一生   看了以後多懂一些法律小常識是不錯 不過真的覺得法律真的是保護懂的人… 推薦大家看看"}, {"BOOKNAME": "噬罪人", "ISBN": "9789863421146", "USER": "r*aa***", "CONTENT": "「噬罪人」 一位律師把他一些案子的故事寫出來 明明可以贏的很簡單，但自作聰明可能把事變複雜 明明是被害人，卻無法伸張正義，倒霉還有牢獄之災 明明是無辜的，卻無法證明自己是清白的，毀了一生   看了以後多懂一些法律小常識是不錯 不過真的覺得法律真的是保護懂的人… 推薦大家看看"}, {"BOOKNAME": "噬罪人", "ISBN": "9789863421146", "USER": "r*aa***", "CONTENT": "「噬罪人」 一位律師把他一些案子的故事寫出來 明明可以贏的很簡單，但自作聰明可能把事變複雜 明明是被害人，卻無法伸張正義，倒霉還有牢獄之災 明明是無辜的，卻無法證明自己是清白的，毀了一生   看了以後多懂一些法律小常識是不錯 不過真的覺得法律真的是保護懂的人… 推薦大家看看"}, {"BOOKNAME": "愈少人認識我們愈好：一個關於背叛、家庭祕辛與身分盜竊的未解之謎", "ISBN": "9786263100497", "USER": "mi*****015", "CONTENT": "個資外洩、身分遭冒用，這些在現今社會並不少見，然而拜科技日新月異之賜，而今這種詐欺手法已獲得相當程度的防範與破解。很難想像一整個家族長年面臨這樣的威脅，該如何過日子？艾克斯頓終年在此種壓力下，造成心理扭曲也是可預見的吧！"}, {"BOOKNAME": "我是金智恩：揭發安熙正，權勢性侵受害者的劫後重生", "ISBN": "9789571389387", "USER": "mi*****015", "CONTENT": "公開表明支持me too，卻私下數次性侵自己的助理？！多麼諷刺！可這世界正是如此矛盾、偽善。職場性暴力、權勢性侵，其實在現今社會並不鮮見。誰都有可能碰到。有時真的得靠當事人站出來，才有機會捅破那層黑暗。"}, {"BOOKNAME": "破案神探四部曲：我們為何對陌生人卸下心房？FBI剖析第一起網路連續殺人案", "ISBN": "9789571371986", "USER": "sh*****666", "CONTENT": "這本書讓我從中學習、認知、體會到不少過去從沒接觸過的人事物，儘管並非是小說，但當中的案件卻還是讓人有種像看小說一樣的錯感。"}, {"BOOKNAME": "破案神探四部曲：我們為何對陌生人卸下心房？FBI剖析第一起網路連續殺人案", "ISBN": "9789571371986", "USER": "sh*****666", "CONTENT": "這本書讓我從中學習、認知、體會到不少過去從沒接觸過的人事物，儘管並非是小說，但當中的案件卻還是讓人有種像看小說一樣的錯感。"}, {"BOOKNAME": "破案神探三部曲：大屠殺、無差別殺人與連續殺人犯，FBI探員剖繪犯罪動機", "ISBN": "9789571371597", "USER": "sh*****666", "CONTENT": "透過這個系列，去思考原因、去反省理由，同時也藉這些案子去了解、去解答，如果無法阻止第一次的犯罪，那麼就只能想盡辦法去阻止他繼續下去，看過這些案子後，突然對影集本身也產生了好奇。這絕對不是有趣的書，但卻是讓人渴望一讀的書。"}, {"BOOKNAME": "破案神探二部曲：犯罪是天生邪惡還是後天塑造？FBI探員側寫連續殺人魔", "ISBN": "9789571371207", "USER": "sh*****666", "CONTENT": "這一次一樣有著許多看了讓人心情沉重的案件，特別是當對象是孩童時，其性質之惡劣，簡直讓人不能明白為什麼會做出這樣的事情，同時也讓我們更加清楚為追緝到真兇、在第一前線努力的人們，他們到底是抱著怎樣的心情在偵辦這些案子。"}, {"BOOKNAME": "破案神探：FBI首位犯罪剖繪專家緝兇檔案（首部曲）", "ISBN": "9789571370606", "USER": "sh*****666", "CONTENT": "說實話，這絕對不會是一本有趣的小說，但卻同樣的吸引人，如果看過犯罪心理的人一定不會對這本書中的內容感到驚訝，甚至還會有不少的熟悉感湧上，當中的內容足以沉重的如巨石一樣壓在心上，卻又會讓你時不時為他們的能力與努力讚嘆。"}, {"BOOKNAME": "淳：一個被害者父親的真實告白", "ISBN": "9789862272190", "USER": "ga***hop", "CONTENT": "個人因為「告白&quot;一書，同時買了少年a的書；少年a的書還沒看完。而＂淳＂父親這本讀後感覺就是平鋪直述事情發生的經過，同為人父母可以感同身受但建議深度可以更強，不會淪為只是為與少年a那書互別苗頭的感覺。"}, {"BOOKNAME": "血色的旅途：權力、財富、血腥與兵工業，一場槍枝的生命旅程", "ISBN": "9789571365428", "USER": "gi****225", "CONTENT": "這本書詳細的介紹了槍的來歷、組裝、販賣和使用的後果，我直到看了這本書才知道槍對人的影響竟是如此的大，本書中映象最深刻的是ak-47的廣泛傳播和大量製造，竟然一把有殺傷力的ak-47居然只要40美金! 如果你想要了解為甚麼這個世界如此的動盪不安，請務必要閱讀一次這本書!"}, {"BOOKNAME": "伊斯蘭國－ISIS/IS/ISIL", "ISBN": "9789866133725", "USER": "mm***269", "CONTENT": "本書的作者仔細的說明了駭人的政治關係 若你想知道 為什麼前幾年還默默無聞的恐怖組織如今的領土會比台灣大  還有伊斯蘭國不一定只是恐怖組織依其實力可能可以建國  若想了解更多相信買它不會讓你失望的"}, {"BOOKNAME": "冤罪：一個冤案被告對警察、檢察官和法官的控訴", "ISBN": "9789863251286", "USER": "ev******429", "CONTENT": "日本檢察官起訴案件後，定罪率為99.9，換言之，平均起訴一千件，只失敗一件，在法治先進國家被認為是不可思議的高定罪率，這是由於日本檢察官特別優秀?抑或是背後可能隱藏冤獄事件，本書藉由真實案件，探討日本司法制度的不合理之處。"}, {"BOOKNAME": "安然無恙不比遺憾好：挪威七二二屠殺案之後", "ISBN": "9789866135613", "USER": "mi*****015", "CONTENT": "『it’s no better to be safe than sorry.』如作者言：『人們透過錯誤來學習、成長。』2011夏季恐攻造成挪威二戰後最大創傷，祥和外表下糾結難解的種族文化衝突浮上檯面，不容忽視。但挪威總能帶來驚喜-在悲劇陰影下，挪威社會理性自持的反思能力-值得學習"}, {"BOOKNAME": "與絕望奮鬥", "ISBN": "9789862270592", "USER": "09***624", "CONTENT": "受害者家屬以自己親身最痛的經歷，最艱難的一仗，在這個傾向廢除死刑的未來，給受害者家屬一個機會說出那無法抹滅的傷口"}, {"BOOKNAME": "與絕望奮鬥", "ISBN": "9789862270592", "USER": "09***624", "CONTENT": "受害者家屬以自己親身最痛的經歷，最艱難的一仗，在這個傾向廢除死刑的未來，給受害者家屬一個機會說出那無法抹滅的傷口"}, {"BOOKNAME": "犯罪現場", "ISBN": "4717702066765", "USER": "mi*****015", "CONTENT": "鑑識科學曾是我的理想職業。本書由李昌鈺博士與提姆西 龐合著。深入淺出地表達了犯罪現場是否被正確處理，取決於科學鑑識；而鑑識科學的技術掌握在人手上。彌補遺憾、伸張正義，說到底事在人為。"}, {"BOOKNAME": "暴力十二章", "ISBN": "9789867375803", "USER": "s1*****103", "CONTENT": "本書透過各個章節談暴力的各種形式，其實暴力從來不是所謂野蠻人才特有的性質，它一直都深根於人人的心中，只是用各種方式重新包裝了而已。"}, {"BOOKNAME": "天生變態：一個擁有變態大腦的天才科學家", "ISBN": "9789863426707", "USER": "pa****x17", "CONTENT": "雖然被包裝的像勵志故事，但其實根本不是這回事的一本書。內容稍微涉及生物研究，整體來說還是能讓文科生看得津津有味，作者的敘事手法和功力都不錯。"}, {"BOOKNAME": "絕歌：日本神戶連續兒童殺傷事件", "ISBN": "9789571366364", "USER": "ha**100", "CONTENT": "其實出版這種書，真的、真的非常奇怪，完全不理會被害者家屬，雖然書中有加害者的致歉文，但感受得到什麼誠意嗎？或許這體現了人類心理變態的特質。這起少年犯罪，如何預防？究竟是教育的問題？還是基因的問題？總之，喊喊口號、出出書本，絕不是辦法。"}, {"BOOKNAME": "絕歌：日本神戶連續兒童殺傷事件", "ISBN": "9789571366364", "USER": "ha**100", "CONTENT": "其實出版這種書，真的、真的非常奇怪，完全不理會被害者家屬，雖然書中有加害者的致歉文，但感受得到什麼誠意嗎？或許這體現了人類心理變態的特質。這起少年犯罪，如何預防？究竟是教育的問題？還是基因的問題？總之，喊喊口號、出出書本，絕不是辦法。"}, {"BOOKNAME": "絕歌：日本神戶連續兒童殺傷事件", "ISBN": "9789571366364", "USER": "ha**100", "CONTENT": "其實出版這種書，真的、真的非常奇怪，完全不理會被害者家屬，雖然書中有加害者的致歉文，但感受得到什麼誠意嗎？或許這體現了人類心理變態的特質。這起少年犯罪，如何預防？究竟是教育的問題？還是基因的問題？總之，喊喊口號、出出書本，絕不是辦法。"}, {"BOOKNAME": "絕歌：日本神戶連續兒童殺傷事件", "ISBN": "9789571366364", "USER": "ha**100", "CONTENT": "其實出版這種書，真的、真的非常奇怪，完全不理會被害者家屬，雖然書中有加害者的致歉文，但感受得到什麼誠意嗎？或許這體現了人類心理變態的特質。這起少年犯罪，如何預防？究竟是教育的問題？還是基因的問題？總之，喊喊口號、出出書本，絕不是辦法。"}, {"BOOKNAME": "論殺戮：什麼是殺人行為的本質？", "ISBN": "9789573278177", "USER": "ha**100", "CONTENT": "這本書提供的數據，大概和許多人對戰場士兵的印象，有極大出入，而且耐人尋味。雖然時有所聞打仗打久了，士兵殺紅眼到不分青紅皂白濫殺，不過其實人不喜歡「直接」殺害同類？有趣吧？個人認為，士兵的原生教育，才是影響殺戮行為的主要因素。"}, {"BOOKNAME": "犯了戒", "ISBN": "9789861342405", "USER": "gw*****cat", "CONTENT": "相當引人入勝的故事，一開始先描述主角瑟巴的過去，接著再轉向描述辯護律師，撲朔迷離卻又不混亂，必須看到最後才能知道答案，引人深思的好書！"}, {"BOOKNAME": "犯了戒", "ISBN": "9789861342405", "USER": "gw*****cat", "CONTENT": "相當引人入勝的故事，一開始先描述主角瑟巴的過去，接著再轉向描述辯護律師，撲朔迷離卻又不混亂，必須看到最後才能知道答案，引人深思的好書！"}, {"BOOKNAME": "毒婦：木佳苗的百日審判旁聽記", "ISBN": "9789861858951", "USER": "09***624", "CONTENT": "毒婦是雙刃劍，有性魅力的女人受人疼愛，沒有性魅力的女人不被當女人看待，用性魅力利用男人的女人卻又被告誡不能成為毒婦，一整個錯誤價值觀下培養出來的女人"}, {"BOOKNAME": "判決人生：12則令人感動、嘆息、落淚的人生悲喜劇", "ISBN": "9789868827356", "USER": "ka*****168", "CONTENT": "這本書寫的都是真實的社會案件。閱讀之後才了解社會記者 與司法記者在刊寫每篇報導的背後原來需費那麼多的精神去求證！ 並非如以前聽聞記者就是所謂的文化流氓。好的記者需要支持與 鼓勵，也可以帶領大家更具日常生活中所必備的基本法律知識。"}, {"BOOKNAME": "向破案高手學推理心理學 她沒有見過兇手，怎麼看出動機？", "ISBN": "9789866526954", "USER": "mi****km1", "CONTENT": "本書作者跟美劇犯罪心理的主角們一樣都是心理側寫分析師,只是作者不是fbi.讀這本書就像跟作者一齊去分析這些案件,去想犯案者行為的原因.作者也將她的一些查案心得跟讀者分享.雖然因為各種原因,書中很多案件還是沒進展,但希望如作者所說,有朝一日正義能夠伸張"}, {"BOOKNAME": "開膛手傑克結案報告", "ISBN": "9789862351215", "USER": "c**12**", "CONTENT": "若把本書當一般大眾通俗小說來閱讀，其趣味性也相當不錯，本書是集開膛手資料之大成，所有關於開膛手的索證都在這本書出版後就嘎然而止了，不知道往後還有沒有人繼續挑戰這個百年懸案開膛手的話題，而再度舉發新的人選與證據。"}, {"BOOKNAME": "佛羅倫斯人魔", "ISBN": "9789571351308", "USER": "ch**241", "CONTENT": "它並不是一般典型的虛構推論小說，而是一部記事型小說，他已直線式的敘事記錄著1981年一啟真實的翡冷翠殺人魔案的發生與偵辦經過。作者已極具戲劇張力的文筆補足了這點，使讀者很快的進入案情中，雖是以旁觀者的角度觀看，卻不免跟著替主角們感到緊張擔心了起來。"}, {"BOOKNAME": "為何女律師會愛上殺人犯?", "ISBN": "9789574705061", "USER": "ac*****bbb", "CONTENT": "這本書實在是太好看了，擇偶條件的標準是和自己的animus有許多共通點，賀爾蒙、性的直覺是吸引、挑選對象的要素，但是感情需要經營，不能只靠一時的激情和對愛情胡思亂想的幻想!"}]