[{"BOOKNAME": "領隊導遊實務(一)必考重點+題庫(初版)", "ISBN": "9789862657416", "USER": "da******013", "CONTENT": "這三本領隊導遊書籍,都超級讚啦!  我上過這位老師的課,認真負責,不僅讓我們吸收新知,更教會我們在導遊職場的應用方式。上課幽默風趣,是我遇過少數這樣優秀的教師,也是補教界的新秀.希望將來還可以報名上老師的課程。"}, {"BOOKNAME": "觀光資源概要（台灣篇）", "ISBN": "9789861285917", "USER": "pu*******y31", "CONTENT": "很感謝志光出版社，提供「條例式」的重點整理。讓我覺得在讀導遊的觀光資源概論時，變得比較輕鬆了解。也又多學到一些額外的地理、歷史資訊。~~希望明年的考試，能夠順利考過。"}]