[{"BOOKNAME": "藝數摺學：18堂從2D到3D的「摺紙數學課」，讓幾何從抽象變具體，發現數學的實用、趣味與美（對應108十二年國教新課綱）", "ISBN": "9789862357774", "USER": "ar***5do", "CONTENT": "很有趣又實用的摺紙教學書。每個單元從淺到深，讓讀者先摺出基本形、學習相對應的數學概念，再做進階摺法，讀者也可自行加入創意變化。非常推薦給親子共學、老師、學生、或是對摺紙有興趣的朋友。"}, {"BOOKNAME": "藝數摺學：18堂從2D到3D的「摺紙數學課」，讓幾何從抽象變具體，發現數學的實用、趣味與美（對應108十二年國教新課綱）", "ISBN": "9789862357774", "USER": "ar***5do", "CONTENT": "很有趣又實用的摺紙教學書。每個單元從淺到深，讓讀者先摺出基本形、學習相對應的數學概念，再做進階摺法，讀者也可自行加入創意變化。非常推薦給親子共學、老師、學生、或是對摺紙有興趣的朋友。"}, {"BOOKNAME": "藝數摺學：18堂從2D到3D的「摺紙數學課」，讓幾何從抽象變具體，發現數學的實用、趣味與美（對應108十二年國教新課綱）", "ISBN": "9789862357774", "USER": "ar***5do", "CONTENT": "很有趣又實用的摺紙教學書。每個單元從淺到深，讓讀者先摺出基本形、學習相對應的數學概念，再做進階摺法，讀者也可自行加入創意變化。非常推薦給親子共學、老師、學生、或是對摺紙有興趣的朋友。"}, {"BOOKNAME": "德國一流大學教你數學家的22個思考工具", "ISBN": "9789865671907", "USER": "wa*****g69", "CONTENT": "這是一本非常需要時間慢慢閱讀並且思考其中奧妙的好書,因為它其中提到的工具,其實是思考事情與解決問題的方法,一切以邏輯為前提,經典數學問題為例,既而延伸到其他生活中常見的狀況,真是太奇妙又太有價值了,可以讓你頭腦清醒不被歪理愚弄"}, {"BOOKNAME": "一個數學家的嘆息：如何讓孩子好奇、想學習，走進數學的美麗世界", "ISBN": "9789866031359", "USER": "se****ea1", "CONTENT": "這本書，是一位對數學抱有很大熱情的數學家，對目前僵化的數學教育的反思。他覺得為什麼要讓孩子們學習得如此痛苦?他運用幾個範例讓人明白，數學就是這麼好玩迷人的東西，不需要再用什麼圓周先生面積太太的故事讓數學更好玩。真的值得一看!尤其是對數學曾經感到過挫折且已經或即將成為父母的我們。"}, {"BOOKNAME": "零的故事－動搖哲學、科學、數學及宗教的", "ISBN": "4717702054120", "USER": "li************534", "CONTENT": "非常優秀的書，淺顯易懂的從哲學、神學等各方面，介紹零在數學史及人類歷史上的演變及影響。 零對社會文化的交互作用無所不在，舉例來說，虛歲就是一個很好的例子。 這本書中，有關數學上的描述都在十分單純的層面，不太需要先期知識，其中僅有一小部分涉及高中數學，看不懂略過也不影響閱讀。"}, {"BOOKNAME": "腦袋越算越聰明：在生活的加減乘除中訓練思考分析能力", "ISBN": "9789862722466", "USER": "mo*******mot", "CONTENT": "本書所舉的例題都非常生活化，除了加、減、乘、除的內容以外，我個人覺得最有趣的是「推算星期幾」這個單元。因為大部份的人都知道出生的年月日，很少人記得是星期幾。"}, {"BOOKNAME": "極M！數學女孩", "ISBN": "9789865959135", "USER": "ca******402", "CONTENT": "這本書當初是在誠品試閱的，看完後就覺得想買起來收藏，內容有趣又好笑，四格漫畫個人大推，雖然包含一些數學定律，但是不會讓人覺得反感，很值得一看。"}, {"BOOKNAME": "數學沒什麼好怕的", "ISBN": "9789866651830", "USER": "f**du**", "CONTENT": "讀這本書的時候真的是讓我驚嘆連連，一下子「原來是這樣」，等會又是「竟然是那樣」、「哇～還有這種算法喔」。本書雖然是希望可以讓對數學有恐懼的人可以輕鬆面對數學、瞭解數學，但是後半部仍不免講到更深的部份，或許對於一般人還是會在理解上有點辛苦，不過光看小故事也是可以得到不少的樂趣。"}, {"BOOKNAME": "為什麼公車一次來三班？：生活中隱藏的81個數學謎題", "ISBN": "9789866739736", "USER": "sh*******287", "CONTENT": "真的是一本超奇妙的書!!其實我本身超討厭數學，但看了這本書之後，發現生活竟然處處是數學?!由其又覺得機率的那一個章節特別得令人嘖嘖稱奇。裡面還有教一些小魔術呢!!"}, {"BOOKNAME": "數學小精靈", "ISBN": "9789571330631", "USER": "ec*******************oma", "CONTENT": "我記得在小六時無意間在圖書館翻開這本書，從第一頁開始就讓我欲罷不能，它用生動活潑的故事配上好玩的插圖，讓當時對數學沒有感覺得自己突然像開啟靈竅一般想探究數學的奧妙！無論是不愛閱讀、不愛數學或者兩者都不喜歡的孩子，看過這本書一定會對學習知識改觀！"}]