[{"BOOKNAME": "甲蟲飼養與觀察（修訂版）", "ISBN": "9789861775456", "USER": "l**ke**", "CONTENT": "小朋友開始迷上飼養甲蟲及雞母蟲,選了這本書給他參考,裡面解說算是相當實用且詳細,小朋友看了相當喜歡,還會拿去學校獻寶呢~蠻不錯的一本工具書."}, {"BOOKNAME": "甲蟲飼養與觀察（修訂版）", "ISBN": "9789861775456", "USER": "l**ke**", "CONTENT": "小朋友開始迷上飼養甲蟲及雞母蟲,選了這本書給他參考,裡面解說算是相當實用且詳細,小朋友看了相當喜歡,還會拿去學校獻寶呢~蠻不錯的一本工具書."}, {"BOOKNAME": "鬆獅蜥超圖鑑：從特徵到遺傳知識一本囊括", "ISBN": "9789864753383", "USER": "l**ke**", "CONTENT": "繼蛙類超圖鑑,豹紋守宮超圖鑑後,小朋友又看到這本新出的鬆獅蜥超圖鑑,一翻又愛不釋手,詳細介紹鬆獅蜥的背景知識及其飼育的方法,算是目前市面上相關書籍中,較為詳細,適合有興趣實際飼養的朋友參考的一本書~"}, {"BOOKNAME": "法布爾昆蟲記全集（全10冊）", "ISBN": "4719025004851", "USER": "an****liu", "CONTENT": "法布爾對於昆蟲行為研究為許多昆蟲學家的啟蒙書籍，描述各式昆蟲的身體構造與特徵時，更是令人讚嘆他的細心，是喜愛觀察自然的人，必讀的經典書籍。"}, {"BOOKNAME": "觀螢．賞蝶．覓蟲", "ISBN": "9789866798450", "USER": "ne**ark", "CONTENT": "很棒的一本書，生活在大都市，好久沒與大自然接觸了。每次孩子問，總只能回答：這是蟲蟲呀！多看書，更能滿足孩子的求知慾。"}, {"BOOKNAME": "蠶寶寶飼養與觀察", "ISBN": "9789861771779", "USER": "l**ke**", "CONTENT": "對於養蠶寶寶的小朋友及父母而言,這是一本不錯的工具書,除了有巨細靡遺的飼養解說外,對品種及相關知識的補充,可讓養蠶的過程,更添知性的樂趣~"}, {"BOOKNAME": "鍬形蟲日記簿", "ISBN": "9789867885814", "USER": "sh*******908", "CONTENT": "熱血的阿傑帶領讀者一同上山賞鍬，身歷其境。一張張精彩鍬形蟲特寫，記錄著每一次的邂逅，探索台灣原始森林的生命力。那一隻隻的瑰寶，正是賞蟲人生命的泉源。這麼精彩的圖文書，您怎能錯過?"}, {"BOOKNAME": "萌蛾圖鑑MOTHPHILIA (加贈萌蛾少男少女書衣海報)", "ISBN": "9789573276005", "USER": "ca******808", "CONTENT": "大推!這本基本上是擬人漫畫圖文誌，比較偏向漫畫類而非一般圖鑑功能，畫風有可愛也有帥氣很討喜，如果喜歡擬人題材又不排斥昆蟲的人一定要參考看看!"}, {"BOOKNAME": "萌蛾圖鑑MOTHPHILIA (加贈萌蛾少男少女書衣海報)", "ISBN": "9789573276005", "USER": "ca******808", "CONTENT": "大推!這本基本上是擬人漫畫圖文誌，比較偏向漫畫類而非一般圖鑑功能，畫風有可愛也有帥氣很討喜，如果喜歡擬人題材又不排斥昆蟲的人一定要參考看看!"}, {"BOOKNAME": "昆蟲老師上課了！吳沁婕的超級生物課", "ISBN": "9789868834156", "USER": "l**ke**", "CONTENT": "這位昆蟲擾西太酷了,我的小朋友要是有機會上她的課,一定會玩瘋了,將有趣實用的昆蟲知識,蘊藏在幽默詼諧的筆觸及插畫中,不管對大朋友或小朋友,應該都是值得一讀的好書~"}, {"BOOKNAME": "昆蟲老師上課了！吳沁婕的超級生物課", "ISBN": "9789868834156", "USER": "l**ke**", "CONTENT": "這位昆蟲擾西太酷了,我的小朋友要是有機會上她的課,一定會玩瘋了,將有趣實用的昆蟲知識,蘊藏在幽默詼諧的筆觸及插畫中,不管對大朋友或小朋友,應該都是值得一讀的好書~"}, {"BOOKNAME": "昆蟲老師上課了！吳沁婕的超級生物課", "ISBN": "9789868834156", "USER": "l**ke**", "CONTENT": "這位昆蟲擾西太酷了,我的小朋友要是有機會上她的課,一定會玩瘋了,將有趣實用的昆蟲知識,蘊藏在幽默詼諧的筆觸及插畫中,不管對大朋友或小朋友,應該都是值得一讀的好書~"}, {"BOOKNAME": "昆蟲老師上課了！吳沁婕的超級生物課", "ISBN": "9789868834156", "USER": "l**ke**", "CONTENT": "這位昆蟲擾西太酷了,我的小朋友要是有機會上她的課,一定會玩瘋了,將有趣實用的昆蟲知識,蘊藏在幽默詼諧的筆觸及插畫中,不管對大朋友或小朋友,應該都是值得一讀的好書~"}, {"BOOKNAME": "賞蟲365天（春夏篇）", "ISBN": "9789862168448", "USER": "fu*******512", "CONTENT": "美麗 驚豔 原來 在身邊小小的蟲蟲 有著這麼多的驚奇 整套書全彩印刷 連我那三歲還不識字的女兒 都愛不釋手"}, {"BOOKNAME": "賞蟲365天（秋冬篇）", "ISBN": "9789862168455", "USER": "fu*******512", "CONTENT": "這本,很適合全家大小一起欣賞,為什麼寫欣賞呢?因為,這本書以照片為主,而且,拍攝的角度很迷人,各式各樣的蟲都囊括在內,全彩的照片,很美很適合睡前與小小孩一起欣賞的好書."}, {"BOOKNAME": "白蟻之魂", "ISBN": "9789861204321", "USER": "li****lun", "CONTENT": "要在學術界闖出名號，還是別太鐵齒，要不就當樂趣。孟代爾的碗豆論文被埋沒到往生後才為世人所知，人家也是安安穩穩的當修士安養天年。把白蟻與各種動物相對比，可以更加理解其社會行為模式。"}, {"BOOKNAME": "所羅門王的指環：與蟲魚鳥獸親密對話", "ISBN": "9789862163757", "USER": "m4***299", "CONTENT": "這本書介紹各式各樣的動物的行為,包括鬥魚、猿猴、鸚鵡、水鼠、雁鵝等等,我們可以從這本書中獲得許多動物的知識,而作者幽默詼諧的筆法又不會使內容枯燥,在閱讀的同時也能感受到作者研究的細心及對動物的關懷!"}, {"BOOKNAME": "所羅門王的指環：與蟲魚鳥獸親密對話", "ISBN": "9789862163757", "USER": "m4***299", "CONTENT": "這本書介紹各式各樣的動物的行為,包括鬥魚、猿猴、鸚鵡、水鼠、雁鵝等等,我們可以從這本書中獲得許多動物的知識,而作者幽默詼諧的筆法又不會使內容枯燥,在閱讀的同時也能感受到作者研究的細心及對動物的關懷!"}, {"BOOKNAME": "法布爾昆蟲記", "ISBN": "9789574556403", "USER": "l**ke**", "CONTENT": "果然堪稱昆蟲學的經典之作,在法布爾的筆下,這些昆蟲似乎都栩栩如生的呈現在眼前,對於一個一百多年前的博物學家,能用這麼細緻及創新的角度來觀察昆蟲並給予活靈活現的紀錄,真是不容易.這本書比預期的好看."}]