[{"BOOKNAME": "多肉肉多：多肉植物入門賞析", "ISBN": "9789865958688", "USER": "yu*****ish", "CONTENT": "養植物就跟養動物一樣，每種植物有其特性，用錯方法，它也是會受不了，只是動物會叫，而植物就默默死去了。以前一直以為多肉很好養，跟一般的盆花放在一起，結果當然可想而知，這本真的很適合新手入門喔！"}, {"BOOKNAME": "園藝の趣味科學：超過300張示範圖，園藝專家不失敗的107個種植法則", "ISBN": "9789865683887", "USER": "l**ke**", "CONTENT": "從土壤選擇, 澆水, 修枝, 施肥, 播種, 到病蟲害等栽培知識與技巧, 有著廣泛而清楚的論述與圖解, 是一本很好用的園藝工具書~"}, {"BOOKNAME": "親手打造自然風綠庭園", "ISBN": "9789865957902", "USER": "j**66**", "CONTENT": "本書對於想要自己diy做出自然風的庭園的人很受用，因為當中介紹156種富山野趣味的草木照護與培植方式，而造景所需了解的基本工法，亦搭配詳細施工實景圖解說步驟，能讓讀者更了解。"}, {"BOOKNAME": "種樹移樹基礎全書", "ISBN": "9789865932312", "USER": "j**66**", "CONTENT": "現在生態暖化日益嚴重，很多人為了後代子孫著想，便會開始種植樹本，本書更詳列了105種作者推薦的樹木，這些推薦的樹木大致符合了「生態價值、景觀美感、栽培容易、方便管理」四種特性，很適合打算種樹的讀者。"}, {"BOOKNAME": "家庭野菜園", "ISBN": "9789866944574", "USER": "ko****na3", "CONTENT": "在陽台就能種出想吃的蔬菜和喜歡的植物實在是讓人很興奮的一件事,書中介紹了多種蔬菜的種植和培育方法、土壤的整治方法、和自己也能做有機堆肥的方法,實在是受益良多。看著朝氣蓬勃的植物,感覺自己的生命也豐富了起來。"}]