[{"BOOKNAME": "東大最強驚奇讀書法：日本第一補習名師特訓班", "ISBN": "9789866151521", "USER": "me*******120", "CONTENT": "除了許多關於抄筆記的小技巧，和讀書的方法，書中還貼心地附上圖解讓讀者更好了解，內容推薦的讀書方法有時看似奇怪卻十分實用讓人受益良多"}, {"BOOKNAME": "中學生聰明讀書法", "ISBN": "9789865949150", "USER": "zx*****547", "CONTENT": "之前一直在懷疑自己的讀書方法到底正不正確，有時候讀不拿手科目時真的很痛苦，這本書將各科以最精簡易懂的文字來敘述如何去讀，裡面其實讓我覺得很棒，因為只要你用對方法，其實考好成績不難。"}, {"BOOKNAME": "五位臺大生教你這樣做筆記", "ISBN": "9789862282854", "USER": "zx*****547", "CONTENT": "這本書看完後獲益許多，裡面幾乎都是圖片，教你怎麼做筆記。我自己的想法是：我覺得我以前的筆記技巧再搭配書上教的，其實真的很夠用，因為本身國文不錯，裡面介紹的國文筆記技巧，我覺得是很棒的，很推薦大家看這本書，相信成績一定會有所進步。"}, {"BOOKNAME": "五位臺大生教你這樣做筆記", "ISBN": "9789862282854", "USER": "zx*****547", "CONTENT": "這本書看完後獲益許多，裡面幾乎都是圖片，教你怎麼做筆記。我自己的想法是：我覺得我以前的筆記技巧再搭配書上教的，其實真的很夠用，因為本身國文不錯，裡面介紹的國文筆記技巧，我覺得是很棒的，很推薦大家看這本書，相信成績一定會有所進步。"}, {"BOOKNAME": "台大名師傳授百萬學生最想知道的FunLearn學習法：從放牛班吊車尾到成為台大高材生，如何成績大躍進？", "ISBN": "9789578038196", "USER": "wh******emj", "CONTENT": "高老師是不是很帥氣可愛...啊!!抱歉!!這不是重點啦...,重點是他真的很會唸書,才能從放牛班衝進台大,還讀研究所!!各位功課不太好想變好一點,或已經很好想更好的同學,趕緊來學喔!!而且除了學會考試讀書,更要學習高老師一直強調的:規劃自己未來夢想.不要只是個書呆子喔~~"}, {"BOOKNAME": "台大名師傳授百萬學生最想知道的FunLearn學習法：從放牛班吊車尾到成為台大高材生，如何成績大躍進？", "ISBN": "9789578038196", "USER": "wh******emj", "CONTENT": "高老師是不是很帥氣可愛...啊!!抱歉!!這不是重點啦...,重點是他真的很會唸書,才能從放牛班衝進台大,還讀研究所!!各位功課不太好想變好一點,或已經很好想更好的同學,趕緊來學喔!!而且除了學會考試讀書,更要學習高老師一直強調的:規劃自己未來夢想.不要只是個書呆子喔~~"}, {"BOOKNAME": "東大醫科高材生的滿分思考法", "ISBN": "9789866151231", "USER": "cp*258*", "CONTENT": "很實際的化繁為簡的3步驟思考，協助讀者面對問題無論是工作，生活甚至人生目標的思考。另可愛生動的漫畫圖表讓讀者印象深刻，隨時溫故知新"}, {"BOOKNAME": "東大醫科高材生的滿分思考法", "ISBN": "9789866151231", "USER": "cp*258*", "CONTENT": "很實際的化繁為簡的3步驟思考，協助讀者面對問題無論是工作，生活甚至人生目標的思考。另可愛生動的漫畫圖表讓讀者印象深刻，隨時溫故知新"}, {"BOOKNAME": "關於考試，這樣準備就對了：優秀考生都在實行的7大讀書習慣", "ISBN": "9789861856926", "USER": "zo***350", "CONTENT": "看完了這本書之後，真的讓我受益良多啊!裡面提及了許許多多念書的秘訣及技巧。真的很實用! 給我的啟發真的好多!值得一買"}, {"BOOKNAME": "關於考試，這樣準備就對了：優秀考生都在實行的7大讀書習慣", "ISBN": "9789861856926", "USER": "zo***350", "CONTENT": "看完了這本書之後，真的讓我受益良多啊!裡面提及了許許多多念書的秘訣及技巧。真的很實用! 給我的啟發真的好多!值得一買"}, {"BOOKNAME": "關於考試，這樣準備就對了：優秀考生都在實行的7大讀書習慣", "ISBN": "9789861856926", "USER": "zo***350", "CONTENT": "看完了這本書之後，真的讓我受益良多啊!裡面提及了許許多多念書的秘訣及技巧。真的很實用! 給我的啟發真的好多!值得一買"}, {"BOOKNAME": "早上3 分鐘躍升人生勝利組的速讀法：真的不用再熬夜了！超倍速K書秘訣", "ISBN": "9789866487668", "USER": "si*********926", "CONTENT": "原來「一目十行」不只是一句成語，而是真的可以經由練習得到的技能！依照本書的方法一步一步地自我鍛鍊當中，不知不覺又看了許多的書，增加了許多的見聞，又可以再用於增強速讀法之中，真是名符其實的事半功倍！"}, {"BOOKNAME": "台大特訓班：22位台大頂尖讀書高手教你如何掌握讀書方法和考試技巧，順利考上理想大學！", "ISBN": "9789578038004", "USER": "cc****205", "CONTENT": "其實台灣有很多學生並不是不用功，但因為沒有用對方是，所以不管他們如何努力都無法在課業上有出色的表現，《台大特訓班》募集二十二位目前就讀於台大熱門科系的同學，分享他們的獨門念書秘訣，如果你抓不到讀書重點，不妨翻開《台大特訓班》，學學他們的讀書竅門。"}, {"BOOKNAME": "台大特訓班：22位台大頂尖讀書高手教你如何掌握讀書方法和考試技巧，順利考上理想大學！", "ISBN": "9789578038004", "USER": "cc****205", "CONTENT": "其實台灣有很多學生並不是不用功，但因為沒有用對方是，所以不管他們如何努力都無法在課業上有出色的表現，《台大特訓班》募集二十二位目前就讀於台大熱門科系的同學，分享他們的獨門念書秘訣，如果你抓不到讀書重點，不妨翻開《台大特訓班》，學學他們的讀書竅門。"}, {"BOOKNAME": "台大特訓班：22位台大頂尖讀書高手教你如何掌握讀書方法和考試技巧，順利考上理想大學！", "ISBN": "9789578038004", "USER": "cc****205", "CONTENT": "其實台灣有很多學生並不是不用功，但因為沒有用對方是，所以不管他們如何努力都無法在課業上有出色的表現，《台大特訓班》募集二十二位目前就讀於台大熱門科系的同學，分享他們的獨門念書秘訣，如果你抓不到讀書重點，不妨翻開《台大特訓班》，學學他們的讀書竅門。"}, {"BOOKNAME": "圖解 讀書，不要用蠻力", "ISBN": "9789866285165", "USER": "sh**gly", "CONTENT": "讀書不要用蠻力，很多時候我們念書的時候都會大量把所有資訊吸收進去造成消化不良，長期不求甚解的效果是失敗的。作者用引導的方式教導我們在準備考試過程中要怎麼妥善運用基礎書及整理歸納並且利用循環式的複習才能達到良好的學習效果~很值得推薦"}, {"BOOKNAME": "圖解 讀書，不要用蠻力", "ISBN": "9789866285165", "USER": "sh**gly", "CONTENT": "讀書不要用蠻力，很多時候我們念書的時候都會大量把所有資訊吸收進去造成消化不良，長期不求甚解的效果是失敗的。作者用引導的方式教導我們在準備考試過程中要怎麼妥善運用基礎書及整理歸納並且利用循環式的複習才能達到良好的學習效果~很值得推薦"}, {"BOOKNAME": "讀書別靠意志力：風靡德國的邏輯K書法", "ISBN": "9789861371153", "USER": "sh**gly", "CONTENT": "邏輯k書法說穿了是用正確的閱讀方法及利用心智圖方式做個有效率的學習，不再只限於傻傻的背誦記憶的念書方式，學會理解並找出關鍵字就能夠快速的把重點整理出來。對於參加國家考試的人而言這是有效率的讀書方法。"}, {"BOOKNAME": "讀書別靠意志力：風靡德國的邏輯K書法", "ISBN": "9789861371153", "USER": "sh**gly", "CONTENT": "邏輯k書法說穿了是用正確的閱讀方法及利用心智圖方式做個有效率的學習，不再只限於傻傻的背誦記憶的念書方式，學會理解並找出關鍵字就能夠快速的把重點整理出來。對於參加國家考試的人而言這是有效率的讀書方法。"}, {"BOOKNAME": "讀書別靠意志力：風靡德國的邏輯K書法", "ISBN": "9789861371153", "USER": "sh**gly", "CONTENT": "邏輯k書法說穿了是用正確的閱讀方法及利用心智圖方式做個有效率的學習，不再只限於傻傻的背誦記憶的念書方式，學會理解並找出關鍵字就能夠快速的把重點整理出來。對於參加國家考試的人而言這是有效率的讀書方法。"}, {"BOOKNAME": "狡猾的讀書法：改變學習順序，我從大學落榜生變王牌律師", "ISBN": "9789861372211", "USER": "su*aya*", "CONTENT": "作者提出跟往常準備考試完全不同的讀書方法，很適合工作很忙，時間很少但又要準備證照考試的社會人士。此外，還有許多準備考試會面對到的挫折及心路歷程該如何面對，都容易讓讀者產生共鳴。"}, {"BOOKNAME": "狡猾的讀書法：改變學習順序，我從大學落榜生變王牌律師", "ISBN": "9789861372211", "USER": "su*aya*", "CONTENT": "作者提出跟往常準備考試完全不同的讀書方法，很適合工作很忙，時間很少但又要準備證照考試的社會人士。此外，還有許多準備考試會面對到的挫折及心路歷程該如何面對，都容易讓讀者產生共鳴。"}, {"BOOKNAME": "日本記憶大師教你啟動考試腦：再混的學生也能在短時間內考出好成績", "ISBN": "9789866006821", "USER": "an*******924", "CONTENT": "明明昨天背了老半天，今天考試卻腦袋一片空白？？真是太不甘心了，準備許久的演講，竟然在台上就忘詞了~這種情形你也有過嗎？真的很尷尬對吧。這本書將教會我們不只是有效率學習，而是如何有效輸出，重要時候這樣的關鍵能力你一定要有。"}, {"BOOKNAME": "計時器讀書法：不想念書？無法專心？18分鐘無壓力讀書法，立刻讀通難懂艱深書籍！", "ISBN": "9789866151651", "USER": "zo***350", "CONTENT": "本書提供了作者的親身經驗，計時讀書法真的很有用。不但可以提高讀書效率，甚至還可以應用在其他的方面上。這本書看完之後覺得很棒，推薦給其他人"}, {"BOOKNAME": "成人學習依定要想清楚的事：讓工作、進修、考照三全其美的12大重點", "ISBN": "9789861371788", "USER": "ka****920", "CONTENT": "此書分門別類，寫出共12類學習上應避免之事，每一類又有8~10個小項目。 作者提出其見解，讓時間已不再只須讀書的成年人能夠在學習上，理解自己應該注意的事。 整體來說蠻實用，多數項目底下還有三個問題可以供讀者反思。 內容言簡意賅，不會讓人花時間看廢話。"}, {"BOOKNAME": "這樣唸大學才不後悔：大學，一個決定未來人生成敗的黃金關鍵期！台大教授和九位台大資優生教你裝備自己、迎戰未來！", "ISBN": "9789578038226", "USER": "wh******emj", "CONTENT": "這本書很翔實的講解大學到底在學什麼,讓高中生更明白未來的方向,而已經是大學生的也不遲,可以多參考書中九位台大生的心得,趕緊確立目標.作者本身年紀很輕即為東京東京大學理學院生物化學博士,正因為他很清楚如何栽培自己.非常難得一見的學習書!"}, {"BOOKNAME": "東大醫科高材生的滿分讀書法", "ISBN": "9789861204604", "USER": "bo*******522", "CONTENT": "這一本書真的寫的很好，不只學習到讀書的方法，而且還可以學習讀書的方法用在時間管理上，真的是不錯的一本書，可以看看"}, {"BOOKNAME": "東大醫科高材生的滿分讀書法", "ISBN": "9789861204604", "USER": "bo*******522", "CONTENT": "這一本書真的寫的很好，不只學習到讀書的方法，而且還可以學習讀書的方法用在時間管理上，真的是不錯的一本書，可以看看"}, {"BOOKNAME": "東大醫科高材生的滿分讀書法", "ISBN": "9789861204604", "USER": "bo*******522", "CONTENT": "這一本書真的寫的很好，不只學習到讀書的方法，而且還可以學習讀書的方法用在時間管理上，真的是不錯的一本書，可以看看"}, {"BOOKNAME": "書桌上的金榜軍團：妙用文具，考試滿分", "ISBN": "9789861362724", "USER": "ol*****c38", "CONTENT": "此本書籍介紹的文具用法與一般人使用文具的習慣大不同,閱讀完後,驚喜的認為作者的用法,使考試和讀書變的有樂趣,不再是枯燥無味了!非常值得每個就學以及就業或參加任何大小考試的年齡層購買!"}, {"BOOKNAME": "會念書的狠角色才能生存", "ISBN": "9789861362700", "USER": "e0***724", "CONTENT": "在這本書裡面我學到許多念書的方法和一些新奇的知識，比如:上了年紀更能把書念好的理由，不受年紀影響的整合智力，念書是最容易的一件事，還有許多腦科學的知識讓我知道很多讀書的方法。 不管你接不接受裡面的念書方法，我相信只要看了你就會有&quot;我要把書念好&quot;的動力！"}, {"BOOKNAME": "東大生不藏私：日本第一金榜讀書法", "ISBN": "9789861362410", "USER": "il*******820", "CONTENT": "這本書幫助不會唸書的人抓到訣竅！ 幫助人們在大大小小的考試中無往不利！ 東京大學-世界知名學府 聚集了日本最優秀的學生 也聚集了最懂得怎麼唸書的人 想要學會怎麼唸好書 看這本書就對了！"}, {"BOOKNAME": "東大生不藏私：日本第一金榜讀書法", "ISBN": "9789861362410", "USER": "il*******820", "CONTENT": "這本書幫助不會唸書的人抓到訣竅！ 幫助人們在大大小小的考試中無往不利！ 東京大學-世界知名學府 聚集了日本最優秀的學生 也聚集了最懂得怎麼唸書的人 想要學會怎麼唸好書 看這本書就對了！"}, {"BOOKNAME": "我這樣考上東大和哈佛：百試百中的16倍速學習法", "ISBN": "9789861361970", "USER": "an*******924", "CONTENT": "學習一直是有秘訣的，我始終這麼相信著。但是相信就能有好的學習效果嗎?如果不知道如何有效率的讀書、運用所學，也是枉然。每個人都想要讀好書，怎麼讀才會快？看完這本書之後，你一定會有醍醐灌頂的感覺，原來學習是公式可循的！"}, {"BOOKNAME": "榜首這樣K書：8位榜首親傳！獨門分科攻讀法", "ISBN": "9789861361918", "USER": "il*******820", "CONTENT": "不是花了比別人多的時間就能讀好書 不是不會唸書 而是沒有方法唸書 懂得利用時間有效率的唸書+懂得讀書的方法 就算是倒數第一也能變全校第一！"}, {"BOOKNAME": "怎樣突破讀書的困境", "ISBN": "9789576360947", "USER": "fu*******st5", "CONTENT": "最近有關讀書方法的書滿多的，不過心理學知名教授張春興早在多年前就已經寫了一本如何讀書的書。張教授在本書及其寫的心理學教科書中提到一些已經由心理學家們研究發展的有效讀書技巧，最有名的就是sq3r。包括：瀏覽、質疑、閱讀、回憶、複習。想要增進讀書技巧的朋友建議閱讀本書。"}]