[{"BOOKNAME": "大腦喜歡這樣學：先認識自己的大腦，找到正確的思考路徑，就能專注、不拖延，提高記憶力，學會如何學習", "ISBN": "9789863594475", "USER": "ch*****807", "CONTENT": "這本很值得讀，說明了讀書的方法跟技巧，也間接證明了五育均衡發展很重要，是「卓越&quot;的不二法，因為當訓練某一育時，可以用另外一育來放鬆，進入發散模式。"}, {"BOOKNAME": "人類使用說明書：關於生活與人際難題，科學教我們的事", "ISBN": "9789865549213", "USER": "ch*****807", "CONTENT": "感覺重新把生化、物理、化學課本讀一次了，這本書蠻適合推薦給國中、高中生讀的，用有趣的方式學物理化學，也用adhd、gad、asd能了解的方式架構社會化的方式。很棒的書。很推薦讀"}, {"BOOKNAME": "然後你就死了：被隕石擊中、被鯨魚吃掉、被磁鐵吸住等45種離奇死法的科學詳解", "ISBN": "9789862356654", "USER": "72********016", "CONTENT": "應該大部分讀者第一眼都是受到獨具一格的書名所吸引吧&#x28;笑&#x29;。在閱畢之後回頭看簡介，只能說內容非常符合我的預期，是十分有趣且出色的科普書籍，期待更多像作者一樣有創意的科學家推出類似的著作，算是滿足我們讀者小小的好奇心。"}, {"BOOKNAME": "腦內風暴：頂尖神經科醫師剖析離奇症狀，一窺大腦異常放電對人體的影響", "ISBN": "9789864776955", "USER": "ch*****807", "CONTENT": "裡面一道很多徵象的觀察，很值得讀的一本書。看完這本書的一個很大的提醒，是，不要讓腦子受傷或發炎，以免引起癲癇。而，也會很感慨，貧窮或照護師檔的小孩，容易腦傷，也容易讓人格異常，長大後會變成社會的未爆彈。"}, {"BOOKNAME": "腦內風暴：頂尖神經科醫師剖析離奇症狀，一窺大腦異常放電對人體的影響", "ISBN": "9789864776955", "USER": "ch*****807", "CONTENT": "裡面一道很多徵象的觀察，很值得讀的一本書。看完這本書的一個很大的提醒，是，不要讓腦子受傷或發炎，以免引起癲癇。而，也會很感慨，貧窮或照護師檔的小孩，容易腦傷，也容易讓人格異常，長大後會變成社會的未爆彈。"}, {"BOOKNAME": "我決定好好活到死：一位腦科學家對抗大腦病變的奇蹟之旅", "ISBN": "9789861372730", "USER": "ch*****807", "CONTENT": "當一個人腦部在受傷或退化的時候，其實本人是無法察覺到的。讀完這本書了，讀這類的書，會讓人更珍惜現有的健康狀態，能健康地活著，有清楚的、聽覺，味覺，嗅覺，以及行動能力，去感受這個世界的美好，這真的是神的恩典跟奇蹟"}, {"BOOKNAME": "中年的意義：一個生物學家的觀點", "ISBN": "9789866006951", "USER": "l**ke**", "CONTENT": "從生物學的觀點,來看人類中年特有的,不管在生理或心理上的特徵,其所蘊含的演化上的意義.其中許多辯證的觀點,相當有趣,值得已經在中年或即將進入中年的讀者一讀~"}, {"BOOKNAME": "數位癡呆症：我們如何戕害自己和子女的大腦", "ISBN": "9789869184205", "USER": "si*********926", "CONTENT": "原來隨著年齡增長而出現的「記不住現象」不是「老了」，數位產品的使用齡增加之故！還是快些放下手上的平板和手機，翻開這本書一一驗證它的說法吧！將會發現就算被它戳破自己越來越笨而惱羞成怒，也不得不同意他的說法。"}, {"BOOKNAME": "數位癡呆症：我們如何戕害自己和子女的大腦", "ISBN": "9789869184205", "USER": "si*********926", "CONTENT": "原來隨著年齡增長而出現的「記不住現象」不是「老了」，數位產品的使用齡增加之故！還是快些放下手上的平板和手機，翻開這本書一一驗證它的說法吧！將會發現就算被它戳破自己越來越笨而惱羞成怒，也不得不同意他的說法。"}, {"BOOKNAME": "世界第一簡單基礎生理學", "ISBN": "9789865779344", "USER": "a**ya**", "CONTENT": "即使是對已經有十幾年臨床經驗的護理人員我來說，這本淺顯易懂的書依然很有吸引力，是非常棒的一本書，對於沒有醫學背景的人來說，也很好理解喔！漫畫也很有趣呢！"}, {"BOOKNAME": "世界第一簡單基礎生理學", "ISBN": "9789865779344", "USER": "a**ya**", "CONTENT": "即使是對已經有十幾年臨床經驗的護理人員我來說，這本淺顯易懂的書依然很有吸引力，是非常棒的一本書，對於沒有醫學背景的人來說，也很好理解喔！漫畫也很有趣呢！"}, {"BOOKNAME": "腦到中年照樣靈光", "ISBN": "9789573274070", "USER": "i*pa***", "CONTENT": "本書讓我們知道能夠活多長不是問題，透過運動可能產生新的大腦細胞，透過適當運動，可以吸進最大的氧氣量，大腦與吃也有直接的關係，食用抗氧化食物對身體較有幫助，透過平常的生活來訓練，只要能幫助大腦保持彈性，要做一些動腦的事情。"}, {"BOOKNAME": "3D人體大透視", "ISBN": "9789570838954", "USER": "qq***306", "CONTENT": "在　３d人體大透視　此書裡詳細描繪人體的結構與功用，不僅圖片看起來逼真，索引的方式也讓人一目瞭然，不僅使每個結構詳細標示著功能，內容也詳細分類，使人讀起來容易許多。"}, {"BOOKNAME": "我的人體實用手冊：看圖就能懂的生命奧祕", "ISBN": "9789863427995", "USER": "ge******************.tw", "CONTENT": "是很出色的人體入門書。圖片足夠多，圖片解釋清楚，蠻好看的人體小百科。舉例，心臟與循環系統疾病占60，所以心肌梗塞、中風是主要死因。咖啡因會和腺苷結合，抑制睡眠，讓人清醒。或者腦前額葉皮質掌管理性與邏輯思考，做夢的時候這邊會停擺。"}, {"BOOKNAME": "國家地理腦適能完全指南", "ISBN": "9789865918316", "USER": "a0******089", "CONTENT": "從孕育生命的當下大腦就開始運作，每天持續的運作的，而我們對它的認識卻相當的少，這本書能夠開啟你與它的溝通橋樑。真正的去認識自己。"}, {"BOOKNAME": "倫理的腦", "ISBN": "9789866379482", "USER": "s1*****103", "CONTENT": "本書以腦神經科學為出發點，試圖解決倫理與法哲學家所困擾的倫理問題，但本書的作者於論證形式似乎不夠嚴謹，以至於難以說服讀者支持他的論點，無論如何，以科學的方式試圖解決這些難題，也算是邁出了新的一步，以不同的觀點去看這些倫理難題。"}, {"BOOKNAME": "心智拼圖：從神經造影看大腦的成長、學習與改變", "ISBN": "9789573267249", "USER": "va****ni7", "CONTENT": "這本書獲益良多.從兒童聽力腦的發育到有關照護年邁之時的聽力與佐證的腦部影像,靜心的情緒如何影響自身大腦與身體的健康.另對於病人家屬的角度提供連醫生都不見得關心到的病人的感受的佐證與例子!嬰兒到年長的照顧角度給生命不同階段心理學以外更好的知識與了解是父母與兒女腳色必讀的一本經典."}, {"BOOKNAME": "生命的臉（13週年紀念版）", "ISBN": "9789571351490", "USER": "ba*****002", "CONTENT": "許爾文．努蘭醫師以幽默的口吻敘述臨床案例,但那些治療過程其實驚心動魄,並且以解剖生理學的角度作詳細解說,本書所提共的醫學知識豐富,但淺顯易懂,尤其是病患為&quot;活著&quot;所做的奮鬥,更是令人讚嘆!身為加護病房的護理人員,由衷的為各位推薦這本好書"}, {"BOOKNAME": "語言本能（增訂版）", "ISBN": "4717702063993", "USER": "al*****918", "CONTENT": "語言本能這本書對於一個喜歡語言學、熱愛語言學的人而言是一本非常有趣的書，對於一個一般民眾，這是一本可以顛覆一般民眾對語言學的想法的書。語言是人類的本能，本書提出很多我們平常可能不會想到的問題，包括很多語言心理學探討的主題，完整的表露語言學身為一門科學的角色。"}]