[{"BOOKNAME": "柯P致勝術", "ISBN": "9789869046541", "USER": "pk**898", "CONTENT": "這是一本國民黨員不得不看的書，柯p的成功是站在小老百姓的角度思考問題 ，而不是站在財團利益來考量自己的選舉經費。"}, {"BOOKNAME": "華杉講透《孫子兵法》", "ISBN": "9789863871934", "USER": "sa***o88", "CONTENT": "這是一本讓孫子兵法變得簡單易懂的好書 孫子兵法每句話信息量都很大。為了讓讀者能真正理解，作者引用了包括曹操、杜牧等歷代名家研讀孫子兵法的注解。再加上有趣的歷史故事，詳細點出孫子的政治、軍事、和做人做事的經驗和建議。值得反復閱讀。"}]