[{"BOOKNAME": "君主論", "ISBN": "9789868860339", "USER": "ch**044", "CONTENT": "馬基維利為當時統治者獻的治國大計，他是佛羅倫斯的政治家，也是歷史學者、詩人和作家。本書被譽為西方政治史的聖經，和孫子兵法與智慧書並稱為人類史上的三大智慧之書，馬基維利另外還有一本著作:論李維羅馬史，建議讀者可以一併閱讀更能一窺當時義大利歷史的原貌。"}, {"BOOKNAME": "後殖民主義", "ISBN": "9789578180796", "USER": "s1*****103", "CONTENT": "本書簡略的介紹了後殖民主義的意涵以及其批評，後殖民主義在現代是常用的詞彙，若要了解何謂後殖民主義，本書是很好的入門書。"}, {"BOOKNAME": "政客、權謀、小丑：民粹如何襲捲全球", "ISBN": "9789571380414", "USER": "ge******************.tw", "CONTENT": "義大利記者寫的書，討論歐洲的興起的民粹政治。在台灣出版之後，常被拿來討論韓國瑜，最近三年歐美民粹主義高漲，已經影響到很多民主國家運作了，很多不正常的國外政客施政邏輯特別神奇，此缺陷在武漢肺炎疫情下紛紛爆發了，舉例巴西總統波索納洛，他的逞強害整個巴西感染150萬人。"}, {"BOOKNAME": "第三波", "ISBN": "9789571175027", "USER": "ge******************.tw", "CONTENT": "第三波是形容1970~1990年代民主化國家浪潮席捲全球的趨勢，不少極權政府被推翻，包括蘇聯政權，雖然書中沒有提到蘇聯，但是我認為應該是受限於時間點，使得資料不夠。第三波對於華人而言是值得一讀的，因為杭廷頓也提到了中共與台灣，江澤民亦不得不順應趨勢，做出部分妥協。"}, {"BOOKNAME": "柄谷行人談政治", "ISBN": "9789866112126", "USER": "s1*****103", "CONTENT": "作者藉由如採訪是問答的方式，將哲學理論與政治現實融合，談他參與政治的過程，也是一本了解當初日本六零年代學生運動的入門書。"}, {"BOOKNAME": "思想（11）：民主社會如何可能?", "ISBN": "9789570833881", "USER": "s1*****103", "CONTENT": "民主社會如何可能？所謂的民主，是只有代議式民主嗎？沒有其他模式的民主制度可以讓民主的價值發揮得更好？本書藉由探討民主社會，試著對民主社會的想像提出一些看法與其他更好的民主途徑。"}, {"BOOKNAME": "當代政治哲學導論", "ISBN": "9789570826401", "USER": "s1*****103", "CONTENT": "本書是要了解政治哲學這門學問的人，一本極好的入門書，不管是就各個理論的介紹比較乃至於理論與時代的脈絡，本書都有很詳盡的描寫，是一本想全面了解政治哲學面貌的讀者不能不買的一本書。"}, {"BOOKNAME": "西洋政治思想導論", "ISBN": "9789571115726", "USER": "s1*****103", "CONTENT": "本書從契約論開始，一路探討的都是重要的政治哲學的議題，讓對政治哲學有興趣的讀者可以從頭到尾的知悉政治哲學的重要學派與理論。"}, {"BOOKNAME": "自由主義．民族主義與國家認同", "ISBN": "9789578446663", "USER": "s1*****103", "CONTENT": "本書從介紹理論到提出一套台灣之所以跟中華人民共和國的相異之處，皆有其可看性，重要的是透過理論的解析，更能讓沒有相關背景的讀者也能理解立論的依據所在。"}, {"BOOKNAME": "政治學", "ISBN": "9789571177793", "USER": "ts****708", "CONTENT": "內容深入淺出值得票價,更適合國考生閱讀! 準備國考期間雖有參與補習課程,然初學者對某些政治概念仍盟懵懵懂懂,全因拜讀該本才讓我的觀念更加清晰"}, {"BOOKNAME": "權力：基進觀點", "ISBN": "9789861247762", "USER": "s1*****103", "CONTENT": "本書透過作者解析權力的運作原理與模式，讓讀者了解到權力的意涵，本書的權力主要侷限在政治哲學的範圍之內，比較算是一本政治權力的解析之書。"}, {"BOOKNAME": "政治的意識型態", "ISBN": "9789571153964", "USER": "bk*204*", "CONTENT": "我覺得真的編排的很詳細~充分把各種人性完整呈現...是本想要了解國際關係與露骨人性的最佳政治學寶典。我覺得書就是要好不避諱的把事實寫出來...尤其是政治學~如果進行言論管控~那還真是民主崩潰，所以我覺得這本書很棒"}, {"BOOKNAME": "政治實踐與公共空間", "ISBN": "9789570823035", "USER": "s1*****103", "CONTENT": "本書將漢娜鄂蘭的政治哲學理論做了深入淺出地解析，從極權主義到古典共和主義，看20世紀重要的政治哲學家，如何提出理論解析20世紀的國家情勢。"}]