[{"BOOKNAME": "哲學樹之旅：漫漫走過千年之路", "ISBN": "9789869818858", "USER": "a1*8tw*", "CONTENT": "高松出眾木，伴我向天涯。三毛：「如果有來生，要做一棵樹，站成永恆，沒有悲歡的姿勢。」舒婷：「根，緊握在地下， 葉，相觸在雲里。」多有千年樹少有百歲人，樹存活於天地間，人失格於人世間。人與樹相比猶如以蟬比翼，毫無價值可言，只是宇宙中不起眼過客塵埃，青青一樹傷心色，曾入幾人離恨中。"}, {"BOOKNAME": "人生自古誰不廢：或懷才不遇，或落榜情傷，古代魯蛇的人生堅強講義", "ISBN": "9789861372563", "USER": "96********868", "CONTENT": "原來古人沒有我們過去老師教的那麼死板板，經由敏鎬的重新講解之後覺得這些古人親切許多了，以前記不起來的那些經歷現在都記住了!!"}, {"BOOKNAME": "人生自古誰不廢：或懷才不遇，或落榜情傷，古代魯蛇的人生堅強講義", "ISBN": "9789861372563", "USER": "96********868", "CONTENT": "原來古人沒有我們過去老師教的那麼死板板，經由敏鎬的重新講解之後覺得這些古人親切許多了，以前記不起來的那些經歷現在都記住了!!"}, {"BOOKNAME": "都是孔子惹的禍？", "ISBN": "9789865716745", "USER": "li******************.tw", "CONTENT": "歷史，不只是歷史，而是人性，歷史鬼才魏得勝新書《都是孔子惹的禍？》乍看談及孔老夫子，可翻開目錄一看，不得了，卻是從盤古開天講到現今局勢，孔子只佔了其中一個篇幅，由此可知，本書不談孔子，而是以全新觀點看待中國將近三千年的歷史。"}, {"BOOKNAME": "都是孔子惹的禍？", "ISBN": "9789865716745", "USER": "li******************.tw", "CONTENT": "歷史，不只是歷史，而是人性，歷史鬼才魏得勝新書《都是孔子惹的禍？》乍看談及孔老夫子，可翻開目錄一看，不得了，卻是從盤古開天講到現今局勢，孔子只佔了其中一個篇幅，由此可知，本書不談孔子，而是以全新觀點看待中國將近三千年的歷史。"}, {"BOOKNAME": "都是孔子惹的禍？", "ISBN": "9789865716745", "USER": "li******************.tw", "CONTENT": "歷史，不只是歷史，而是人性，歷史鬼才魏得勝新書《都是孔子惹的禍？》乍看談及孔老夫子，可翻開目錄一看，不得了，卻是從盤古開天講到現今局勢，孔子只佔了其中一個篇幅，由此可知，本書不談孔子，而是以全新觀點看待中國將近三千年的歷史。"}, {"BOOKNAME": "都是孔子惹的禍？", "ISBN": "9789865716745", "USER": "li******************.tw", "CONTENT": "歷史，不只是歷史，而是人性，歷史鬼才魏得勝新書《都是孔子惹的禍？》乍看談及孔老夫子，可翻開目錄一看，不得了，卻是從盤古開天講到現今局勢，孔子只佔了其中一個篇幅，由此可知，本書不談孔子，而是以全新觀點看待中國將近三千年的歷史。"}, {"BOOKNAME": "都是孔子惹的禍？", "ISBN": "9789865716745", "USER": "li******************.tw", "CONTENT": "歷史，不只是歷史，而是人性，歷史鬼才魏得勝新書《都是孔子惹的禍？》乍看談及孔老夫子，可翻開目錄一看，不得了，卻是從盤古開天講到現今局勢，孔子只佔了其中一個篇幅，由此可知，本書不談孔子，而是以全新觀點看待中國將近三千年的歷史。"}, {"BOOKNAME": "都是孔子惹的禍？", "ISBN": "9789865716745", "USER": "li******************.tw", "CONTENT": "歷史，不只是歷史，而是人性，歷史鬼才魏得勝新書《都是孔子惹的禍？》乍看談及孔老夫子，可翻開目錄一看，不得了，卻是從盤古開天講到現今局勢，孔子只佔了其中一個篇幅，由此可知，本書不談孔子，而是以全新觀點看待中國將近三千年的歷史。"}, {"BOOKNAME": "都是孔子惹的禍？", "ISBN": "9789865716745", "USER": "li******************.tw", "CONTENT": "歷史，不只是歷史，而是人性，歷史鬼才魏得勝新書《都是孔子惹的禍？》乍看談及孔老夫子，可翻開目錄一看，不得了，卻是從盤古開天講到現今局勢，孔子只佔了其中一個篇幅，由此可知，本書不談孔子，而是以全新觀點看待中國將近三千年的歷史。"}, {"BOOKNAME": "都是孔子惹的禍？", "ISBN": "9789865716745", "USER": "li******************.tw", "CONTENT": "歷史，不只是歷史，而是人性，歷史鬼才魏得勝新書《都是孔子惹的禍？》乍看談及孔老夫子，可翻開目錄一看，不得了，卻是從盤古開天講到現今局勢，孔子只佔了其中一個篇幅，由此可知，本書不談孔子，而是以全新觀點看待中國將近三千年的歷史。"}, {"BOOKNAME": "都是孔子惹的禍？", "ISBN": "9789865716745", "USER": "li******************.tw", "CONTENT": "歷史，不只是歷史，而是人性，歷史鬼才魏得勝新書《都是孔子惹的禍？》乍看談及孔老夫子，可翻開目錄一看，不得了，卻是從盤古開天講到現今局勢，孔子只佔了其中一個篇幅，由此可知，本書不談孔子，而是以全新觀點看待中國將近三千年的歷史。"}, {"BOOKNAME": "都是孔子惹的禍？", "ISBN": "9789865716745", "USER": "li******************.tw", "CONTENT": "歷史，不只是歷史，而是人性，歷史鬼才魏得勝新書《都是孔子惹的禍？》乍看談及孔老夫子，可翻開目錄一看，不得了，卻是從盤古開天講到現今局勢，孔子只佔了其中一個篇幅，由此可知，本書不談孔子，而是以全新觀點看待中國將近三千年的歷史。"}, {"BOOKNAME": "都是孔子惹的禍？", "ISBN": "9789865716745", "USER": "li******************.tw", "CONTENT": "歷史，不只是歷史，而是人性，歷史鬼才魏得勝新書《都是孔子惹的禍？》乍看談及孔老夫子，可翻開目錄一看，不得了，卻是從盤古開天講到現今局勢，孔子只佔了其中一個篇幅，由此可知，本書不談孔子，而是以全新觀點看待中國將近三千年的歷史。"}, {"BOOKNAME": "都是孔子惹的禍？", "ISBN": "9789865716745", "USER": "li******************.tw", "CONTENT": "歷史，不只是歷史，而是人性，歷史鬼才魏得勝新書《都是孔子惹的禍？》乍看談及孔老夫子，可翻開目錄一看，不得了，卻是從盤古開天講到現今局勢，孔子只佔了其中一個篇幅，由此可知，本書不談孔子，而是以全新觀點看待中國將近三千年的歷史。"}, {"BOOKNAME": "都是孔子惹的禍？", "ISBN": "9789865716745", "USER": "li******************.tw", "CONTENT": "歷史，不只是歷史，而是人性，歷史鬼才魏得勝新書《都是孔子惹的禍？》乍看談及孔老夫子，可翻開目錄一看，不得了，卻是從盤古開天講到現今局勢，孔子只佔了其中一個篇幅，由此可知，本書不談孔子，而是以全新觀點看待中國將近三千年的歷史。"}, {"BOOKNAME": "都是孔子惹的禍？", "ISBN": "9789865716745", "USER": "li******************.tw", "CONTENT": "歷史，不只是歷史，而是人性，歷史鬼才魏得勝新書《都是孔子惹的禍？》乍看談及孔老夫子，可翻開目錄一看，不得了，卻是從盤古開天講到現今局勢，孔子只佔了其中一個篇幅，由此可知，本書不談孔子，而是以全新觀點看待中國將近三千年的歷史。"}, {"BOOKNAME": "聖人請卸妝：歷史課本不會教，關於聖賢名人們說不得的那些事兒", "ISBN": "9789862727577", "USER": "me*********419", "CONTENT": "作者以現代生活為背景,重新譜寫出歡樂奇趣的古人生平.古今時空交錯中,笑看歷史人物的悲歡離合,彷彿穿越劇一般見證歷史,多采多姿,令人玩味."}, {"BOOKNAME": "聖人請卸妝：歷史課本不會教，關於聖賢名人們說不得的那些事兒", "ISBN": "9789862727577", "USER": "me*********419", "CONTENT": "作者以現代生活為背景,重新譜寫出歡樂奇趣的古人生平.古今時空交錯中,笑看歷史人物的悲歡離合,彷彿穿越劇一般見證歷史,多采多姿,令人玩味."}, {"BOOKNAME": "英雄的十則潛智慧：王浩一的歷史筆記【貳】", "ISBN": "9789866272875", "USER": "ppo****", "CONTENT": "王浩一老師的英雄故事，除了讚還是讚，我已經買三本了，還有34則故事還沒講完，可惜，王老師的進度突然停滯不前，要收集這一套書，可能還需等上一陣子喔~"}, {"BOOKNAME": "官場這回事：貪官清官各行其道", "ISBN": "9789866330223", "USER": "ze***093", "CONTENT": "這是一本很容易閱讀的書，用很簡單的敘述說明一些歷史上的有名官員的記事，對歷史有興趣的人，一定會覺得很有趣，好看的書不好找，好看的歷史書更是不好找，這是一本很好看又容易懂的歷史書，值得推薦。"}, {"BOOKNAME": "天子這回事：皇帝是個什麼東西？", "ISBN": "9789866330209", "USER": "d**a1**", "CONTENT": "這本書不脫離舊史觀，將歷代的天子說了一頓，當然也把事蹟講了一下。 但是，史先生對於許多皇帝的敘述卻是了無新意，該罵的還是罵了一頓。 與另外一位波音先生寫的歷史真是南轅北轍。我還是建議，要看這本書之前，先將中國歷史閱讀過一遍，才不會思緒混亂。"}, {"BOOKNAME": "英雄的大抉擇：王浩一的歷史筆記【參】", "ISBN": "9789865956677", "USER": "ppo****", "CONTENT": "王浩一的歷史書，值得推薦~~ 結合易經與歷史人物的故事，讀起來，真的是回味無窮， 建議一下出版社，字體是否能再加大一點~~"}, {"BOOKNAME": "魯迅說醜陋的中國人", "ISBN": "9789868958609", "USER": "ss******020", "CONTENT": "凡是華人都應該看的這本書，華人天生的劣根性一針見血， 無論是台灣人還是大陸人、香港人，彼此比較來比較去， 結果都是50步笑百步而已，我們的生活西化了，腦袋卻 沒有開化，想要超英趕美？根本是天大的笑話！"}, {"BOOKNAME": "透過錢眼看歷史．中國篇", "ISBN": "9789573270553", "USER": "vi*****205", "CONTENT": "歷史~人類故事的累積，自然主角是人，可學校總是以較刻板的印象教育我們，這本書，以錢的眼光為出發點，用字詼諧並深入淺出，讓我們以全新的角度再看一遍，我們印象中的歷史。古語有云:國以民為本，民以食為天。看完這本書，我深深的覺得，不管是國還是民，都跟錢拖不了干係，沒錢，還真是萬萬不能！"}, {"BOOKNAME": "歷史的那些事兒：最是無情帝王家", "ISBN": "9789861679495", "USER": "ze***093", "CONTENT": "你可以用不是讀歷史的方式，而是用很輕鬆的方式看這本書，我們才會發現原來看歷史書也可以這麼有趣，這麼好看。"}, {"BOOKNAME": "劉燦榮說關鍵歷史", "ISBN": "9789866223167", "USER": "ko****************.tw", "CONTENT": "非常好看，歷史很多值得人省思的地方，這本書將許多我不知道的事情說的很明白，讓我清楚明白歷史也教我「人性」這個東西"}, {"BOOKNAME": "影響中國的 85 位名臣（新版）", "ISBN": "9789861781730", "USER": "19***923", "CONTENT": "有別於學校教科書的刻板印象，藉由閱讀此書，可以更深入瞭解已知歷史人物如晏嬰、趙高或張九齡等名人的另外一面，像成語典故由來，讓你覺得歷史或國文不是死板板記憶的東西，反而讓人覺得更深動有趣!!"}]