[{"BOOKNAME": "萬曆十五年", "ISBN": "9789578876019", "USER": "yu***oco", "CONTENT": "當初是在學校推薦下去讀了本書,在中寫出了明朝由盛轉衰的關鍵點,&quot;萬曆十五年&quot;自此萬曆帝不早朝,宦官文臣集團的惡鬥日趨嚴重,種下日後明朝覆亡之惡因,從中引發更多對明歷史的興趣,深入淺出是一本想了解最後一代漢人王朝的好書"}, {"BOOKNAME": "萬曆十五年", "ISBN": "9789578876019", "USER": "yu***oco", "CONTENT": "當初是在學校推薦下去讀了本書,在中寫出了明朝由盛轉衰的關鍵點,&quot;萬曆十五年&quot;自此萬曆帝不早朝,宦官文臣集團的惡鬥日趨嚴重,種下日後明朝覆亡之惡因,從中引發更多對明歷史的興趣,深入淺出是一本想了解最後一代漢人王朝的好書"}, {"BOOKNAME": "萬曆十五年", "ISBN": "9789578876019", "USER": "yu***oco", "CONTENT": "當初是在學校推薦下去讀了本書,在中寫出了明朝由盛轉衰的關鍵點,&quot;萬曆十五年&quot;自此萬曆帝不早朝,宦官文臣集團的惡鬥日趨嚴重,種下日後明朝覆亡之惡因,從中引發更多對明歷史的興趣,深入淺出是一本想了解最後一代漢人王朝的好書"}, {"BOOKNAME": "貞節只是個傳說：你不知道的明清寡婦故事", "ISBN": "9789869363013", "USER": "bs***002", "CONTENT": "書名讓人想一探究竟，封面設計簡單卻不失有趣，和詼諧的內文風格更是相襯；內容編排條條有理，史料豐富，可見考據之心血；裡面提到的許多地方讓人大開眼界，或是之前不曾知曉、想到的。比如「上古時代孩子只知其母不知其父」，比如「慕清」這個名詞，原來是女生直接嫁給死人然後終身守寡。"}, {"BOOKNAME": "貞節只是個傳說：你不知道的明清寡婦故事", "ISBN": "9789869363013", "USER": "bs***002", "CONTENT": "書名讓人想一探究竟，封面設計簡單卻不失有趣，和詼諧的內文風格更是相襯；內容編排條條有理，史料豐富，可見考據之心血；裡面提到的許多地方讓人大開眼界，或是之前不曾知曉、想到的。比如「上古時代孩子只知其母不知其父」，比如「慕清」這個名詞，原來是女生直接嫁給死人然後終身守寡。"}, {"BOOKNAME": "貞節只是個傳說：你不知道的明清寡婦故事", "ISBN": "9789869363013", "USER": "bs***002", "CONTENT": "書名讓人想一探究竟，封面設計簡單卻不失有趣，和詼諧的內文風格更是相襯；內容編排條條有理，史料豐富，可見考據之心血；裡面提到的許多地方讓人大開眼界，或是之前不曾知曉、想到的。比如「上古時代孩子只知其母不知其父」，比如「慕清」這個名詞，原來是女生直接嫁給死人然後終身守寡。"}, {"BOOKNAME": "貞節只是個傳說：你不知道的明清寡婦故事", "ISBN": "9789869363013", "USER": "bs***002", "CONTENT": "書名讓人想一探究竟，封面設計簡單卻不失有趣，和詼諧的內文風格更是相襯；內容編排條條有理，史料豐富，可見考據之心血；裡面提到的許多地方讓人大開眼界，或是之前不曾知曉、想到的。比如「上古時代孩子只知其母不知其父」，比如「慕清」這個名詞，原來是女生直接嫁給死人然後終身守寡。"}, {"BOOKNAME": "貞節只是個傳說：你不知道的明清寡婦故事", "ISBN": "9789869363013", "USER": "bs***002", "CONTENT": "書名讓人想一探究竟，封面設計簡單卻不失有趣，和詼諧的內文風格更是相襯；內容編排條條有理，史料豐富，可見考據之心血；裡面提到的許多地方讓人大開眼界，或是之前不曾知曉、想到的。比如「上古時代孩子只知其母不知其父」，比如「慕清」這個名詞，原來是女生直接嫁給死人然後終身守寡。"}, {"BOOKNAME": "貞節只是個傳說：你不知道的明清寡婦故事", "ISBN": "9789869363013", "USER": "bs***002", "CONTENT": "書名讓人想一探究竟，封面設計簡單卻不失有趣，和詼諧的內文風格更是相襯；內容編排條條有理，史料豐富，可見考據之心血；裡面提到的許多地方讓人大開眼界，或是之前不曾知曉、想到的。比如「上古時代孩子只知其母不知其父」，比如「慕清」這個名詞，原來是女生直接嫁給死人然後終身守寡。"}, {"BOOKNAME": "貞節只是個傳說：你不知道的明清寡婦故事", "ISBN": "9789869363013", "USER": "bs***002", "CONTENT": "書名讓人想一探究竟，封面設計簡單卻不失有趣，和詼諧的內文風格更是相襯；內容編排條條有理，史料豐富，可見考據之心血；裡面提到的許多地方讓人大開眼界，或是之前不曾知曉、想到的。比如「上古時代孩子只知其母不知其父」，比如「慕清」這個名詞，原來是女生直接嫁給死人然後終身守寡。"}, {"BOOKNAME": "貞節只是個傳說：你不知道的明清寡婦故事", "ISBN": "9789869363013", "USER": "bs***002", "CONTENT": "書名讓人想一探究竟，封面設計簡單卻不失有趣，和詼諧的內文風格更是相襯；內容編排條條有理，史料豐富，可見考據之心血；裡面提到的許多地方讓人大開眼界，或是之前不曾知曉、想到的。比如「上古時代孩子只知其母不知其父」，比如「慕清」這個名詞，原來是女生直接嫁給死人然後終身守寡。"}, {"BOOKNAME": "貞節只是個傳說：你不知道的明清寡婦故事", "ISBN": "9789869363013", "USER": "bs***002", "CONTENT": "書名讓人想一探究竟，封面設計簡單卻不失有趣，和詼諧的內文風格更是相襯；內容編排條條有理，史料豐富，可見考據之心血；裡面提到的許多地方讓人大開眼界，或是之前不曾知曉、想到的。比如「上古時代孩子只知其母不知其父」，比如「慕清」這個名詞，原來是女生直接嫁給死人然後終身守寡。"}, {"BOOKNAME": "貞節只是個傳說：你不知道的明清寡婦故事", "ISBN": "9789869363013", "USER": "bs***002", "CONTENT": "書名讓人想一探究竟，封面設計簡單卻不失有趣，和詼諧的內文風格更是相襯；內容編排條條有理，史料豐富，可見考據之心血；裡面提到的許多地方讓人大開眼界，或是之前不曾知曉、想到的。比如「上古時代孩子只知其母不知其父」，比如「慕清」這個名詞，原來是女生直接嫁給死人然後終身守寡。"}, {"BOOKNAME": "貞節只是個傳說：你不知道的明清寡婦故事", "ISBN": "9789869363013", "USER": "bs***002", "CONTENT": "書名讓人想一探究竟，封面設計簡單卻不失有趣，和詼諧的內文風格更是相襯；內容編排條條有理，史料豐富，可見考據之心血；裡面提到的許多地方讓人大開眼界，或是之前不曾知曉、想到的。比如「上古時代孩子只知其母不知其父」，比如「慕清」這個名詞，原來是女生直接嫁給死人然後終身守寡。"}, {"BOOKNAME": "貞節只是個傳說：你不知道的明清寡婦故事", "ISBN": "9789869363013", "USER": "bs***002", "CONTENT": "書名讓人想一探究竟，封面設計簡單卻不失有趣，和詼諧的內文風格更是相襯；內容編排條條有理，史料豐富，可見考據之心血；裡面提到的許多地方讓人大開眼界，或是之前不曾知曉、想到的。比如「上古時代孩子只知其母不知其父」，比如「慕清」這個名詞，原來是女生直接嫁給死人然後終身守寡。"}, {"BOOKNAME": "貞節只是個傳說：你不知道的明清寡婦故事", "ISBN": "9789869363013", "USER": "bs***002", "CONTENT": "書名讓人想一探究竟，封面設計簡單卻不失有趣，和詼諧的內文風格更是相襯；內容編排條條有理，史料豐富，可見考據之心血；裡面提到的許多地方讓人大開眼界，或是之前不曾知曉、想到的。比如「上古時代孩子只知其母不知其父」，比如「慕清」這個名詞，原來是女生直接嫁給死人然後終身守寡。"}, {"BOOKNAME": "白銀帝國：翻翻明朝的老帳", "ISBN": "9789573271857", "USER": "an**925", "CONTENT": "此本書透過經濟面來討論明朝的社會現象，白銀雖然在明朝時的供給量逐漸增加，但民生卻逐漸凋蔽，在追求白銀的過程中，真正經濟的發展卻無法跟上白銀的增加，此書便以此觀點來看待事物。"}, {"BOOKNAME": "明朝皇帝回憶錄", "ISBN": "9789573269915", "USER": "bu*********r21", "CONTENT": "作者以第一人稱的觀點，來描述該皇帝一生的是非功過，不但讓讀者了解明朝每位皇帝的所作所為，也能清楚知道很多事件背後的原因和理由，可說是一本兼具故事和資料的工具書。"}, {"BOOKNAME": "1421：中國發現世界", "ISBN": "9789573267584", "USER": "ha*****004", "CONTENT": "標題很吸引人的書。但是作者在書中所引的證據太過薄弱，所以說服力不足。很多部分是作者基於少量的證據所做出來的推論，有種想當然爾的語氣。但是作者也提出了一種研究歷史的方法，也就是海圖與地圖的大量引用，證據若充足，或許可以對全球的歷史發展找出一條新的道路。"}, {"BOOKNAME": "施琅攻台的功與過", "ISBN": "9789579261012", "USER": "ha*****004", "CONTENT": "有多少史料講多少話，而不夾雜自己的立場進行論述，這是史學研究者的基本素養，這本書堪稱已達此標準。施琅和鄭成功的優、缺點，論述者眾多，他們的事蹟也常被政治立場不同的人賦予不同解釋，但是姚啟聖的事蹟則較少被提及，這本書也做了適度的論述。重要的是：清帝國與東寧國的角力，也被詳細提及。"}, {"BOOKNAME": "裸體抗砲：你所不知道的暗黑明清史讀本", "ISBN": "9789869205047", "USER": "a2****740", "CONTENT": "本書用九個章節描寫明清社會史中各項議題，前五章寫作架構嚴謹，特別是作者提出問題的方式，以及駐藏大臣有泰一章中解讀史料的方式，都是歷史系學生在撰寫長篇報告時很好的範本。後四章則是以書評的方式點出近年來明清社會史的研究，如若以後需要寫比較詳盡的評論，也是可以參考的對象。"}, {"BOOKNAME": "帝國最後的榮耀套書(上+下冊不分售)", "ISBN": "9789863201519", "USER": "ch****150", "CONTENT": "浪費花了那麼長久時間與精神的考究，也浪費了那麼難得的亞洲國際戰爭的歷史，整本書淪為拿來宣揚中國、嘲諷日韓的工具，完全不推薦。"}, {"BOOKNAME": "朱元璋：龍袍下的小和尚", "ISBN": "9789866118043", "USER": "s3***689", "CONTENT": "朱元璋是家喻戶想的人物，學校教育的朱元璋只簡單了講述他的豐功偉業，但卻未細述他從一個布衣和尚一路到稱帝的艱辛以及他後期因政治需求而使用了必要手段，翻閱完這本書讓我更了解這位千古一帝不為人知的一面。"}]