[{"BOOKNAME": "本刊文責一律由總編輯鄭南榕負責：《自由時代》雜誌編輯室報告文選", "ISBN": "9789869817073", "USER": "ha*****004", "CONTENT": "三、四十年前的文章，對現在的臺灣而言，竟然還有參考價值，除了讚賞作者眼光遠大外，也感慨臺灣還沒完全走到正常國家的地步。作者對言論自由、台灣成為獨立而正常的國家、打倒國民黨威權體制、轉型正義、族群文化平等......有些已有相當成果，有的則是還在努力中。理想，原來是可以歷久彌新的。"}, {"BOOKNAME": "叛道︰改變國家的基進力量", "ISBN": "9789869090438", "USER": "la*****900", "CONTENT": "作者分享的經驗非常精彩，對目前變化中的台灣社會非常有用！但是但是…翻譯品質怎麼如此糟糕，原全是按照英文語法翻，我甚至可以想像原文是什麼樣子！頂多是研究生meeting的翻譯水準！可惜了一本書！"}, {"BOOKNAME": "完全政變手冊", "ISBN": "9789861209098", "USER": "s1*****103", "CONTENT": "本書可以說是一本教導如何發動政變的小冊子，透過分析政變的起因與政變的實施手段，讓讀者知道為何要發動政變，以及政變要如何才能成功，是一本想要了解政變的真相的讀者該看的書。"}, {"BOOKNAME": "革命將至：資本主義崩壞宣言&推翻手冊", "ISBN": "9789868711228", "USER": "s1*****103", "CONTENT": "資本主義真的是最好的體制?本書的作者們告訴我們，如果我們要擺脫貧富差距跟全球金融海嘯的再度加深，我們就必須推翻資本主義，找尋其他的體制讓這個世界能變更好，而不是在現存的體制苟延殘喘又或是窮忙，青年要起來反抗，找到自己世代的目標!!"}, {"BOOKNAME": "群眾運動聖經", "ISBN": "9789867416988", "USER": "pk**own", "CONTENT": "內容很有趣的一本書,文筆和例子也很非常容易理解,即使時代背景和現代有所差距,但是裡面的內容很多還是可以印證在現在實際的情況中."}]