[{"BOOKNAME": "支那革命的真相：來自日本的視角與立場", "ISBN": "9789578654808", "USER": "ge******************.tw", "CONTENT": "本書是日本思想家、政治哲學家北一輝在1920年代出版的《支那革命外史》。由於日本為當時東亞最先進的西化國家，也因此是西方思想輸入基地，中國革命黨多次奔走日本，是重要的組成部分。本書對中國革命的分析是從東洋共和的觀念出發，太於自大，後半部提出東西方衝突的必然性與石原莞爾殊途同歸。"}, {"BOOKNAME": "越南：世界史的失語者", "ISBN": "9789570850994", "USER": "96********868", "CONTENT": "不是只有殖民史，越南早已經西元前就已經存在。但世界就是戰勝者寫歷史，導致我們只認識越南的近代故事。作者透過各種史料讓我們重新認識越南的千年歷史。"}, {"BOOKNAME": "印尼etc.：眾神遺落的珍珠", "ISBN": "9789570845723", "USER": "ko****************com", "CONTENT": "詳細、清楚描寫自身在印尼經歷的一切，帶著印尼歷史背景的描述，用感性書寫出印尼的人情味。讓讀者容易經由這本書籍了解印尼的多元而統一的深度含意。 值得閱讀的一本好書"}]