[{"BOOKNAME": "讓人心動的金魚圖鑑", "ISBN": "9789864435432", "USER": "be***c01", "CONTENT": "圖片夠大、夠清楚， 每隻魚姿勢都有動的張力或靜的美感， 完整的擺放了金魚的全身，圖片非常完整 介紹了各種金魚的魅力， 這本圖鑒屬於感性導覽的那種， 不是寫一堆學名、界門綱目科屬種資訊的嚴肅圖鑒， 閱讀起來很輕鬆而且很開心。"}, {"BOOKNAME": "給新手的水草養殖指南", "ISBN": "9789863700401", "USER": "l**ke**", "CONTENT": "小朋友要養水草前指定購買的工具書, 在說明, 編排, 及彩圖上都還不錯, 算是是一本蠻實用的工具書~"}, {"BOOKNAME": "全圖解養魚百科(彩色)", "ISBN": "9789865942922", "USER": "l**ke**", "CONTENT": "這本是小朋友指定買的書,對喜歡養魚的小朋友來說,裡面的內容難易適中,加上介紹一些常見的魚,是蠻好上手的書~"}, {"BOOKNAME": "全圖解養魚百科(彩色)", "ISBN": "9789865942922", "USER": "l**ke**", "CONTENT": "這本是小朋友指定買的書,對喜歡養魚的小朋友來說,裡面的內容難易適中,加上介紹一些常見的魚,是蠻好上手的書~"}, {"BOOKNAME": "全圖解養魚百科(彩色)", "ISBN": "9789865942922", "USER": "l**ke**", "CONTENT": "這本是小朋友指定買的書,對喜歡養魚的小朋友來說,裡面的內容難易適中,加上介紹一些常見的魚,是蠻好上手的書~"}, {"BOOKNAME": "原色金魚圖鑑", "ISBN": "9789863312208", "USER": "ay*637*", "CONTENT": "一本關於金魚各種養殖照顧常識，還有各類金魚照片分類解說的書，金魚真是又呆又可愛，看完會讓人想馬上養一缸可愛的金魚"}, {"BOOKNAME": "新手高明飼養法  海水魚", "ISBN": "9789576866456", "USER": "po*g72*", "CONTENT": "因為飼養海水魚，而購買了相關書籍， 對於想要飼養海水魚的玩家而言， 這本真的是必讀書籍，可以了解許多不同種類的魚種， 達到混養的有趣境界。"}, {"BOOKNAME": "菜市場魚圖鑑", "ISBN": "9789864176823", "USER": "li****lun", "CONTENT": "按照各種魚的來源分門別類,對市場裏販賣的魚一一用照片解說,去市場或海產店不怕點錯魚,吃得糊里糊塗的,也不擔心點錯吃得不盡興,而且還介紹簡易料理方式,不會因烹飪方式錯誤,馬一條美味的魚給暴殄天物了."}]