[{"BOOKNAME": "多肉植物栽培大全：品種介紹.四季管理.Q&A新手問答", "ISBN": "9789864081486", "USER": "yu*****ish", "CONTENT": "養植物就跟養動物一樣，每種植物有其特性，用錯方法，它也是會受不了，只是動物會叫，而植物就默默死去了。以前一直以為多肉很好養，跟一般的盆花放在一起，結果當然可想而知，這本真的很適合新手入門喔！"}, {"BOOKNAME": "多肉植物.仙人掌圖鑑800", "ISBN": "9789864080748", "USER": "yu*****ish", "CONTENT": "多肉植物有許多形體很像，但是不同品種，再加上玩家配種，所以名字非常的多與難記，若您是一個在意植物的名稱的人，這是一本很好的工具書！"}, {"BOOKNAME": "161種懶人植物，擺著就能自己活：初學者也種得活的「多肉栽種全圖鑑」", "ISBN": "9789865683979", "USER": "yu*****ish", "CONTENT": "161種懶人植物，擺著就能自己活。書名讓人好心動，真的是擺著就能活嗎？答案是否定的，但是詳細了解多肉的屬性，真的是可以大大減少多肉的損耗率，不要因為自己的疏忽而讓肉肉哭喔"}, {"BOOKNAME": "免基礎，零失敗，新手必看的種花寶典(附贈新娘花種子包)：150種景觀花卉栽培技法，一本學會播種、施", "ISBN": "9789869099578", "USER": "u8***056", "CONTENT": "這本書對於初學者對植物的種類認識幫助很大,尤其是栽種植物的新手,對於這方面的需要,寫得很仔細,需要注意的地方也有提點,值得讀者去看的一本好書喔!"}, {"BOOKNAME": "多肉植物這樣玩：新手必備多肉養護大全", "ISBN": "9789865855802", "USER": "yu*****ish", "CONTENT": "二木是一個自然派的養多肉專家，他最令人佩服的一點，是在講到病蟲害的防治，會盡量鼓勵讀者使用較天然的方式去防治，盡量不要噴藥，以維護環境的安全！"}, {"BOOKNAME": "水草小盆栽：上班族水草心情物語", "ISBN": "9789865855604", "USER": "fr*******456", "CONTENT": "看了這本書真的會很想自己動手來做一個屬於自己的小盆栽,工具其實簡單又好入手,有興趣的朋友真的可以試看看!!! 綠色的水草真的超級療育的,養得好的話要在裡面養魚都不是問題,畢竟水草也是植物,會有氧氣產生的嘛www 不過很多事情真的是沒有經歷過不會知道的~"}, {"BOOKNAME": "家有多肉真好玩（2013全新增訂版）", "ISBN": "9789865932947", "USER": "j**oo**", "CONTENT": "每次逛花市，看到那一些小小盆的多肉植物，可愛得不得了！雖然很想自已試試，總是提不起勇氣。買了這本書，有詳細的說明和作法，頓時信心大增，決定一定要試試，在忙碌的生活中，能夠無時無刻看到綠色的伙伴，會是精神上多大的救贖，滿心期待！"}, {"BOOKNAME": "希莉安東京多肉植物日記", "ISBN": "9789865932732", "USER": "wa******319", "CONTENT": "喜歡多肉植物的人，應該都要擁有希莉安的這本書，她用日記的方式介紹了養育多肉的過程，不論是照顧的方式或是品種都寫的很詳細，內容超級豐富，也可以很直接的感受到她對肉肉的熱情，就真的像是在養育小寶寶一樣，也可以感受到每株肉肉的生命力，推薦給每一個喜歡多肉植物的人。"}, {"BOOKNAME": "夢幻園藝指南：從一個小盆栽開始打造居家花草園", "ISBN": "9789866360688", "USER": "a**ra**", "CONTENT": "這本書編排的很用心，不是大花園的佈局，而是小地方，小東西，如何去運用以及佈置，一些俯拾可得的小東西，都可以美化居家環境，能把腐朽變成夢幻，也是一種樂趣，尋求一個夢幻花園竟是可以如此容易，可以讓自己的想像力發揮到極致"}, {"BOOKNAME": "植物病蟲害診療室Q&A300", "ISBN": "9789866555732", "USER": "l1***567", "CONTENT": "喜好園藝的妹妹，種植了許多小盆栽，和各種觀賞植物及花卉，有了問題，不知要請教什麼人， 故而買此書當作參考。 去年過年間的文心蘭長了類發霉的東西，仙客來葉片上有枯斑，斑上有灰色粉狀物，這兩個問題都按照書中的方法解決了，故而此書是非常實用的。"}, {"BOOKNAME": "在家種香花植物最幸福 ：80種陽台．院子．頂樓都能種的四季香花", "ISBN": "9789866444128", "USER": "l1***567", "CONTENT": "因為妹妹喜好園藝且是綠手指，所以我送這本書當作生日禮物。 她說按照書中的步驟及指示種花，幾乎百分百成功，是一本非常實用的種香花寶典。 我期待春天來臨，陽台上的小花園，開滿了香香的花，而使滿室生香。"}, {"BOOKNAME": "庭園藤蔓輕鬆栽", "ISBN": "9789575268640", "USER": "l1***567", "CONTENT": "因為妹妹喜好園藝且是綠手指，當她買了新房，有了屬於自己的獨立空間，且還有個不小的空中花園 ，故而我買這本書給她做為&quot;綠化&quot;的參考。 此書除了介紹蔓性植物的特徵與種植方法，還介紹如何將蔓性植物成庭園的拱門、外牆，達到美化景觀的效果，是一本兼具庭園造景的書。"}, {"BOOKNAME": "1盆變10盆扦插種植活用百科", "ISBN": "9789866555220", "USER": "l1***567", "CONTENT": "扦插法是大量繁殖家庭觀氅植物的好方法。 只要個簡單的動作，運用植物神奇的再生能力， 便能營造出繁花似錦、春意盎然的景緻來，是最經濟實惠的方法。"}, {"BOOKNAME": "最愛小花草", "ISBN": "9789575657376", "USER": "ha*******101", "CONTENT": "將每種植物對環境的需求與栽培，重點用簡單的圖案標明，讓小小花草融入生活，並讓喜愛花草的人只要花少許的時間照顧即可，愛好花草的人士有福了"}]