[{"BOOKNAME": "特斯拉：點亮現代世界的傳奇", "ISBN": "9789869634830", "USER": "ge******************.tw", "CONTENT": "特斯拉的聲望近十年來有崛起之勢，相比於比較常聽見的「發明大王」愛迪生，特斯拉才是對電力貢獻最大的科學家，現代的電力系統幾乎採用的是交流電，而且，他還有許多令人驚奇的發明！對特斯拉有興趣的讀者不妨看看。"}, {"BOOKNAME": "別鬧了，費曼先生：科學頑童的故事", "ISBN": "9789864794775", "USER": "ge******************.tw", "CONTENT": "我對費曼並不熟悉，有聽說過但不知道做過什麼，後來我才知道費曼是1965年諾貝爾物理學獎得主之一，他與朱利安．施溫格（猶太人）、朝永振一郎（日本人）共同獲獎。由於費曼熱衷參與物理學科普事業，因此比較常聽過費曼，而不知其兩人。本書是費曼的自傳。"}, {"BOOKNAME": "那些曠世天才的呢喃", "ISBN": "9789869536721", "USER": "3**sa**", "CONTENT": "當初會買下這本書是受到它的新穎所吸引，此書以逗趣與巧思讓讀者在愉快閱讀的同時接觸了科學家以及科學理論等等。不僅如此，還將教科書上讓人茫茫然的定律與日常連結在一起，以另類的方式呈現出來，是一本有哏又很有趣的書!"}, {"BOOKNAME": "笛卡兒的祕密手記", "ISBN": "9789864777099", "USER": "ge******************.tw", "CONTENT": "艾克塞爾寫過《費馬最後定理》跟《愛因斯坦方程式》，費馬最後定理在羅胖節目上介紹過，而這本跟前作一樣在寫十七世紀的哲學家笛卡兒的的數學與哲學的研究，跟發生了什麼事等等的，西方自古民間書信發達，所以我們才能透過笛卡兒的交往書信，來理解這一位有名的哲學家。"}, {"BOOKNAME": "我的人生簡史（首刷限量精裝）", "ISBN": "9789862135129", "USER": "li****lun", "CONTENT": "霍金自傳取名呼應其科普倡銷書，對思路一貫地介紹而來並增添家庭以及和病魔對抗的歷程；文筆依舊通俗流倡，無最贅言可挑剔。依之前數本科普著作與受訪言論看來，對時光機看法持悲觀態度，試想真有時光機後人&#x28;譬如說：世修or機器喵&#x29;能把解藥送達，不知是否會扭轉想法。"}, {"BOOKNAME": "樹，記得自己的童年：一位女科學家勇敢追尋生命真理的故事", "ISBN": "9789869468077", "USER": "sh*****666", "CONTENT": "這本書讓我對於樹，重新有了不一樣的觀感與角度，書中內容並沒有想像中那樣枯燥乏味，反而透過對話，讓人可以更好的代入其中，進而去思考。"}, {"BOOKNAME": "消失的天才：完美的數學證明、捨棄的百萬美元大獎，一位破解百年難題的數學家神祕遁逃的故事", "ISBN": "9789862351635", "USER": "mo*******mot", "CONTENT": "作者本身也是個數學家，她寫的這個天才是2006年解答出龐加萊猜想的俄羅斯數學家佩雷爾曼。 佩雷爾曼自己曾說：如果證明是正確的，其他什麼讚譽獎賞都不需要。"}, {"BOOKNAME": "十月的天空", "ISBN": "9789576216169", "USER": "fi*******024", "CONTENT": "本書屬於回憶錄，書中的筆法雖採用第一人稱，但其內容描繪社會和人物行為動作較多，對於心理曾面不太會描繪，給人一種主角其實專注於觀察，對於自己情緒處理方面有避諱，但這大概是追逐夢想者特有的性格使然吧。由於作者的職業，本書也寫出許多科學的知識，是同名電影裡所缺乏的。"}]