[{"BOOKNAME": "歡樂哲學課", "ISBN": "9789863206644", "USER": "st********668", "CONTENT": "做為一個理工人，有幸看了這本書，開心極了。除了科學，哲學的世界，一步一腳印，從蘇格拉底，斯賓諾莎，康德，馬克思，每一個哲學家都是開啟人類思想的巨人，而其人卻也十分有趣鮮活。今日的世界，是這些先人參與創造的。看了這本書，你看世界絕對多了許多角度!"}, {"BOOKNAME": "歡樂哲學課", "ISBN": "9789863206644", "USER": "st********668", "CONTENT": "做為一個理工人，有幸看了這本書，開心極了。除了科學，哲學的世界，一步一腳印，從蘇格拉底，斯賓諾莎，康德，馬克思，每一個哲學家都是開啟人類思想的巨人，而其人卻也十分有趣鮮活。今日的世界，是這些先人參與創造的。看了這本書，你看世界絕對多了許多角度!"}, {"BOOKNAME": "史上最強哲學入門：解答你人生的疑惑", "ISBN": "9789868668997", "USER": "de***978", "CONTENT": "這本書我看了兩次了，真的喜歡，所以才分享，簡明易懂，值得推薦。作者用平易近人的生活範例，解說哲學的思考。書中有許多問題，都是曾經在腦中閃過，但卻沒有研究或探索。而這些哲學家們，整理問題並且想辦法解答問題。我相信這些問題，每個人都曾經想過，但卻沒有像哲學家一樣，想去解答問題。"}]