[{"BOOKNAME": "電學，精簡圖解很好懂！", "ISBN": "9789866180071", "USER": "as***********************.tw", "CONTENT": "這本書我個人滿推薦的,因為圖文並茂,寫的非常棒,能看出日本人他們收集資料,還有整理的功夫,也值得我們學習,因為語言無國界,透過翻譯可以讓我們享受到一本又一本的好書,我想這的是閱讀者的一大收穫吧,還有發電的一些方式,像是風力發電,太陽能發電等等,推薦給大家這本書"}, {"BOOKNAME": "電子電路", "ISBN": "9789865957087", "USER": "ki******003", "CONTENT": "化繁為簡的整理讓初心者讀起來不像讀磚頭書那樣窒礙難行 職場上總會有需要了解非自己專業本科的時候， 這時候這種讓你能迅速且廣泛地掌握該領域的基礎知識的書籍就能派上用場 基礎確立後再依照自己需求去加強就能事半功倍"}, {"BOOKNAME": "燃料電池", "ISBN": "9789866185632", "USER": "an***260", "CONTENT": "主題式的書寫方式，帶你認識燃料電池和一些電池的原理與特性，了解在生活中的各種應用層面，稍微觸及科學公式但是不著重理論講解，不錯的入門書，想要更深入可以找其他比較偏教科書類型的其他書籍像是同作者監修的圖解燃料電池百科全華出版"}, {"BOOKNAME": "電的旅程", "ISBN": "9789862167069", "USER": "li****lun", "CONTENT": "將電的歷史交代得非常詳盡,並將發展過程與商業發展的連結有諸多著墨,對於近代上經濟與科學發展間的關聯作了有系統的剖析."}]