[{"BOOKNAME": "法學大意（初等、地方、五等特考適用）", "ISBN": "4712765687995", "USER": "pa********123", "CONTENT": "即使不是為了考試，也能夠藉由此書來學習到基礎的法學知識，除了簡潔明瞭的解釋與介紹，後面還附有題目與解析，讓適合此種學習方式的人可以運用。"}, {"BOOKNAME": "圖解制霸 勞工行政與勞工法規大意(附100日讀書計畫表)(二版)", "ISBN": "9789869449533", "USER": "pt*695*", "CONTENT": "針對國家考試方向的一本必備好書.讓初學者最快上手.了解國家考試的準備方向.讓你更快對國家考試勞工行政快速清楚命題方向的趨勢."}, {"BOOKNAME": "教育法規(初等、五等特考考試專用)", "ISBN": "9789864721634", "USER": "m4***299", "CONTENT": "讀法規是很枯燥的事,這本書沒有花俏的版面,但是排版段落分明又簡潔,最近修改的法規鉅細靡遺,還會提醒近年來考試的方向,幫助考生提綱挈領,易於準備!"}, {"BOOKNAME": "法學大意－全彩圖說", "ISBN": "9789861288291", "USER": "em***990", "CONTENT": "全彩的內頁設計，還有漫畫式圖解，引人入勝。內容簡明清晰有條理，是一本適合初學者的入門書。法學這一科很繁雜，每本關於法學的書各有優缺點，其實挑選一本適合自己、好入口的教科書比較重要。"}, {"BOOKNAME": "公民與英文題庫攻略（初等/司法/地方五等）模擬試題+歷屆試題 （贈公民與英文考前懶人包）【全新", "ISBN": "4712765688268", "USER": "fa****229", "CONTENT": "本書除了已經整理好題目之外，其後並附有詳細而且正確的解析，讓讀者遇到不會的題目可以直接閱讀、檢討，不必再另外上網搜尋資料，有效節省考生寶貴的時間。"}]