[{"BOOKNAME": "過勞之島（電視劇[勞動之王]劇照版）", "ISBN": "9789869135115", "USER": "ed*******516", "CONTENT": "過勞之島一書以各種案例，呈現台灣當前勞動現場的超時工作狀態。 台灣人每週上班時數在世界上名列前茅，隨著尊嚴勞動觀念的推廣，加之世界勞工組織&#x28;ilo&#x29;的核心勞動價值逐漸影響各國勞動政策與立法，過勞死議題逐漸受重視，對於從事勞工問題研究或者對職場現況有興趣者都不失為一本好書。"}, {"BOOKNAME": "過勞之島（電視劇[勞動之王]劇照版）", "ISBN": "9789869135115", "USER": "ed*******516", "CONTENT": "過勞之島一書以各種案例，呈現台灣當前勞動現場的超時工作狀態。 台灣人每週上班時數在世界上名列前茅，隨著尊嚴勞動觀念的推廣，加之世界勞工組織&#x28;ilo&#x29;的核心勞動價值逐漸影響各國勞動政策與立法，過勞死議題逐漸受重視，對於從事勞工問題研究或者對職場現況有興趣者都不失為一本好書。"}, {"BOOKNAME": "如何找到滿意的工作", "ISBN": "9789861342061", "USER": "wx**g29", "CONTENT": "看完這本書，我只覺得「太棒了！」 他呼應了《發現天賦之旅》，還提出了更具體的行動方案。 對工作感到苦悶，時時想離職卻不敢、也不知道自己可以做甚麼的迷惘者，可以好好看一下。"}]