[{"BOOKNAME": "巨流河（2020新版）", "ISBN": "4713510947074", "USER": "ge******************.tw", "CONTENT": "巨流河是「遼河」的古代名稱，在說一個戰亂時代背景下齊邦媛移民到台灣的故事。感覺上性質很像大江大海一九四九。"}, {"BOOKNAME": "宮前町九十番地（紀念新版）", "ISBN": "9789863448211", "USER": "ia******000", "CONTENT": "這本不僅是張先生的傳記，也是一部近代台灣史，希望我們少一點功利主義，多一點超然客觀，多一點對社會的熱忱，有些人的價值觀只在乎那有頭有臉的高官，但卻忽略了那在背後努力耕耘的無名小卒們。"}, {"BOOKNAME": "年記1972：記憶裡的前塵", "ISBN": "9789571091952", "USER": "ja*****rce", "CONTENT": "15年後，我的第二本書終於問世了 謝謝每一位讓這本書得以成真的朋友 希望它能帶給各位滿滿的感動！ 長存赤子心，哲生原力與您同在！"}, {"BOOKNAME": "奔流的樹葉：杜祖健與毒物共舞的人生", "ISBN": "9789862942512", "USER": "d**a1**", "CONTENT": "很少可以讀到一本如沐春風的書，看一位研究毒物學者的生活歷程，這是一位優秀的教授，告訴我們從日治時期到國民政府時期的震撼，這樣的歷史呈現，沒有仇恨，沒有謾罵，就是一種平鋪直述的歷史呈現，沒有看到仇恨的情緒，卻讓人深感不捨，我們的父祖輩如何走過悲情的一段，建立一個引以為傲的台灣。"}, {"BOOKNAME": "漂流途中", "ISBN": "9789864796533", "USER": "li************948", "CONTENT": "這本書很有趣味，讀進去以後，一路看下去。  作者有寫日記的習慣吧，每天每時刻好像電影ㄧ樣，用文字放給你看她的生活、旅行、居住的城市、家人、接觸到的人等等。 作者說故事都很即視感，是個感情豐富的人。 書很厚，文章很長，因為好看，又覺得短。  希望她再寫回到英國以後的生活，超級推薦。"}, {"BOOKNAME": "女科技人的理性與感性", "ISBN": "9789869298452", "USER": "fu*******985", "CONTENT": "透過理、工、生科領域的女性故事分享，書中人物將細膩情感與自由意志平衡、發揮。建議身為女性應該一讀，男性也值得看。因為，不論你的性別為何，抗拒被既定公式和框架限制的人生，是生而為人必須為自己做的最大努力。"}, {"BOOKNAME": "一甲子的未亡人：王培五與她的6個子女", "ISBN": "9789576637360", "USER": "cp*h92*", "CONTENT": "一個如此堅苦卓絕的偉大母親，在惡劣的環境下，忍人所不能忍，也才造就了出類拔萃的兒女。 讀完這本書，讓人心生崇敬，非常佩服。 予人啟發，多麼值得一讀。"}, {"BOOKNAME": "台灣，打拼：康寧祥回憶錄", "ISBN": "9789865794088", "USER": "s1*****103", "CONTENT": "康寧祥先生的這本回憶錄，讓讀者可以了解黨外時代的民主運動縮影，而本書也讓康寧祥先生對他所參與黨外活動與民進黨的創立及其他事件，講出他的看法與為何要如此做。"}, {"BOOKNAME": "彳亍躓頓七十年：恰似末代武士的一生", "ISBN": "9789573273042", "USER": "s1*****103", "CONTENT": "從葉啟政老師的口述歷史，可以看見身為一位剛正不阿的學者，他的求學經歷，以及在台大社會系這三十年來，隨著台灣情勢變化所經歷的風風雨雨。"}, {"BOOKNAME": "史明口述史（共3冊）", "ISBN": "9789868823693", "USER": "s1*****103", "CONTENT": "作為極少數支持台灣獨立且又是左派，史明的《台灣人四百年史》是啟迪多少台灣人追尋獨立之路，破除蔣家教育的迷思中，而這套口述史讓讀者從史明的生命歷程，看歐吉桑如何實踐他的獨立之路。"}, {"BOOKNAME": "史明口述史（共3冊）", "ISBN": "9789868823693", "USER": "s1*****103", "CONTENT": "作為極少數支持台灣獨立且又是左派，史明的《台灣人四百年史》是啟迪多少台灣人追尋獨立之路，破除蔣家教育的迷思中，而這套口述史讓讀者從史明的生命歷程，看歐吉桑如何實踐他的獨立之路。"}, {"BOOKNAME": "史明口述史（共3冊）", "ISBN": "9789868823693", "USER": "s1*****103", "CONTENT": "作為極少數支持台灣獨立且又是左派，史明的《台灣人四百年史》是啟迪多少台灣人追尋獨立之路，破除蔣家教育的迷思中，而這套口述史讓讀者從史明的生命歷程，看歐吉桑如何實踐他的獨立之路。"}, {"BOOKNAME": "我的大話人生：大話新聞停播始末&我所認識的鄭弘儀", "ISBN": "9789578016996", "USER": "as**656", "CONTENT": "本書作者以自己評論員的人生歷程兼採第三者角度，敘述震撼台灣媒體的『大話新聞停播事件』始末，並刻畫當代媒體人物點滴，以及對於當代媒體現象的隱憂。作者以衡平且不改記者本色的方式，詳實的將其所見所聞，行之於筆下，將錯綜複雜的事件與人物關係解剖，讓讀者能瞭然於心，為欲入門政治評論者必讀。"}, {"BOOKNAME": "曹俊彥的私房畫：一個愛畫畫孩子的童年往事", "ISBN": "9789862940372", "USER": "mo*******mot", "CONTENT": "1941年出生的曹老師口述、繪圖，由游珮芸教授撰文，寫的是曹老師的童年往事。 雖然是童年往事，現在讀來，仍覺其中些許趣味。 &quot;虛構的故事中，有人生的真實。真實的故事裡，有奇幻的疆域。&quot;"}, {"BOOKNAME": "夢影重拾", "ISBN": "9781625030030", "USER": "am***************com", "CONTENT": "讀簡老師的書，猶如穿越時光隧道，回到早期的台灣，甚至是我們沒有經歷過的台灣，可令時下青年更加了解台灣早期景況的辛苦，更加能珍惜現有的優渥生活。也感佩老師一生無私奉獻，認真負責的精神，讓人想效法老師擁有精神上的富足，一本值得推薦的好書。"}, {"BOOKNAME": "父親與民國：白崇禧將軍身影集（上下冊）", "ISBN": "0000000912990", "USER": "de*****717", "CONTENT": "白先勇《民國與父親》揭露一段私密的歷史，讀來為之動容。白先勇認為父親──白崇禧將軍的人格是成功的，但憾恨他的戰術未被蔣總採納，至今，白先勇仍然繼續想著：假若父親的意見為蔣總接受，國共內戰的結果可能不同了。"}, {"BOOKNAME": "黑夜裡的送行者：從艋舺大哥到禮儀師   冬瓜大哥談生也談死", "ISBN": "9789862294147", "USER": "t**ky**", "CONTENT": "總以為 黑道是條不歸路 能全身而退的少之又少 但是冬瓜大哥卻做到了!褪下了燦爛的生活~江湖少了殺手，人間卻多了菩薩。再次讓人看見 不是做不到 只是想不想做!"}, {"BOOKNAME": "台灣世紀豪門：辜振甫家族", "ISBN": "9789579361804", "USER": "s1*****103", "CONTENT": "鹿港辜家從先祖辜顯榮以來，辜振甫、辜濂松乃至辜仲諒，都跟政府有密切的結合，而本書讓讀者知道，經過一世紀成長並繼續茁壯辜家的歷史。"}, {"BOOKNAME": "暗夜裡的傳燈人", "ISBN": "9789863207467", "USER": "st********668", "CONTENT": "經濟起飛，留下戀戀風塵。機上的主流政權交相輪替。被遺忘的，是跑道上的基石，是在教育，人權，環境，勞動，社會弱勢上發聲的異議者。威權獨裁下他們是勇者，民粹吶喊下他們是智者，權力腐蝕下他們是仁者。靜靜地，默默地，燈起燈滅，明暗之間，我們瞥見身邊，一同走著的陌生朋友。"}, {"BOOKNAME": "賴桑的千年之約", "ISBN": "9789869057073", "USER": "l**ke**", "CONTENT": "賴桑全心投入不求財務回報的種樹志業,確實令人敬佩,然而,書中最是讓人警惕與共鳴的應該是,當樹漸漸長大後,原本一片荒蕪之地,也湧出涓涓細流,大地可以療復,只需人們善待大地,以大地千秋萬世為念"}, {"BOOKNAME": "賴桑的千年之約", "ISBN": "9789869057073", "USER": "l**ke**", "CONTENT": "賴桑全心投入不求財務回報的種樹志業,確實令人敬佩,然而,書中最是讓人警惕與共鳴的應該是,當樹漸漸長大後,原本一片荒蕪之地,也湧出涓涓細流,大地可以療復,只需人們善待大地,以大地千秋萬世為念"}, {"BOOKNAME": "一九四六.被遺忘的台籍青年", "ISBN": "9789869021586", "USER": "wi****311", "CONTENT": "謝謝作者鍾明宏，如果不是他，這群目前也許被歸類在&quot;大陸共產黨&quot;的老者的人可能只會變成軼聞，或是倖存者家族中不能為人所知的秘史，而不是根出臺灣，落種於中國大陸的番薯子弟。就我個人來說，這是一本很值得一看的台灣微小人物史。"}, {"BOOKNAME": "巨流河(十萬冊紀念版)", "ISBN": "4711225310442", "USER": "fa***452", "CONTENT": "看完這本書，讓我能對外省籍的祖母更能感同身受，對上一代人渡台前後的心路歷程，有更多情感面的瞭解。讀不下國共戰爭史，或對握有權力方應續缺缺的讀者，應該讀得下這本。以平民受到戰爭波及的人生故事，總顯得柔軟，且貼近老百姓多了。"}, {"BOOKNAME": "外場教授", "ISBN": "9789865989026", "USER": "pe*********000", "CONTENT": "聽說 這本書作者 高齡八十有五媽媽 已經中風十多年 手腳能動 聽力可以 就是語言中樞受創嚴重 聽聞此書出版 命家人播放書中所附mp3來聽 一聽之下 淚如雨下 頻頻拭淚問家人 為什麽澄澄&#x28;作者小名&#x29;當年那麼小 怎麼可能知道那麼詳細呢"}, {"BOOKNAME": "外場教授", "ISBN": "9789865989026", "USER": "pe*********000", "CONTENT": "聽說 這本書作者 高齡八十有五媽媽 已經中風十多年 手腳能動 聽力可以 就是語言中樞受創嚴重 聽聞此書出版 命家人播放書中所附mp3來聽 一聽之下 淚如雨下 頻頻拭淚問家人 為什麽澄澄&#x28;作者小名&#x29;當年那麼小 怎麼可能知道那麼詳細呢"}, {"BOOKNAME": "外場教授", "ISBN": "9789865989026", "USER": "pe*********000", "CONTENT": "聽說 這本書作者 高齡八十有五媽媽 已經中風十多年 手腳能動 聽力可以 就是語言中樞受創嚴重 聽聞此書出版 命家人播放書中所附mp3來聽 一聽之下 淚如雨下 頻頻拭淚問家人 為什麽澄澄&#x28;作者小名&#x29;當年那麼小 怎麼可能知道那麼詳細呢"}, {"BOOKNAME": "外場教授", "ISBN": "9789865989026", "USER": "pe*********000", "CONTENT": "聽說 這本書作者 高齡八十有五媽媽 已經中風十多年 手腳能動 聽力可以 就是語言中樞受創嚴重 聽聞此書出版 命家人播放書中所附mp3來聽 一聽之下 淚如雨下 頻頻拭淚問家人 為什麽澄澄&#x28;作者小名&#x29;當年那麼小 怎麼可能知道那麼詳細呢"}, {"BOOKNAME": "悠遊100年：趙爺爺和你分享五顆歡喜心", "ISBN": "9789866032011", "USER": "an****liu", "CONTENT": "俗話說活到老學到老,悠遊100年的趙爺爺,努力不懈的學習態度,樂觀積極的人生觀,人老人不老活出歡喜心更是難能可貴呢."}, {"BOOKNAME": "悠遊100年：趙爺爺和你分享五顆歡喜心", "ISBN": "9789866032011", "USER": "an****liu", "CONTENT": "俗話說活到老學到老,悠遊100年的趙爺爺,努力不懈的學習態度,樂觀積極的人生觀,人老人不老活出歡喜心更是難能可貴呢."}, {"BOOKNAME": "玉米田裡的小男孩", "ISBN": "9789868643444", "USER": "li*******721", "CONTENT": "作者的父親真的好偉大，一心一意只希望小孩能學有所成為國爭光，而且是在寫給小孩的家書中不斷的叮嚀，如此無私的愛，現今社會能有幾人做得到？ 書中更真實的道出小留學生離鄉背井的內心世界，值得推薦給想把小孩送到國外唸書的家長們讀一讀。"}, {"BOOKNAME": "機會，是留給準備好的人", "ISBN": "9789866676260", "USER": "vp*****234", "CONTENT": "機會，是留給準備好的人！這句話在阿忠身上得到了最確實的見證，縱使先天上的身高限制，旁人以同期籃球精靈的天份來評論，但阿忠卻以加倍的努力時時準備著自己，抓住了機會！以實力得到了最佳控球的肯定，也讓他在籃球場上發光發熱，讀著他的努力，激勵了我!"}, {"BOOKNAME": "機會，是留給準備好的人", "ISBN": "9789866676260", "USER": "vp*****234", "CONTENT": "機會，是留給準備好的人！這句話在阿忠身上得到了最確實的見證，縱使先天上的身高限制，旁人以同期籃球精靈的天份來評論，但阿忠卻以加倍的努力時時準備著自己，抓住了機會！以實力得到了最佳控球的肯定，也讓他在籃球場上發光發熱，讀著他的努力，激勵了我!"}, {"BOOKNAME": "機會，是留給準備好的人", "ISBN": "9789866676260", "USER": "vp*****234", "CONTENT": "機會，是留給準備好的人！這句話在阿忠身上得到了最確實的見證，縱使先天上的身高限制，旁人以同期籃球精靈的天份來評論，但阿忠卻以加倍的努力時時準備著自己，抓住了機會！以實力得到了最佳控球的肯定，也讓他在籃球場上發光發熱，讀著他的努力，激勵了我!"}, {"BOOKNAME": "機會，是留給準備好的人", "ISBN": "9789866676260", "USER": "vp*****234", "CONTENT": "機會，是留給準備好的人！這句話在阿忠身上得到了最確實的見證，縱使先天上的身高限制，旁人以同期籃球精靈的天份來評論，但阿忠卻以加倍的努力時時準備著自己，抓住了機會！以實力得到了最佳控球的肯定，也讓他在籃球場上發光發熱，讀著他的努力，激勵了我!"}, {"BOOKNAME": "謝雪紅評傳（全新增訂版）", "ISBN": "9789861734699", "USER": "s1*****103", "CONTENT": "作者在此書將台灣共產黨領導人謝雪紅的一生，在重重歷史的灰燼之中浴火而生，看身為無論是被日本、鶻民黨乃至於中共遭受打壓而不斷奮鬥的，左翼婦女的一生。"}, {"BOOKNAME": "阿原的肥皂傳奇", "ISBN": "9789866960857", "USER": "a**ra**", "CONTENT": "我是用了阿原肥皂之後，才回頭找這本書來看，真的是很佩服阿原，是傻勁也好，是堅持也好，一個人，可以努力的讓自己的希望實現，就很不容易，而且，自從用了阿原的肥皂，小孩的過敏性皮膚好多了，全家人也都使用，效果真很好"}, {"BOOKNAME": "台灣新五大家族", "ISBN": "9789867819208", "USER": "s1*****103", "CONTENT": "台塑王家、大同林家、國泰蔡家、新光吳家與台南幫的故事，有別於日治時代發跡的舊五大家族，看新五大家族如何在戰後台灣的戒嚴體制之下發展他們的王朝，並成為台灣現今企業中的中流砥柱。"}, {"BOOKNAME": "台灣五大家族", "ISBN": "9789578246348", "USER": "s1*****103", "CONTENT": "基隆顏家、板橋林家、霧峰林家、鹿港辜家、高雄陳家，這五大家族的興起與衰落與台灣經濟史有著密切的關係，本書告訴讀者五大家族發跡的歷史與其興衰的故事。"}]