[{"BOOKNAME": "印度數學", "ISBN": "9789862251546", "USER": "36**650", "CONTENT": "這本書&#25934;的不是複雜的數學，而是把加減乘除時的數字簡化再加以計算，比較快速算出答案，也比較不容易錯。後面還有幾招數學運算方式，雖然不能加快運算速度，但和平常用的方式不同也蠻有趣的。"}, {"BOOKNAME": "印度數學", "ISBN": "9789862251546", "USER": "36**650", "CONTENT": "這本書&#25934;的不是複雜的數學，而是把加減乘除時的數字簡化再加以計算，比較快速算出答案，也比較不容易錯。後面還有幾招數學運算方式，雖然不能加快運算速度，但和平常用的方式不同也蠻有趣的。"}]