[{"BOOKNAME": "貝神的召喚：穿越南鄒迷霧的拉阿魯哇", "ISBN": "9789869693721", "USER": "ha*****004", "CONTENT": "一個在台灣沒有多少人聽過的原住民族，終於在確認自己的身份後，開始打造自己的文化認同，積極重建自身的文化，這一群努力的人，不只拉阿魯哇人，還有認同自己是拉阿魯哇的客家人，這種追求內在靈魂一致的集體記憶打造，凸顯不需要藉由否定他者來凸顯自己與它人不同。"}, {"BOOKNAME": "真相‧巴萊《賽德克‧巴萊》的歷史真相與隨拍札記", "ISBN": "9789573268659", "USER": "yu*****417", "CONTENT": "從事件當事者的遺族，對照官方、非官方的史料，還原當年的霧社事件!!!賽德克族的神話、習俗、事件當事者的軼事皆可了解的一本好書!!還有裡頭電影「賽德克巴萊」隨拍雜記中，也可以了解歷史賽德克人物、演員的一些小故事喔!"}, {"BOOKNAME": "真相‧巴萊《賽德克‧巴萊》的歷史真相與隨拍札記", "ISBN": "9789573268659", "USER": "yu*****417", "CONTENT": "從事件當事者的遺族，對照官方、非官方的史料，還原當年的霧社事件!!!賽德克族的神話、習俗、事件當事者的軼事皆可了解的一本好書!!還有裡頭電影「賽德克巴萊」隨拍雜記中，也可以了解歷史賽德克人物、演員的一些小故事喔!"}, {"BOOKNAME": "撒奇萊雅族神話與傳說及火神祭", "ISBN": "9789864438778", "USER": "ha*****004", "CONTENT": "撒奇萊雅族在台灣是一個弱勢的原住民族，其文化與歷史也鮮為人知，其火神祭有其歷史意義，是在現代豎立的新祭典，用以召喚凝聚自己的民族意識。這本書是在檢視神話背後的意義，而不是神話故事的收集，這是比較可惜的。"}, {"BOOKNAME": "刺桐花之戰：西拉雅台灣女英雄金娘的故事", "ISBN": "9789861334615", "USER": "ha***117", "CONTENT": "平埔族的歷史在台灣已難窺探，平埔族女性更是弱勢中的弱勢。本書可見平埔族在面對台灣歷代統治者時內心思想，用小說駁斥官方虛假的歷史詮釋。對滿清操弄族群以便統治痛加貶斥，也對台灣人不能團結深感痛心。眼光更旁及當時的美國民主，藉以對照清國的落伍。本書不只可以鑑古，在目前台灣也有參考價值。"}, {"BOOKNAME": "刺桐花之戰：西拉雅台灣女英雄金娘的故事", "ISBN": "9789861334615", "USER": "ha***117", "CONTENT": "平埔族的歷史在台灣已難窺探，平埔族女性更是弱勢中的弱勢。本書可見平埔族在面對台灣歷代統治者時內心思想，用小說駁斥官方虛假的歷史詮釋。對滿清操弄族群以便統治痛加貶斥，也對台灣人不能團結深感痛心。眼光更旁及當時的美國民主，藉以對照清國的落伍。本書不只可以鑑古，在目前台灣也有參考價值。"}]