[{"BOOKNAME": "臺灣法曆：法律歷史上的今天（7－12月）", "ISBN": "9789570532623", "USER": "el**irs", "CONTENT": "這本書雖然講的是法律相關事件，但確實很白話文容易懂，每次遇到社會重大案件，輿論常常會說要關到老或死刑等等的，判決結果不如預期就罵法官恐龍，但其實很多案件只是依法律條文來判決，如果有問題的話應該要尋求修法/立法。這本書可以提醒我們很多案件雖然過去了，但影響仍在。"}, {"BOOKNAME": "小心，原來這樣也有事！：腦洞大律師雷丘的生活法律常識與對策", "ISBN": "9789861373478", "USER": "el**irs", "CONTENT": "原來律師這麼「鄉民」！舉例的部分用字遣詞很容易讀，因為就像網路論壇上那些文章，但事件之後的法律依據和解析很認真，輕鬆好讀好笑"}, {"BOOKNAME": "法概念與法效力", "ISBN": "9789577639707", "USER": "ge******************.tw", "CONTENT": "《法概念與法效力》的主題是法實證主義與反法實證主義之間，關於法概念與法效力的爭議。阿列西的目標於反駁法實證主義的核心主張，就是「分離命題」：法律與道德之間沒有必然聯結。阿列西則試圖證成「聯結命題」：法律與道德之間具有概念上與規範性的必然聯結。"}, {"BOOKNAME": "法律電影院", "ISBN": "9789571146461", "USER": "ch*******938", "CONTENT": "本書將各電影作為個案，雖然採用的電影大多比較久遠，但不會影響閱讀本書的樂趣，本書探討一些問題:包括輿論對於法律判決的影響，及律師站在加害者角度辯論就是個壞人嗎?有助於釐清對於法律的正確觀念。"}]