[{"BOOKNAME": "失去方向的中國", "ISBN": "9789869264259", "USER": "ge******************.tw", "CONTENT": "張倫是法國的大學政治學教授，長期研究中國社會問題，本書有部分內容是張倫過去在《陽光時務》、《動向》刊登的時勢文章，我覺得大部份觀點我都十分認同，習上任之後推出的許多政策猶如馬拉火車，呈現左腳絆倒右腳的窘況，這些是源於大陸政治體系與制度先天缺陷形成的結果。"}, {"BOOKNAME": "共產黨宣言（完整導讀版，林宗弘導讀）", "ISBN": "9789863440833", "USER": "s1*****103", "CONTENT": "正如書腰所言，共產黨宣言作為歷史文件，雖然是馬克思跟恩格斯年輕時的著作，但卻影響至今，究竟現在所謂的共產國家，還有多少是遵從這樣的精神的？雖然馬克思所預測的資本主義沒有瓦解，但資本主義下的壓榨情形，在今日仍是如當時的預測一樣。"}, {"BOOKNAME": "共產黨宣言（完整導讀版，林宗弘導讀）", "ISBN": "9789863440833", "USER": "s1*****103", "CONTENT": "正如書腰所言，共產黨宣言作為歷史文件，雖然是馬克思跟恩格斯年輕時的著作，但卻影響至今，究竟現在所謂的共產國家，還有多少是遵從這樣的精神的？雖然馬克思所預測的資本主義沒有瓦解，但資本主義下的壓榨情形，在今日仍是如當時的預測一樣。"}, {"BOOKNAME": "反右派鬥爭全史（上冊）【目擊中國12】", "ISBN": "9789863261957", "USER": "ge******************.tw", "CONTENT": "會買此兩冊厚書係受中國友人所荐，他說道：你生長在台灣並不知道共產主義鐵拳的厲害，老祖上可都嘗過，可現在多數都忘了8964，忘了文革...作者朱正身為當年遭反右派迫害的知識份子，1998年他出版了《1957年的夏季》講述過往。"}, {"BOOKNAME": "反右派鬥爭全史（下冊）【目擊中國13】", "ISBN": "9789863261964", "USER": "ge******************.tw", "CONTENT": "朱正總結老毛的反右派鬥爭就是文化大革命的彩排。本書在談論1957年的時候，認為那次的「反右」改變了原本中共八大的路線，進一步破壞民主法治，敗壞社會道德，從而為日後的十年文革浩劫準備好新舞台，當年被清洗掉的知識分子，僅官方公佈就達53萬，足見當年之慘況！"}, {"BOOKNAME": "中國是誰的？從台北看北京", "ISBN": "9789868790636", "USER": "s1*****103", "CONTENT": "本書的結構就像在看報紙上的評論，所以閱讀起來很輕鬆，而且本書最大的優點就是讀者不需要對中國大陸有太多的先備知識也都能了解此書的脈絡，是一本既有趣又不失其批判的書。"}, {"BOOKNAME": "從柏林圍牆到天安門－從德國看中國的現代", "ISBN": "9789867178909", "USER": "le**206", "CONTENT": "在台灣的我們雖然知道二戰因納粹而起，但對於遠在世界另一端的德國的經歷，我們卻不真的熟悉，余杰在此書中算是以遊記的方式呈現，記錄下拜訪德國各名勝古蹟後的感想，也書寫下德國灰暗的歷史篇章，並以此反思10年前的中國，然此反思，至今依然受用"}, {"BOOKNAME": "九評共產黨(十週年紀念版)", "ISBN": "9789868897656", "USER": "ge******************.tw", "CONTENT": "本書簡稱《九評》，是報紙〈大紀元〉發表的系列評論文章，每一評論，沒有直接說中共多壞，文章僅僅陳述的歷史罪行和現世的罪惡，就充分讓閱讀者明白中共是一個甚麼樣的黨了。書的扉頁上寫：它全面揭示中共建政以來的一切謊言邪說，幫助世人認清了中共的本質。"}, {"BOOKNAME": "我是世界最大黨：誰在統治及如何統治中國", "ISBN": "9789570843903", "USER": "a2****740", "CONTENT": "我認為，一名生長於鄰近亞洲國家的澳洲人，寫一本評論中國政治經濟的書籍，比較不會受到西方中心思維的干擾。而這本書我認為在大陸制度面的敘述非常詳細，其觀點也非常中肯，讓我忍不住想將這本書推薦給我的大陸朋友，相信其中的描述會讓他們心有戚戚焉。"}, {"BOOKNAME": "中國無法偉大的50個理由", "ISBN": "9789866723230", "USER": "j7***034", "CONTENT": "這是一本很奇特的書!以外國人的身分來深刻地描寫當今中國的各種亂象以及潛在危機 不可否認的是,少數內容個人主觀意識較為強烈,但是書上不少的問題確實值得一黨制的中國深深警惕!"}]