[{"BOOKNAME": "水果獵人：自然、商業、冒險，一段水果狂人的熱帶奇遇記", "ISBN": "9789579501729", "USER": "le*******003", "CONTENT": "p.55 翻譯中國台灣地區 在台灣出版品也要遵守一國兩制? 爛出版社-以後絕對抵制。 以後出書請事先聲明自己是一家遵守一國兩制的爛出版社，不要用台灣的自由來糟蹋台灣。"}, {"BOOKNAME": "i世代報告：更包容、沒有叛逆期，卻也更憂鬱不安，且遲遲無法長大的一代", "ISBN": "9789579542906", "USER": "el**irs", "CONTENT": "這本書描述的美國i世代現狀，和以前看的美劇影集不太一樣，沒想到網路和手機對人的影響如此深遠。雖然書名是報告貌似嚴肅，但其實內容蠻容易閱讀與理解。"}, {"BOOKNAME": "路西法效應（修訂版）：在善惡的邊緣了解人性", "ISBN": "9789862726389", "USER": "ra**476", "CONTENT": "經典之作!這已列為我人生之書，金巴多設計了一場史上最可怕且真實的場景；任何人進入必將不由自主的朝著權力的慾望走去，正如渴求著腐肉的蒼蠅般，正因這是真實的，所以更加令人恐慌，畏懼著人性的脆弱與盲從，所幸金巴多在書中給了一盞明燈引領著人性的光明，這是一本值得一讀再讀的好書!!"}, {"BOOKNAME": "路西法效應", "ISBN": "9789866662287", "USER": "a0******721", "CONTENT": "路西法效應這本書是在說一個實驗，「史丹福監獄實驗」，這個實驗的目的是在說明情境模式對人的影響，說明有時候人會做出不可思議的事，並不一定是自己的本性不好，有可能是情境模式的影響，讓自己與他人同化了，才會做出一些過分的事，本性並不一定不好，這本書讓我了解情境模式對人的影響。"}, {"BOOKNAME": "愛與被愛", "ISBN": "9789576211515", "USER": "te**118", "CONTENT": "這是一本很不錯的小書.作者本身是心理醫師.所以接觸過許多問題,也讓他動手寫下針對夫妻配偶之間的問題,愛,被愛,衍生出人生所有的恩怨情仇,所有的關係,值得一看囉！"}]