[{"BOOKNAME": "光明的追求：從獸脂、蠟燭、鯨油、煤氣到輸電網，點亮第一盞燈到人類輝煌文明的萬年演進史", "ISBN": "9789862358351", "USER": "hw*der*", "CONTENT": "從原始人在黑暗的山洞裡畫動物壁畫開始，到接近本書的一半時，實用的電燈發明出來了，期間渡過脂肪燈、鯨油蠟燭、煤氣燈。本書後半轉而講了博覽會、發電廠、電網，大停電的黑暗，光線對生理時鐘的影響、工作時數延長、光害、尋求冷光、國際暗天協會。人類追求光線的相關歷史知識都在這裏面了。"}, {"BOOKNAME": "達爾文進城來了：新物種誕生！都市叢林如何驅動演化？", "ISBN": "9789862358337", "USER": "hw*der*", "CONTENT": "每章內容只有幾頁，閱讀無壓力。講的是在城市裡看到的演化進行式。由於人類改變了生態環境，許多生物開始適應都市生活：熱島效應無需避寒、多采多姿的食物來源、各種光害與噪音、各種有毒物質需要解毒、破碎的棲地環境，沒被淘汰的生物們甚至開始種化了，例如由一種鳥區分成城市鳥與森林鳥了。"}, {"BOOKNAME": "生命的躍升：40億年演化史上最重要的10大關鍵", "ISBN": "9789862622995", "USER": "ge******************.tw", "CONTENT": "《生命的躍升》是一本評價很高的生物學科普書，我比較喜歡前一個版本的封面，2016年修訂版增加註釋，內容大致相同，對達爾文物種起源之後生物學的發展感興趣的人相信也會喜歡這本書。"}, {"BOOKNAME": "生命的躍升：40億年演化史上最重要的10大關鍵", "ISBN": "9789862622995", "USER": "ge******************.tw", "CONTENT": "《生命的躍升》是一本評價很高的生物學科普書，我比較喜歡前一個版本的封面，2016年修訂版增加註釋，內容大致相同，對達爾文物種起源之後生物學的發展感興趣的人相信也會喜歡這本書。"}, {"BOOKNAME": "羽的奇蹟", "ISBN": "9789865727208", "USER": "sn***109", "CONTENT": "作者以幽默的筆調,清晰簡潔又條理分明地將羽毛歷來在科學上,不論是功能作用,與恐龍在演化上的關係說明,都是一部淺顯易懂的科普書籍值得一看"}, {"BOOKNAME": "生命的躍升：40億年演化史上最重要的10個關鍵", "ISBN": "9789862620908", "USER": "li****lun", "CONTENT": "從生化學家的角度選出十項地球上生命演化的關鍵項目,當然其中有些屬作者分析的強項,就用比較文字在其中打轉,稍弱的部份引述現代諸多學者的論典,只是引據這些學者與論文的地方顯得有些太過詳盡;變得文章很累贅也有點唐突,干擾到閱讀的流暢性.譯者很認真的把橫跨這麼廣領域譯得很妥當."}, {"BOOKNAME": "第一隻眼的誕生：透視寒武紀大爆發的祕密", "ISBN": "9789861201771", "USER": "li****lun", "CONTENT": "追尋遠古生物與現在生物中重大演化的里程碑確實非常讓人敬佩,但有點突兀的是有點在酸說這個領域無諾貝爾獎嘉許,是感慨還是覺得被世人冷落?華萊仕和達爾文當年亦無諾貝爾獎,仍鑽研不已,平白無故的牢騷壞了點好題目."}]