[{"BOOKNAME": "上帝的粒子：希格斯粒子的發明與發現", "ISBN": "9789862624142", "USER": "ge******************.tw", "CONTENT": "希格斯粒子科普書再版，上次是2013年，這是一本沒有複雜的物理學公式、比較方便閱讀的科普書，巴格特把近一百年來粒子物理學的發展過程敘述了一遍。"}, {"BOOKNAME": "胡桃裡的宇宙", "ISBN": "9789570316988", "USER": "hx****722", "CONTENT": "《胡桃裡的宇宙》一舉打破了我對科學的冷感，以淺顯而生動的語言帶領我們這些甚少接觸物理的門外漢，圖文方式的解說與巧妙的譬喻，讓我們可以踩著這位走在科學前端的史帝芬‧霍金的肩膀，一同眺望更遠更廣的科學領域！"}, {"BOOKNAME": "胡桃裡的宇宙", "ISBN": "9789570316988", "USER": "hx****722", "CONTENT": "《胡桃裡的宇宙》一舉打破了我對科學的冷感，以淺顯而生動的語言帶領我們這些甚少接觸物理的門外漢，圖文方式的解說與巧妙的譬喻，讓我們可以踩著這位走在科學前端的史帝芬‧霍金的肩膀，一同眺望更遠更廣的科學領域！"}, {"BOOKNAME": "我在MIT燃燒物理魂", "ISBN": "9789573269724", "USER": "ay****986", "CONTENT": "這本書不只用淺白生動的方式描述前人如何思考物理,裡面更是附上許多有用實用的網站內容, 讓有興趣的人可以再深入理解或是從影片中了解書的樂趣, 作者喜愛用實驗證理論,從書中看他如何驗證更是大快人心!!"}, {"BOOKNAME": "我在MIT燃燒物理魂", "ISBN": "9789573269724", "USER": "ay****986", "CONTENT": "這本書不只用淺白生動的方式描述前人如何思考物理,裡面更是附上許多有用實用的網站內容, 讓有興趣的人可以再深入理解或是從影片中了解書的樂趣, 作者喜愛用實驗證理論,從書中看他如何驗證更是大快人心!!"}, {"BOOKNAME": "優雅的宇宙", "ISBN": "9789570518238", "USER": "li****lun", "CONTENT": "本地專寫弦論的科普書籍,在南部陽一郎、益川敏英與小林誠在2008年獲得諾貝爾物理獎後,坊間此類的書仍稀罕,拜電腦威力愈來愈強之下有望再推前,此書算弦論的導讀."}]