[{"BOOKNAME": "高中數學公式酷搜本", "ISBN": "9789866187759", "USER": "a1**38a", "CONTENT": "數學不好的話真的念起來真的會超無力，感覺怎麼讀還是成績不好，怎麼算還是解不出來答案，到最後很多人就會對數學失去信心，甚至在大考時就整個放棄，這本公式書很實用，把數學的公式都詳細的介紹了，數學要好，公式一定是最基本的，有公式才能夠運算出答案。"}, {"BOOKNAME": "高中數學公式酷搜本", "ISBN": "9789866187759", "USER": "a1**38a", "CONTENT": "數學不好的話真的念起來真的會超無力，感覺怎麼讀還是成績不好，怎麼算還是解不出來答案，到最後很多人就會對數學失去信心，甚至在大考時就整個放棄，這本公式書很實用，把數學的公式都詳細的介紹了，數學要好，公式一定是最基本的，有公式才能夠運算出答案。"}]