[{"BOOKNAME": "臺灣史上最有梗的臺灣史", "ISBN": "9789861372242", "USER": "sh****y22", "CONTENT": "作者運用了許多鄉民慣用的文字、周星馳的電影梗等充滿幽默感的文字，讓人更加了解臺灣的歷史。如果你是歷史迷，一定要來看看這本書，如果你家有小孩或者你想讓朋友覺得你歷史很厲害，更要看這本（哈～可以假裝自已很熬）笑點很高的我，閱讀時數次笑出聲來，在外面看書時，都很怕吵到人家～"}, {"BOOKNAME": "臺灣史上最有梗的臺灣史", "ISBN": "9789861372242", "USER": "sh****y22", "CONTENT": "作者運用了許多鄉民慣用的文字、周星馳的電影梗等充滿幽默感的文字，讓人更加了解臺灣的歷史。如果你是歷史迷，一定要來看看這本書，如果你家有小孩或者你想讓朋友覺得你歷史很厲害，更要看這本（哈～可以假裝自已很熬）笑點很高的我，閱讀時數次笑出聲來，在外面看書時，都很怕吵到人家～"}, {"BOOKNAME": "臺灣史上最有梗的臺灣史", "ISBN": "9789861372242", "USER": "sh****y22", "CONTENT": "作者運用了許多鄉民慣用的文字、周星馳的電影梗等充滿幽默感的文字，讓人更加了解臺灣的歷史。如果你是歷史迷，一定要來看看這本書，如果你家有小孩或者你想讓朋友覺得你歷史很厲害，更要看這本（哈～可以假裝自已很熬）笑點很高的我，閱讀時數次笑出聲來，在外面看書時，都很怕吵到人家～"}, {"BOOKNAME": "臺灣史上最有梗的臺灣史", "ISBN": "9789861372242", "USER": "sh****y22", "CONTENT": "作者運用了許多鄉民慣用的文字、周星馳的電影梗等充滿幽默感的文字，讓人更加了解臺灣的歷史。如果你是歷史迷，一定要來看看這本書，如果你家有小孩或者你想讓朋友覺得你歷史很厲害，更要看這本（哈～可以假裝自已很熬）笑點很高的我，閱讀時數次笑出聲來，在外面看書時，都很怕吵到人家～"}, {"BOOKNAME": "臺灣史上最有梗的臺灣史", "ISBN": "9789861372242", "USER": "sh****y22", "CONTENT": "作者運用了許多鄉民慣用的文字、周星馳的電影梗等充滿幽默感的文字，讓人更加了解臺灣的歷史。如果你是歷史迷，一定要來看看這本書，如果你家有小孩或者你想讓朋友覺得你歷史很厲害，更要看這本（哈～可以假裝自已很熬）笑點很高的我，閱讀時數次笑出聲來，在外面看書時，都很怕吵到人家～"}, {"BOOKNAME": "臺灣史上最有梗的臺灣史", "ISBN": "9789861372242", "USER": "sh****y22", "CONTENT": "作者運用了許多鄉民慣用的文字、周星馳的電影梗等充滿幽默感的文字，讓人更加了解臺灣的歷史。如果你是歷史迷，一定要來看看這本書，如果你家有小孩或者你想讓朋友覺得你歷史很厲害，更要看這本（哈～可以假裝自已很熬）笑點很高的我，閱讀時數次笑出聲來，在外面看書時，都很怕吵到人家～"}, {"BOOKNAME": "臺灣史上最有梗的臺灣史", "ISBN": "9789861372242", "USER": "sh****y22", "CONTENT": "作者運用了許多鄉民慣用的文字、周星馳的電影梗等充滿幽默感的文字，讓人更加了解臺灣的歷史。如果你是歷史迷，一定要來看看這本書，如果你家有小孩或者你想讓朋友覺得你歷史很厲害，更要看這本（哈～可以假裝自已很熬）笑點很高的我，閱讀時數次笑出聲來，在外面看書時，都很怕吵到人家～"}, {"BOOKNAME": "臺灣史上最有梗的臺灣史", "ISBN": "9789861372242", "USER": "sh****y22", "CONTENT": "作者運用了許多鄉民慣用的文字、周星馳的電影梗等充滿幽默感的文字，讓人更加了解臺灣的歷史。如果你是歷史迷，一定要來看看這本書，如果你家有小孩或者你想讓朋友覺得你歷史很厲害，更要看這本（哈～可以假裝自已很熬）笑點很高的我，閱讀時數次笑出聲來，在外面看書時，都很怕吵到人家～"}, {"BOOKNAME": "臺灣歷史圖說（三版）", "ISBN": "9789570848083", "USER": "vi******748", "CONTENT": "周婉窈老師的台灣史入門書，對台灣史有興趣或是想初步了解台灣史的人絕對不可錯過！ 周老師係以台灣為主體的史觀角度來述說，內容豐富，並搭配大量圖片解說，閱讀容易。"}, {"BOOKNAME": "台灣人的抵抗與認同", "ISBN": "9789573263425", "USER": "s1*****103", "CONTENT": "台灣人在日治時期，如何在二等公民的情形下抵抗殖民政府，而同時塑造出台灣人群體的自我認同呢？本書將會給讀者一個解答，看我群與他者的民族共同體是如何建立。"}, {"BOOKNAME": "快讀台灣史﹝全彩﹞", "ISBN": "9789867819093", "USER": "hw*der*", "CONTENT": "自認為對台灣史很不了解，近日新聞說歷史教育將詳今而略古，所以找了這本書來看看。 雖然說60分鐘快讀，但是，讀到傷心處&#x28;二戰及戰後&#x29;仍然覺得想放著，結果就放了一個月，今天才闖過去。 我覺得這樣小書挺好，可以讓讀著快速鳥瞰，又是全彩，有珍貴照片。"}, {"BOOKNAME": "那個鳥年代（澎派童玩盒裝版）", "ISBN": "4717702093235", "USER": "hu***093", "CONTENT": "本來對這種台灣的題材沒啥興趣，網路上看到多人在討論 心想買一本來試試，沒想到ㄧ翻開就無法停止簡直快被笑死， 完全沒有歷史給人的那種沈悶的感受，讀畢還有種淡淡的懷舊之情 這真的是一部不可多得的繪本，非常強烈推薦！ 但看到澎湃版有將近四種玩具  ，買來珍藏我想也是不錯的！"}, {"BOOKNAME": "那個鳥年代（澎派童玩盒裝版）", "ISBN": "4717702093235", "USER": "hu***093", "CONTENT": "本來對這種台灣的題材沒啥興趣，網路上看到多人在討論 心想買一本來試試，沒想到ㄧ翻開就無法停止簡直快被笑死， 完全沒有歷史給人的那種沈悶的感受，讀畢還有種淡淡的懷舊之情 這真的是一部不可多得的繪本，非常強烈推薦！ 但看到澎湃版有將近四種玩具  ，買來珍藏我想也是不錯的！"}, {"BOOKNAME": "那個鳥年代（澎派童玩盒裝版）", "ISBN": "4717702093235", "USER": "hu***093", "CONTENT": "本來對這種台灣的題材沒啥興趣，網路上看到多人在討論 心想買一本來試試，沒想到ㄧ翻開就無法停止簡直快被笑死， 完全沒有歷史給人的那種沈悶的感受，讀畢還有種淡淡的懷舊之情 這真的是一部不可多得的繪本，非常強烈推薦！ 但看到澎湃版有將近四種玩具  ，買來珍藏我想也是不錯的！"}, {"BOOKNAME": "那個鳥年代", "ISBN": "9789869288071", "USER": "hu***093", "CONTENT": "本來對這種台灣的題材沒啥興趣，網路上看到多人在討論 心想買一本來試試，沒想到ㄧ翻開就無法停止 簡直快被笑死，作者將那一段段塵封的往事給與一種新註解 完全沒有歷史給人的那種沈悶的感受，讀畢還有種淡淡的懷舊之情 這真的是一部不可多得的繪本，非常強烈推薦！"}, {"BOOKNAME": "那個鳥年代", "ISBN": "9789869288071", "USER": "hu***093", "CONTENT": "本來對這種台灣的題材沒啥興趣，網路上看到多人在討論 心想買一本來試試，沒想到ㄧ翻開就無法停止 簡直快被笑死，作者將那一段段塵封的往事給與一種新註解 完全沒有歷史給人的那種沈悶的感受，讀畢還有種淡淡的懷舊之情 這真的是一部不可多得的繪本，非常強烈推薦！"}, {"BOOKNAME": "那個鳥年代", "ISBN": "9789869288071", "USER": "hu***093", "CONTENT": "本來對這種台灣的題材沒啥興趣，網路上看到多人在討論 心想買一本來試試，沒想到ㄧ翻開就無法停止 簡直快被笑死，作者將那一段段塵封的往事給與一種新註解 完全沒有歷史給人的那種沈悶的感受，讀畢還有種淡淡的懷舊之情 這真的是一部不可多得的繪本，非常強烈推薦！"}, {"BOOKNAME": "被扭曲的臺灣史：1684~1972撥開三百年的歷史迷霧", "ISBN": "9789571362014", "USER": "ha**100", "CONTENT": "原來當時的狀況是這樣，看著看著，忽然覺得歷史到底有沒有「真實」？幾乎把我們從歷史課本學來的知識推翻了。以前對於歷史不怎麼喜歡，但是忽然覺得連橫說的話確實很對：「汝為臺灣人，不得不知臺灣史。」"}, {"BOOKNAME": "被扭曲的臺灣史：1684~1972撥開三百年的歷史迷霧", "ISBN": "9789571362014", "USER": "ha**100", "CONTENT": "原來當時的狀況是這樣，看著看著，忽然覺得歷史到底有沒有「真實」？幾乎把我們從歷史課本學來的知識推翻了。以前對於歷史不怎麼喜歡，但是忽然覺得連橫說的話確實很對：「汝為臺灣人，不得不知臺灣史。」"}, {"BOOKNAME": "當老樹在說話：那一年，他們在台南種下的樹", "ISBN": "9789866281662", "USER": "na*803*", "CONTENT": "這本書讓我只閱讀一半，便急忙帶著妻兒驅車前往台南一探究竟， 由老樹引領出對土地的一段故事、感情。不只是走馬看花，而是對歷史的一段探尋，值得品味。"}, {"BOOKNAME": "被混淆的臺灣史：1861~1949之史實不等於事實", "ISBN": "9789571358864", "USER": "tm***188", "CONTENT": "書中談論到，台灣婦女的裹小腳文化。之前，我以只有錢人才有辦法裹小腳，可是據1915戶口調查的數據來看，仍舊有二十八萬人有裹腳，日本離開台前，台灣人口也才六百萬人，代表當時有超過百分之五左右的人，是有裹小腳，真是超乎我的想像。"}, {"BOOKNAME": "被混淆的臺灣史：1861~1949之史實不等於事實", "ISBN": "9789571358864", "USER": "tm***188", "CONTENT": "書中談論到，台灣婦女的裹小腳文化。之前，我以只有錢人才有辦法裹小腳，可是據1915戶口調查的數據來看，仍舊有二十八萬人有裹腳，日本離開台前，台灣人口也才六百萬人，代表當時有超過百分之五左右的人，是有裹小腳，真是超乎我的想像。"}, {"BOOKNAME": "台灣總督府", "ISBN": "9789578017115", "USER": "s1*****103", "CONTENT": "黃昭堂老師的這本書，是透過對日治時期台灣的最高權力機關，台灣總督府來描寫日治時期50年的歷史，也就由一個個總督與政策探討整個日治時期的日本與台灣面向。"}, {"BOOKNAME": "台灣總督府", "ISBN": "9789578017115", "USER": "s1*****103", "CONTENT": "黃昭堂老師的這本書，是透過對日治時期台灣的最高權力機關，台灣總督府來描寫日治時期50年的歷史，也就由一個個總督與政策探討整個日治時期的日本與台灣面向。"}, {"BOOKNAME": "台灣史101問", "ISBN": "9789862940471", "USER": "s1*****103", "CONTENT": "透過李筱峰老師的這本書，讀者從他所發問的問題來了解台灣史，一方面檢驗自己對台灣史的了解，一方面也跟自己過去所學的「制式」歷史對話。"}, {"BOOKNAME": "被誤解的臺灣史：1553～1860之史實未必是事實", "ISBN": "9789571357287", "USER": "yu*a23*", "CONTENT": "歷史研究的是真正發生過的事，然而隨著年代遠去或是耆老凋零反而讓人越來越看不清楚，所以今日所知的歷史既真實又令人存疑──而這兩個特質都增添了它的魅力。 作者以「你以為」與「事實是」的方式破題，藉著兩者間的落差引發讀者的興趣，讀完本書不但滿足了好奇心，也像聽了許多有趣的臺灣歷史故事。"}, {"BOOKNAME": "被誤解的臺灣史：1553～1860之史實未必是事實", "ISBN": "9789571357287", "USER": "yu*a23*", "CONTENT": "歷史研究的是真正發生過的事，然而隨著年代遠去或是耆老凋零反而讓人越來越看不清楚，所以今日所知的歷史既真實又令人存疑──而這兩個特質都增添了它的魅力。 作者以「你以為」與「事實是」的方式破題，藉著兩者間的落差引發讀者的興趣，讀完本書不但滿足了好奇心，也像聽了許多有趣的臺灣歷史故事。"}, {"BOOKNAME": "流麻溝十五號", "ISBN": "9789574454969", "USER": "s1*****103", "CONTENT": "繼《青島東路三號》後，本書給讀者呈現的仍是白色恐怖受難者，但這次以女性的觀點來述說她們的生命歷程，有別於現在多數的文獻以男性受難者為主，而有了另一種聲音。"}, {"BOOKNAME": "走過八十年代（思想22）", "ISBN": "9789570840964", "USER": "s1*****103", "CONTENT": "八零年代的台灣，有許多的社會運動發生，而本書就是透過各個作者的文章來告訴讀者究竟八零年代的台灣發生了什麼事？為何會有這些事的發生？"}, {"BOOKNAME": "台灣通史", "ISBN": "9789571356433", "USER": "ch****723", "CONTENT": "《台灣通史》為有關台灣歷史的一部通史著作，算是台灣人第一次完成的第一部冠以「臺灣通史」名稱的著作。  因為《臺灣通史》成於異民族日本的殖民統治時代，深抱家國之痛的連橫，對先民篳路藍褸開荒拓土的艱苦精神表示無限的敬意，而且處處洋溢著對鄉土深切的關愛之情。"}, {"BOOKNAME": "海洋與殖民地臺灣論集", "ISBN": "9789570839555", "USER": "s1*****103", "CONTENT": "本書分成兩部分：一是海洋篇，主要探討台灣是如何被發現？又如何被中國收歸從疆土？二是殖民地篇，談日治教育、江文也與林獻堂的個人經歷看他們的抵抗與認同。"}, {"BOOKNAME": "海洋與殖民地臺灣論集", "ISBN": "9789570839555", "USER": "s1*****103", "CONTENT": "本書分成兩部分：一是海洋篇，主要探討台灣是如何被發現？又如何被中國收歸從疆土？二是殖民地篇，談日治教育、江文也與林獻堂的個人經歷看他們的抵抗與認同。"}, {"BOOKNAME": "賽德克巴萊：史實全紀錄", "ISBN": "9789868744301", "USER": "ne****n86", "CONTENT": "真是立意精神太棒的一本書！絕對值得傳承和推廣！慘烈的歷史訴說著「尊重生命」的人文素養之重要性，而這本書獨特的地方更是它用不同的聲音發聲，並非「強者之聲」或者「公道之聲」，而是更貼近「真理之音」。我覺得此書不僅僅是一本歷史書，也是個實用的工具書，激起我收藏的意願。"}, {"BOOKNAME": "賽德克巴萊：史實全紀錄", "ISBN": "9789868744301", "USER": "ne****n86", "CONTENT": "真是立意精神太棒的一本書！絕對值得傳承和推廣！慘烈的歷史訴說著「尊重生命」的人文素養之重要性，而這本書獨特的地方更是它用不同的聲音發聲，並非「強者之聲」或者「公道之聲」，而是更貼近「真理之音」。我覺得此書不僅僅是一本歷史書，也是個實用的工具書，激起我收藏的意願。"}, {"BOOKNAME": "賽德克巴萊：史實全紀錄", "ISBN": "9789868744301", "USER": "ne****n86", "CONTENT": "真是立意精神太棒的一本書！絕對值得傳承和推廣！慘烈的歷史訴說著「尊重生命」的人文素養之重要性，而這本書獨特的地方更是它用不同的聲音發聲，並非「強者之聲」或者「公道之聲」，而是更貼近「真理之音」。我覺得此書不僅僅是一本歷史書，也是個實用的工具書，激起我收藏的意願。"}, {"BOOKNAME": "賽德克巴萊：史實全紀錄", "ISBN": "9789868744301", "USER": "ne****n86", "CONTENT": "真是立意精神太棒的一本書！絕對值得傳承和推廣！慘烈的歷史訴說著「尊重生命」的人文素養之重要性，而這本書獨特的地方更是它用不同的聲音發聲，並非「強者之聲」或者「公道之聲」，而是更貼近「真理之音」。我覺得此書不僅僅是一本歷史書，也是個實用的工具書，激起我收藏的意願。"}, {"BOOKNAME": "賽德克巴萊：史實全紀錄", "ISBN": "9789868744301", "USER": "ne****n86", "CONTENT": "真是立意精神太棒的一本書！絕對值得傳承和推廣！慘烈的歷史訴說著「尊重生命」的人文素養之重要性，而這本書獨特的地方更是它用不同的聲音發聲，並非「強者之聲」或者「公道之聲」，而是更貼近「真理之音」。我覺得此書不僅僅是一本歷史書，也是個實用的工具書，激起我收藏的意願。"}, {"BOOKNAME": "賽德克巴萊：史實全紀錄", "ISBN": "9789868744301", "USER": "ne****n86", "CONTENT": "真是立意精神太棒的一本書！絕對值得傳承和推廣！慘烈的歷史訴說著「尊重生命」的人文素養之重要性，而這本書獨特的地方更是它用不同的聲音發聲，並非「強者之聲」或者「公道之聲」，而是更貼近「真理之音」。我覺得此書不僅僅是一本歷史書，也是個實用的工具書，激起我收藏的意願。"}, {"BOOKNAME": "賽德克巴萊：史實全紀錄", "ISBN": "9789868744301", "USER": "ne****n86", "CONTENT": "真是立意精神太棒的一本書！絕對值得傳承和推廣！慘烈的歷史訴說著「尊重生命」的人文素養之重要性，而這本書獨特的地方更是它用不同的聲音發聲，並非「強者之聲」或者「公道之聲」，而是更貼近「真理之音」。我覺得此書不僅僅是一本歷史書，也是個實用的工具書，激起我收藏的意願。"}, {"BOOKNAME": "台灣的海洋歷史文化", "ISBN": "9789866789946", "USER": "s1*****103", "CONTENT": "台灣做為一個四面環海的島嶼，海洋文化對台灣而言實為重要，從清朝時期的唐山過台灣，到現在的媽祖信仰都與海洋息息相關，透過本書讀者得以了解台灣海洋的歷史文化。"}, {"BOOKNAME": "海洋臺灣：歷史上與東西洋的交接", "ISBN": "9789570837179", "USER": "ch****150", "CONTENT": "相當平述與充實的一本台灣通史，從荷蘭人到國民黨政府遷台，不但詳述了西、荷、中、日各國於15~20世紀在台灣的角逐戰，後面也有提到美國對近代台灣的影響力。"}, {"BOOKNAME": "台灣近現代史論集", "ISBN": "9789866789090", "USER": "s1*****103", "CONTENT": "從這本台灣近現代史論集，可以了解台灣從日據到中華民國在台灣的歷史事實分析，讓讀者得以跳脫教科書的脈絡，重新去認識近現代的台灣。"}, {"BOOKNAME": "思想（4）：台灣的七十年代", "ISBN": "9789570831269", "USER": "s1*****103", "CONTENT": "本書從回台灣的七十年代，看台灣鄉土文學論戰以及論戰所造成的盪漾，去看七十年代為台灣接下來的年代，從文學百花齊放到解除戒嚴，都可以看的到其影響。"}, {"BOOKNAME": "與馬英九論台灣史", "ISBN": "9789867375711", "USER": "s1*****103", "CONTENT": "作者從馬英九談台灣史的文章去檢驗，馬影九所建構的台灣史真的是事實，抑或是被扭曲的？這本書將會給讀者答案，也讓讀者可以在黨國教育的洗腦之下看黨的領導者是如何捍衛這價值。"}, {"BOOKNAME": "台灣心台灣魂", "ISBN": "9789579266338", "USER": "s9**715", "CONTENT": "本書首先由歷史和地理的時空背景切入，追本溯源的探究客家族群的來源和分佈。不僅糾正一般人認為客家人祖籍一定是廣東，福佬必定是福建，以及在台灣客家人大都聚集在桃竹苗一帶的謬誤。其實，台灣處處有客蹤，作者詳實記錄客家人從台灣頭到台灣尾分佈的軌跡，"}, {"BOOKNAME": "台灣史100件大事（上）", "ISBN": "9789578246256", "USER": "s1*****103", "CONTENT": "李筱峰老師的這本書，上冊從荷蘭時期到日治時期，記錄了台灣史的大事蹟，除了讓讀者了解台灣過去的歷史，更能藉由延伸閱讀針對有興趣的主題去深入了解。"}, {"BOOKNAME": "台灣史100件大事（上）", "ISBN": "9789578246256", "USER": "s1*****103", "CONTENT": "李筱峰老師的這本書，上冊從荷蘭時期到日治時期，記錄了台灣史的大事蹟，除了讓讀者了解台灣過去的歷史，更能藉由延伸閱讀針對有興趣的主題去深入了解。"}, {"BOOKNAME": "台灣史100件大事（下）", "ISBN": "9789578246263", "USER": "s1*****103", "CONTENT": "李筱峰老師的這本書，下冊從日治時期到中華民國在台灣，記錄了台灣史的大事蹟，除了讓讀者了解台灣近代的歷史，更能藉由延伸閱讀針對有興趣的主題去深入了解。"}, {"BOOKNAME": "被誤解的台灣老地名：從古地圖洞悉台灣地名的前世今生(彩色修訂版)", "ISBN": "9789865080341", "USER": "ev******429", "CONTENT": "日常生活習以為常的地名，從未認真思考過它的來源，透過本書，了解台灣的歷史，進而對我們生於斯長於斯的這塊土地-台灣，獲得全面的新認知，追本溯源，深度而全面的了解台灣。"}, {"BOOKNAME": "被誤解的台灣老地名：從古地圖洞悉台灣地名的前世今生(彩色修訂版)", "ISBN": "9789865080341", "USER": "ev******429", "CONTENT": "日常生活習以為常的地名，從未認真思考過它的來源，透過本書，了解台灣的歷史，進而對我們生於斯長於斯的這塊土地-台灣，獲得全面的新認知，追本溯源，深度而全面的了解台灣。"}, {"BOOKNAME": "漫畫台灣年史（新版）", "ISBN": "9789578012288", "USER": "e8****029", "CONTENT": "《漫畫台灣年史》是依照日本統治台灣的50年，約略每年一幅所畫出來的50件作品；珍貴圖集加上戴寶村教授的的文字解說來介紹歷任台灣總督與日殖時期的施政方針,值得一看。"}, {"BOOKNAME": "隱藏地圖中的日治台灣真相：太陽帝國的最後一塊拼圖", "ISBN": "9789865787783", "USER": "mi*****309", "CONTENT": "身為一個業餘的歷史愛好人士，對於這一本書的感想是 1、內文所說部份，大部份沒有引用出處來源 → 真實性需打折扣。 2、作者對日本的意識型態過重，導致全書部份在語言字辭上有失公允情形。 3、大量的圖片值得推薦，但對於文字的解說部份，還請作者向另一位作家-陳柔縉請益"}, {"BOOKNAME": "無法送達的遺書：記那些在恐怖年代失落的人", "ISBN": "9789869109345", "USER": "pu******ty1", "CONTENT": "本書揭露了白色恐怖受難者家屬的心情，內容非常沈重。但是可能是因為寫手們的優美文筆，使這些哀傷沈重的故事散發出一種療癒的感覺，好像是在說雖然臺灣有黑暗悲慘的過去，但還是有光明希望的未來。這是本充滿人文關懷的傑作，值得一讀。"}, {"BOOKNAME": "灣生回家", "ISBN": "9789573274896", "USER": "st**309", "CONTENT": "看完了突然覺得自己好像不是台灣人，因為作者雖然當時為日本籍，卻比我熱愛台灣。而且有趣的是彎生這個詞，是我從這本書才知道的，我的國中高中歷史課本完全沒有提到灣生這個詞，在此也肯定作者及感謝作者補足我對台灣史這部份的缺漏。"}, {"BOOKNAME": "灣生回家", "ISBN": "9789573274896", "USER": "st**309", "CONTENT": "看完了突然覺得自己好像不是台灣人，因為作者雖然當時為日本籍，卻比我熱愛台灣。而且有趣的是彎生這個詞，是我從這本書才知道的，我的國中高中歷史課本完全沒有提到灣生這個詞，在此也肯定作者及感謝作者補足我對台灣史這部份的缺漏。"}, {"BOOKNAME": "灣生回家", "ISBN": "9789573274896", "USER": "st**309", "CONTENT": "看完了突然覺得自己好像不是台灣人，因為作者雖然當時為日本籍，卻比我熱愛台灣。而且有趣的是彎生這個詞，是我從這本書才知道的，我的國中高中歷史課本完全沒有提到灣生這個詞，在此也肯定作者及感謝作者補足我對台灣史這部份的缺漏。"}, {"BOOKNAME": "被出賣的台灣【重譯校註】", "ISBN": "9789868119963", "USER": "ha**100", "CONTENT": "先前反課綱胡作非為時，有人建議看看這書。看了之後，真覺得這書對瞭解歷史沒啥幫助，二二八至今仍是不完全的歷史。該書在某些群體猶如聖書般，但在鄙人眼裡，沒有平鋪直敘的史料，沒有多大參閱價值。被出賣的台灣？誰出賣，又賣給誰？是不是某些人的一廂情願呢？"}, {"BOOKNAME": "少年臺灣史：寫給島嶼的新世代和永懷少年心的國人", "ISBN": "9789862940754", "USER": "s1*****103", "CONTENT": "周婉窈老師的這本書正如書名，比起她之前的《台灣歷史圖說》，可以算是更適合高中以下的徐童閱讀台灣史的書籍，也使得台灣史可以跳脫課本與課綱微調的脈絡下，去看以台灣為主體的一種詮釋。"}, {"BOOKNAME": "到美麗島：沖繩、臺灣 我的家族物語", "ISBN": "9789570843460", "USER": "s1*****103", "CONTENT": "作者從追述她的媽媽，到一篇浩大的家族史故事，其他跨越了沖繩、台灣跟與那國島，更特別的是，本書出現許多常見的人名，但在此書以不同的風貌呈現，也是本書饒富趣味的一部份。"}, {"BOOKNAME": "決戰熱蘭遮：歐洲與中國的第一場戰爭", "ISBN": "9789571356822", "USER": "ku***112", "CONTENT": "從外國人的角度來看如此神話的人物,顛覆了過去長輩們及歷史對鄭成功的印象,作者並未有任何預設及偏坦的立場,而以最詳實的尋找任何可能的資料並如實的描述所有的經過,圖文並茂的生動描實整個事件的發生,不同於以往的呆版的歷史課本,很適合對歷史書有興趣的初學者一看!"}, {"BOOKNAME": "女給時代：1930年代臺灣的珈琲店文化", "ISBN": "9789868838147", "USER": "s1*****103", "CONTENT": "本書探討日治時期在台灣的咖啡店的女服務生，一方面區別台灣與日本內地，一方面在消費文化的進入之下，從小小的咖啡店也能略窺台灣人民的日常生活。"}, {"BOOKNAME": "女給時代：1930年代臺灣的珈琲店文化", "ISBN": "9789868838147", "USER": "s1*****103", "CONTENT": "本書探討日治時期在台灣的咖啡店的女服務生，一方面區別台灣與日本內地，一方面在消費文化的進入之下，從小小的咖啡店也能略窺台灣人民的日常生活。"}, {"BOOKNAME": "女給時代：1930年代臺灣的珈琲店文化", "ISBN": "9789868838147", "USER": "s1*****103", "CONTENT": "本書探討日治時期在台灣的咖啡店的女服務生，一方面區別台灣與日本內地，一方面在消費文化的進入之下，從小小的咖啡店也能略窺台灣人民的日常生活。"}, {"BOOKNAME": "大航海時代的台灣（全新增修版）", "ISBN": "9789866702792", "USER": "ch**044", "CONTENT": "大航海的時代是個充滿冒險犯難的時代，那時候的台灣是個非常美麗的島嶼，位居海上貿易的要道上，是個海運的中途休息站，也是個國家經貿利益重要戰略的據點。想瞭解台灣歷史的人亦可以閱讀此書，相信從中有所收穫才是。"}, {"BOOKNAME": "揭穿中華民國百年真相", "ISBN": "9789868768505", "USER": "s1*****103", "CONTENT": "中華民國創國以來，已經過了一百年了，然而歷史課本裡面所記載的就是中華民國的真相？本書作者群將會揭穿真相，讓讀者看到不同於官方的中華民國史。"}, {"BOOKNAME": "展示臺灣：權力、空間與殖民統治的形象表述（修訂版）", "ISBN": "9789861736860", "USER": "s1*****103", "CONTENT": "本書從博覽會出發，從梳理歐洲博覽會的歷史，到日本是如何在日本內地與歐美於博覽會，展示台灣的形象，而透過博覽會也看到，日本殖民政府是選擇讓哪些元素再現於博覽會，哪些元素又不願引人注目。"}, {"BOOKNAME": "矢內原忠雄及其帝國主義下之台灣", "ISBN": "9789866318436", "USER": "s1*****103", "CONTENT": "何義麟老師的這本可以算是矢內原忠雄原本的精讀，當然日本方面，也有若林正丈老師出的精讀本，而透過本書除了對這本書的介紹之外，還將矢內原忠雄的生命歷程扣入，使得研究與生命結合動態化。"}, {"BOOKNAME": "八八水災口述史：2009－2010災後重建訪問紀錄", "ISBN": "9789578016613", "USER": "s1*****103", "CONTENT": "八八水災是台灣災難史上最嚴重的風災之一，而本書藉由重建的過程，來看在高雄縣、屏東縣與台東縣三個受災最嚴重的地方，重建與過程與其困難，以及當地居民、ngo組織與政府的角力。"}, {"BOOKNAME": "八八水災口述史：2009－2010災後重建訪問紀錄", "ISBN": "9789578016613", "USER": "s1*****103", "CONTENT": "八八水災是台灣災難史上最嚴重的風災之一，而本書藉由重建的過程，來看在高雄縣、屏東縣與台東縣三個受災最嚴重的地方，重建與過程與其困難，以及當地居民、ngo組織與政府的角力。"}, {"BOOKNAME": "圖解台灣史", "ISBN": "9789861781495", "USER": "tc*ris*", "CONTENT": "「身為台灣人，不可不知台灣事」，連雅堂先生當年的信念，今日還有多少人在意？台灣是個多種族齊聚的土地，種族的數量或許比不上中國大陸，但這些人就在你的身邊。這些人從哪裡來，為什麼在這裡？這本台灣史並不厚，但精要地敘述了台灣歷史的發展，想對台灣史有個概括性了解的人，相信可以一口氣讀完"}, {"BOOKNAME": "火殤世紀：傾訴金門的史家之作", "ISBN": "9789573908906", "USER": "c**12**", "CONTENT": "從1911年寫到2003年，吳鈞堯筆下的金門庶民，經歷著大時代文化變遷，國共戰爭，書中人物是活在同一座島嶼上有著不盡相同的社會背景與身份地位，寫作的與被寫作的，都一同融入了橫跨百年的金門歷史鴻溝中。"}, {"BOOKNAME": "戰後臺灣歷史閱覽", "ISBN": "9789571159102", "USER": "s1*****103", "CONTENT": "本書將台灣各重要事件依年代的方式表列並簡要解析，讓讀者可以快速掌握哪一年發生了那些大事，以及這些事情的背景與影響。"}, {"BOOKNAME": "臺灣歷史圖說（增訂本）", "ISBN": "9789570834895", "USER": "g9**215", "CONTENT": "「汝為台灣人，不可不知台灣事。」連橫的台灣通史就現今來說有點過於艱澀和陳舊。作者就原版本加以增訂，以圖文的方式來說歷史，由古至今，簡單易懂，值得一讀。"}, {"BOOKNAME": "在廟口說書", "ISBN": "9789866782473", "USER": "ro***155", "CONTENT": "作者將台南的古蹟以編年的方式，將讀者一一帶入個別的歷史現場，有匠藝的風華，山川的特產、庶民美饌，以說書人的風格，鏗鏘有力起承轉合，搭配驚心動魄的戰爭故事，讓我們重新認識古蹟之美。"}, {"BOOKNAME": "殖民地台灣:左翼政治運動史論", "ISBN": "9789861730226", "USER": "s1*****103", "CONTENT": "陳芳明老師在此書書寫了傳統台灣史隱而不顯的台灣共產黨歷史，讓讀者得以掀起被宰制階級的面紗，重新去看那個時代台灣的左翼運動紀錄。"}, {"BOOKNAME": "幌馬車之歌 ( 增訂版 )", "ISBN": "9789571342085", "USER": "s1*****103", "CONTENT": "本書以小說的形式，將史實化為小說情節去敘述二二八事件的受難者，讓讀者得以不被二二八事件的整個歷史所壓迫，得以去從故事中看每個受難者的個人故事與時代所鑄成的悲哀。"}, {"BOOKNAME": "遇見三百年前的臺灣：裨海紀遊", "ISBN": "9789861330198", "USER": "or********n33", "CONTENT": "回到過去，真好！難以想像的歷史，我們所居住的地方，曾經是個野蠻之地，走走一不小心，不是被草刮傷，就是被蛇咬到。若清廷採納郁永河的建言，今後歷史又如何呢？"}, {"BOOKNAME": "台灣，苦悶的歷史", "ISBN": "9789578012035", "USER": "s1*****103", "CONTENT": "王育德此書將台灣四百年史簡略的介紹，對照於史明的台灣人四百年史，雖嫌簡略但讓讀者能快速了解台灣這四百年內的歷史演變與進程。"}]