[{"BOOKNAME": "蛙類超圖鑑：品種、特徵、飼育知識統統告訴你", "ISBN": "9789863319870", "USER": "l**ke**", "CONTENT": "詳細介紹各種蛙類及其飼育的方法,算是目前市面上相關書籍中,較為詳細,適合有興趣實際飼養的朋友參考的一本書~"}, {"BOOKNAME": "新手專用！兩棲爬蟲類飼育書", "ISBN": "9789863317548", "USER": "l**ke**", "CONTENT": "現在的寵物飼育書真的讓人有驚豔的感覺,上次帶小朋友逛實體書店,小朋友看到這本愛不釋手,除了印刷精美的圖鑑外,輔以深入淺出的文字,真的不失為喜歡飼養爬蟲動物的人的工具書~"}]