[{"BOOKNAME": "南師所講呼吸法門精要", "ISBN": "9789869058834", "USER": "ppo****", "CONTENT": "這一本書，寫的真的不錯，把南師講的各本書的精華，匯集起來成一本小小的書，可別看它小、厚度不厚，可是化繁為簡，一些蠻重要的書喔~"}, {"BOOKNAME": "南師所講呼吸法門精要", "ISBN": "9789869058834", "USER": "ppo****", "CONTENT": "這一本書，寫的真的不錯，把南師講的各本書的精華，匯集起來成一本小小的書，可別看它小、厚度不厚，可是化繁為簡，一些蠻重要的書喔~"}, {"BOOKNAME": "南師所講呼吸法門精要", "ISBN": "9789869058834", "USER": "ppo****", "CONTENT": "這一本書，寫的真的不錯，把南師講的各本書的精華，匯集起來成一本小小的書，可別看它小、厚度不厚，可是化繁為簡，一些蠻重要的書喔~"}, {"BOOKNAME": "東拉西扯：說老人、說老師、說老話", "ISBN": "9789869058810", "USER": "su***oya", "CONTENT": "這本書非常平實樸素.不時描繪出南懷瑾先生非常動人的言行.文字簡單卻饒有深意.讀之令人更加了解南懷瑾先生.也更加感懷南懷瑾先生"}, {"BOOKNAME": "雲深不知處：南懷瑾先生辭世週年紀念", "ISBN": "9789869058803", "USER": "su***oya", "CONTENT": "這本南懷瑾先生辭世週年的紀念專書.包含各界人士的感懷記述.不時散發出南先生平實動人的德風.猶記南懷瑾先生臨終前唸的兩句詩.人歷長途倦老眼.事多失意怕深談.後面沒唸出的兩句是.明知眾生度不盡.偏向紅塵恆拋心.整本書想要描繪的.就是這最後兩句詩的感人德風.德風吹不盡.雲深不知處."}, {"BOOKNAME": "孟子與盡心篇", "ISBN": "9789869058827", "USER": "su***oya", "CONTENT": "孟子盡心篇是孟子一書的中心思想.南懷瑾先生用平易近人又深入淺出的方式.解釋盡心篇的深意.非常精彩.令人受益匪淺.推薦喜歡孟子的朋友."}]