[{"BOOKNAME": "不一樣的中國史11：從光明到黑暗，矛盾並存的時代－－明", "ISBN": "9789573292173", "USER": "60********453", "CONTENT": "楊照先生運用輕鬆自在的筆觸，寫出了明朝如連續劇般生動的歷史橋段，尤其是在講崇禎皇帝的那章，會讓你拍案叫絕的讚聲連連，太有才、太有趣了。         讀了前面幾本的楊照［不一樣的中國史］，這本第十一集與第十集對明朝的介紹，就像在讀知識量高的歷史小說。有興趣的朋友們，可以買來看。😊"}, {"BOOKNAME": "秦始皇︰一場歷史的思辨之旅", "ISBN": "9789578039117", "USER": "ic****029", "CONTENT": "呂老師用生動的歷史故事做背景，用活潑有趣的表達方式告訴你思辨的力量，不了解歷史甚至不看歷史書的人，也可以流暢且遇罷不能得看完此書，最重要的是：收獲滿滿！"}, {"BOOKNAME": "秦始皇︰一場歷史的思辨之旅", "ISBN": "9789578039117", "USER": "ic****029", "CONTENT": "呂老師用生動的歷史故事做背景，用活潑有趣的表達方式告訴你思辨的力量，不了解歷史甚至不看歷史書的人，也可以流暢且遇罷不能得看完此書，最重要的是：收獲滿滿！"}, {"BOOKNAME": "秦始皇︰一場歷史的思辨之旅", "ISBN": "9789578039117", "USER": "ic****029", "CONTENT": "呂老師用生動的歷史故事做背景，用活潑有趣的表達方式告訴你思辨的力量，不了解歷史甚至不看歷史書的人，也可以流暢且遇罷不能得看完此書，最重要的是：收獲滿滿！"}, {"BOOKNAME": "秦始皇︰一場歷史的思辨之旅", "ISBN": "9789578039117", "USER": "ic****029", "CONTENT": "呂老師用生動的歷史故事做背景，用活潑有趣的表達方式告訴你思辨的力量，不了解歷史甚至不看歷史書的人，也可以流暢且遇罷不能得看完此書，最重要的是：收獲滿滿！"}, {"BOOKNAME": "秦始皇︰一場歷史的思辨之旅", "ISBN": "9789578039117", "USER": "ic****029", "CONTENT": "呂老師用生動的歷史故事做背景，用活潑有趣的表達方式告訴你思辨的力量，不了解歷史甚至不看歷史書的人，也可以流暢且遇罷不能得看完此書，最重要的是：收獲滿滿！"}, {"BOOKNAME": "秦始皇︰一場歷史的思辨之旅", "ISBN": "9789578039117", "USER": "ic****029", "CONTENT": "呂老師用生動的歷史故事做背景，用活潑有趣的表達方式告訴你思辨的力量，不了解歷史甚至不看歷史書的人，也可以流暢且遇罷不能得看完此書，最重要的是：收獲滿滿！"}, {"BOOKNAME": "秦始皇︰一場歷史的思辨之旅", "ISBN": "9789578039117", "USER": "ic****029", "CONTENT": "呂老師用生動的歷史故事做背景，用活潑有趣的表達方式告訴你思辨的力量，不了解歷史甚至不看歷史書的人，也可以流暢且遇罷不能得看完此書，最重要的是：收獲滿滿！"}, {"BOOKNAME": "秦始皇︰一場歷史的思辨之旅", "ISBN": "9789578039117", "USER": "ic****029", "CONTENT": "呂老師用生動的歷史故事做背景，用活潑有趣的表達方式告訴你思辨的力量，不了解歷史甚至不看歷史書的人，也可以流暢且遇罷不能得看完此書，最重要的是：收獲滿滿！"}, {"BOOKNAME": "秦始皇︰一場歷史的思辨之旅", "ISBN": "9789578039117", "USER": "ic****029", "CONTENT": "呂老師用生動的歷史故事做背景，用活潑有趣的表達方式告訴你思辨的力量，不了解歷史甚至不看歷史書的人，也可以流暢且遇罷不能得看完此書，最重要的是：收獲滿滿！"}, {"BOOKNAME": "秦始皇︰一場歷史的思辨之旅", "ISBN": "9789578039117", "USER": "ic****029", "CONTENT": "呂老師用生動的歷史故事做背景，用活潑有趣的表達方式告訴你思辨的力量，不了解歷史甚至不看歷史書的人，也可以流暢且遇罷不能得看完此書，最重要的是：收獲滿滿！"}, {"BOOKNAME": "秦始皇︰一場歷史的思辨之旅", "ISBN": "9789578039117", "USER": "ic****029", "CONTENT": "呂老師用生動的歷史故事做背景，用活潑有趣的表達方式告訴你思辨的力量，不了解歷史甚至不看歷史書的人，也可以流暢且遇罷不能得看完此書，最重要的是：收獲滿滿！"}, {"BOOKNAME": "秦始皇︰一場歷史的思辨之旅", "ISBN": "9789578039117", "USER": "ic****029", "CONTENT": "呂老師用生動的歷史故事做背景，用活潑有趣的表達方式告訴你思辨的力量，不了解歷史甚至不看歷史書的人，也可以流暢且遇罷不能得看完此書，最重要的是：收獲滿滿！"}, {"BOOKNAME": "帝國崛起：一場歷史的思辨之旅2", "ISBN": "9789578039421", "USER": "le******s22", "CONTENT": "呂世浩老師以《史記‧秦本紀》為本，帶領我們與秦始皇的祖先們一起展開一場精采的思辨旅程。呈現在我們眼前的不是千年前腐朽的「故事」，而是有血有肉的「思考」。"}, {"BOOKNAME": "帝國崛起：一場歷史的思辨之旅2", "ISBN": "9789578039421", "USER": "le******s22", "CONTENT": "呂世浩老師以《史記‧秦本紀》為本，帶領我們與秦始皇的祖先們一起展開一場精采的思辨旅程。呈現在我們眼前的不是千年前腐朽的「故事」，而是有血有肉的「思考」。"}, {"BOOKNAME": "帝國崛起：一場歷史的思辨之旅2", "ISBN": "9789578039421", "USER": "le******s22", "CONTENT": "呂世浩老師以《史記‧秦本紀》為本，帶領我們與秦始皇的祖先們一起展開一場精采的思辨旅程。呈現在我們眼前的不是千年前腐朽的「故事」，而是有血有肉的「思考」。"}, {"BOOKNAME": "帝國崛起：一場歷史的思辨之旅2", "ISBN": "9789578039421", "USER": "le******s22", "CONTENT": "呂世浩老師以《史記‧秦本紀》為本，帶領我們與秦始皇的祖先們一起展開一場精采的思辨旅程。呈現在我們眼前的不是千年前腐朽的「故事」，而是有血有肉的「思考」。"}, {"BOOKNAME": "帝國崛起：一場歷史的思辨之旅2", "ISBN": "9789578039421", "USER": "le******s22", "CONTENT": "呂世浩老師以《史記‧秦本紀》為本，帶領我們與秦始皇的祖先們一起展開一場精采的思辨旅程。呈現在我們眼前的不是千年前腐朽的「故事」，而是有血有肉的「思考」。"}, {"BOOKNAME": "帝國崛起：一場歷史的思辨之旅2", "ISBN": "9789578039421", "USER": "le******s22", "CONTENT": "呂世浩老師以《史記‧秦本紀》為本，帶領我們與秦始皇的祖先們一起展開一場精采的思辨旅程。呈現在我們眼前的不是千年前腐朽的「故事」，而是有血有肉的「思考」。"}, {"BOOKNAME": "帝國崛起：一場歷史的思辨之旅2", "ISBN": "9789578039421", "USER": "le******s22", "CONTENT": "呂世浩老師以《史記‧秦本紀》為本，帶領我們與秦始皇的祖先們一起展開一場精采的思辨旅程。呈現在我們眼前的不是千年前腐朽的「故事」，而是有血有肉的「思考」。"}, {"BOOKNAME": "如果歷史是一群喵（4）：東漢末年篇【萌貓漫畫學歷史】", "ISBN": "9789863844068", "USER": "el**irs", "CONTENT": "我其實很怕看中國史，覺得壓力大、但萌貓漫畫看起來輕鬆多了！可以放下戒心讀下去！不小心會入坑，希望後面集數快點出，不想等那麼久啊！"}, {"BOOKNAME": "如果歷史是一群喵（1）：夏商周【萌貓漫畫學歷史】", "ISBN": "9789863842729", "USER": "96********868", "CONTENT": "第一次覺得歷史這麻有趣，以前都不記得三皇五帝是誰，但是作者畫成超可愛的貓咪，我頓時都記住了耶xd好期待下一本，尤其是戰國時期，那段歷史老師講的內容我都記不住。"}, {"BOOKNAME": "如果歷史是一群喵（1）：夏商周【萌貓漫畫學歷史】", "ISBN": "9789863842729", "USER": "96********868", "CONTENT": "第一次覺得歷史這麻有趣，以前都不記得三皇五帝是誰，但是作者畫成超可愛的貓咪，我頓時都記住了耶xd好期待下一本，尤其是戰國時期，那段歷史老師講的內容我都記不住。"}, {"BOOKNAME": "不一樣的中國史4：從無為到有為，帝國昂揚的時代──西漢", "ISBN": "9789573287889", "USER": "ya***123", "CONTENT": "讀到1/2而已，但是很值得看，裡面有說到非常多以前忽略的地方，歷史自己讀只是片面，被切斷的朝代史，但是本書把這些朝代的歷史來龍去脈和相傳之處 連結 ，使得我們看到的的是完整的 中國史 ，而不是 斷代史，是讓人可以思考的書籍。"}, {"BOOKNAME": "這才是戰國：一本書讀懂人性，學習以小搏大、以智取勝的亂世生存術！", "ISBN": "9789869678254", "USER": "el*****hin", "CONTENT": "從歷史中學習處世的智慧,是聰明的,作者重新整理的資治通鑑淺顯易懂,內容生動有趣,難怪其節目會大受歡迎呢!期待新作!"}, {"BOOKNAME": "如果春秋戰國是個班級：半小時漫畫中國史", "ISBN": "9789861372501", "USER": "sh*****666", "CONTENT": "非常有趣，用幽默風趣的文字讓人可以快速理解內容，搭配上小圖對白，更讓人加深印象，並且有想要一直看下去的衝動，如果以前歷史課也是這樣有趣的話，大概每次考試都不用擔心成績了吧。"}, {"BOOKNAME": "如果春秋戰國是個班級：半小時漫畫中國史", "ISBN": "9789861372501", "USER": "sh*****666", "CONTENT": "非常有趣，用幽默風趣的文字讓人可以快速理解內容，搭配上小圖對白，更讓人加深印象，並且有想要一直看下去的衝動，如果以前歷史課也是這樣有趣的話，大概每次考試都不用擔心成績了吧。"}, {"BOOKNAME": "愛恨帝王家：中國古代宮廷女性的愛慾情仇－－春秋戰國篇", "ISBN": "9789571382074", "USER": "el**irs", "CONTENT": "這本書蠻有趣的，對春秋戰國史很模糊，但從女性宮鬥的角度切入還蠻有意思的，各篇標題充滿現代感，例如「外籍新娘的不倫之戀」，饒富趣味。封面印著「春秋戰國篇」，所以可以期待還會有更多篇嗎？"}, {"BOOKNAME": "霸王之夢：一場歷史的思辨之旅4", "ISBN": "9789869406635", "USER": "kk****724", "CONTENT": "這本書讓我重新思考學習歷史到底是為甚麼?是看盡朝代新盛衰亡?如何在權力鬥爭中獲得勝利?其中書中點到學習歷史很重要的一點，思辨:再像那樣的環境下，故事的人物是如何因應處理?讀者應去思考是否有其他方式可以選擇?，以及如果今天是自己，又會在那樣的環境限制下做出怎樣的安排與布局?"}, {"BOOKNAME": "霸王之夢：一場歷史的思辨之旅4", "ISBN": "9789869406635", "USER": "kk****724", "CONTENT": "這本書讓我重新思考學習歷史到底是為甚麼?是看盡朝代新盛衰亡?如何在權力鬥爭中獲得勝利?其中書中點到學習歷史很重要的一點，思辨:再像那樣的環境下，故事的人物是如何因應處理?讀者應去思考是否有其他方式可以選擇?，以及如果今天是自己，又會在那樣的環境限制下做出怎樣的安排與布局?"}, {"BOOKNAME": "霸王之夢：一場歷史的思辨之旅4", "ISBN": "9789869406635", "USER": "kk****724", "CONTENT": "這本書讓我重新思考學習歷史到底是為甚麼?是看盡朝代新盛衰亡?如何在權力鬥爭中獲得勝利?其中書中點到學習歷史很重要的一點，思辨:再像那樣的環境下，故事的人物是如何因應處理?讀者應去思考是否有其他方式可以選擇?，以及如果今天是自己，又會在那樣的環境限制下做出怎樣的安排與布局?"}, {"BOOKNAME": "巫帝國藏在甲骨文裡", "ISBN": "9789866362842", "USER": "wu**an0", "CONTENT": "我最愛這本書裡的「巫文化」了！甲骨文的創建有許多是有關於祭祀祝禱，此書由此方向切入，詳實地介紹古代的巫文化是如何影響人們的生活及當時的巫習俗。對甲骨文或是巫覡方面有興趣者定要來嚐嚐這本書的滋味！"}, {"BOOKNAME": "楚亡：從項羽到韓信", "ISBN": "9789570841701", "USER": "c**12**", "CONTENT": "李開元為寫一漏萬的楚漢史再添文筆，隨著歷史走進現場，還原倒影回聲的戰史光影，韓信大將的出身與落幕，霸王的成就與消逝，夜裡讀來唏噓良多，更多的是對於秦末後戰國楚漢的歷史探求。"}, {"BOOKNAME": "圖說春秋.戰國", "ISBN": "9789869145510", "USER": "ha*****004", "CONTENT": "想要瞭解春秋戰國的歷史，卻又讀不了左傳、戰國策、史記等書，甚至連東周列國誌都難以下嚥的讀者，這本書以精彩的小故事搭配圖案，絕對可以讓我們輕鬆的進入春秋戰國的複雜棋局，一些成語典故也可以立刻掌握，如「九泉之下相會&quot;、「完璧歸趙&quot;，對此時代的波藍壯闊及來龍去脈，可以更輕鬆的瞭解。"}]