[{"BOOKNAME": "台灣不能沒有客家人", "ISBN": "9789576634734", "USER": "fr**lnf", "CONTENT": "閱讀此書時，就像是跟著作者的足跡一般探尋先人遺留下來的事物，一條不起眼的水圳，背後竟有先人的智慧才得以完成，原來苗栗「頭份」的命名，是有其意義的，也省思到現在富裕的生活都不是憑空而來，是靠著先人的努力才得以擁有。"}, {"BOOKNAME": "藍布杉油紙傘《台灣客家歷史文化》", "ISBN": "9789868125155", "USER": "s1*****103", "CONTENT": "客家族群作為台灣四大族群，但「台灣人」的符號常常被本省人裡居多的福佬人所佔據，連所謂的「台語」其實就是福佬語，看不見客家人的存在，而本書讓讀者得以見到客家的台灣人，不讓「台灣人」的符號只被福佬人掌握。"}]