[{"BOOKNAME": "想像的共同體──民族主義的起源與散布", "ISBN": "9789571352077", "USER": "s1*****103", "CONTENT": "本書貴為現代民族主義經典著作之一，更難得的是本書許多例子是舉東方所謂的&quot;小國&quot;的案例，來看民族主義的演化，這是傳統探討民族主義多注重在西方文化圈，極為難得的不同之處。"}, {"BOOKNAME": "想像的共同體──民族主義的起源與散布", "ISBN": "9789571352077", "USER": "s1*****103", "CONTENT": "本書貴為現代民族主義經典著作之一，更難得的是本書許多例子是舉東方所謂的&quot;小國&quot;的案例，來看民族主義的演化，這是傳統探討民族主義多注重在西方文化圈，極為難得的不同之處。"}, {"BOOKNAME": "自由主義基本理念", "ISBN": "9789867174635", "USER": "s1*****103", "CONTENT": "本書詳盡的介紹了西方現代最重要的思潮:自由主義的理論思想中心及其發展歷史，自由主義深根於每個西方人的思想之中，要了解西方的政治與文化不能不先了解自由主義，而本書正是良好的指南書。"}, {"BOOKNAME": "國族主義", "ISBN": "9789570821871", "USER": "s1*****103", "CONTENT": "本書可以說是作者民族主義巨作《國族與國族主義》的精簡版，描述了作者對民族主義的起源、發展與對其看法，是一本輕巧卻又有內涵的好書。"}, {"BOOKNAME": "論民主", "ISBN": "9789570820164", "USER": "s1*****103", "CONTENT": "本書作者試著解釋，為何民主之所以好，民主跟其他政治體系相較有那些優點？讓大家知道為何民主政體會是現代國家中多所採用的政體的原因。"}]