[{"BOOKNAME": "期貨順勢雙刀流", "ISBN": "9789574683437", "USER": "ge******************.tw", "CONTENT": "這本書是在圖書館看見的，大概翻了半個鐘頭看完，意思是長短線均線系統，不過均線在台指期交易時間短暫、容易受外在市場環境影響、開盤跳空，這邊我覺得不完全可行；魚骨圖的部分有新意，以後思考結構，適合拿來應用，可圖解一定事件的各種原因。"}, {"BOOKNAME": "證券交易法", "ISBN": "9789861218182", "USER": "mi***751", "CONTENT": "書本的字體有些小,但是排版還算清晰! 若要用來隨身攜帶或上課用  其實還不錯 紙張很適合用油性筆來做筆記!"}, {"BOOKNAME": "量化研究與統計分析(第三版)", "ISBN": "9789571144726", "USER": "vi********124", "CONTENT": "本書用詞較為艱澀,若僅是想了解如何操作spss應可選擇別本書,但對於想好好理解各統計原理原則的學生,這本書確實是本好書,在理論的匝根很確實."}, {"BOOKNAME": "統計學新增600題", "ISBN": "9789577290854", "USER": "ma*********304", "CONTENT": "本書幾乎是商科研究所考生準備「統計學」必備的參考書！本書例題豐富，而且精準掌握各大研究所命題方向，最重要的是解題步驟詳盡，只要精讀熟練此書，研究所統計學就不再是困難的學科！"}]