[{"BOOKNAME": "帖木兒之後（三版）：1405~2000年全球帝國史", "ISBN": "9789863843436", "USER": "ge******************.tw", "CONTENT": "《帖木兒之後》的觀點是嶄新的視角，過去歐洲系歷史書，視角只由西歐出發難免會有偏見，而這本書把東亞、中亞、西亞、西伯利亞都一起寫進來了，而且面面俱到，從經濟、文化、地緣政治，絕對是上乘的歷史佳作！"}, {"BOOKNAME": "詭圖：地圖歷史上最偉大的神話、謊言和謬誤（精裝）", "ISBN": "9789869590235", "USER": "sh*****666", "CONTENT": "拿到精裝本的瞬間超級開心！質量好、內容也有不少彩圖，翻看的時候就好像在進行一場場精彩又神祕的冒險一樣，雖然是圖鑑，但卻又像是小說一樣有趣！"}, {"BOOKNAME": "西方憑什麼：五萬年人類大歷史，破解中國落後之謎", "ISBN": "9789868271272", "USER": "ka***z15", "CONTENT": "英文版讀過了,很好看學到了很多歷史知識,本來想買中文版給父母看,但是為什麼中文版書名是西方憑什麼? 原文書名明明是: why the west rulesfor now. 中文版上面還要加上破解中國落後之迷? 這是原版沒有的東西,這樣隨便翻譯扭曲原著意義的庸俗翻譯真是可笑."}, {"BOOKNAME": "西方憑什麼：五萬年人類大歷史，破解中國落後之謎", "ISBN": "9789868271272", "USER": "ka***z15", "CONTENT": "英文版讀過了,很好看學到了很多歷史知識,本來想買中文版給父母看,但是為什麼中文版書名是西方憑什麼? 原文書名明明是: why the west rulesfor now. 中文版上面還要加上破解中國落後之迷? 這是原版沒有的東西,這樣隨便翻譯扭曲原著意義的庸俗翻譯真是可笑."}, {"BOOKNAME": "西方憑什麼：五萬年人類大歷史，破解中國落後之謎", "ISBN": "9789868271272", "USER": "ka***z15", "CONTENT": "英文版讀過了,很好看學到了很多歷史知識,本來想買中文版給父母看,但是為什麼中文版書名是西方憑什麼? 原文書名明明是: why the west rulesfor now. 中文版上面還要加上破解中國落後之迷? 這是原版沒有的東西,這樣隨便翻譯扭曲原著意義的庸俗翻譯真是可笑."}, {"BOOKNAME": "亂入時空旅行團：帶你完美路過兩千年來20個歷史現場", "ISBN": "9789864892587", "USER": "96********868", "CONTENT": "看這本書真的很像跟團去旅行，真的有這個旅行團就好了。印象最深刻就是裡面有一個斐迪南大公暗殺事件，還特別畫出街道圖，告訴你暗殺之後應該怎麽逃跑，就像遊戲攻略一樣!!"}]