[{"BOOKNAME": "偉大的接班人：從造神運動、籠絡權貴到高壓統治，揭密金正恩的權力遊戲", "ISBN": "9789862488478", "USER": "le**206", "CONTENT": "作者目前是研究北韓的第一把手，她親自去採訪了金氏家族逃亡至西方的成員以及和金氏家族有過密切來往的人物，披露了不少大眾不太清楚的事。而書中可以看出金正恩不是傻瓜，他也知道北韓的經濟不能再死守共產，因此睜眼閉眼放任了局部市場，但此不作為究竟會否翻轉掉金氏王朝我們還得再看下去"}, {"BOOKNAME": "平壤水族館：我在北韓古拉格的十年", "ISBN": "9789868816084", "USER": "s1*****103", "CONTENT": "本書作者與其他脫北者不同的地方在於，他曾經享受過富有的生活，然而也因政治緣故被囚禁於集中營長達十年，本書相對於脫北者常描述到的飢荒，更著墨的是作者集中營的生活。"}, {"BOOKNAME": "最寒冷的冬天：韓戰真相解密", "ISBN": "9789868790629", "USER": "sh*ugh*", "CONTENT": "老實說,如果是一個軍事迷來看這本書應該會感到很失望.書中對戰鬥的描述極少,並且也沒有什麼很深入的描述, 甚至有時還會把鼎鼎大名的t34戰車誤植成a34戰車,但這是一本極為精采的書,讓讀者以當時美國知識份子的觀點去瞭解這場戰爭的始末,尤其是著重在美方的幾個領導"}, {"BOOKNAME": "這就是天堂！我的北韓童年", "ISBN": "9789868729506", "USER": "an***336", "CONTENT": "透過這本書，我可以深刻了解到生活在北韓的痛苦，從小生活在知識不足的地方，永遠被洗腦為&quot;偉大的領袖&quot;的僕人，甚至深信有嚴重飢荒的北韓是這世界上最富庶的國家！看到有些孩子來不及長大就已經離開人間，是令人非常之不捨，也讓我開始痛恨欺壓百姓的北韓高層人員。"}, {"BOOKNAME": "這就是天堂！我的北韓童年", "ISBN": "9789868729506", "USER": "an***336", "CONTENT": "透過這本書，我可以深刻了解到生活在北韓的痛苦，從小生活在知識不足的地方，永遠被洗腦為&quot;偉大的領袖&quot;的僕人，甚至深信有嚴重飢荒的北韓是這世界上最富庶的國家！看到有些孩子來不及長大就已經離開人間，是令人非常之不捨，也讓我開始痛恨欺壓百姓的北韓高層人員。"}, {"BOOKNAME": "這就是天堂！我的北韓童年", "ISBN": "9789868729506", "USER": "an***336", "CONTENT": "透過這本書，我可以深刻了解到生活在北韓的痛苦，從小生活在知識不足的地方，永遠被洗腦為&quot;偉大的領袖&quot;的僕人，甚至深信有嚴重飢荒的北韓是這世界上最富庶的國家！看到有些孩子來不及長大就已經離開人間，是令人非常之不捨，也讓我開始痛恨欺壓百姓的北韓高層人員。"}, {"BOOKNAME": "這就是天堂！我的北韓童年", "ISBN": "9789868729506", "USER": "an***336", "CONTENT": "透過這本書，我可以深刻了解到生活在北韓的痛苦，從小生活在知識不足的地方，永遠被洗腦為&quot;偉大的領袖&quot;的僕人，甚至深信有嚴重飢荒的北韓是這世界上最富庶的國家！看到有些孩子來不及長大就已經離開人間，是令人非常之不捨，也讓我開始痛恨欺壓百姓的北韓高層人員。"}, {"BOOKNAME": "這就是天堂！我的北韓童年", "ISBN": "9789868729506", "USER": "an***336", "CONTENT": "透過這本書，我可以深刻了解到生活在北韓的痛苦，從小生活在知識不足的地方，永遠被洗腦為&quot;偉大的領袖&quot;的僕人，甚至深信有嚴重飢荒的北韓是這世界上最富庶的國家！看到有些孩子來不及長大就已經離開人間，是令人非常之不捨，也讓我開始痛恨欺壓百姓的北韓高層人員。"}, {"BOOKNAME": "這就是天堂！我的北韓童年", "ISBN": "9789868729506", "USER": "an***336", "CONTENT": "透過這本書，我可以深刻了解到生活在北韓的痛苦，從小生活在知識不足的地方，永遠被洗腦為&quot;偉大的領袖&quot;的僕人，甚至深信有嚴重飢荒的北韓是這世界上最富庶的國家！看到有些孩子來不及長大就已經離開人間，是令人非常之不捨，也讓我開始痛恨欺壓百姓的北韓高層人員。"}, {"BOOKNAME": "3天讀懂韓國：快速‧全面認識韓國的通識", "ISBN": "9789868428577", "USER": "an****053", "CONTENT": "因為喜歡看韓劇，對於戲劇中韓國的一些習俗就很好奇，於是買了這本書，閱讀之後，也的確發現果然每個國家的風俗民情都是很特別的，不論是從哪政治、歷史、社會文化一角度來看，這真的是一本認識韓國的一本書。"}]