[{"BOOKNAME": "21世紀的21堂課", "ISBN": "9789864795192", "USER": "ge******************.tw", "CONTENT": "哈拉瑞真的是暢銷作家、歷史學家，他的三本中譯著作，人類大歷史、人類大命運、21世紀的21堂課，我都有看了，翻譯品質不錯。本書中哈拉瑞是點出問題，留下問題，沒有解決提案，其餘依靠人類的智慧了。"}, {"BOOKNAME": "21世紀的21堂課", "ISBN": "9789864795192", "USER": "ge******************.tw", "CONTENT": "哈拉瑞真的是暢銷作家、歷史學家，他的三本中譯著作，人類大歷史、人類大命運、21世紀的21堂課，我都有看了，翻譯品質不錯。本書中哈拉瑞是點出問題，留下問題，沒有解決提案，其餘依靠人類的智慧了。"}, {"BOOKNAME": "學術與政治：韋伯選集（I）", "ISBN": "9789573275145", "USER": "s1*****103", "CONTENT": "本書收錄韋伯的兩大重要演講稿：學術作為一種志業跟政治作為一種志業，從演講稿中可以看到韋伯是如何講述他的思想給青年學子，而讀者也可以藉由這兩篇演講稿看到當時德國的時空背景與韋伯對現實的關懷。"}, {"BOOKNAME": "販賣恐懼：脫軌的風險判斷", "ISBN": "9789866614385", "USER": "wa*****g69", "CONTENT": "主題是利用人類恐懼的本能而大量獲利的廠商,如何讓消費者花更多錢,藉由廣告傳遞訊息,刻意製造許多不理性的恐懼,想想真是愚蠢極了呢,第七章最是精采,監視器,各種抗菌殺菌用品,藥物與保健食品,空氣清淨機等等,每項不是都熱賣得很嗎,大眾真該冷靜想想錢花的值不值呢"}, {"BOOKNAME": "流行文化社會學", "ISBN": "9789578184305", "USER": "s1*****103", "CONTENT": "流行文化之所以流行，必然有其原因，本書從社會學的角度去看流行文化的各個面向，探究流行文化的面貌，而ˊ讀者有可藉由本書了解流行文化與主流文化的差異。"}, {"BOOKNAME": "蘇維埃七十年：現代社會主義反思", "ISBN": "9789570507362", "USER": "ha*****004", "CONTENT": "此書是寫在蘇聯政權瓦解的數年前，作者已提出蘇聯某些衝除與矛盾，以及建國理想與掌權者思想之間的演變以不能互相契合，雖非完全命中蘇聯消亡的原因，但也以大致指出，蘇聯的滅亡原因很多，作者提出社會主義與共產主義理念的衝突，也可聊備一格。"}, {"BOOKNAME": "社會學與臺灣社會（第四版）", "ISBN": "9789577324931", "USER": "ti*********616", "CONTENT": "翻閱前，本來打算分個幾日觀看，然而，我又不慎熬夜閱讀，貼合生活的解說，帶入社會學的角度，讓我們的軌跡呈現清晰可見的腳步，就算只是初次接觸也不會妨礙閱讀！"}, {"BOOKNAME": "新教倫理與資本主義精神", "ISBN": "9789866723117", "USER": "s1*****103", "CONTENT": "究竟看似矛盾的宗教與資本主義，理性與非理性的代表之間，兩者有什麼樣的關係呢？韋伯這本社會學經典，從歷史因素去考察新教倫理的禁慾精神與資本主義的發展。"}, {"BOOKNAME": "布赫迪厄社會學的第一課", "ISBN": "9789574699216", "USER": "s1*****103", "CONTENT": "本書深入淺出的介紹了布赫迪厄社會學的概念，而布赫迪厄將社會學重新回到其本身，而不以哲學、心理學、人類學、民族學等等方式去看社會，屏除了其他學科對社會學的干擾。"}, {"BOOKNAME": "支配的類型：韋伯選集Ⅲ", "ISBN": "9789573227687", "USER": "s1*****103", "CONTENT": "韋伯透過此書談三種支配類型，最重要的是他提出「卡利斯馬支配」的概念，使得後人在後來談支配類型時，絕對不能避談的概念，韋伯透過三種不同支配類型的考察，也讓支配與權力的關係更清楚。"}, {"BOOKNAME": "資本主義與現代社會理論", "ISBN": "9789573228882", "USER": "s1*****103", "CONTENT": "紀登斯作為現代著名的優秀社會學家，從他的角度去詮釋古典社會學三大家，讓讀者可以有個切入點去看三大家的整個歷史脈絡的著作歷程，再針對原作去閱讀看自己是否贊同紀登斯的詮釋。"}]