[{"BOOKNAME": "做工的人", "ISBN": "9789864060764", "USER": "wa*****980", "CONTENT": "如果要用傳統分類，這應該屬於報導文學。但若硬是套用傳統分類來看，又把它給瞧小了。  這本書就美在真實，不需要什麼標籤。字字血肉，不多不少。  多真實的人生故事，多真實的我們所忽視的社會人事。"}, {"BOOKNAME": "做工的人", "ISBN": "9789864060764", "USER": "wa*****980", "CONTENT": "如果要用傳統分類，這應該屬於報導文學。但若硬是套用傳統分類來看，又把它給瞧小了。  這本書就美在真實，不需要什麼標籤。字字血肉，不多不少。  多真實的人生故事，多真實的我們所忽視的社會人事。"}, {"BOOKNAME": "做工的人", "ISBN": "9789864060764", "USER": "wa*****980", "CONTENT": "如果要用傳統分類，這應該屬於報導文學。但若硬是套用傳統分類來看，又把它給瞧小了。  這本書就美在真實，不需要什麼標籤。字字血肉，不多不少。  多真實的人生故事，多真實的我們所忽視的社會人事。"}, {"BOOKNAME": "做工的人", "ISBN": "9789864060764", "USER": "wa*****980", "CONTENT": "如果要用傳統分類，這應該屬於報導文學。但若硬是套用傳統分類來看，又把它給瞧小了。  這本書就美在真實，不需要什麼標籤。字字血肉，不多不少。  多真實的人生故事，多真實的我們所忽視的社會人事。"}, {"BOOKNAME": "做工的人", "ISBN": "9789864060764", "USER": "wa*****980", "CONTENT": "如果要用傳統分類，這應該屬於報導文學。但若硬是套用傳統分類來看，又把它給瞧小了。  這本書就美在真實，不需要什麼標籤。字字血肉，不多不少。  多真實的人生故事，多真實的我們所忽視的社會人事。"}, {"BOOKNAME": "做工的人", "ISBN": "9789864060764", "USER": "wa*****980", "CONTENT": "如果要用傳統分類，這應該屬於報導文學。但若硬是套用傳統分類來看，又把它給瞧小了。  這本書就美在真實，不需要什麼標籤。字字血肉，不多不少。  多真實的人生故事，多真實的我們所忽視的社會人事。"}, {"BOOKNAME": "做工的人", "ISBN": "9789864060764", "USER": "wa*****980", "CONTENT": "如果要用傳統分類，這應該屬於報導文學。但若硬是套用傳統分類來看，又把它給瞧小了。  這本書就美在真實，不需要什麼標籤。字字血肉，不多不少。  多真實的人生故事，多真實的我們所忽視的社會人事。"}, {"BOOKNAME": "做工的人", "ISBN": "9789864060764", "USER": "wa*****980", "CONTENT": "如果要用傳統分類，這應該屬於報導文學。但若硬是套用傳統分類來看，又把它給瞧小了。  這本書就美在真實，不需要什麼標籤。字字血肉，不多不少。  多真實的人生故事，多真實的我們所忽視的社會人事。"}, {"BOOKNAME": "洗車人家", "ISBN": "9789864062072", "USER": "cp*h92*", "CONTENT": "故事都很精彩，原因是作者的文字好，寫作技巧是經過歷練的，當他還是敷米漿時，顯然我是錯過了。也許，後來他的投身洗車業10年，寫出了這樣一本書，冥冥之中，也是上天的安排。說不定還是刻意的，誰知道呢？     只是，對於生性敏感的文字工作者的他來說，世間的喧嘩與孤寂同在，恐怕會有更深刻的領會吧！"}, {"BOOKNAME": "洗車人家", "ISBN": "9789864062072", "USER": "cp*h92*", "CONTENT": "故事都很精彩，原因是作者的文字好，寫作技巧是經過歷練的，當他還是敷米漿時，顯然我是錯過了。也許，後來他的投身洗車業10年，寫出了這樣一本書，冥冥之中，也是上天的安排。說不定還是刻意的，誰知道呢？     只是，對於生性敏感的文字工作者的他來說，世間的喧嘩與孤寂同在，恐怕會有更深刻的領會吧！"}, {"BOOKNAME": "如此人生", "ISBN": "9789864061280", "USER": "a1*8tw*", "CONTENT": "朱門酒肉臭，路有凍死骨。所愧為人父，無食竟夭折。自古到今，富者笑窮，窮者笑娼，娼者笑富，似乎是社會對待與自己身份相違和之人鐵律。娼妓笑富人錢再多還是往我身上送，窮人笑娼妓活著毫無骨氣，富人笑窮人空有骨氣無錢何用，三者唯一共同點「錢」。"}, {"BOOKNAME": "廢墟少年：被遺忘的高風險家庭孩子們", "ISBN": "9789869681766", "USER": "ia******000", "CONTENT": "作者群細膩的文字，清晰地寫出台灣社會底層青少年在成長的悲劇，他們處在高風險家庭，正需要社會網絡，你，我及大家的協助，進而減少未來社會的悲劇。"}, {"BOOKNAME": "廢墟少年：被遺忘的高風險家庭孩子們", "ISBN": "9789869681766", "USER": "ia******000", "CONTENT": "作者群細膩的文字，清晰地寫出台灣社會底層青少年在成長的悲劇，他們處在高風險家庭，正需要社會網絡，你，我及大家的協助，進而減少未來社會的悲劇。"}, {"BOOKNAME": "做鐵工的人：無極限的生活工法，不被彎折的意志，與鐵共生的男人", "ISBN": "9789869565349", "USER": "88********230", "CONTENT": "作者的鐵工之路從三角鐵開始，顛沛的人生起落從屋頂的鐵工廠為起點，這段過程時而挫折、沮喪，例如工廠曾遭竊，但他不放棄，從鐵窗、鐵樓梯等，打造自己的事業，都是我們值得學習的精神。書中還有鐵工冷知識能學習，例如鐵因含碳量也有許多差異。印象深刻的是一段雨中焊接的文字，光看就讓人捏把冷汗。"}, {"BOOKNAME": "被壓榨的一代：中產階級消失真相，是什麼讓我們陷入財務焦慮與生活困境？", "ISBN": "9789578654532", "USER": "d**a1**", "CONTENT": "雖然本書是在說明美國中產階級逐漸沒落，尤其是帳單一張張飛進來的一剎那，中產階級被壓榨，被剝削。本書的作家不斷地說，這不是我們的錯，但是我認為這就是我們的錯。突破、創新才是未來該走之路。"}, {"BOOKNAME": "絕望者之歌：一個美國白人家族的悲劇與重生", "ISBN": "9789869541848", "USER": "au****318", "CONTENT": "作者平淡口吻敘述自己身歷家庭暴力和家長酗酒的環境下，如何調解自身的心境和態度。讀起來格外令人心疼。我想作者寫這一本書並不是要博取同情，而是要讓生在福中的人惜福，讓在困境中的人自我勉力，不可以妄自菲薄。"}, {"BOOKNAME": "絕望者之歌：一個美國白人家族的悲劇與重生", "ISBN": "9789869541848", "USER": "au****318", "CONTENT": "作者平淡口吻敘述自己身歷家庭暴力和家長酗酒的環境下，如何調解自身的心境和態度。讀起來格外令人心疼。我想作者寫這一本書並不是要博取同情，而是要讓生在福中的人惜福，讓在困境中的人自我勉力，不可以妄自菲薄。"}, {"BOOKNAME": "上級國民/下級國民：當加薪、買房、搭郵輪、談戀愛、休長假永遠與你無關，還能怎麼辦？", "ISBN": "9789861343570", "USER": "a**5p**", "CONTENT": "讀了這本書除了了解現在的日本和以後的台灣，書裡也說明美國及法國...等先進國家上下階層分裂的原因，知識與才能就是根本的原因，大批人口往下層移動造成社會的動蕩不安，我們又如何應對未來的世界，推薦此書。"}, {"BOOKNAME": "下一個家在何方？驅離，臥底社會學家的居住直擊報告", "ISBN": "9789571370101", "USER": "p8***939", "CONTENT": "美國，有想像中那麼美好嗎？美國夢，早已不再。這本書描述底層美國人民無家可歸，時常被房東驅離的真實樣態，這個體制又是如何運作的？房東真有那麼邪惡嗎？這本書無疑顛覆了我對房東房客關係的原初想像。"}, {"BOOKNAME": "階級世代：窮小孩與富小孩的機會不平等", "ISBN": "9789869211345", "USER": "ge******************.tw", "CONTENT": "傳統社會喜歡提倡正能量，你會看見窮孩子翻轉人生成為贏家的故事，但就統計，社會階級是「世襲」的，父母的窮觀念導致其教養方式會影響孩子認知、情緒與社會能力的發展性一樣窮，台灣強調「老爸的權威」來教育小孩，殊不知，如果他老爸就觀念壓根有誤，如何期待他的小孩，會有一天自我覺醒？"}, {"BOOKNAME": "被遺忘的亞洲碎片：那一段不為人知的底層故事", "ISBN": "9789863591757", "USER": "ch*******hin", "CONTENT": "這本由外國人來看亞洲，真是寫的好看，前面幾篇文章都讓人感覺到憂傷以及無奈，譯者翻譯的很好，讓人看得津津有味。  但是不知道為什麼後面幾篇文章好像是不同譯者，比較像是翻譯軟體翻的，讀起來非常不通順，就像是外文直接翻譯的文法很奇怪？  除此之外，這真的是值得看得一本好書。"}, {"BOOKNAME": "雨季的孩子：來自亞洲底層的苦難印記", "ISBN": "9789863590842", "USER": "ke*****263", "CONTENT": "我深信，自己是命運的主人，我能掌握很多事情，就好比季節決定了天氣一樣；但是看完了這本書，心中充滿了對我處的世界的深深感謝，也很驚訝一個地球卻有兩個完全不同的世界─自己就只是命運的齒輪。對於世界，我又再度了解了一點..."}, {"BOOKNAME": "雨季的孩子：來自亞洲底層的苦難印記", "ISBN": "9789863590842", "USER": "ke*****263", "CONTENT": "我深信，自己是命運的主人，我能掌握很多事情，就好比季節決定了天氣一樣；但是看完了這本書，心中充滿了對我處的世界的深深感謝，也很驚訝一個地球卻有兩個完全不同的世界─自己就只是命運的齒輪。對於世界，我又再度了解了一點..."}, {"BOOKNAME": "父酬者：姓氏、階級與社會不流動", "ISBN": "9789571361000", "USER": "pi********123", "CONTENT": "導讀務必不能錯過。本書藉由觀察特殊姓氏族群證明各個國家的社會流動性沒有一般的社會流動性理論高。本書作者提出一套相當有意思的擇偶標準來判斷能否提高孕育比自己優秀的下一代的機會，可以參考一下。"}, {"BOOKNAME": "父酬者：姓氏、階級與社會不流動", "ISBN": "9789571361000", "USER": "pi********123", "CONTENT": "導讀務必不能錯過。本書藉由觀察特殊姓氏族群證明各個國家的社會流動性沒有一般的社會流動性理論高。本書作者提出一套相當有意思的擇偶標準來判斷能否提高孕育比自己優秀的下一代的機會，可以參考一下。"}, {"BOOKNAME": "外婆家有事—台灣人必修的東南亞學分", "ISBN": "9789862622216", "USER": "s1*****103", "CONTENT": "幾十年來，隨著各種需求，越來越多的「外國人」來台灣，而我們稱呼這群人為新移民，但與此同時，我們真的有對這群「外國人」如同我們對美歐等國的外國人友善嗎？雖然一起生活在台灣，但我們知道他們從哪裡來？他們的國家是個怎樣的國家？又有著什麼樣的文化嗎？本書要說的就是這一群不同的外國人故事。"}, {"BOOKNAME": "逃／我們的寶島，他們的牢", "ISBN": "9789571355559", "USER": "an****liu", "CONTENT": "離鄉背井的人遭遇有幸或不幸，可能面臨的困難和挫則，千奇百怪無奇不有，讓人唏噓，外勞問題不單是發生在台灣，這些都是勞動者皆可能遇上的磨難，各國的雇主都該重視人權，善待外勞，這本書凸顯台灣雇主的刻薄不厚道，外勞的心酸苦楚，對善良的雇主有失公道。"}, {"BOOKNAME": "思想（12）：族群平等與言論自由", "ISBN": "9789570834352", "USER": "s1*****103", "CONTENT": "言論自由的保障，是否該保障明顯歧視族群或性傾向的言論呢？本書藉由探討此問題，檢驗言論自由的底限，以及言論自由是否應該要在一定的範圍下受限，才能達成真正的言論自由。"}, {"BOOKNAME": "知識分子：都到哪裡去了", "ISBN": "9789570830637", "USER": "s1*****103", "CONTENT": "正如本書書題所揭示，本書要探討的是知識分子否是真的消逝了?在學術與商業結合以及教育弱智化的情形下，是否知識份子已不能發揮其所在社會上應該揮發的功能，本書將給讀者一個解答。"}, {"BOOKNAME": "在世界與我之間", "ISBN": "9789869351829", "USER": "92********734", "CONTENT": "作者不畏現實衝擊與脅迫，以書信體及往昔經驗提醒孩子：美國的強大並非是全面性的，有許多白人依舊高高在上，篤信白人主義，蔑視其他種族，有的甚至假借國家公權力，打壓其他人種，遺憾的是，有更多沉默不吭聲，不願為其他種族爭取權利的人。為了活下去，不得不對抗這偌大體制，直到最後一刻。"}, {"BOOKNAME": "地下紐約：一個社會學家的性、毒品、底層生活觀察記", "ISBN": "9789865842307", "USER": "wa*****g69", "CONTENT": "黑色的封面預告了本書內容之黑暗,如果繁榮亮麗,自由女神是紐約的表,光明面,那麼本書所實際記錄的則是當地生活者才能體驗到的裡世界,潛規則,基於一個社會學家對人的關懷,以小說的形式表現出無奈殘忍或不平,令人不寒而慄,資本主義世界的底層與背後,沉重呢"}, {"BOOKNAME": "資深記者化身底層階級180天", "ISBN": "9789866158582", "USER": "s1*****103", "CONTENT": "本書如許多田野調查的書籍，如《我當黑道老大的一天》或是《泰利的街角》，但相較前兩本比起來，作者是直接介入/參與其中，更能讓讀者深刻體會到小人物的悲苦生活。"}, {"BOOKNAME": "下流社會:新社會階級的出現", "ISBN": "9789867088543", "USER": "s1*****103", "CONTENT": "作者雖然談的是日本的現況，但其實受到資本主義影響的國家，就像台灣，其實也慢慢地走向這種下流社會，所以要如何以日本為借鏡，去避免這樣的情形一再發生於不同國家，是值得政府與人民好好努力的目標。"}, {"BOOKNAME": "黑皮膚，白面具", "ISBN": "9789867574398", "USER": "s1*****103", "CONTENT": "看法農如何談黑人&#x28;自身&#x29;與白人&#x28;他者&#x29;之間的關係，以及殖民本身所帶來的觀念改變，本書做為後殖民的經典作之一，確實有它的啟發性。"}, {"BOOKNAME": "美國的分裂：種族衝突的危機", "ISBN": "9789570909470", "USER": "ha*****004", "CONTENT": "多族群國家，到底要在一個國家的價值下共同努力，還是要堅持自己固有的文化，這是美國目前面臨的難題，但是也是許多多族群國家不可避免的挑戰，有方法可以兩全其美嗎，還是只能採用其中一種，相信只有歷史能給出答案。"}]