[{"BOOKNAME": "天道驚險人驚艷：易經的第一堂課", "ISBN": "9789862136348", "USER": "cl******320", "CONTENT": "《易經》是流傳最古老的一部經典，是古代帝王學，身處變動的時代。教導人們知機應變解決人生的困境。名列四書五經之首，也是天人之學，蘊涵宇宙間的原理和天地人的應對關係。本書為初學者的入門書，從基礎概念入手，搭配圖表說明，可按圖索驥地通往易學的核心基礎，進入易經玄妙而豐富的世界！"}, {"BOOKNAME": "易經密碼第一輯", "ISBN": "9789862136485", "USER": "cl******320", "CONTENT": "本書《易經密碼》第一輯,講述乾卦、坤卦、屯卦、蒙卦、需卦、訟卦、師卦、比卦。除了詳解經傳，闡釋卦爻之間的結構，探討爻變、卦變、相錯、相綜、相交，乃至卦中藏卦等複雜神奇的變化，並以中外歷史以及生活中許多的例證，印證易占的神妙之處。"}, {"BOOKNAME": "周易平解【精裝書盒版】", "ISBN": "9789869346290", "USER": "a1*8tw*", "CONTENT": "一件事情成功往往需借助眾人力量幫助方能成事，這是共享經濟。一個人不是真正的好，眾人努力一起好才是真正的好。如《大有》公用亨于天子，小人弗克。自有天佑，吉無不利。周易每個卦辭中前三爻辭意境，遇好環境如何保持好心態，後三爻辭意境，遇壞環境依然要保持好心態面對。"}, {"BOOKNAME": "易經之歌", "ISBN": "9789862136560", "USER": "cl******320", "CONTENT": "本書為《詳解易經繫辭傳》,由入門到進階，讓誠心習易的讀者們得覽「宗廟之美，百官之盛」，分享華夏最高典籍的精湛智慧。《繫辭傳》為《易經》七類《易傳》之一，全傳闡揚《易經》基本理念，說明卦爻創作緣由，讚嘆通易之後功效之弘大深廣，且對神機妙算的易占亦有精彩專論，可謂面面俱到。"}, {"BOOKNAME": "樂天知命：傅佩榮談《易經》", "ISBN": "9789862167991", "USER": "cl******320", "CONTENT": "《易經》列在《十三經》之首，其內容涵蓋「義理」與「象數」。「義理」目的是為了趨吉避凶，而趨吉避凶具體的操作方式要靠「象數」，數字帶出了卦象，再由卦象得出卦辭與爻辭，然後問題也有了解決的線索。《易經》的智慧，是最古老的也是最實用的。"}, {"BOOKNAME": "易經的奧祕", "ISBN": "9789868517646", "USER": "c*79***", "CONTENT": "曾教授對易經的初步講解，讓我原本對易經那六條簡單的直線產生相當大的興趣，而且讀來依點都不艱澀，適時的搭配當今社會的時勢，讓我更加能夠初探易經的經髓。"}, {"BOOKNAME": "經典私塾班：傅佩榮與青少年讀易經", "ISBN": "9789574445325", "USER": "pu*******a13", "CONTENT": "購書好幾年，不久前拿出來重新翻閱，古人的智慧、金玉良言，在現在的生活中更是難得的心靈講師，會讓你豁然開朗的那種，真真推薦入門的這本書。"}]