[{"BOOKNAME": "專門用來打好幾何基礎的數學課本1", "ISBN": "9789861219240", "USER": "ch**gcm", "CONTENT": "這套書的優點，是強調國中幾何定理的「證明」，國中學生學幾何定理，常是只知道結論，卻不清楚為何有這個結論；老師可能也因為會考非選題佔分不多而沒有太強調證明，這套書彌補了這個缺憾，書中對幾何定理的證明鉅細靡遺，對只「知其然不知其所以然」的學生或初任教師都是很好的參考書。"}, {"BOOKNAME": "睡夢中，學三角", "ISBN": "9789864176342", "USER": "li****lun", "CONTENT": "對數學學習抗拒的莘莘學子們難得有本合味口的數學學習科普書籍,不像譯自美國或日本方面的書,雖然生動惜非吻合臺灣教育體制和環境下;用貼切本土的語言將三角趣味化的方式逐一化解艱深的公設與定理,可惜作者未再接再厲,造福陷於數字之海既困惑又待開竅的中學生們."}]