[{"BOOKNAME": "一本就通：西方哲學史", "ISBN": "9789570837810", "USER": "s1*****103", "CONTENT": "傅佩榮老師的這本西方哲學史，詳盡卻又能夠提綱挈領了概述各個哲學家的思想中心，尤其本書是古希臘哲學部分更是令人能清楚理解各家學派的思想，加上本書獨有的附錄古希臘哲學之重要術語，相信是一本想要一窺西方哲學之奧祕的讀者值得一讀的好書。"}, {"BOOKNAME": "一本就通：西方哲學史", "ISBN": "9789570837810", "USER": "s1*****103", "CONTENT": "傅佩榮老師的這本西方哲學史，詳盡卻又能夠提綱挈領了概述各個哲學家的思想中心，尤其本書是古希臘哲學部分更是令人能清楚理解各家學派的思想，加上本書獨有的附錄古希臘哲學之重要術語，相信是一本想要一窺西方哲學之奧祕的讀者值得一讀的好書。"}, {"BOOKNAME": "西洋哲學史", "ISBN": "9789570514810", "USER": "s1*****103", "CONTENT": "文德爾班的西洋哲學史注重的地方在於考究原典，力求使自己的解釋能忠於原典，雖說較枯澀但對想把握原典的讀者是一本值得一讀的著作。"}, {"BOOKNAME": "哲學家們都幹了些什麼？偽專業哲學史觀察筆記", "ISBN": "9789863770442", "USER": "se*****917", "CONTENT": "喜歡聽故事嗎？這本書擁有非常迷人的魔力，在一篇篇故事中，帶著你探尋人生的意義與幸福。對哲學史有興趣，或想知道哲學到底在裝什麼逼的人，更是千萬不要錯過。"}]