[{"BOOKNAME": "爺爺的魔法書：保護水和土（ 繪本 ）", "ISBN": "9789860471335", "USER": "mo*******mot", "CONTENT": "寓教於漫畫的科普佳作。小櫻遇到水土保持專家白爺爺，她在白爺爺的書桌上看到一本長翅膀的書，翻開時，時間竟然可以穿梭古今。爺爺講述等高耕作、防沙壩、水土保持的方法、........故事後還有學習單可檢測。"}, {"BOOKNAME": "臺灣野鳥手繪圖鑑（第二版）", "ISBN": "9789860444537", "USER": "m4***299", "CONTENT": "比起舊版的野鳥手繪圖鑑,這本畫得更加細膩、更加立體,也更加逼真,更棒的是,相似種的辨別上也寫得非常清楚!此外,也新增許多離島的鳥和迷鳥,十分豐富!缺點是重量較重,不適合外出攜帶"}]