[{"BOOKNAME": "一紙對付壞鄰居—大家都可以自己依法解決的公寓大廈糾紛", "ISBN": "9789862956908", "USER": "s1*****103", "CONTENT": "住房子最害怕的，就是遇到惡鄰居，俗話說千金難買好鄰居，本書提供各種案例，在遇到惡鄰居時，該如何主張在法律上主張自己的權益，讓自己的住屋生活能充分地被保障。"}, {"BOOKNAME": "非婚．大事：不婚族/同志伴侶一定要曉得的生活法律", "ISBN": "9789864756384", "USER": "as***317", "CONTENT": "與親人關係無論怎樣緊密，父母終會老去，手足總有自己家庭，而相互扶持的伴侶，因為了解，所以讓對方在危難狀況時，為自己重大事務做決定。而這個他/她目前觀念裡還是以夫妻為主，但現況可能是僅願意同居的情侶、不能結婚的同志伴侶，甚至是共同修道的友伴等等，這本書給了許多解答。"}, {"BOOKNAME": "說真的，你很好騙：27個詐欺暗黑真相大揭露", "ISBN": "9789862957899", "USER": "s1*****103", "CONTENT": "本書將許多常見的詐騙手法作整理，讓讀者在一再出現的詐騙手法中能夠全身而退，同時了解這些詐騙是如何利用人性的各種弱點攻擊你我的心防"}, {"BOOKNAME": "按Enter前，27個救你一命的網路法律絕招", "ISBN": "9789862957790", "USER": "s1*****103", "CONTENT": "本書透過簡單的日常實例，讓讀者就算沒有法律背景也能清楚知道哪些行為可能會觸犯那些法律，讓自己在利用網路的同時保障自己的權益。"}, {"BOOKNAME": "不動產登記一手教材（2014最新版）", "ISBN": "9789574853670", "USER": "45********659", "CONTENT": "請查一下這本書、應該有改本了、出版日期：2016/08/22最新的，可否查詢是否有相關書籍、提供範例的"}, {"BOOKNAME": "出車禍了！然後咧？", "ISBN": "9789862956991", "USER": "s1*****103", "CONTENT": "本書透過作者輕鬆的口吻，將常用的法律知識在我們碰到車禍時，讓自己知道我該做什麼，這樣在面對車禍的時候，才能知道自己的權益該如何被保障。"}, {"BOOKNAME": "遺產繼承DIY", "ISBN": "9789864510740", "USER": "ge******************.tw", "CONTENT": "生活要懂一點法律，例如遺產繼承（不過我父親沒有遺產可以繼承吧）的相關法律包括《土地法》、《民法》〈第五編：繼承〉、《遺產及贈與稅法》。目前法律表示遺矚是否提及財產是其次，因為國稅局效率之高，它都知道，反而最重要的是告知子女有無『負債』，讓預定繼承的人不會忽然繼承自己不知道的債務。"}]