[{"BOOKNAME": "有怪癖的動物超棒的！圖鑑", "ISBN": "9789573284321", "USER": "n9*725*", "CONTENT": "作者全彩插圖，少了點血腥感，多了可愛反差萌，還穿插一些笑點，也不會訊息量過多，大人小孩&#x28;無注音&#x29;都很適合增長見識。首刷還有送筆記本，很可愛實用！"}, {"BOOKNAME": "有怪癖的動物超棒的！圖鑑", "ISBN": "9789573284321", "USER": "n9*725*", "CONTENT": "作者全彩插圖，少了點血腥感，多了可愛反差萌，還穿插一些笑點，也不會訊息量過多，大人小孩&#x28;無注音&#x29;都很適合增長見識。首刷還有送筆記本，很可愛實用！"}, {"BOOKNAME": "陸龜超圖鑑 物種解說、分類飼育方法完全收錄", "ISBN": "9789864753895", "USER": "l**ke**", "CONTENT": "繼蛙類超圖鑑,豹紋守宮超圖鑑,鬆獅蜥超圖鑑後,小朋友要求買的第四本超圖鑑,詳細介紹陸龜種類,背景知識,及其飼育的方法,整個系列對喜歡爬蟲的朋友而言,算是目前市面上相關書籍中,較為詳細,適合有興趣實際飼養的朋友參考的書~"}, {"BOOKNAME": "蜜袋鼯與飛鼠的飼養法", "ISBN": "9789576866401", "USER": "ol***r32", "CONTENT": "蜜袋鼯在台灣不是太知名的動物，甚至常常被誤認為囓齒類動物的同伴，但其實他們是可愛的有袋目：］和袋鼠、無尾熊較為相近，這本書不但由蜜袋鼯的習性和飼養觀念一一介紹，圖文並茂的細節更是輔助飼主能給他們更好的環境和這些可愛的小傢伙互動，愛他們一輩子～誠心推薦地好書。"}, {"BOOKNAME": "吃素的獅子", "ISBN": "9789574472222", "USER": "wa******uds", "CONTENT": "這故事真是令人震驚和感動，一隻天生吃素的獅子已經讓人稱奇了，看到她療愈了一個沒自信的男孩，那真是令人感動。她竟然聽得懂主人指揮，而且沒有經過太過繁雜的訓練過程，真是具有靈性啊。裡面最美的一句話就是「哪裡沒有恐懼，哪裡就有平靜，信任與友誼。」"}, {"BOOKNAME": "啊！蜻蜓", "ISBN": "9789868687301", "USER": "mo*******mot", "CONTENT": "這是本很棒的書-藉由實際拍攝的多張照片.仔細編排而成的科普書. 這類的書製作費時.但功效比起用&apos;&apos;非攝影&apos;&apos;的方式來呈現的書來得廣且影響深遠.很佩服作者的耐心與專業.希望他能出更多這類的書籍."}, {"BOOKNAME": "蛇類大驚奇", "ISBN": "9789573253273", "USER": "di*****957", "CONTENT": "我是生命科學系學生，這本書對於剛接觸蛇類的我相當有用，既是實用的圖鑑，也提供了許多蛇類的基礎知識，希望各位喜歡蛇類，或是討厭蛇類的各位可以來看看哦。"}]