[{"BOOKNAME": "公職人員（高＼普＼特＼技師）【基本電學】", "ISBN": "9789862263662", "USER": "li****lun", "CONTENT": "依近年考題走向有做不少題型範例,但和一般坊間考試參考書接有的通病,尤其這類專攻國考補習班出的參考書,就是出n版仍就校稿疏漏,但這也是趁此驗證是否功力已達錄取與否的試煉."}, {"BOOKNAME": "教育概要(普考、四等特考考試專用)", "ISBN": "9789864722518", "USER": "m4***299", "CONTENT": "對沒有相關基礎又想自修的人很吃力!首先,這本書真的是概要式的介紹,缺乏詳細說明和例子幫助理解,其次,同一位學者的理論有時會分散在不同章節,例如杜威,需要讀者自己統整,最後,有的外國學者第一次出現的名稱只有英文,不知道相對應的中文翻譯,以上幾點期望改善!"}, {"BOOKNAME": "機械原理概要（含機械常識） 搶分題庫（二版）", "ISBN": "9789862658178", "USER": "ti****e79", "CONTENT": "許多大學生就讀機械系畢業後，學生選擇出路多為從事就業、升研究所、國考高普、國營招考，而此時準備考試用書即為研讀重要關鍵，面對自己欲報考類科，盡可能尋找網羅歷屆命題方向之考試用書，期盼編者可再針對公職高普考出刊機械原理搶分題庫三版!"}, {"BOOKNAME": "行政學百分百(命題焦點暨題庫解析)（高普考‧初等考‧三、四、五等特考‧升等考）", "ISBN": "9789861281063", "USER": "lu*********010", "CONTENT": "裡面有命題焦點會寫出該部分重點及製作成表格狀最分類比較，讓行政學內容變得更好記憶，選擇題下方會有解析，寫題目時思考一次，再看一次解析，記憶更深刻。"}, {"BOOKNAME": "行政學百分百(命題焦點暨題庫解析)（高普考‧初等考‧三、四、五等特考‧升等考）", "ISBN": "9789861281063", "USER": "lu*********010", "CONTENT": "裡面有命題焦點會寫出該部分重點及製作成表格狀最分類比較，讓行政學內容變得更好記憶，選擇題下方會有解析，寫題目時思考一次，再看一次解析，記憶更深刻。"}, {"BOOKNAME": "縱橫政治學", "ISBN": "9789861283333", "USER": "a1****************.tw", "CONTENT": "黃靖政治學編得非常好。 如果你是要戰勝公職，這本書很值得你細細品讀，慢慢理解，高中考試。 建議多看幾次，熟記。"}, {"BOOKNAME": "作對的選擇 讓民法說話－高普.各類考試＜保成＞", "ISBN": "9789862446751", "USER": "sh********403", "CONTENT": "為了把民法學好才買的書，書裡面都有詳細的解釋，也能指出每一編重典的法條在哪，教人如何在選擇題上，正確思考找出對的答案。"}, {"BOOKNAME": "電子儀表概要", "ISBN": "9789861286433", "USER": "li****lun", "CONTENT": "對公職考試的電子工程這個類科來說,這項是最好準備卻又最撲朔迷離的,難得有系統化整理的這麼詳盡,準備考試就輕鬆些.當然不可或缺的歷屆考題也附了題解可參考一下解題步驟."}, {"BOOKNAME": "電子工程四合一歷屆試題解析", "ISBN": "9789861286082", "USER": "li****lun", "CONTENT": "難得有人肯造福考生們將歷屆試題整理並解答,可惜排版上仍有些小錯誤,希望每次考畢後都能更新.繼續造福後續的欲投身公職的考生們."}]