[{"BOOKNAME": "異見的自由：美國憲法增修條文第一條與言論自由的保障", "ISBN": "9789865524180", "USER": "s1*****103", "CONTENT": "本書在討論美國憲法第一修正案有關言論自由的歷史，所謂言論自由對最高法院大法官，以及整個美國社會而言，究竟該如何權衡？這中間的為難，就是大法官們要面對的問題所在"}, {"BOOKNAME": "月球背面的逃難場景", "ISBN": "9789863444466", "USER": "an****025", "CONTENT": "一本不只是紀實攝影的攝影書籍。光是看照片就能感受到逃難現場的氛圍，而細讀文字能理解更多背後的故事與原因。隨著作者富人文關懷的筆調與震撼力十足的照片，可以讓想像遨遊於遙遠也不遙遠的斯克邊界。"}, {"BOOKNAME": "旅行的異義：一趟揭開旅遊暗黑真相的環球之旅", "ISBN": "9789865842420", "USER": "li****ing", "CONTENT": "雖然本書集結各個旅遊勝地的黑暗面，但批判的角度並非先驅，反而是只要常讀國際新聞便可略有所聞。但或許可作為政府發展觀光政策的參考面向。"}, {"BOOKNAME": "世界屠畜紀行", "ISBN": "9789863441663", "USER": "hw*der*", "CONTENT": "作者前往幾個國家屠畜場，將屠畜過程用素描和文字記錄下來。  好好看，雖然大本，但是仍然可以一直翻開下一頁。  有些敘述挺贊同，例如為了生存就需要吃其它生命，不管是動物還是植物，所以如果是為了吃而殺之是可以的，也要帶著感謝，感謝這些生命以及感謝幫我們料理屠宰的人。"}]