[{"BOOKNAME": "人在大唐怎麼活？食衣住行、當官、做買賣、搞外交，定居唐朝的必備指南", "ISBN": "9789579199889", "USER": "ev******429", "CONTENT": "大唐盛世-代表中國的繁盛時代，唐代長安更是絲綢之路的起點，當時的長安是擁有百萬人口的國際性都市，藉由本書一窺當時的繁華，深入淺出了解唐朝的俗民文化及豐富的歷史，饒富趣味。"}, {"BOOKNAME": "五朝宰相：五代十國裡的馮道", "ISBN": "9789864021949", "USER": "ki***130", "CONTENT": "在戰爭分擾的五代歷史，朝代更換快速。身為文人儒家的馮道生存在局勢多變的時空，一身出仕五朝。也因為如此讓後世的道德家與古書大肆批評他夫一女二夫，人之不幸，況於再三者哉！ 馮道雖然歷仕五個朝代十個皇帝，但他在自己力所能及的範圍內勸皇帝體諒民生之艱難，不與民爭利，這才是真正的忠誠。"}, {"BOOKNAME": "五朝宰相：五代十國裡的馮道", "ISBN": "9789864021949", "USER": "ki***130", "CONTENT": "在戰爭分擾的五代歷史，朝代更換快速。身為文人儒家的馮道生存在局勢多變的時空，一身出仕五朝。也因為如此讓後世的道德家與古書大肆批評他夫一女二夫，人之不幸，況於再三者哉！ 馮道雖然歷仕五個朝代十個皇帝，但他在自己力所能及的範圍內勸皇帝體諒民生之艱難，不與民爭利，這才是真正的忠誠。"}, {"BOOKNAME": "大唐風：帝國盛極而衰 詩人隨波浮沉", "ISBN": "9789869295635", "USER": "ko***************.tw", "CONTENT": "對於作者將史實伴以唐詩來說故事的技巧，不僅讓故事更生動，也讓唐詩活活潑潑了產生生命力，感到非常欽佩，這不僅適合作為休閒刊物，也很適合中小學生在接觸史實和唐詩的過程中增添許多樂趣。"}, {"BOOKNAME": "柴榮是個好皇帝", "ISBN": "9789864020133", "USER": "ki***130", "CONTENT": "衰敗的唐末,混亂的五代.終於在後周世宗柴榮的出現為後代宋朝開創了一個嶄新的時代! 這本書介紹五代的歷史與柴榮的一生.對資料匱乏的五代史提供了許多珍貴的資料!"}, {"BOOKNAME": "唐太宗傳", "ISBN": "9789570530018", "USER": "ge******************.tw", "CONTENT": "李世民，是古代中國歷朝中數一數二勵精圖治的好皇帝，從傳記裏可以理解李世民的性格特徵。例如：李世民除了留下驍勇善戰的形象，事實上還是一個懂得忍於沉潛，明白拒戰，換來戰機的軍事領導人；李世民也是一位很願意學習新知識的，這份品德在現代社會是珍貴的－－值得借鏡。"}, {"BOOKNAME": "塞北三朝.西夏", "ISBN": "9789865800765", "USER": "pi*****ary", "CONTENT": "透過作者生動活潑的說故事手法,輕鬆且深入探索一個曾經存在過輝煌過的陌生國家,一個歷史課本上極短的篇章,原來裡面有這麼多的故事,喜歡中國歷史的讀者不妨一讀!!"}, {"BOOKNAME": "武則天：女皇之路", "ISBN": "9789573265153", "USER": "ki*i07*", "CONTENT": "本書共十六章節，從她是一個渺小的并州女子，至正位中宮，歷經武周革命，到女主天下，又是如何走向逝水東流的窮途困境？」這些讓你撲朔迷離、霧裡看花的謎底，將在此書中為你揭曉，它將帶領你走 進歷史的另一面，歷史的魅力，就在於它給了你一個簡單的框架，同時卻又留給你一個想像的空間。"}, {"BOOKNAME": "武則天：女皇之路", "ISBN": "9789573265153", "USER": "ki*i07*", "CONTENT": "本書共十六章節，從她是一個渺小的并州女子，至正位中宮，歷經武周革命，到女主天下，又是如何走向逝水東流的窮途困境？」這些讓你撲朔迷離、霧裡看花的謎底，將在此書中為你揭曉，它將帶領你走 進歷史的另一面，歷史的魅力，就在於它給了你一個簡單的框架，同時卻又留給你一個想像的空間。"}, {"BOOKNAME": "唐朝穿越指南", "ISBN": "9789866023897", "USER": "ji****721", "CONTENT": "不同於以往枯燥無味的歷史書籍，森林鹿用較為詼諧的筆法，寫出讓人耳目一新的史書內容，跳脫了歷史書籍以往的架構，卻擁有同等的可信度，讓平時不閱讀類似書籍的讀者，能有更大的接受度。對唐代歷史有興趣的讀者們，推薦這本不容錯過的書籍，也許就如同書名所說，下一個穿越的搞不好就是你！"}, {"BOOKNAME": "唐朝穿越指南", "ISBN": "9789866023897", "USER": "ji****721", "CONTENT": "不同於以往枯燥無味的歷史書籍，森林鹿用較為詼諧的筆法，寫出讓人耳目一新的史書內容，跳脫了歷史書籍以往的架構，卻擁有同等的可信度，讓平時不閱讀類似書籍的讀者，能有更大的接受度。對唐代歷史有興趣的讀者們，推薦這本不容錯過的書籍，也許就如同書名所說，下一個穿越的搞不好就是你！"}, {"BOOKNAME": "唐朝穿越指南", "ISBN": "9789866023897", "USER": "ji****721", "CONTENT": "不同於以往枯燥無味的歷史書籍，森林鹿用較為詼諧的筆法，寫出讓人耳目一新的史書內容，跳脫了歷史書籍以往的架構，卻擁有同等的可信度，讓平時不閱讀類似書籍的讀者，能有更大的接受度。對唐代歷史有興趣的讀者們，推薦這本不容錯過的書籍，也許就如同書名所說，下一個穿越的搞不好就是你！"}, {"BOOKNAME": "唐朝穿越指南", "ISBN": "9789866023897", "USER": "ji****721", "CONTENT": "不同於以往枯燥無味的歷史書籍，森林鹿用較為詼諧的筆法，寫出讓人耳目一新的史書內容，跳脫了歷史書籍以往的架構，卻擁有同等的可信度，讓平時不閱讀類似書籍的讀者，能有更大的接受度。對唐代歷史有興趣的讀者們，推薦這本不容錯過的書籍，也許就如同書名所說，下一個穿越的搞不好就是你！"}, {"BOOKNAME": "蒙曼說唐：亂世紅顏（新版）", "ISBN": "9789861739069", "USER": "ap****325", "CONTENT": "歷史書寫以男性觀點為主流。中國女性在政治上的影響，目前被承認的唯有武則天與慈禧二人。呂后或韋后等人，歷代史觀並未正視她們政治影響，故稱干政。 而今，歷史必須被重新省視。史觀轉變由以往的男性史觀，大歷史的書寫，轉而關注細微的影響造成的變動。本書會是好的開始。"}, {"BOOKNAME": "蒙曼說隋：隋煬帝楊廣", "ISBN": "9789861738215", "USER": "ma***134", "CONTENT": "本書對隋煬帝楊廣的描述完全打破了一班人對煬帝的刻板印象,重說史系列是我最愛的系列書籍,作者們對人物的描寫較為深入,我對於隋朝攻打高麗的歷史事件非常想了解其經過與發展,一般教科書只是寥寥幾句話,本書蒙曼寫得十分詳細,也對楊廣13年來的作為來個大翻盤,閱讀起來讓人十分過癮!"}, {"BOOKNAME": "蒙曼說隋：隋煬帝楊廣", "ISBN": "9789861738215", "USER": "ma***134", "CONTENT": "本書對隋煬帝楊廣的描述完全打破了一班人對煬帝的刻板印象,重說史系列是我最愛的系列書籍,作者們對人物的描寫較為深入,我對於隋朝攻打高麗的歷史事件非常想了解其經過與發展,一般教科書只是寥寥幾句話,本書蒙曼寫得十分詳細,也對楊廣13年來的作為來個大翻盤,閱讀起來讓人十分過癮!"}, {"BOOKNAME": "蒙曼說隋：隋煬帝楊廣", "ISBN": "9789861738215", "USER": "ma***134", "CONTENT": "本書對隋煬帝楊廣的描述完全打破了一班人對煬帝的刻板印象,重說史系列是我最愛的系列書籍,作者們對人物的描寫較為深入,我對於隋朝攻打高麗的歷史事件非常想了解其經過與發展,一般教科書只是寥寥幾句話,本書蒙曼寫得十分詳細,也對楊廣13年來的作為來個大翻盤,閱讀起來讓人十分過癮!"}, {"BOOKNAME": "蒙曼說唐：武則天", "ISBN": "9789861738017", "USER": "la******626", "CONTENT": "歷史寫成這麼流暢又好看，學生豈會抗拒? 一章約二十頁，有時間就不停地讀，時間不多就淺嚐一章，安排得不著痕跡卻足見寫作與融會貫通的功力。平心靜氣地跟著作者的娓娓道來重新認識這位被教課書貶多於褒的唯一一位女皇帝，這傳奇的一生，四百多頁，仍嫌太短。"}, {"BOOKNAME": "蒙曼說唐：武則天", "ISBN": "9789861738017", "USER": "la******626", "CONTENT": "歷史寫成這麼流暢又好看，學生豈會抗拒? 一章約二十頁，有時間就不停地讀，時間不多就淺嚐一章，安排得不著痕跡卻足見寫作與融會貫通的功力。平心靜氣地跟著作者的娓娓道來重新認識這位被教課書貶多於褒的唯一一位女皇帝，這傳奇的一生，四百多頁，仍嫌太短。"}, {"BOOKNAME": "蒙曼說唐：武則天", "ISBN": "9789861738017", "USER": "la******626", "CONTENT": "歷史寫成這麼流暢又好看，學生豈會抗拒? 一章約二十頁，有時間就不停地讀，時間不多就淺嚐一章，安排得不著痕跡卻足見寫作與融會貫通的功力。平心靜氣地跟著作者的娓娓道來重新認識這位被教課書貶多於褒的唯一一位女皇帝，這傳奇的一生，四百多頁，仍嫌太短。"}, {"BOOKNAME": "蒙曼說唐：武則天", "ISBN": "9789861738017", "USER": "la******626", "CONTENT": "歷史寫成這麼流暢又好看，學生豈會抗拒? 一章約二十頁，有時間就不停地讀，時間不多就淺嚐一章，安排得不著痕跡卻足見寫作與融會貫通的功力。平心靜氣地跟著作者的娓娓道來重新認識這位被教課書貶多於褒的唯一一位女皇帝，這傳奇的一生，四百多頁，仍嫌太短。"}, {"BOOKNAME": "蒙曼說隋：隋文帝楊堅", "ISBN": "9789861737263", "USER": "ch****150", "CONTENT": "關於所謂隋唐，一般人的認知都是唐而對相對短命的隋代不太清楚，事實上開國的楊堅的英明、儉樸更超越唐代許多皇帝，並且也幫了之後唐朝盛世累積了必須的能量，以及為李世民做了好與壞（可修正）的歷史示範。全書由蒙曼妙筆寫出如行雲流水，讀起來完全不顯生硬，麥田的排版印刷也讓人看了覺得乾淨俐落。"}, {"BOOKNAME": "蒙曼說隋：隋文帝楊堅", "ISBN": "9789861737263", "USER": "ch****150", "CONTENT": "關於所謂隋唐，一般人的認知都是唐而對相對短命的隋代不太清楚，事實上開國的楊堅的英明、儉樸更超越唐代許多皇帝，並且也幫了之後唐朝盛世累積了必須的能量，以及為李世民做了好與壞（可修正）的歷史示範。全書由蒙曼妙筆寫出如行雲流水，讀起來完全不顯生硬，麥田的排版印刷也讓人看了覺得乾淨俐落。"}, {"BOOKNAME": "蒙曼說隋：隋文帝楊堅", "ISBN": "9789861737263", "USER": "ch****150", "CONTENT": "關於所謂隋唐，一般人的認知都是唐而對相對短命的隋代不太清楚，事實上開國的楊堅的英明、儉樸更超越唐代許多皇帝，並且也幫了之後唐朝盛世累積了必須的能量，以及為李世民做了好與壞（可修正）的歷史示範。全書由蒙曼妙筆寫出如行雲流水，讀起來完全不顯生硬，麥田的排版印刷也讓人看了覺得乾淨俐落。"}, {"BOOKNAME": "蒙曼說唐：唐玄宗(上下部)", "ISBN": "4717702071936", "USER": "ap****325", "CONTENT": "唐玄宗作位帝王的文治武功事跡，歷歷可數。自他的發基登位，勵精圖治到他晚年的荒墮，感情糾葛，不問歷史研究或是戲曲小說，多所著墨。然而遺憾，正因為題材的繁多與豐富性質，反而無法形成全面性的完整架構。如何維持價購有細膩的明白始末，蒙曼作了美好的示範。"}, {"BOOKNAME": "蒙曼說唐：武則天", "ISBN": "9789861733876", "USER": "fl******ng1", "CONTENT": "雖然閱讀時沒有畫面，但仍舊可以看出說書的語調氣氛，閱讀時也不枯燥呆板。本來我就覺得歷史應該要聽取多方的論述才是正確，陳述皆同可以表達出可靠性，不同之處卻也給我們提供了想像及趣味，蒙曼多方引經據典，論述武則天的作為，替沒有深究歷史的一般人打開不同面向，看見更完整的武則天。"}, {"BOOKNAME": "蒙曼說唐：武則天", "ISBN": "9789861733876", "USER": "fl******ng1", "CONTENT": "雖然閱讀時沒有畫面，但仍舊可以看出說書的語調氣氛，閱讀時也不枯燥呆板。本來我就覺得歷史應該要聽取多方的論述才是正確，陳述皆同可以表達出可靠性，不同之處卻也給我們提供了想像及趣味，蒙曼多方引經據典，論述武則天的作為，替沒有深究歷史的一般人打開不同面向，看見更完整的武則天。"}]