[{"BOOKNAME": "當失戀的我，遇上尼采", "ISBN": "9789578950214", "USER": "96********868", "CONTENT": "內容跟《深夜加油站遇上蘇格拉底》或《如果高校棒球女子經理讀了彼得·杜拉克》，就是輕鬆閱讀就可以理解艱深困難的理論。而且作者將尼采的偏激描寫得真貼切，害我之後想到尼采都會想到書中的長相，超級有趣！"}, {"BOOKNAME": "當失戀的我，遇上尼采", "ISBN": "9789578950214", "USER": "96********868", "CONTENT": "內容跟《深夜加油站遇上蘇格拉底》或《如果高校棒球女子經理讀了彼得·杜拉克》，就是輕鬆閱讀就可以理解艱深困難的理論。而且作者將尼采的偏激描寫得真貼切，害我之後想到尼采都會想到書中的長相，超級有趣！"}, {"BOOKNAME": "當失戀的我，遇上尼采", "ISBN": "9789578950214", "USER": "96********868", "CONTENT": "內容跟《深夜加油站遇上蘇格拉底》或《如果高校棒球女子經理讀了彼得·杜拉克》，就是輕鬆閱讀就可以理解艱深困難的理論。而且作者將尼采的偏激描寫得真貼切，害我之後想到尼采都會想到書中的長相，超級有趣！"}]