[{"BOOKNAME": "記者囧很大：一個新聞記者的採訪現場與省思", "ISBN": "9789868962293", "USER": "s1*****103", "CONTENT": "在整個社會習於酸記者這個職業的同時，究竟對記者的工作內容又有多少的了解？本書作者透過她的自身經歷來告訴讀者何謂記者的工作現場與辛酸血淚史。"}, {"BOOKNAME": "記者囧很大：一個新聞記者的採訪現場與省思", "ISBN": "9789868962293", "USER": "s1*****103", "CONTENT": "在整個社會習於酸記者這個職業的同時，究竟對記者的工作內容又有多少的了解？本書作者透過她的自身經歷來告訴讀者何謂記者的工作現場與辛酸血淚史。"}]