[{"BOOKNAME": "抗命女聲", "ISBN": "9789865540081", "USER": "he*******999", "CONTENT": "喜歡看棒球的球迷，都知道lucky 7是給準備好充滿鬥志不認輸的堅持者。而回首7年前的雨傘運動，以及這7年來的各個事件，泛民主派好像是快要崩解。但，如果願意重整士氣，重整力量，讓每一位螻蟻都願意奮起，我相信lucky 7必會實現。"}, {"BOOKNAME": "黑箱：性暴力受害者的真實告白", "ISBN": "9789863616528", "USER": "an*****636", "CONTENT": "非常難過，身為台灣人覺得作者的遭遇非常離譜，在對方無法應對的狀況下當然就是性侵！而日本的罪責又稱此為&quot;準&quot;強姦...只能說日本文化本身就相當仇女不平等。而我們也不能因比日本稍稍進步一點就自認已經很平等，不需再改變。否則我們口中的&quot;進步&quot;只不過是為父權維護的藉口而已！"}, {"BOOKNAME": "空間就是性別", "ISBN": "9789867574268", "USER": "s1*****103", "CONTENT": "作者在此書中告訴讀者，其實性別意識根本的就存在於空間之中，要破解男尊女卑以及恐同，空間的改善也是應該要實踐的，如此才能達到真正的性別平等。"}, {"BOOKNAME": "厭女：日本的女性嫌惡", "ISBN": "9789863231196", "USER": "li***130", "CONTENT": "這本書除了講述女性意識，但真正在講的卻是關於族群、文化之間的差異、權力與主體的互動關係，只是本書切入的點是從性別。而本書最有趣也最實務的是，透過分析日常生活中的對話與堅硬的論述語言來做交叉堆疊，讓人看了更加清晰。"}, {"BOOKNAME": "厭女：日本的女性嫌惡", "ISBN": "9789863231196", "USER": "li***130", "CONTENT": "這本書除了講述女性意識，但真正在講的卻是關於族群、文化之間的差異、權力與主體的互動關係，只是本書切入的點是從性別。而本書最有趣也最實務的是，透過分析日常生活中的對話與堅硬的論述語言來做交叉堆疊，讓人看了更加清晰。"}, {"BOOKNAME": "厭女：日本的女性嫌惡", "ISBN": "9789863231196", "USER": "li***130", "CONTENT": "這本書除了講述女性意識，但真正在講的卻是關於族群、文化之間的差異、權力與主體的互動關係，只是本書切入的點是從性別。而本書最有趣也最實務的是，透過分析日常生活中的對話與堅硬的論述語言來做交叉堆疊，讓人看了更加清晰。"}, {"BOOKNAME": "厭女：日本的女性嫌惡", "ISBN": "9789863231196", "USER": "li***130", "CONTENT": "這本書除了講述女性意識，但真正在講的卻是關於族群、文化之間的差異、權力與主體的互動關係，只是本書切入的點是從性別。而本書最有趣也最實務的是，透過分析日常生活中的對話與堅硬的論述語言來做交叉堆疊，讓人看了更加清晰。"}, {"BOOKNAME": "厭女：日本的女性嫌惡", "ISBN": "9789863231196", "USER": "li***130", "CONTENT": "這本書除了講述女性意識，但真正在講的卻是關於族群、文化之間的差異、權力與主體的互動關係，只是本書切入的點是從性別。而本書最有趣也最實務的是，透過分析日常生活中的對話與堅硬的論述語言來做交叉堆疊，讓人看了更加清晰。"}, {"BOOKNAME": "12P情慾相談室（限）", "ISBN": "9789866474248", "USER": "s1*****103", "CONTENT": "本書透過一個個真實的案例分享，不管是男同性戀抑或是女同性戀甚至是雙性戀者，加上本書創意地用對話框讓其他故事的分享者也能參與同一個故事，跟故事分享者的內容作對話，是本書最不同的地方，彷彿同時有好幾個人跟讀者敘說他/她們的心聲。"}, {"BOOKNAME": "12P情慾相談室（限）", "ISBN": "9789866474248", "USER": "s1*****103", "CONTENT": "本書透過一個個真實的案例分享，不管是男同性戀抑或是女同性戀甚至是雙性戀者，加上本書創意地用對話框讓其他故事的分享者也能參與同一個故事，跟故事分享者的內容作對話，是本書最不同的地方，彷彿同時有好幾個人跟讀者敘說他/她們的心聲。"}, {"BOOKNAME": "言語不只是言語：誹謗、歧視與言論自由", "ISBN": "9789866614866", "USER": "s1*****103", "CONTENT": "言語之所以不只是言語，是因為言語有力量，能夠使說話者的聲音被聽見，被重視，甚至改變價值體系，所以哪些話可以說，哪些話不能說，正是本書要告訴讀者的。"}, {"BOOKNAME": "魅惑:從妖婦、情婦到蕩婦的禍水紅顏史", "ISBN": "9789867581440", "USER": "19*****key", "CONTENT": "從神話、歷史人物到老牌名星，至今代名人，書裡說的這些女人，以現今眼光或許不是全部都是絕豔美人，但一個人的氣質魅力卻是天生俱來的，但不管這些女人做了些什麼，男人們，或許把她們都當作是破壞一切的禍水，但在同為女性的我眼裡，她們不過是傑敖不遜及愛自己多了些罷了。"}]