[{"BOOKNAME": "鐳女孩：二十世紀美國最黑暗的歷史與一群閃亮的女孩改變世界的故事", "ISBN": "9786267012307", "USER": "ar****o27", "CONTENT": "鐳女孩是百年前職業病史血淚的一章，也是人們對於科技新發現的過度相信和之於權威專業的不疑服從，再者，當真相漸漸明朗，是否就代表著正義將得以彰顯，不，當鐳女孩終於了解曾經以為的幸運是死亡追索的不幸時，還歷經了數十年的纏訟，才讓企業面對當年過於自信且忽略勞工健康的行為，但任何賠償都已經無法改變鐳女孩們被粉碎的健康和人生。職業之於人生，經常是漫漫數十年的歲月，職業傷病的發生卻常是瞬間的難以挽回堆壘而成的終身懊悔，不論是雇主或勞工豈能不謹慎面對。"}, {"BOOKNAME": "鐳女孩：二十世紀美國最黑暗的歷史與一群閃亮的女孩改變世界的故事", "ISBN": "9786267012307", "USER": "ar****o27", "CONTENT": "鐳女孩是百年前職業病史血淚的一章，也是人們對於科技新發現的過度相信和之於權威專業的不疑服從，再者，當真相漸漸明朗，是否就代表著正義將得以彰顯，不，當鐳女孩終於了解曾經以為的幸運是死亡追索的不幸時，還歷經了數十年的纏訟，才讓企業面對當年過於自信且忽略勞工健康的行為，但任何賠償都已經無法改變鐳女孩們被粉碎的健康和人生。職業之於人生，經常是漫漫數十年的歲月，職業傷病的發生卻常是瞬間的難以挽回堆壘而成的終身懊悔，不論是雇主或勞工豈能不謹慎面對。"}, {"BOOKNAME": "鐳女孩：二十世紀美國最黑暗的歷史與一群閃亮的女孩改變世界的故事", "ISBN": "9786267012307", "USER": "ar****o27", "CONTENT": "鐳女孩是百年前職業病史血淚的一章，也是人們對於科技新發現的過度相信和之於權威專業的不疑服從，再者，當真相漸漸明朗，是否就代表著正義將得以彰顯，不，當鐳女孩終於了解曾經以為的幸運是死亡追索的不幸時，還歷經了數十年的纏訟，才讓企業面對當年過於自信且忽略勞工健康的行為，但任何賠償都已經無法改變鐳女孩們被粉碎的健康和人生。職業之於人生，經常是漫漫數十年的歲月，職業傷病的發生卻常是瞬間的難以挽回堆壘而成的終身懊悔，不論是雇主或勞工豈能不謹慎面對。"}, {"BOOKNAME": "真理的史詩：從創建殖民地到獨立戰爭，從解放黑奴到民粹雲起，一段歷經五百年驗證、淬鍊的美國歷史（三冊", "ISBN": "9789865509460", "USER": "s1*****103", "CONTENT": "美國做為一個從殖民地走向獨立國家，並成為世界影響力最大國家的過程，然後這樣的偉大並不是不用付出代價，而是各種價值衝突競爭的過程，本書所要講述的，就是這樣一個美國史的過程。"}, {"BOOKNAME": "空中帝國．美國的二十世紀：庶民文化的精神與戰爭世紀的轉變", "ISBN": "9789578654709", "USER": "le**206", "CONTENT": "本書講述的內容前段和後段略有不同，前者是探討美國的自由精神和對研發的態度，後者則是飛機出現後，美國在20世紀的戰爭和戰爭的策略以及對戰爭的反思，並且也介紹了各總統對戰爭的態度和他們各自人格特質，本書是瞭解當代美國戰爭這一面不錯的小書"}, {"BOOKNAME": "美國製造", "ISBN": "9789867178183", "USER": "al********ing", "CONTENT": "一本書道盡美國人的價值觀和習俗  出脫於英國  卻和英國截然不同  簡潔易懂的好書籍  有興趣了解美國的人可以從這本入手  真的好看又好懂"}, {"BOOKNAME": "五十個孩子：一對平凡夫妻的不凡旅程", "ISBN": "9789863442042", "USER": "so****345", "CONTENT": "此書就像園長夫人一樣，一樣是夫婦，書的內容一樣講的不只是救援，連當代的歷史.時事都寫了上去，資料很多，看得很過癮。英國接受了1萬名無家長陪伴的猶太孩童，但美國卻只接受1千名，如果沒有反猶，不就能拯救更多生命了嗎?看到這段讓我傷心。"}]