[{"BOOKNAME": "你不可能是漢族：百年民族魔咒大破解", "ISBN": "9789865524128", "USER": "el**irs", "CONTENT": "這本書似乎有在網路上引起正反兩論，不過作者根據許多論點一一檢視，並將作者認為有誤的部分列出來逐一說明，我覺得此書提供我不一樣的角度思考歷史，就像夏商周的人不會自稱自己是夏「朝」人、商「朝」人，而會自己夏國人、商國人，朝代到底從何而來的？"}, {"BOOKNAME": "中國大歷史（暢銷10萬本重新校訂新版）", "ISBN": "9789570851991", "USER": "ge******************.tw", "CONTENT": "黃仁宇是美國籍的歷史學家，原本是抗戰時期的國民政府軍人，跟隨鄭洞國將軍打仗，閱歷豐富，或許是由於這段經歷讓黃仁宇日後成為中國「大歷史觀」的提倡者。本書在1993首刷初版，所謂「大歷史觀」是從技術生產的角度談論歷史，不同於中國史書傳狹隘的紀錄事件，而是分析時代、社會結構總結歷史。"}, {"BOOKNAME": "歷史處處是懸疑", "ISBN": "9789869880800", "USER": "ev******429", "CONTENT": "本書將歷史上著名事件，以不同角度來解讀，猶如「一個歷史，各自表述」。閱讀本書可發現，歷史原來還有另一種解讀，提供讀者以不同視野來思索，未必全盤接受別人告知的史觀。"}, {"BOOKNAME": "暗黑民國史：兩岸歷史課本刻意迴避的空白30年", "ISBN": "9789579654791", "USER": "le**206", "CONTENT": "相較於過去三本關於民國史的著作，余杰這次終於寫到了國共兩黨之間的關係，民國的故事由於距離我們不算太遠，且是當代史，兩岸的論點甚至會南轅北轍，但很敢寫的余杰此本著作，算是將兩黨在大陸並存時期，最為黑暗的事件都列了出來，對民國在大陸後半段時期有興趣的讀者可以參考"}, {"BOOKNAME": "古人原來這樣過日子：地表最強的66堂中國歷史穿越課", "ISBN": "9789863447481", "USER": "cp*h92*", "CONTENT": "相較起來，宋朝是一個不錯的朝代，那時，百姓經商，有錢，生活水準也高，不像其他朝代那麼苦。當然，時代不斷的演進，各項進步也都看得見，我們今日，男女平權，女性可以接受良好教育，奉獻所學，嶄露頭角。此刻，是最好的年代。又何須羨慕古人呢？"}, {"BOOKNAME": "權力密碼：當歷史遇見經濟學", "ISBN": "9789579314435", "USER": "d**a1**", "CONTENT": "歷史不˙應該只由歷史學家去謄寫，而是必須吸納各方人才來敘述，王偉先生就是一個商業人才來謄寫歷史，但是也就是因為這樣的背景，寫出了許多異於歷史學者的書籍，也提出許多可以思考的方向，確實是一本精彩好書，但是，引諭錯誤，卻是在所難免，涵蓋不全，思考不夠廣大亦是這本書的缺失。"}, {"BOOKNAME": "古裝穿搭研究室：超乎你想像的中國服飾史", "ISBN": "9789571378473", "USER": "si****616", "CONTENT": "現在宮廷劇非常夯,對於劇的要求不再是顏値和劇情,在服裝的細節上比過去大大提升,當然多少能引發對於傳統文和的好奇心. 本書介紹許多各朝代服飾風格,適合對漢服、歷史文化、宮廷劇有興趣的初學者,入門簡單好理解."}, {"BOOKNAME": "古裝穿搭研究室：超乎你想像的中國服飾史", "ISBN": "9789571378473", "USER": "si****616", "CONTENT": "現在宮廷劇非常夯,對於劇的要求不再是顏値和劇情,在服裝的細節上比過去大大提升,當然多少能引發對於傳統文和的好奇心. 本書介紹許多各朝代服飾風格,適合對漢服、歷史文化、宮廷劇有興趣的初學者,入門簡單好理解."}, {"BOOKNAME": "這些軍師不正常", "ISBN": "9789863616986", "USER": "ti*********616", "CONTENT": "搭配作者的診斷書和判斷詳細文，從現在人所能理解的角度帶領我們重新認識這些在課本上只能透過之乎者也者認識的人臣，看得我是捧腹大笑，相較於教科書的正規嚴謹，這樣的介紹讓人更容易記得這些人物們，也容易喜歡歷史，進而接受歷史。"}, {"BOOKNAME": "獻給皇帝的禮物：Wedgwood瓷器王國與漫長的十八世紀", "ISBN": "9789869735919", "USER": "ti*********616", "CONTENT": "在大英博物館，看到許多西洋的瓷器，我總是被吸引，然而門外漢的我也僅是覺得好看，並沒有辦法擁有其他相關知識。而今透過作者，我得以認識那些收藏品背後的故事。能以物品稱呼其國是因為這是這個國家最為引以為傲的成就，然而在進獻給皇帝的禮物中出現了瓷器，究竟有什麼令人驚嘆之處呢？"}, {"BOOKNAME": "寡人：這些帝王有個性．細說宮廷", "ISBN": "9789570531770", "USER": "ge******************.tw", "CONTENT": "這本書描寫古中國歷朝的昏庸君主，簡稱「昏君」。亂世的政權林立，比如「五代十國」就是歷史上最混亂的時代，本書列舉的大部分昏君，自然也來自這個時期，比如後唐莊宗李存勖，人稱戲子皇帝、還有吳景帝、楚衡陽王、後蜀後主、南漢後主、南唐烈祖...等等，文筆稍嫌誇大，但很有趣。"}, {"BOOKNAME": "本宮：這些后妃不簡單．細說宮廷", "ISBN": "9789570531725", "USER": "64********170", "CONTENT": "客觀的寫出每一位后宮中女子的故事，更讓我們為帝王的薄情感到憤恨，慘死的結局感到惋惜，又或者是因為有個長情的帝王，美滿的結局感到欣慰，這都是這本書隱約透露給人們的情感。"}, {"BOOKNAME": "曠典闡幽錄", "ISBN": "9789863265559", "USER": "41********732", "CONTENT": "大荔忠义祠大殿刻满各村死于回难的一万两千余人汉人姓名的石碑，在本朝朝初应大荔回民要求，再改忠义祠为清真寺以后，如今定然无处可寻。大荔县有位文人，名宋佑文，字学斋的，曾经写过一本《旷典阐幽录》，据马长寿言，50年代在大荔还可以找到这本书，这本书里收录了这份名单。"}, {"BOOKNAME": "林衡道先生訪談錄", "ISBN": "9789571608860", "USER": "st*******231", "CONTENT": "舊作重刊，然而卻也是大家引領期盼的口述歷史之作。尤其對台灣史研究的歷程有高度興趣者，林衡道的學思歷程也是個很好的關注點。"}, {"BOOKNAME": "坐天下很累：中國式權力的八種滋味", "ISBN": "9789573279655", "USER": "d**a1**", "CONTENT": "真是一本精彩的書，雖然都只是拿失敗的皇帝做例子，卻可以看出，皇帝就是一個人，他就是有七情六慾跟無奈。就是因為這些性格陷阱，讓這個皇帝萬劫不復。雖然寫的是皇帝，但是卻直指人心。簡直就是「彼得原理」的實戰版。"}, {"BOOKNAME": "漢室江山興衰史", "ISBN": "9789865716509", "USER": "sh*****666", "CONTENT": "魏得勝的筆調非常有趣，透過他的描述，就彷彿從另一個新的角度來看待這些歷史，不再像以前歷史課那樣讓人容易昏昏欲睡。"}, {"BOOKNAME": "公孫策作品集套書組 （英雄劫+大對決+黎民恨）", "ISBN": "4717702088668", "USER": "ko***************.tw", "CONTENT": "英雄劫推薦文作者陳美儒先生提到：滾滾長江東逝水，浪花淘盡英雄，是非成敗轉頭空‧‧這是羅貫中在《三國演義》以「西江月」詞牌令寫的卷頭詩。我瞬間冷掉。這闕詞是明楊慎《二十一史》彈詞第三章《說秦漢》開場詞調寄《臨江仙》，被移到《三國演義》當作開場詞，澄清一下比較好。"}, {"BOOKNAME": "成功源自解決疑難：20篇精英成名史（英漢雙語版【繁體中文版】）", "ISBN": "9781625031457", "USER": "an*******456", "CONTENT": "本書能夠給您啟發，告訴您如何走出自己的一條路。內容包括全球最優12a央行總裁彭淮南，與二級貧戶之子成為大學教授與發明家林永禎等。每一故事都令我感動，給我從挫折中奮起的力量，也在社會紛亂的年代注入一股正向的安定力量，同時也為年輕世代樹立永垂不朽的思想觀念。全文見傳世英文通。"}, {"BOOKNAME": "古代帝王死亡診斷書", "ISBN": "9789865834258", "USER": "se******ces", "CONTENT": "從小喜歡歷史,卻沒想到可以從醫學方面切入我們熟悉的人物朝代軼事 換了這個角度,彷彿一瞬將古代現代用科學連接起來"}, {"BOOKNAME": "流傳千年的史記故事", "ISBN": "9789865699093", "USER": "66********681", "CONTENT": "內容述記不死板～分章別段也都有接續性～每篇下方還有一些小知識欄補充～覺得相當不錯～!喜歡歷史故事的朋友個人相當推~但是如果有彩圖版本多一些圖片就好了"}, {"BOOKNAME": "詩說歷史", "ISBN": "9789570529104", "USER": "a1*8tw*", "CONTENT": "金庸《越女劍》講的就是春秋時期，范蠡與西施故事，後來流傳陶朱公就是隱性埋名的范蠡；《書劍恩仇錄》則是清朝皇帝乾隆和清朝大臣陳世倌之子陳家洛的恩怨情仇故事；上官鼎《王道劍》，以「靖難之役」從朱元璋到朱棣強勢篡位逼的朱允炆逃到鄭義門後，落腳於支提寺佛僧應文大師其實就是建文皇帝。"}, {"BOOKNAME": "歷史課本聞不到的銅臭味", "ISBN": "9789571358246", "USER": "ai***588", "CONTENT": "從另一方向更加的了解古代名人的生活，許多讀再多歷史故事也不見得了解的地方，彷彿更貼近這些只聞其名或只讚賞過他們的作品，卻不了解他們身處的環境的人，非常有趣味的一本書!"}, {"BOOKNAME": "歷史課本聞不到的銅臭味", "ISBN": "9789571358246", "USER": "ai***588", "CONTENT": "從另一方向更加的了解古代名人的生活，許多讀再多歷史故事也不見得了解的地方，彷彿更貼近這些只聞其名或只讚賞過他們的作品，卻不了解他們身處的環境的人，非常有趣味的一本書!"}, {"BOOKNAME": "歷史課本聞不到的銅臭味", "ISBN": "9789571358246", "USER": "ai***588", "CONTENT": "從另一方向更加的了解古代名人的生活，許多讀再多歷史故事也不見得了解的地方，彷彿更貼近這些只聞其名或只讚賞過他們的作品，卻不了解他們身處的環境的人，非常有趣味的一本書!"}, {"BOOKNAME": "聽見西藏：在雪域中遇見自己", "ISBN": "9789575983680", "USER": "op**ndy", "CONTENT": "同事大力推薦這本書，看的當下可以感受到作者平靜的內心，時時觀察自己、反省自己，體會佛法清涼之感，也能體會到作者憶念師長的心。在日常生活中閱讀，帶來陣陣平靜與喜悅"}, {"BOOKNAME": "中國歷史圖鑑（精）", "ISBN": "9789868080461", "USER": "ni*******010", "CONTENT": "以簡單扼要的文字勾勒中國數千年的歷史與文化，結合文物實體圖片以文物的資訊，深入淺出，形成另外一種隨手可讀又可以進行目的性查閱的百科，令人可簡易就能理解其中的脈絡！"}, {"BOOKNAME": "龍床上的中國：是的，就是你想像中的歷代皇室荒淫實錄", "ISBN": "9789861783604", "USER": "d**a1**", "CONTENT": "這本書沒有腥羶色情，只有歷史上的女性為了自己努力的經過，也許成就復國，也許讓國家衰亡，但是看到的是中國的皇帝對於自己的施政是極其不負責任的，想如何就如何。這本書不就是指出整個中國皇帝制度的最大錯誤之處？好書一本。"}, {"BOOKNAME": "形塑歷史：政治變遷如何被敘述", "ISBN": "9789570845389", "USER": "an***260", "CONTENT": "作者擷取自身研究經歷集結成書，探討&quot;政治變遷&quot;如何被&quot;敘述&quot;，尤其是對身處其中的人而言，以其中東德垮台為例，也許已受資本主義觀點歷史教育的我們只覺得自然不過，但是對當時的東德人卻有如亡國一般，柏林圍牆倒了，心理上卻無法走過那片牆。"}, {"BOOKNAME": "植物獵人的茶盜之旅：改變中英帝國財富版圖的茶葉貿易史", "ISBN": "9789863441151", "USER": "mi*****015", "CONTENT": "『我此生已黯淡無光，城市之美任遭蹂躪，徒留廢墟與蠻荒。』東印度公司的失敗等同福鈞的失敗。這家史上規模最龐大的企業卻在和平接收印度這事上受挫，一蹶不振。從福鈞將中國茶搬到印度這種商業間諜的行為了解：不應讓原生植物大量分布全球，造成當地生態系統遭破壞。或許這正是造物者的公平原則吧！"}, {"BOOKNAME": "一本就懂中國史", "ISBN": "9789861782805", "USER": "ch**gcm", "CONTENT": "市面上充斥著由大陸作者著作翻成繁體中文的中國史，這本書卻是純台灣作者的著作。作者文筆流暢，內容雖遵守史實，但仍有作者對許多事件提供了另一角度的看法，讓大部分讀者能更了解僅在高國中念過的中國史。建議作者可在書後提供中國歷代皇帝稱號的年表來供對照，更能畫龍點睛。"}, {"BOOKNAME": "一句話讀懂世界史", "ISBN": "4717702081652", "USER": "ch**044", "CONTENT": "用一句經典名言當作楔子，深入淺出的飲導讀者進入歷史的情境中。讓歷史的臨場感彷彿再一次呈現在我們眼前。閱讀起來相當的輕鬆愜意，但卻讓人有種似曾相識的感覺，頗能觸動人心是一本值得推薦的好書。"}, {"BOOKNAME": "看得到的世界史（平裝，上、下冊）套書", "ISBN": "0281842050167", "USER": "ch**044", "CONTENT": "這是一部類似爐邊談話的故事書，由英國大英博物館館長所親自撰寫的，用文物的圖片和文字的解說我們可以更清楚的看見歷史，在99件文物中每個人儘管喜好不同，但每個人對於自己的未來總會有1個答案，本書也許可以讓讀者對於世界有更多方面的認識或發現。"}, {"BOOKNAME": "圖解世界近現代史（修訂版）", "ISBN": "9789866434334", "USER": "19***923", "CONTENT": "用圖解方式來解說近代發生的世界歷史，在書店翻閱的第一眼，以輕鬆的漫畫介紹，讓讀歷史如工業革命，再也不是文字上的枯燥乏味，而是有趣地認識近代歷史發生的事件!"}, {"BOOKNAME": "你所不知的戰亂世界", "ISBN": "9789866214325", "USER": "so****345", "CONTENT": "此書共有90多張的珍貴照片，加上詳盡的故事，讓讀者更加了解那段歷史故事。我也從這本書，讀到了我以前不知道的故事，因為是戰爭，所以都是悲傷痛苦的故事。"}, {"BOOKNAME": "帖木兒之後：1405-2000年全球帝國史", "ISBN": "9789866158148", "USER": "ch**044", "CONTENT": "帖木兒之後東方人的自信逐漸的衰弱，西方自工業革命在世界的舞台上一直居於領導的角色，本書採用不同以往的觀點，探討東、西方文化在戰爭與和平的交流下產生了什麼樣的衝擊，進而造就了今日的世界。"}, {"BOOKNAME": "原來喇嘛這樣過日子", "ISBN": "9789866271243", "USER": "i*87***", "CONTENT": "作者平實且風趣的描述了在三大寺的點點滴滴，讓人得以一探西藏僧人真實的一面，文章中沒有一般宗教信仰者的迷信，也沒有太多的矯飾和吹捧。生活中雖然許多的驚奇、文化落差、生活差異…但在作者總能以幽默的觀點來看待，雖然沒有澎湃的劇情，但讀完卻能讓人回味再三。"}, {"BOOKNAME": "原來喇嘛這樣過日子", "ISBN": "9789866271243", "USER": "i*87***", "CONTENT": "作者平實且風趣的描述了在三大寺的點點滴滴，讓人得以一探西藏僧人真實的一面，文章中沒有一般宗教信仰者的迷信，也沒有太多的矯飾和吹捧。生活中雖然許多的驚奇、文化落差、生活差異…但在作者總能以幽默的觀點來看待，雖然沒有澎湃的劇情，但讀完卻能讓人回味再三。"}, {"BOOKNAME": "原來喇嘛這樣過日子", "ISBN": "9789866271243", "USER": "i*87***", "CONTENT": "作者平實且風趣的描述了在三大寺的點點滴滴，讓人得以一探西藏僧人真實的一面，文章中沒有一般宗教信仰者的迷信，也沒有太多的矯飾和吹捧。生活中雖然許多的驚奇、文化落差、生活差異…但在作者總能以幽默的觀點來看待，雖然沒有澎湃的劇情，但讀完卻能讓人回味再三。"}, {"BOOKNAME": "原來喇嘛這樣過日子", "ISBN": "9789866271243", "USER": "i*87***", "CONTENT": "作者平實且風趣的描述了在三大寺的點點滴滴，讓人得以一探西藏僧人真實的一面，文章中沒有一般宗教信仰者的迷信，也沒有太多的矯飾和吹捧。生活中雖然許多的驚奇、文化落差、生活差異…但在作者總能以幽默的觀點來看待，雖然沒有澎湃的劇情，但讀完卻能讓人回味再三。"}, {"BOOKNAME": "另眼看歷史(上)：一部有關中、日、韓、台灣及周邊世界的多角互動歷史", "ISBN": "9789573266648", "USER": "jt*su1*", "CONTENT": "業餘玩史，「不夠博」是其缺點，但沒有包袱也是其優點。作者大膽嘗試將「中日韓台」形成一個「跨國交織」的敘事模式，形式上獨樹一格。上卷以中、日、韓、台的通史為主，作者模擬說書人的語調，企圖增加閱讀的趣味。「某國的豐功偉業，通常是鄰國的災難」一語，足發人深省。"}, {"BOOKNAME": "另眼看歷史(下)：一部有關中、日、韓、台灣及周邊世界的多角互動歷史", "ISBN": "9789573266655", "USER": "jt*su1*", "CONTENT": "本書是作者花了一生讀書，為讀者們所寫的筆記和心得。平心而論，通俗之外，平淡了些。不過作為引誘大眾「愛上歷史」的第一本「史普」專書，仍是十分合適的。 作者「以興趣為導向」的讀書態度，在史學之外，或許更值得當代的父母們作為教養借鏡。"}, {"BOOKNAME": "寫給年輕人的簡明世界史（新版）", "ISBN": "4717702070601", "USER": "ru********nov", "CONTENT": "不管你是否熟悉歷史，這本書都能讓你簡單踏入歷史的殿堂。宮布利希說故事的口吻，就像自家爺爺那樣親切，雖然不若教科書那樣系統化，卻更引人入勝，讓人忍不住想一章一章翻閱下去‥‥‥"}, {"BOOKNAME": "寫給年輕人的簡明世界史（新版）", "ISBN": "4717702070601", "USER": "ru********nov", "CONTENT": "不管你是否熟悉歷史，這本書都能讓你簡單踏入歷史的殿堂。宮布利希說故事的口吻，就像自家爺爺那樣親切，雖然不若教科書那樣系統化，卻更引人入勝，讓人忍不住想一章一章翻閱下去‥‥‥"}, {"BOOKNAME": "寫給年輕人的簡明世界史（新版）", "ISBN": "4717702070601", "USER": "ru********nov", "CONTENT": "不管你是否熟悉歷史，這本書都能讓你簡單踏入歷史的殿堂。宮布利希說故事的口吻，就像自家爺爺那樣親切，雖然不若教科書那樣系統化，卻更引人入勝，讓人忍不住想一章一章翻閱下去‥‥‥"}, {"BOOKNAME": "寫給年輕人的簡明世界史（新版）", "ISBN": "4717702070601", "USER": "ru********nov", "CONTENT": "不管你是否熟悉歷史，這本書都能讓你簡單踏入歷史的殿堂。宮布利希說故事的口吻，就像自家爺爺那樣親切，雖然不若教科書那樣系統化，卻更引人入勝，讓人忍不住想一章一章翻閱下去‥‥‥"}, {"BOOKNAME": "3天讀懂世界史--考古學家帶你重新發現世界", "ISBN": "9789866526220", "USER": "si*********926", "CONTENT": "這是歷史老師沒有交的世界史!!每篇都有讓人一目暸然的大標，每段歷史都可以一言以敝之地寫成小標，讀完這本世界史開啟了新的世界"}, {"BOOKNAME": "沒有穿上龍袍的太子", "ISBN": "9789866714139", "USER": "bu*********r21", "CONTENT": "太子和皇帝只有一步之遙，但這一步可不是普通的遙遠。  如果一切順利，就能登上皇位，生殺大權操之在手，呼風喚雨無所不能；要是有所閃失，便從此遠離權力核心，或鋃鐺入獄，或家破人亡。這一來一往之間，差距何止千里？  翻開此書，就能明白這些太子之所以步下政治舞台的原由和結局。"}, {"BOOKNAME": "歷史的再思考", "ISBN": "9789867252401", "USER": "ge******************.tw", "CONTENT": "詹京的這一本冊子只有190頁，但討論的都是歷史學的認識論、方法論和意識形態視角的問題，故非常專業，是寫給真正研究歷史學的人讀的書，我誤打誤撞讀了亦發覺過去看的並非歷史，而是歷史學者「所解讀的」歷史，這句很重要。推荐！"}, {"BOOKNAME": "中國古鎮遊", "ISBN": "9789867744692", "USER": "a**ra**", "CONTENT": "這本書好厚，但是很值得看，值得收藏，書中的古鎮，有些根本聽都沒聽過，卻讓人神往，沒有都市的喧囂，有著古樸中國的美好，每一箴圖片，都訴說著一個古老的故事，在現代化激進的現在，不曉得古鎮的人們，是否依然過著古老的生活節奏，不要改變呀!那是多珍貴的文化"}, {"BOOKNAME": "從地圖看歷史", "ISBN": "9789577765581", "USER": "ch****150", "CONTENT": "跟一般歷史書籍用「縱向」時間表不同的地方，在於本書著重在以「橫向」的地理位置來介紹世界史，讓讀者得以用不同的視野重新審視過去自己所學。武光先生另有一本「從戰爭看歷史」則是反向地由小觀大的世界簡史，搭配本書來看相當適合入門者。"}, {"BOOKNAME": "海行兮的年代", "ISBN": "9789570329452", "USER": "s1*****103", "CONTENT": "本書多著重探討日治時期的教育，從教材出發讓讀者了解日本殖民政府經過挑選，讓殖民地人民想要學習到何種精神，以及如何以教育的方式讓他們成為日本人。"}, {"BOOKNAME": "中華文明的誕生", "ISBN": "9789574552733", "USER": "y**a2**", "CONTENT": "作者以淺顯易懂的文字，將歷代國君、名臣將相的軼文趣事娓娓道來、栩栩如生，就像一本輕鬆的故事書一樣，全系列六套書縱貫整個中國通史，是一本值得中學生閱讀的課外歷史讀物。"}, {"BOOKNAME": "赫遜河畔談中國歷史", "ISBN": "9789571300467", "USER": "li****lun", "CONTENT": "從一篇篇簡短的事件敘述中國歷史變遷的轉捩點,各篇脈絡相通,文字細膩剖析精闢,出版已逾二十載,仍值得一再細細品味."}]