[{"BOOKNAME": "詞彙之旅（新修訂版）", "ISBN": "9789570919615", "USER": "ti*********616", "CONTENT": "當初上詞彙學的時候，便深深被吸引，以往讀著國文的時候，總是默默地記憶，卻心中不免好奇詞彙的形成，而透過此書得以一窺究竟！"}, {"BOOKNAME": "詞彙之旅", "ISBN": "9789570918557", "USER": "ti*********616", "CONTENT": "經過一個學期的詞彙學，在生活之中，時常會將詞彙分門別類，近乎走火入魔了，然而這個詞彙的世界非常的有趣，讓我課外之餘想要更了解自己使用的語言魅力。"}, {"BOOKNAME": "回顧現代：後現與後殖民論文集", "ISBN": "9789577081964", "USER": "s1*****103", "CONTENT": "本書探討了現代最紅的後現代與後殖民理論，讀者可以藉由此書來看國內外的文本乃至於現實的結合，去看後現代與後殖民。"}, {"BOOKNAME": "古典詩韻易檢附詩韻集成", "ISBN": "", "USER": "40****03l", "CONTENT": "對於一開始創作古詩的人來說，這本書絕對值得當作手邊的參考書目。 裡頭關於每個韻部有詳細的分類，並且在其下都有提供一些詞彙來給讀者做參考！ 對於古詩創作來說有著一定的幫助！"}]