[{"BOOKNAME": "原子有話要說！元素週期表【原子公寓圖解版】", "ISBN": "9789865956981", "USER": "a**ra**", "CONTENT": "以前讀化學，一開始就是死背元素週期表，在啥都不懂之下，讀起來真的很累，看到這本書，便想買給小孩看，在他接觸化學之前，先把元素的種種，用圖畫和解說之下先去了解，希望有用"}, {"BOOKNAME": "看得到的化學：你一輩子都會用到的化學元素知識", "ISBN": "9789866526671", "USER": "vi********124", "CONTENT": "我不是自然組的,但也因此這本書對我來說舒服多了.優美的圖表介紹了基礎的化學元素,拿來給小朋友當課外讀物我覺得也滿好的^^"}, {"BOOKNAME": "趣味化學", "ISBN": "9789864438501", "USER": "ge******************.tw", "CONTENT": "大宮信光先生有豐富的家庭教師經驗，經過他的淺而明白的描述，化學的概念便活過來，不再是像是實驗室、課堂上教導的那樣呆板了。推薦這一本生活上的化學知識普及書。"}, {"BOOKNAME": "改變世界的七種元素", "ISBN": "9789863204923", "USER": "li****lun", "CONTENT": "驅策這些元素來運用的力量都含著血腥與殺戮；作者機緣巧合的碰觸工商界頂尖企業，把這七種元素與人類的糾葛一路鋪陳下來，看完感到非常淒涼，想想在造福世界前居然都是沾滿鮮血而得，還真是可悲。由衷地期盼日後享用新科技時是自然祥和誕生。"}, {"BOOKNAME": "3小時讀通機能有機化合物", "ISBN": "9789865779276", "USER": "me****234", "CONTENT": "先前就友讀過作者的其他相關作品 每部作品都有詳細的表格以及淺顯的圖解說明 使人們更容易可以理解生活中 有哪些可能傷害我們身體健康的物品 我還推薦各會可以加買同一位作者的著作&quot;恐怖有毒物質就在你身邊&quot;"}, {"BOOKNAME": "超可愛元素週期表", "ISBN": "9789861217543", "USER": "yu*****ish", "CONTENT": "化學對於許多人的記憶都是痛苦的，不但要背許多元素符號，更要背化學式。這本書很適合高年級或國一二生初接觸化學的人，利用可愛的插圖，讓人不再覺得化學元素冷冰冰。"}, {"BOOKNAME": "元素生活-118個KUSO化學元素，徹底解構你的生活", "ISBN": "9789573266211", "USER": "mu*******120", "CONTENT": "我以前唸書時覺得化學很難又很枯燥，畢業後才接觸到這本書，頓時覺得相見恨晚！小巧的繪本拿在手中就令我心情愉悅，更重要的是化學元素用可愛的擬人化來解析，既好懂又能讓人學到許多常識，實在太棒了！"}, {"BOOKNAME": "超萌！化學元素週期表：118動漫少女幫你奠定化學基礎", "ISBN": "9789861362373", "USER": "ll*313*", "CONTENT": "&quot;超萌！化學元素週期表：118動漫少女幫你奠定化學基礎&quot; 超讚!!!!很快就把週期元素表背起來了~~讓我的理化大幅進步了xd"}, {"BOOKNAME": "蘇老師掰化學", "ISBN": "9789864173006", "USER": "de*******208", "CONTENT": "這本書真的很有趣，而且玩完全全顛覆了我對化學的印象，原來有些我們從小到大的觀念都是那麼愚昧，原來化學不是都是有害的，反而是時常幫助我們的一門科學，這本書很值得看，保證你對化學有另一番的認識"}, {"BOOKNAME": "化學元素王國之旅", "ISBN": "9789576213243", "USER": "ti*********616", "CONTENT": "讀此書前，化學周期表於我而言只是一個考試項目，需要背熟，但是讀完此書後，書中將周期表與生活結合，周期表的每個元素彷彿活過來了，它們不再只是如雕像般站立，每一個都生活在你周圍。"}]