[{"BOOKNAME": "進入北歐神話的世界：神族、巨人與人類的故事", "ISBN": "9789863311683", "USER": "m0******660", "CONTENT": "這本書顛覆了我以往對北歐神話的想像，看完才知道原來北歐的眾神們不如我們所想像的那麼高潔，而且本書對眾神的敘述整理的很清處，就算完全沒接觸過北歐，也能看得懂。"}, {"BOOKNAME": "論李維羅馬史", "ISBN": "9789571163345", "USER": "ch**044", "CONTENT": "馬基維利niccolo machiavelli的《論李維羅馬史》，是現代擔任國家領導人最基本的常識。但是，在那個年代民主的基本素養根本尚未普及化，整個世界的氛圍剛從神的世界改變到人的世界，從重視來生再轉世的觀念轉變成注重今生現世的存在，本書在哲理和思考上給予讀者一些新與舊的啟發。"}]