[{"BOOKNAME": "迎風巡航：拉法葉艦航海日誌", "ISBN": "9789575748760", "USER": "99*3dc*", "CONTENT": "為數不少的「軍事迷」或更多立志加入國軍的青年，苦無深入了解軍中的門道，這本書應該可以讓大家找到許多答案。 軍隊由人所組成，而軍艦就像一個小型的社會，在相互鼓勵中，可以找到人性的光輝，可以激發奮鬥向上、克服困難的勇氣，感動人心的事物與有趣的細節，提振了工作士氣，也是全書的重點之ㄧ。"}, {"BOOKNAME": "迎風巡航：拉法葉艦航海日誌", "ISBN": "9789575748760", "USER": "99*3dc*", "CONTENT": "為數不少的「軍事迷」或更多立志加入國軍的青年，苦無深入了解軍中的門道，這本書應該可以讓大家找到許多答案。 軍隊由人所組成，而軍艦就像一個小型的社會，在相互鼓勵中，可以找到人性的光輝，可以激發奮鬥向上、克服困難的勇氣，感動人心的事物與有趣的細節，提振了工作士氣，也是全書的重點之ㄧ。"}, {"BOOKNAME": "迎風巡航：拉法葉艦航海日誌", "ISBN": "9789575748760", "USER": "99*3dc*", "CONTENT": "為數不少的「軍事迷」或更多立志加入國軍的青年，苦無深入了解軍中的門道，這本書應該可以讓大家找到許多答案。 軍隊由人所組成，而軍艦就像一個小型的社會，在相互鼓勵中，可以找到人性的光輝，可以激發奮鬥向上、克服困難的勇氣，感動人心的事物與有趣的細節，提振了工作士氣，也是全書的重點之ㄧ。"}, {"BOOKNAME": "頂好！出死入生的中美突擊隊", "ISBN": "9789868703919", "USER": "ss***537", "CONTENT": "或許大部份的人都曾經聽說過二次大戰中有名的傘兵部隊如德國的空降獵兵和美國的第82空降師或是英國的第一空降師,但,是否有人知道國軍也有傘兵部隊&#x28;至少算前身&#x29;呢?本書帶你認識!"}, {"BOOKNAME": "P－51野馬戰鬥機", "ISBN": "9789576776649", "USER": "li****lun", "CONTENT": "受命在英倫海峽危殆之際緊急催生的產物，完全不辱使命不但悍衛了戰局並主宰東、西兩邊的天空，連噴射機時代降臨的韓戰仍老驥伏櫪臨空應戰，即使二戰戰雲散去身為後世依舊是首選傑出機。星光重刊此系列印刷上大幅改進，不枉珍貴的照片及各型號結構圖，充分將這套圖書特色給呈現出來。"}, {"BOOKNAME": "圖解近身武器", "ISBN": "9789866712210", "USER": "he****4n4", "CONTENT": "這本書對各種長短冷兵器都有精闢的分析， 雖然書不大本，但麻雀雖小，五臟俱全， 各種武器的應用法、各式武器與奇門兵器均有解說。 滿適合作為創作動作場面的參考資料。"}, {"BOOKNAME": "連合艦隊的黃昏", "ISBN": "9789869297486", "USER": "an********432", "CONTENT": "此書收錄了許多日本以前的戰艦，具有非常高的歷史的價值，還附有圖片跟詳細說明，非常適合喜歡戰艦的人閱讀"}, {"BOOKNAME": "企業號的故事：一艘勇猛航艦的誕生與凋零", "ISBN": "9789869335355", "USER": "ch****sau", "CONTENT": "故事內容非常吸引人，國內已經許久沒有以一艘軍艦為主軸的戰史了。不但是企業號的名聲非常響亮，就連他的戰績也是無人能及，非常值得推薦。不管是軍事愛好與否，光是他的光輝歷史就值得一看再看。"}, {"BOOKNAME": "企業號的故事：一艘勇猛航艦的誕生與凋零", "ISBN": "9789869335355", "USER": "ch****sau", "CONTENT": "故事內容非常吸引人，國內已經許久沒有以一艘軍艦為主軸的戰史了。不但是企業號的名聲非常響亮，就連他的戰績也是無人能及，非常值得推薦。不管是軍事愛好與否，光是他的光輝歷史就值得一看再看。"}, {"BOOKNAME": "企業號的故事：一艘勇猛航艦的誕生與凋零", "ISBN": "9789869335355", "USER": "ch****sau", "CONTENT": "故事內容非常吸引人，國內已經許久沒有以一艘軍艦為主軸的戰史了。不但是企業號的名聲非常響亮，就連他的戰績也是無人能及，非常值得推薦。不管是軍事愛好與否，光是他的光輝歷史就值得一看再看。"}, {"BOOKNAME": "武器屋（精裝典藏版）", "ISBN": "4717702086060", "USER": "da***029", "CONTENT": "書本身的設計很有趣，真的像是在引領你進入武器屋內參觀一樣 有挺多武器的製作方法、以及解析，對於不太會畫此類的物品的人，很有幫助 另外他也挺細心的，讓你了解知道真實物品的大小"}, {"BOOKNAME": "紅色帝國的米格銀燕：蘇聯MiG-17戰鬥機", "ISBN": "9789868986718", "USER": "li****lun", "CONTENT": "如同資本＼共產是兩個極端主義般，連著名戰鬥機設計理念也走兩極化，西方講求大推力、高科技；東方則短小精悍，不論選擇為何都是傑作。平日口口聲聲的米格家族精彩的故事得以知曉對抗史。"}, {"BOOKNAME": "德國空軍轟炸機1935-1945", "ISBN": "9789865775179", "USER": "li****lun", "CONTENT": "日耳曼工藝有口皆碑可惜這些唯美之物是殺人機器，因戰敗國泰半都銷毀現存很稀罕，好在留存照片拜科技之賜能修復保存品質很差的照片，野原茂繪功有目共睹完全彌補實物欠缺的遺憾，除豐富的插圖外史料收集很齊全，納粹受戈林影響把轟炸機當戰術輔助，造得太精緻卻喪失了效益，窮兵黷武讓人感嘆！"}, {"BOOKNAME": "二次世界大戰戰車大全集", "ISBN": "9789866023682", "USER": "zx*******111", "CONTENT": "還不錯,關於戰車的相關知識寫的很詳細,戰車的cg電腦繪圖也做得很精緻,配色也很棒,唯一美中不足的就是編排有點亂,但還是推薦給你這本書"}, {"BOOKNAME": "德國空軍戰鬥機1935-1945", "ISBN": "9789865973810", "USER": "li****lun", "CONTENT": "納粹德國空軍飛機本身便深具美感，野原茂的書一向圖片繪製精細；構造解剖圖更讓人愛不釋手。尤其對這著名傑作機各項典故瞭如指掌，除欣賞唯妙唯肖的圖畫外能亦增長見聞。"}, {"BOOKNAME": "紅色帝國的米格威脅：蘇聯MiG：15戰鬥機", "ISBN": "9789868902855", "USER": "li****lun", "CONTENT": "雖是知名戰機，卻如灰姑娘般鮮少受人注意，若非大國崛起專文論述，抬面上還真難找到相關書籍。只是歷經多年戰爭洗禮，衍生型少得可憐，對手ｆ－８６可是從ａ排到ｈ，就算噴射米格家族恐怕也是最少的。或許如此；全書對交戰記錄可說鉅細靡遺，可惜之處是缺一般這類書會附的細部透視圖，算是小小缺憾。"}, {"BOOKNAME": "空中王者《F-22猛禽制空戰鬥機》", "ISBN": "9789866330384", "USER": "zx******946", "CONTENT": "此書對f-22研發過程與戰機性能皆有詳備的介紹與說明,並且適度與f-23做比較說明,想認識猛禽可以從此書開始"}, {"BOOKNAME": "紅色鞭笞者：MiG：23/27戰鬥機系列", "ISBN": "9789868902800", "USER": "li****lun", "CONTENT": "這款趕上潮流的可變翼戰鬥機代表蘇聯共產世界工藝科技上的提升，中國大陸山寨仿製米格機也在此劃下句點，更是明證。是說添加精密科技後養護既費功也花錢；沒本錢難維持戰力，蘇聯或許軍備在此誤上岔路。"}, {"BOOKNAME": "國軍現役武器圖鑑", "ISBN": "9789868865266", "USER": "zx******946", "CONTENT": "內容豐富詳細的介紹我國現役裝備,評論適度能讓人客觀的了解國軍武器實力增進國人對國防的信心,值得推薦!!"}, {"BOOKNAME": "紅色攔截殺手—蘇聯米格：25「狐蝠」戰鬥機", "ISBN": "9789866412400", "USER": "li****lun", "CONTENT": "真正預想的ｂ－７０目標沒出現，但也讓ｓｒ－７１黑鳥無法太囂張也算部份成功。做到連西方世界也未曾達到的極速戰鬥機，蘇聯方面算是搏得些顏面。"}, {"BOOKNAME": "零戰：日本帝國海軍戰鬥機戰史", "ISBN": "9789866412370", "USER": "li****lun", "CONTENT": "拿橫貫太平洋戰爭的戰鬥機名稱作為日本帝國海軍航空兵力的起落實在非常貼切,作者也收集許多日方與盟軍方面的史料,對其餘各機型號的發展過程與作戰經歷也有深切的描繪.照片方面大致上修飾得不錯,在章節編排上對比知兵堂出版的書裡算安排得十分流暢."}, {"BOOKNAME": "美軍航空母艦戰鬥群", "ISBN": "9781606335277", "USER": "zx******946", "CONTENT": "大量圖片穿插,圖片豐富,內容普通提供入門知識較適合初學者閱讀,但是文字中能仍然會有部分的簡體字稍嫌美中不足"}, {"BOOKNAME": "戰略‧戰術‧兵器事典  日本戰國篇", "ISBN": "9789866023156", "USER": "ch****150", "CONTENT": "不只是 cg 圖，一些包括戰時糧草與戰爭型態的統計圖都做的很詳盡。 原本是日本書籍經過翻譯後不失原味，楓樹林更在書末加入原文書沒有的幾場戰役和戰將簡介，但售價卻更顯親民，真是日本戰國迷的福音。這是本對入門和進階愛好者都適宜的書籍，大推！"}, {"BOOKNAME": "二戰航空母艦全覽", "ISBN": "9789866412264", "USER": "li****lun", "CONTENT": "將二次大戰中各國的航空母艦戰史甚至包含後續的服役記錄都刊載,雖然是從各期雜誌的專欄中搜羅而成省去航空母艦愛好卻又不想逐期購買雜誌,圖片與照片算豐富,雖然照片有經修圖,可惜沒彩色照片算美中不足之處."}, {"BOOKNAME": "騰雲野馬：美國P-51野馬戰鬥機發展及作戰史", "ISBN": "9789866412103", "USER": "li****lun", "CONTENT": "有謂看起來美飛起來就美，野馬正如所言！無論盟軍雷霆萬鈞地追獵敵機，或躲過槍林彈雨生還的協約國飛行員，乃至飛行愛號者無人不對此機豎然起敬，除一般戰機發展的各型號衍生型介紹的很詳盡外，其操作過的戰隊也都羅列其中，真是位十分用心的軍武作家。書商如再將豐富的照片修圖得更清晰就更讚了！"}, {"BOOKNAME": "圖解原型設計兵器百科", "ISBN": "9789866173387", "USER": "li****lun", "CONTENT": "內視圖構造繪製得很細膩,印刷也算上乘.只是這類日本人筆下論及太平洋戰爭,都充斥濃濃無限懊惱怎麼樣會導致戰敗,雖然能有精美彩圖可看,但佐以這類文字見得有些突兀,是美中不足之處."}, {"BOOKNAME": "圖解軍艦", "ISBN": "9789866173325", "USER": "li****lun", "CONTENT": "從戰艦的開端到近代戰艦都含蓋,也講述了戰術與軍艦各類名詞與術語,對軍事迷而言是個不錯的收藏.尤其尺寸適中,存放並不會佔據太多空間."}, {"BOOKNAME": "圖解重型武器", "ISBN": "9789866485701", "USER": "li****lun", "CONTENT": "此一系列圖書有著一貫的特性:輕薄短小的尺寸加上繪製精細的圖片,將武器運作原理拆解講述,配以每種武器&#x28;機槍等&#x29;最知名的取來作構造分析,不但滿足得知機構運作的慾望又能觀看名槍的享受.可見作者有用心替讀者著想."}, {"BOOKNAME": "圖解戰車事典", "ISBN": "9789866485251", "USER": "li****lun", "CONTENT": "陸上既叫人震撼又最吸睛的兵器當屬戰車了,臺灣最常取得的軍武書籍幾乎是翻至日文,但不可否認內容搜集和繪製圖案的功夫確實了得.尤其把這麼多資訊塞入這樣薄的書裏叫人愛不釋手."}, {"BOOKNAME": "圖解輕兵器事典", "ISBN": "9789866944109", "USER": "36**650", "CONTENT": "這本書介紹的是槍，用一問一答的方式介紹槍的構造，發射原理，使用方法，等諸多疑問。淺顯易懂，是想要了解槍的一本好書。"}, {"BOOKNAME": "圖解輕兵器事典", "ISBN": "9789866944109", "USER": "36**650", "CONTENT": "這本書介紹的是槍，用一問一答的方式介紹槍的構造，發射原理，使用方法，等諸多疑問。淺顯易懂，是想要了解槍的一本好書。"}]