[{"BOOKNAME": "全球只剩北京標準時間：中國以金援、國民觀光、駭客、貓熊、收購和影城……不知不覺主宰了全世界", "ISBN": "9789579654975", "USER": "d**a1**", "CONTENT": "整本書就是說明這就是中共的統戰策略，透過收買菲律賓，將南海佔為己有，高明的統戰手段，這不就是「假道伐虢 」嗎？其實從中國歷史就可追到中共的作為與規律，這本書就是印證這一切。"}, {"BOOKNAME": "世界大局．地圖全解讀【Vol.2】：非洲電影巨頭「奈萊塢」？加州會脫離美國嗎？耶路撒冷考古學變武器？昆蟲將是人類救星？", "ISBN": "9789863844389", "USER": "el**irs", "CONTENT": "喜歡這種圖文並茂編排的圖輯，不用翻來翻去對照地圖，都在同一頁面上，清楚易閱讀，有些地區牽涉的民族較多，邊境非海洋河川，政治局勢自然較為複雜，文字搭配地圖呈現，再清楚不過了！"}, {"BOOKNAME": "謀算：亞洲大局與全球主宰之爭", "ISBN": "9789570854558", "USER": "le**206", "CONTENT": "作者將二戰後至今的美、中、日三國的糾葛做了相當好的整理，美中日三國政府之間在經濟、軍事、政治的角力過程可以看出世界雖依然是美國主導，但隨著中、日兩國接續崛起，亞洲的重要性也隨著這兩者一同上升，其中，由於作者是澳洲人，因此對這三國的盤算和批評都很敢描述，可以讓讀者做出較公允的評判"}, {"BOOKNAME": "用常識治國：右派商人川普的當國智慧", "ISBN": "9789578654891", "USER": "le**206", "CONTENT": "川普，這位當今的美國總統自2017上任以來就爭議不斷，甚至被國會彈劾多次，然而川普到底要做什麼和做了什麼，生活在臺灣的我們其實很少接受到這方面的訊息，多是川普個人言行爭議，而余杰這位著名的美籍華裔右派異議分子算是給了我們難得的頭緒，可供參考"}, {"BOOKNAME": "隱形戰：中國如何在美國菁英沉睡時悄悄奪取世界霸權", "ISBN": "9789573286929", "USER": "d**a1**", "CONTENT": "這本書應該改名為美國的恐慌，因為字裡行間充滿著對中國的恐懼與不爽，中國利用數位、商業滲透美國，其中更把根源指向歷史與孫子兵法，誰說歷史沒有用？這本書就是鷹派向中國嗆聲的書。值得注意。"}, {"BOOKNAME": "隱形戰：中國如何在美國菁英沉睡時悄悄奪取世界霸權", "ISBN": "9789573286929", "USER": "d**a1**", "CONTENT": "這本書應該改名為美國的恐慌，因為字裡行間充滿著對中國的恐懼與不爽，中國利用數位、商業滲透美國，其中更把根源指向歷史與孫子兵法，誰說歷史沒有用？這本書就是鷹派向中國嗆聲的書。值得注意。"}, {"BOOKNAME": "注定一戰?中美能否避免修昔底德陷阱", "ISBN": "9789578654310", "USER": "d**a1**", "CONTENT": "這本書的精彩在於用歷史事件來思考今日中美關係，「雅典的快速崛起，造成斯巴達的恐懼」這就是修昔底德的陷阱。歷史的鑒往知來在這本書上表露無遺，這才是真正地讓歷史發揮功能。"}, {"BOOKNAME": "不能光說NO：如何力抗災難資本主義，贏取我們想要的世界", "ISBN": "9789571371535", "USER": "lu*******224", "CONTENT": "建議買這本書的讀者在閱讀前翻翻推薦序 兩位教授對本書的批評與我對本書的看法多有重合（如過度以震撼主義概括事件，並在心態上過度樂觀），加上本書算是集結作者平常的短篇，多有雷同之處 購買前還是先去實體書店過目為佳"}, {"BOOKNAME": "飛彈、政客與祕密外交：台灣問題專家四十年的深度觀察", "ISBN": "9789869484527", "USER": "st*****984", "CONTENT": "非常好看的一本書!  放眼過去一年北京頻頻放聲透露以武力處理台灣問題，中美在川普政權上台後的緊繃關係，以及北韓近期接二連三地核試爆和飛彈試射、動盪東亞情勢，書中皆有交代，並明示台海未來即有可能因為區域情勢動盪而爆發衝突。此書出版的時機正是時候，所有關心未來發展的人都應該買來一讀!"}, {"BOOKNAME": "台灣會生存下去", "ISBN": "9789862941089", "USER": "s1*****103", "CONTENT": "一九七零年代在中華民國外交史是個悲慘的年代，本書作者透過解析美國的外交檔案，來重建當時中華民國與美國在外交上的互動與國際情勢的變化。"}, {"BOOKNAME": "釣魚臺列嶼問題：領土民族主義的魔力", "ISBN": "9789570843736", "USER": "s1*****103", "CONTENT": "本書作者透過對日中台三方對釣魚台主權的宣稱來處理歷史與政治問題，而本書作者作為日本人，但他能說其實這個問題是個假問題的大破題，不受到民族主義的誘惑，也使得本書讓人反省在民族主義的誘惑之外，究竟要爭奪的是什麼？"}, {"BOOKNAME": "國際關係與環境政治", "ISBN": "9789863261384", "USER": "ku****523", "CONTENT": "本書的切入點在國際與環境，一般我們去了解國際議題很少會去跟環境做連結，而如今全球環境問題日益嚴重，所以老師的這本書探討環境跟政治，我覺得是個很值得思考的方向。裡面關於民主黨及共和黨的執政時期分別會對美國環境造成怎樣的影響這一部份，也讓我學到許多。"}, {"BOOKNAME": "後殖民理論", "ISBN": "9789570827880", "USER": "s1*****103", "CONTENT": "本書透過解析後殖民三大家：薩伊德、史畢娃克與巴巴，討論後殖民理論帶來的影響以及後殖民批評所造成後殖民理論的反省。"}, {"BOOKNAME": "臺灣在國際法上的地位", "ISBN": "9789579361019", "USER": "s1*****103", "CONTENT": "作者藉由追尋歷史，來探討台灣在國際法上的地位，究竟中華民國在台灣是否擁有真正的治理權？本書讓讀者從國際法的理論與外交文件來理解台灣在國際法上的地位。"}, {"BOOKNAME": "大國的不安：為什麼經濟互相依賴不會帶來和平？為什麼多極化的世界非常危險？", "ISBN": "9789869344265", "USER": "ch****150", "CONTENT": "不論喜歡與否，自古以來，國際社會都有 1~2 個「大國」在穩定局勢與造就秩序，也形成一種必要。二戰後，這個國家就是美國。然而到了廿一世紀，中國已經展現意圖想要取代美國，造就了世界的不安與動盪。作者從古至今的講述，非常清晰與深入，非常推薦的一本好書。"}, {"BOOKNAME": "圖解簡明世界局勢2016年版", "ISBN": "9789866434914", "USER": "wa*****g69", "CONTENT": "如果有一本書可以給你全世界,那一定非此書莫屬了,舉凡政治經濟社會文化環境等各國情況與發展的過程,之所以會有今天的前因後果描述,提綱挈領,深入淺出,文筆流暢,內容比小說還要精采,配上整理圖表與地圖,實在是最棒的世界公民讀物,想要有國際觀嗎,看看此書吧多少可培養一些"}, {"BOOKNAME": "南海：21世紀的亞洲火藥庫與中國稱霸的第一步？", "ISBN": "9789863442318", "USER": "ge******************.tw", "CONTENT": "討論中共對南海議題的書不少，羅柏．卡普蘭《南中國海》（亞洲鍋爐）和這一本海頓的《南海》，目的都是理解南海在戰略上的意義、南海地區的歷史與21世紀的美、中戰略大棋盤。"}, {"BOOKNAME": "世界紛爭現代史：遠在天邊、新聞沒報的衝突，怎麼影響我的口袋荷包、改變我的食衣住行", "ISBN": "9789865770693", "USER": "an***690", "CONTENT": "作者將現代世界紛爭做了詳盡地圖文說明，這不平靜的世界可以歸類為幾個原因： 國土劃分、貧富差距、種族對立、資源爭奪及武器競逐，該書都以簡約的歷史背景說明及圖解讓讀者充分瞭解當前世界的現況。 強力推薦～"}, {"BOOKNAME": "分裂的全球", "ISBN": "9789866006661", "USER": "wa*****g69", "CONTENT": "作者以其特殊經歷,能夠用宏觀角度居高臨下俯視全球化對國家所造成的各個層面的影響,政治經濟疾病社會文化等,國際組織又扮演何種角色發揮了甚麼功能,優與劣,得與失,在本書都有提及,足見作者相當客觀,尤其其鼓勵個人參予國際社會的公民社會建議更是令人讚賞"}, {"BOOKNAME": "緊盯美國是錯的，你需要看懂世界趨勢的新方法：「多元對立」的世界是什麼樣子？我們該如何過的更好？", "ISBN": "9789866037641", "USER": "yu*a23*", "CONTENT": "面對相同的一件事會因為角色不同而有不同感受。知道的不夠多對作者來說也許令人苦惱，對讀者來說卻很幸福──表示還有很多未知的領域可探索。 同樣地，如果把國家視為個人的集合，一件事發生了，各國也會採取不同的因應方式。本書要告訴你決策背後的背景與故事，不但能拓展讀者的閱讀版圖，也很有趣。"}, {"BOOKNAME": "霍布斯邦看21世紀：全球化，民主與恐怖主義", "ISBN": "9789861734415", "USER": "s1*****103", "CONTENT": "本書作者在一個個的章節，針對他對不同的議題發表的獨特的看法，霍布斯邦身為左派歷史學家，便可以看到不一樣的全球化─民主與恐怖主義。"}, {"BOOKNAME": "失敗的國家：濫用權力與侵犯民主", "ISBN": "9789866723124", "USER": "an***260", "CONTENT": "揭露美國自詡為民主國家的醜態，符合美國利益的才被認可為所謂的民主國家，其他都是｢失敗的國家｣，然而美國自身對他國內政的干預卻也恰恰讓自己顯示出失敗的國家的跡象，看完這本書，或許能對中東問題有所改觀，可以對伊斯蘭世界痛恨美國以致恐怖主義興起略知一二。"}, {"BOOKNAME": "後殖民理論與文化認同", "ISBN": "9789861733074", "USER": "s1*****103", "CONTENT": "本書以台灣、中國與香港兩岸三地的寫手們共同從不同的文本敘述後殖民理論，讓讀者從一個個的文本了解後殖民理論與文化認同的脈絡。"}, {"BOOKNAME": "恐怖主義的精靈", "ISBN": "9789867252364", "USER": "s1*****103", "CONTENT": "布希亞在此書，探討了恐怖主義的起源跟現象，恐怖主義究竟是一個真實的敵人，還是一個西方世界所塑造出來的假敵人？看後結構主義大師如何講述他對恐怖主義的評論。"}, {"BOOKNAME": "翻雲弄雨：權術謀略家", "ISBN": "9789576483769", "USER": "te**118", "CONTENT": "看這一本書比較累.因為裡面說的大都是中國例朝以來,靠權術、話術、心機來達成個人名利的一些人.雖說看了十分令人咬牙切齒,但是,在現實社會中,這樣的人,真的是不在少數哪！"}, {"BOOKNAME": "縱橫四海：外交謀略家", "ISBN": "9789576483776", "USER": "te**118", "CONTENT": "一路看下來已經到第四本了,這本大致上都是描述以口才折衝千里,直可比擬大將軍.真的是要多讀書,說話才有內容,能比喻,也要有膽識,才能不疾不徐的述說自己的想法."}, {"BOOKNAME": "計定江山：政治謀略家", "ISBN": "9789576483790", "USER": "te**118", "CONTENT": "一直很喜歡看中國歷代的事蹟.這本小書以歷代為經,人物為緯,娓娓說來,事一本可以輕鬆閱讀,但是仍可藉由裡面的主角的各種性格來加以說明."}, {"BOOKNAME": "稱霸天下：統御謀略家", "ISBN": "9789576483806", "USER": "te**118", "CONTENT": "這一系列的書,就好似中國歷代的簡史.將各個朝代中有謀略的君王,從他的發跡至建國做一大致上的說明.文章用字白話,簡單明瞭,讓小朋友看也不吃力,不錯喔＠！"}, {"BOOKNAME": "說辯謀略", "ISBN": "9789576481888", "USER": "te**118", "CONTENT": "這是一本小書,以歷史故事來說明說辯的方式及種類.有時間可以花點時間欣賞一下！也有談及辯論的方式及種類！"}, {"BOOKNAME": "說辯謀略", "ISBN": "9789576481888", "USER": "te**118", "CONTENT": "這是一本小書,以歷史故事來說明說辯的方式及種類.有時間可以花點時間欣賞一下！也有談及辯論的方式及種類！"}]