[{"BOOKNAME": "毛髮趣史：簡單的毛髮 不簡單的故事", "ISBN": "9789865488215", "USER": "53********927", "CONTENT": "從毛髮的角色去闡述歷史很罕見，在華人世界應是第一人，也看得出作者閱讀歷史之廣之深，把一個被人輕視的題材寫得妙趣横生，加上圖片多文字精簡，很適合不喜歡看龐雜歷史的人閱讀，值得推薦。"}, {"BOOKNAME": "別急著成立反抗軍！電腦帝國其實單純又可愛？8堂資訊黑箱裡的科普課", "ISBN": "9789865695798", "USER": "cc*****001", "CONTENT": "生活中充滿著聽起來很酷炫新科技的專有名詞，人工智慧,大數據...本書用很多有趣的對話，故事來引導讀者可以輕鬆理解這些看似很複雜的科技用語，很適合對生活中像siri,google相關應用有興趣的人觀看。"}, {"BOOKNAME": "只有一半的真相：為什麼科學看不到全貌？", "ISBN": "9789865250058", "USER": "hw*der*", "CONTENT": "閱讀過程覺得敘述上東跳西跳，可能是作者寫作的風格，也可能是譯者的風格與我不合，我不曉得。我後來變成瀏覽而已。  我覺得作者似乎呈現了一個讓人科學觀念崩壞的世界，諸多例子都告訴我們：科學家也不曉得怎麼回事，甚至許多刊登在知名期刊的實證研究，都被發現無法重複實驗取得相同結果。"}, {"BOOKNAME": "千古之謎：幾何、天文與物理兩千", "ISBN": "9789570524611", "USER": "li****lun", "CONTENT": "橫亙歷史探索蒼芎是人類一直以來滿足好奇心與求知的慾望,用短篇散文式的故事將千百年來先人求解的歷程,經由淺顯易懂又精闢的說明,把幾何學與天文、物理闡述其解開謎惑人們心中千古以來的答案,是怎麼抽絲撥繭的歷程."}, {"BOOKNAME": "銀河系大定位", "ISBN": "9789573252078", "USER": "li****lun", "CONTENT": "完整的貫穿人類歷史對蒼穹探索的故事,一字一句地娓娓道來先賢們智慧結晶的累積,讀來可謂寓教於樂兼備的一本好書."}, {"BOOKNAME": "知識的騙局", "ISBN": "9789571335216", "USER": "s1*****103", "CONTENT": "本書藉由作者的解析，讓所謂大師級的人文社會思想家誤用，甚至扭曲科學理論的文本的展現，讓這些後現代或後結構主義的思想家的理論，透過徹底的檢視，還原孰是孰非的真相。"}]