[{"BOOKNAME": "跟著飛行員一起開飛機[圖解版]", "ISBN": "9789861775883", "USER": "pi****215", "CONTENT": "我認為這本書將 很複雜的飛行知識變得淺顯易懂，讓小朋友和大人都可以輕易了解，是一本很值得推薦的書。 其中有些文章是作者的親身經歷（作者本身是飛行員）， 我認為這使文章讀起來更加有趣。再加上一些解說圖表更使人一目了然。"}, {"BOOKNAME": "珍貴圖解！船的完全百科", "ISBN": "9789865957254", "USER": "li****lun", "CONTENT": "同樣是天然資源匱乏又完全以輸出導向的島國，船舶乃是賴以為繫的命脈，日本相當看重造船業，雖然今日載客非船隻首要功用，但運輸能力與效益上仍稱霸所有交通工具，人類操作船舶歷史久遠，縱使有飛機等出現，船的進展依舊突飛猛進不落於新興交通工具的。"}, {"BOOKNAME": "機長，我有問題：解開你對航空旅行的所有疑問(新版)", "ISBN": "9789866665004", "USER": "li****lun", "CONTENT": "真的解答很多對現下航空公司與飛航上的小問題,算是添加點冷知識吧,要收集天空中飛來飛去的那麼多民航機機種,還八卦地討論了遍及各地的航空公司,連臺灣本地都寫入三、四家,真是包羅萬象."}, {"BOOKNAME": "飛行簡史", "ISBN": "9789867747013", "USER": "li****lun", "CONTENT": "將人類直上雲霄的抱負與企圖,化為一則則生動的故事,沒有贅述過多的旁枝末節.對突破性的重大里程碑刻劃其來龍去脈,瞭解飛行先驅們怎麼是如何蓽路藍縷開創遨翔青空的好書."}]