[{"BOOKNAME": "重構二二八：戰後美中體制、中國統治模式與臺灣", "ISBN": "9789869351874", "USER": "s1*****103", "CONTENT": "本書作者透過各方資料的解析，除了帶讀者重回二二八事件現場以後，透過前因後果的脈絡，讓讀者了解人民與政府的衝突而來，甚至是第三方美國的視角，使得二二八事件的研究不僅僅只關注其本身，更能夠抓在當時的脈絡，了解二二八事件的意義。"}, {"BOOKNAME": "重構二二八：戰後美中體制、中國統治模式與臺灣", "ISBN": "9789869351874", "USER": "s1*****103", "CONTENT": "本書作者透過各方資料的解析，除了帶讀者重回二二八事件現場以後，透過前因後果的脈絡，讓讀者了解人民與政府的衝突而來，甚至是第三方美國的視角，使得二二八事件的研究不僅僅只關注其本身，更能夠抓在當時的脈絡，了解二二八事件的意義。"}, {"BOOKNAME": "解讀二二八", "ISBN": "9789579361743", "USER": "s1*****103", "CONTENT": "二二八事件作為台灣影響最深遠的事件，究竟二二八事件的真貌是如何？本書補足了歷史課本不足的真相，入德者可以快速對二二八事件有了深入淺出的了解。"}]