[{"BOOKNAME": "隨機騙局：潛藏在生活與市場中的機率陷阱", "ISBN": "9789862135327", "USER": "fl**755", "CONTENT": "2015年8月全球股市大震盪，台指期8月24日盤中，更一度下跌高達9個百分點，事後各分析師開始找尋下跌原因。但不到二個月內，指數又強彈一千多點。這當中有輸家，當然也有贏家。最近重讀了這本經典，看待這事件也有了全新的思考與不同的視野。值得一讀再讀，不同領域的人都能在這本書得到啟發。"}, {"BOOKNAME": "隨機騙局：潛藏在生活與市場中的機率陷阱", "ISBN": "9789862135327", "USER": "fl**755", "CONTENT": "2015年8月全球股市大震盪，台指期8月24日盤中，更一度下跌高達9個百分點，事後各分析師開始找尋下跌原因。但不到二個月內，指數又強彈一千多點。這當中有輸家，當然也有贏家。最近重讀了這本經典，看待這事件也有了全新的思考與不同的視野。值得一讀再讀，不同領域的人都能在這本書得到啟發。"}, {"BOOKNAME": "思考的藝術：52個非受迫性思考錯誤", "ISBN": "9789862722114", "USER": "ch**044", "CONTENT": "思考的藝術能夠點出思惟上的盲點，一連串的小故事發人省思，雖說小故事大道理不見得用得上，但若到用得上的那一刻將價值非凡，思考的藝術就是要讓大家懂得避免趨向於錯誤的方向，用正確的態度和方法去面對生活，不再犯下一些簡單卻容易犯下的過錯，本書值得一讀。"}, {"BOOKNAME": "思考的藝術：52個非受迫性思考錯誤", "ISBN": "9789862722114", "USER": "ch**044", "CONTENT": "思考的藝術能夠點出思惟上的盲點，一連串的小故事發人省思，雖說小故事大道理不見得用得上，但若到用得上的那一刻將價值非凡，思考的藝術就是要讓大家懂得避免趨向於錯誤的方向，用正確的態度和方法去面對生活，不再犯下一些簡單卻容易犯下的過錯，本書值得一讀。"}, {"BOOKNAME": "思考的藝術：52個非受迫性思考錯誤", "ISBN": "9789862722114", "USER": "ch**044", "CONTENT": "思考的藝術能夠點出思惟上的盲點，一連串的小故事發人省思，雖說小故事大道理不見得用得上，但若到用得上的那一刻將價值非凡，思考的藝術就是要讓大家懂得避免趨向於錯誤的方向，用正確的態度和方法去面對生活，不再犯下一些簡單卻容易犯下的過錯，本書值得一讀。"}, {"BOOKNAME": "思考的藝術：52個非受迫性思考錯誤", "ISBN": "9789862722114", "USER": "ch**044", "CONTENT": "思考的藝術能夠點出思惟上的盲點，一連串的小故事發人省思，雖說小故事大道理不見得用得上，但若到用得上的那一刻將價值非凡，思考的藝術就是要讓大家懂得避免趨向於錯誤的方向，用正確的態度和方法去面對生活，不再犯下一些簡單卻容易犯下的過錯，本書值得一讀。"}, {"BOOKNAME": "思考的藝術：52個非受迫性思考錯誤", "ISBN": "9789862722114", "USER": "ch**044", "CONTENT": "思考的藝術能夠點出思惟上的盲點，一連串的小故事發人省思，雖說小故事大道理不見得用得上，但若到用得上的那一刻將價值非凡，思考的藝術就是要讓大家懂得避免趨向於錯誤的方向，用正確的態度和方法去面對生活，不再犯下一些簡單卻容易犯下的過錯，本書值得一讀。"}, {"BOOKNAME": "思考的藝術：52個非受迫性思考錯誤", "ISBN": "9789862722114", "USER": "ch**044", "CONTENT": "思考的藝術能夠點出思惟上的盲點，一連串的小故事發人省思，雖說小故事大道理不見得用得上，但若到用得上的那一刻將價值非凡，思考的藝術就是要讓大家懂得避免趨向於錯誤的方向，用正確的態度和方法去面對生活，不再犯下一些簡單卻容易犯下的過錯，本書值得一讀。"}, {"BOOKNAME": "思考的藝術：52個非受迫性思考錯誤", "ISBN": "9789862722114", "USER": "ch**044", "CONTENT": "思考的藝術能夠點出思惟上的盲點，一連串的小故事發人省思，雖說小故事大道理不見得用得上，但若到用得上的那一刻將價值非凡，思考的藝術就是要讓大家懂得避免趨向於錯誤的方向，用正確的態度和方法去面對生活，不再犯下一些簡單卻容易犯下的過錯，本書值得一讀。"}, {"BOOKNAME": "思考的藝術：52個非受迫性思考錯誤", "ISBN": "9789862722114", "USER": "ch**044", "CONTENT": "思考的藝術能夠點出思惟上的盲點，一連串的小故事發人省思，雖說小故事大道理不見得用得上，但若到用得上的那一刻將價值非凡，思考的藝術就是要讓大家懂得避免趨向於錯誤的方向，用正確的態度和方法去面對生活，不再犯下一些簡單卻容易犯下的過錯，本書值得一讀。"}, {"BOOKNAME": "黑天鵝效應", "ISBN": "9789862132616", "USER": "ja**120", "CONTENT": "正如作者書中所言:我們很難看到月球黑暗的那面;照亮那面需要耗費能量.同樣的,照亮我們所看不到的事物需要計算上和心智上的努力.而我們多數採用直覺式思考捷徑,因此容易產生思想上的偏誤.相較快思慢想一書的平易近人,黑天鵝效應更加深入剖析,兩者可相互參照共同驗證."}, {"BOOKNAME": "黑天鵝效應", "ISBN": "9789862132616", "USER": "ja**120", "CONTENT": "正如作者書中所言:我們很難看到月球黑暗的那面;照亮那面需要耗費能量.同樣的,照亮我們所看不到的事物需要計算上和心智上的努力.而我們多數採用直覺式思考捷徑,因此容易產生思想上的偏誤.相較快思慢想一書的平易近人,黑天鵝效應更加深入剖析,兩者可相互參照共同驗證."}, {"BOOKNAME": "學會思考，你贏定了！45個讓你站穩立場的論證法則", "ISBN": "9789868572447", "USER": "s1*****103", "CONTENT": "本書簡單的介紹了邏輯的基本推理形式與各種謬誤，讓讀者能對生活上的用語以及協作時能更加小心，不至於犯了基本的錯誤，讓自己的邏輯思考能力能緊盯自己，成為一個有邏輯的寫作者。"}, {"BOOKNAME": "學會思考，你贏定了！45個讓你站穩立場的論證法則", "ISBN": "9789868572447", "USER": "s1*****103", "CONTENT": "本書簡單的介紹了邏輯的基本推理形式與各種謬誤，讓讀者能對生活上的用語以及協作時能更加小心，不至於犯了基本的錯誤，讓自己的邏輯思考能力能緊盯自己，成為一個有邏輯的寫作者。"}, {"BOOKNAME": "為了活命，你會吃人嗎？33則有夠弔詭的邏輯悖論", "ISBN": "9789862486863", "USER": "ch*****807", "CONTENT": "我們該如何理解我們的人生?我很認同作者在p.256提到的”如果我們專注在每一刻、在人與人的關係、在各種活動，如果我們能將它們統整起來，用理解的方式去看待，賦予其價值、歷史與發展，那或許我們便能進一步理解人生”"}, {"BOOKNAME": "你該殺死那個胖子嗎？為了多數人幸福而犧牲少數人權益是對的嗎？我們今日該如何看待道德哲學的經典難題", "ISBN": "9789869436205", "USER": "s1*****103", "CONTENT": "本書藉由探討哲學最有名的思想實驗之一，電車難題，讓讀者來思考為何這個問題不只是困擾一般民眾，更是各種哲學家腦力激盪的戰場，選擇殺少數人而救多數人，真的是那麼簡單的事嗎？"}, {"BOOKNAME": "如果沒有今天，明天會不會有昨天？", "ISBN": "9789862729168", "USER": "p8***939", "CONTENT": "一本不斷提出問題，激盪腦力思考的哲學書。沒有太多晦澀難懂的行話，作者將許多生活議題結合哲學觀點，不斷拋出可供思考的疑惑。本書每個章節獨立，分別討論十個人所珍視的主題，不需一口氣閱畢。"}, {"BOOKNAME": "智取：TOC系統思考3法寶", "ISBN": "9781625032072", "USER": "ja******955", "CONTENT": "toc系列的書向來特別，在商業領域中獨樹一幟，以簡單的邏輯思維解決複雜的問題，建議在讀本書前，需要拋開陳舊的思想，問題的解決向來是簡單的。"}, {"BOOKNAME": "創新正思 做自己：像吸塵器般將腦中垃圾清除，沒有正確，只有最好！（精裝珍藏版）", "ISBN": "9789863422501", "USER": "do******343", "CONTENT": "最近看到一句話：讀過的書，記得的叫知識，忘記的變氣質。無論記得多少，若能在潛移默化中，不知不覺受到影響而產生變化，對自己也有很大的助益，這本書，給了我這種感覺。"}, {"BOOKNAME": "思考的盲點：為何真相就在眼前，我們卻視而不見？", "ISBN": "9789862726587", "USER": "ge******************.tw", "CONTENT": "《思考的盲點》解釋了專家的腦袋的塑造過程，提出知識的兩個面向，一個是外顯性學理、數理知識，可以經由學習授課的知識，和另一種內隱性知識，即經驗知識，例如工匠、氣象專家、航海員、老師傅等職業，他們的知識難以用語言書名，作者提出「檢核法」有律可循的複製專家系統。"}, {"BOOKNAME": "和牛津．劍橋新鮮人一起思考", "ISBN": "9789861334806", "USER": "as***6as", "CONTENT": "這本書雖然看起來很深奧但其實裡面的問題都很能引人思考及發揮創造力 作者的觀點以及引用多樣證據來證明也非常有趣"}, {"BOOKNAME": "哲學哲學雞蛋糕：給動腦偏執狂的娛樂零嘴", "ISBN": "9789868780934", "USER": "an***260", "CONTENT": "雖然沒有幫內文觸及的議題明確分類，但是介紹了各種哲學常探討的問題，算是入門哲學概論的哲普書，用了不少網路用語梗，我覺得還算有趣，但有朋友說讀不下去。"}, {"BOOKNAME": "30堂帶來幸福的思辨課：多想一點，發現更有深度的自己", "ISBN": "9789862724118", "USER": "su*****522", "CONTENT": "過去的我一直以為「幸福」只是一種感覺，卻未曾探索過其實「幸福」不單單只是一種感覺，而是一個認識自己、了解自己到改變自己後的結果。在本書中，作者還仔細的列出自己可以改進的地方。我們可藉書中所提出的問題，反覆思索，透過思索，我們更一步了解自己。"}, {"BOOKNAME": "邏輯思考防身術：別讓謊言跟謬論騙走你的選票、金錢和熱情！", "ISBN": "9789866272226", "USER": "s1*****103", "CONTENT": "此書舉了許多生活化的例子來旦讀者探討謬誤，讓我們知道原來謬誤無所不存在於生活之中，而透過作者的一一指正，讓讀者們知道原來做出正確理性的判斷是需要一番訓練的，而此書正是一帖藥方。"}, {"BOOKNAME": "是邏輯，還是鬼扯？", "ISBN": "9789866662317", "USER": "s1*****103", "CONTENT": "本書藉由舉出許多例子，讓讀者了解邏輯論證與謬誤的區別，有時候乍看下一些花言巧語可以當下騙的了對方，但透過本書的分析，讀者將了解什麼才是真正的邏輯組織語句，而不是鬼扯。"}, {"BOOKNAME": "非是非非：邏輯奇幻之旅", "ISBN": "9789861370729", "USER": "ro***810", "CONTENT": "作者利用故事情節置入許多哲學思考問題，讀著讀著，隨著思考的運作，會令人有雲霧散開而腦中清爽的感覺－－思考的澄澈度似乎因此而有所提升。偶爾讓自己動一下不同的腦筋，轉一下不同的思路，會讓生活或生命更顯趣味，並凸顯自我存在的價值，也是一件因閱讀而獲益的好事。"}]