[{"BOOKNAME": "這不是真的吧", "ISBN": "9789866384257", "USER": "bi******226", "CONTENT": "這本書用獨特的比例圖示，讓讀者輕而易懂，無論是生物、科學、還是外太空，在講授知識時，不失觀看的有趣度，無論是大人還是小孩相信都會被這本書吸引，加上全彩大篇幅，看得很舒服怡悅。"}, {"BOOKNAME": "好奇號帶你上火星：從起源號到好奇號漫遊車太空探索記", "ISBN": "9789571359113", "USER": "sw******m42", "CONTENT": "這不只是一本科普書，還是一本激勵人心的勵志書！ 從這本書可以發現成功唯有堅持不懈才能達到，而且作者也詳述了許多掙扎、思考過程，然後修正成目前的好奇號，非常推薦！！"}, {"BOOKNAME": "好奇號帶你上火星：從起源號到好奇號漫遊車太空探索記", "ISBN": "9789571359113", "USER": "sw******m42", "CONTENT": "這不只是一本科普書，還是一本激勵人心的勵志書！ 從這本書可以發現成功唯有堅持不懈才能達到，而且作者也詳述了許多掙扎、思考過程，然後修正成目前的好奇號，非常推薦！！"}, {"BOOKNAME": "打包去火星：太空生活背後的古怪科學", "ISBN": "9789862620984", "USER": "li****lun", "CONTENT": "見識過登月後曾一度認為會有那國領導人續發宏願：十年內要送人平安地來回火星，可惜眼看著踏上月球的英雄們逐漸凋零，非但火星望眼欲穿，重返月亮都暗淡無光了，所幸看作者上天下地訪查，飛出地球引力範圍的工作依舊有人持續著進行，因路程遙遠，準備事項也浩瀚無垠，無非保證讓探險先驅能安然歸來。"}]