[{"BOOKNAME": "伊朗（二版）：被消滅的帝國，被出賣的主權，被低估的革命，被詛咒的石油，以及今日的 伊朗", "ISBN": "9789869742788", "USER": "ti*********616", "CONTENT": "曾經的波斯帝國，和希臘對峙的泱泱大國，我只知曉這個名詞卻從來不曉得具體位置，如今翻閱了，這片土地的過去會慢慢地浮現，昨日從前，今日當下，來日未來。"}, {"BOOKNAME": "伊朗：被消滅的帝國，被出賣的主權，被低估的革命，被詛咒的石油，以及今日的－－伊朗。", "ISBN": "9789869463324", "USER": "ti*********616", "CONTENT": "這個國度，充滿神秘色彩，想要一窺究竟，想要了解這個國度，從歷史娓娓訴說這個美麗又淒美的軌跡。歷經千載，是什麼支撐著信仰，是什麼承載著希望，透過此書，讓人得以對於這個國度有比以往更深度的了解。"}, {"BOOKNAME": "1453：君士坦丁堡的陷落", "ISBN": "9789869410410", "USER": "bl******der", "CONTENT": "本書就寫一場攻城戰役而已，也就是1453年春天鄂圖曼帝國20萬大軍攻陷拜占庭帝國的首都君士坦丁堡一役。對於穆罕默德二世、君士坦丁十一世等主要人物以及伊斯蘭世界和基督教世界雙方對君士坦丁堡愛恨糾葛的背景緣由，作者也做了詳細的描述。基本上是說故事的口吻，但基於史料，很不錯看。"}, {"BOOKNAME": "走入大絲路波斯段", "ISBN": "9789862418406", "USER": "hg*uas*", "CONTENT": "坊間伊朗的旅遊書很少，有一些遊記的書所提供的資訊少又不完整。這本走入大絲路波斯段伊朗，是我遍尋坊間伊朗的旅遊書中，唯一值得推薦的旅遊工具書，深入又完整的介紹，是去伊朗旅遊的必備。"}, {"BOOKNAME": "耶路撒冷三千年", "ISBN": "9789861371689", "USER": "ch**044", "CONTENT": "耶路撒冷是聖城，是一神的殿堂，兩個民族的首都，三個宗教的聖地。這個集美麗與哀愁於一身的城市，它曾被視為世界的中心，想了解宗教、歷史、文化、人類學等都可以透過本書找到一些曾經發生過的事實。"}, {"BOOKNAME": "中東與伊斯蘭世界史圖解", "ISBN": "9789866662379", "USER": "ch****150", "CONTENT": "與一般世界史不同，本書是以中東為中心來闡述世界歷史過程。事實上就如「中東」一詞是在二戰後才被廣泛使用一般，我們對這地區的總總有許多曲解與陌生，宮崎先生用短篇回數配合圖來解開這些謎團，雖然冗長但不會讓人覺得過度紊亂。不過因為頁數多加上版面規格是 18 開，翻閱的時候會有點辛苦..."}, {"BOOKNAME": "先知之後：伊斯蘭千年大分裂的起源", "ISBN": "9789869457224", "USER": "bl******der", "CONTENT": "篇幅不多，薄薄的一本或許不夠把伊斯蘭世界的恩怨情仇交代清楚，不過本書重點在於分裂的起源，就應該還蠻清楚的，也很好看。一言以蔽之，就是因為先知穆罕默德膝下無子，也沒明確指定繼承人，所以大家各憑實力你爭我奪，最終造成遜尼派和什葉派的分裂。"}]