[{"BOOKNAME": "宋代科舉社會", "ISBN": "9789863501275", "USER": "ev******429", "CONTENT": "由於宋的開國皇帝-趙匡胤得以登基，是因為「陳橋兵變，黃袍加身」，故即位後以「重文輕武」為國策，使得天下讀書人努力讀書，參加科舉，藉由通過考試，改變身分地位，也發生許多屬於當代的故事，例如「榜下擇婿」「宰相當用讀書人」等，藉由閱讀本書，可了解考試對華人社會的影響。"}, {"BOOKNAME": "總力戰與臺灣：日本殖民地的崩潰（上/下）", "ISBN": "9789863500322", "USER": "s1*****103", "CONTENT": "作者從台灣學者比較少談的日治時期軍事史的角度出發，正如書名一樣，看台灣與日本跟中國在二戰時期產生了什麼樣的特殊性，中國國民黨與日本軍部跟總督府又是如何看待台灣的。"}, {"BOOKNAME": "中心到邊陲的重軌與分軌－日本帝國與臺灣文學文化研究（下） [精裝]", "ISBN": "9789860325201", "USER": "s1*****103", "CONTENT": "本書一如本系列，而這本多探討的是文學作品，從這些駔家所寫的作品中可以看到台灣作家與日本統治時期政策轉變的脈絡，以及作品中的內涵。"}]