[{"BOOKNAME": "圖表式人類行為與社會環境(一版)", "ISBN": "9789862655689", "USER": "mi***751", "CONTENT": "雖然本書是用來考國考的 但是對於沒基礎的人  也很有幫助 我就用這本來為社工系的轉學考打基礎 之後考上了國立大學..."}, {"BOOKNAME": "圖表式 社會政策與社會立法（含概要）(一版)", "ISBN": "9789862655542", "USER": "mi***751", "CONTENT": "我覺得這一系列的書 要用來國家考試或轉學考都很適合 內容詳細 重點分明 :d  唯獨缺點是  字體有些小 且密集"}]