[{"BOOKNAME": "公職政治學專用字典(高普考、三、四等特考、調查局、身心障礙特考、原住民特考考試適用)", "ISBN": "9789865141615", "USER": "li************125", "CONTENT": "詳盡地將政治學可能會產生困惑的名詞按章節編輯，搭配《拆解式政治學》更事半功倍，這本字典推薦給正在不論轉學考、高考等考試的考生們！照亮上榜之路吧"}, {"BOOKNAME": "拆解式政治學(高普考、三‧四等特考、調查局、身心障礙特考、原住民特考考試專用)", "ISBN": "9789864722273", "USER": "sh*****666", "CONTENT": "對於初次接觸政治學這個類科的我而言，這本書讓我可以用比較輕鬆易懂的方式走進政治學的知識之中，而非看得一頭霧水。"}, {"BOOKNAME": "這是一本高考行政法解題書", "ISBN": "9789865793517", "USER": "fa****229", "CONTENT": "用字平易近人，是在考場上能夠寫得出來的擬答，並非一般網路或坊間複製貼上、內容龐雜者可比擬，而且正確性頗高，非常適合用於準備考試。"}]