[{"BOOKNAME": "宇宙地圖（加贈「宇宙地圖星系指南」）", "ISBN": "9789571362748", "USER": "mo*******mot", "CONTENT": "這是本老少咸宜、深入淺出的科普書，推薦給想要一探宇宙奧祕的讀者。作者是日本天文臺的臺長和天文臺的副教授，他們利用10的n次方，配上實際的照片，把宇宙的星球星雲介紹給讀者。"}, {"BOOKNAME": "宇宙議事廳訊息", "ISBN": "9789869247986", "USER": "c4***000", "CONTENT": "此書填滿我心中的黑洞重新綻放出光芒，更激發起內在那份隱藏許久的力量，深刻理解自己此生的經歷與遭遇所俱有的終極意義,並非以往被教導的那些意義，這不是催眠自己說是的我很好，而是真正由內而落下感動的淚水感激這ㄧ切洗滌自己的心。最終，會更清晰體悟自己今生的使命。"}, {"BOOKNAME": "銀河系大定位", "ISBN": "9789573270706", "USER": "li****lun", "CONTENT": "天文學的知識日新月進,此書原版出版已有一段時日,在講述人類探索蒼芎的過往非常引人入勝,新知上則略嫌不足,但瑕不掩瑜且掌握原文奧義,未因翻譯讓佳作失色.忠實呈現先賢們解開天象的曲折離其的典故."}, {"BOOKNAME": "浩瀚天宇(2DVD)", "ISBN": "9789868128798", "USER": "ge******************.tw", "CONTENT": "浩瀚天宇是慈濟傳播文化志業出版部編制，因此會呈現古中國天文史觀，若閱讀外國作者的科普書，你會比較少讀到中國。到p.62前介紹中西方星座故事比較多，後面開始說黃道帶了，順便科普一些知識，例如克卜勒行星運動定律、隕石成分，能增加科學常識"}]