[{"BOOKNAME": "像我這樣的一個記者：房慧真的人物採訪與記者私語（隨書附贈精美設計48頁典藏別冊）", "ISBN": "9789571368627", "USER": "p8***939", "CONTENT": "作者的文字充滿畫面感，在短小精悍的文字採訪中，呈現各自不同的生命姿態與精神。在步調漸趨繁忙的社會中，能用十分鐘進入一個前所不知的世界，完全歸功於作者慧黠的雙眼。"}, {"BOOKNAME": "不合理的行為(全新增修版)", "ISBN": "9789869296106", "USER": "ha**100", "CONTENT": "戰地記者，印象中就是在戰場上躲在一旁，想盡辦法用相機的一群人。倒也沒這麼單純，因為每次攝影，就是出生入死。這本書，還道出戰爭的無情和可悲，戰火中喪名，那是多其不幸啊！可以作為反戰省思的讀物。"}, {"BOOKNAME": "不合理的行為(全新增修版)", "ISBN": "9789869296106", "USER": "ha**100", "CONTENT": "戰地記者，印象中就是在戰場上躲在一旁，想盡辦法用相機的一群人。倒也沒這麼單純，因為每次攝影，就是出生入死。這本書，還道出戰爭的無情和可悲，戰火中喪名，那是多其不幸啊！可以作為反戰省思的讀物。"}]