[{"BOOKNAME": "給活著的我們‧致逝去的他們：東大急診醫師的人生思辨與生死手記", "ISBN": "9789866031748", "USER": "da*******668", "CONTENT": "每篇精簡有力的文字，都有如用火燒熱金屬般深深烙印在腦海中，清楚明晰;更像把金石投入銅鐵鑄的心坑，發出陣陣鏗鏘清脆的巨響，回音一直在心中迴繞不去。這是一部超實用的現代版處世哲學智慧"}, {"BOOKNAME": "給活著的我們‧致逝去的他們：東大急診醫師的人生思辨與生死手記", "ISBN": "9789866031748", "USER": "da*******668", "CONTENT": "每篇精簡有力的文字，都有如用火燒熱金屬般深深烙印在腦海中，清楚明晰;更像把金石投入銅鐵鑄的心坑，發出陣陣鏗鏘清脆的巨響，回音一直在心中迴繞不去。這是一部超實用的現代版處世哲學智慧"}, {"BOOKNAME": "死後的世界", "ISBN": "9789862722220", "USER": "ch*****807", "CONTENT": "這本書比較像是質性研究法做出來的學術論文，如果從質性研究的角度，我覺得資料的飽和度還蠻高的，當然如果能夠直接去讀他原始的論文，想必我能夠了解的更多，但這只是一般的科普書，我覺得能寫到這樣已經很棒了。看完這本書，的確會想要趁在人世時更多的行善。"}, {"BOOKNAME": "人生最後一次相聚：禮儀師從1000場告別式中看見的25件事", "ISBN": "9789866572807", "USER": "ro*******876", "CONTENT": "妳親人希望他的告別式有甚麼 ? 如沒交代，你想要用怎樣的告別式來告別親人? 人生總會面對至親好友的離去，就連我們自己，也留不下，偏偏在此悲慟時刻，還需注意很多事，才不會做了錯誤決定而後悔終生。所以，這是一本值得一看的書，會讓我們有時間先有相關認知與思考，可讓事情相對圓滿。"}]