[{"BOOKNAME": "國家為什麼會失敗：權力、富裕與貧困的根源", "ISBN": "9789868879348", "USER": "sa******000", "CONTENT": "本書提出的廣納制度並鼓勵人民創新，讓社會能保障人民一直有話語權，整個國家才能不斷改革技術，以創造國家的永續繁榮。反之榨取式的政經制度，既得利益者永遠坐享其成，甚至掠奪人民財產中飽私囊，於是社會永遠處在不安及鬥爭的狀態，看看中共就知道了，我們正在等待時間告訴我們正確答案。"}, {"BOOKNAME": "動盪：國家如何化解危局、成功轉型？（含32頁珍貴歷史圖片）", "ISBN": "9789571380049", "USER": "el**irs", "CONTENT": "讀了才發覺對芬蘭的認識太少，芬蘭在二戰中命運坎坷，孤軍對抗蘇聯，為了不被併吞，必須支付高額賠償金、讓蘇聯大規模通商；爾後在與西方和蘇聯的外交關係，宛如走鋼索般的危險平衡。 除了芬蘭以外，作者清楚解析6個國家的近代危局和對應，所以即使不憂國憂民的人，讀七國近代史也有收穫。"}, {"BOOKNAME": "西方主義：敵人眼中的西方", "ISBN": "9789866614910", "USER": "s1*****103", "CONTENT": "本書顛覆了東方定義西方為敵人的概念，找出其實這些概念的起源反而是出自西方本身，令人玩味，也透過探討歷史，找出這些概念生成的原因。"}, {"BOOKNAME": "陽痿美國", "ISBN": "9789575101329", "USER": "ca****103", "CONTENT": "觀察能力奇好，以『蓋世奇才』『蓋世英雄』捧他還不夠格，那以『蓋世帝尊』九五之尊捧矣！為什麼說他觀察能力奇好？以歷史之真話真相視人、視事末日審判謊話連篇的美國歷屆總統，美國能不陽痿嗎？亂世論事有好的觀察能力與原則，『陽痿』美國這傲慢無知謊話連篇的世界警察快哉也。"}, {"BOOKNAME": "思想（2）：歷史與現實", "ISBN": "9789570830330", "USER": "s1*****103", "CONTENT": "本書標題為歷史與現實，書中所選的文章都是以歷史為脈絡去看現在，而讀者也可以藉由歷史脈絡來看作者們怎麼詮釋現今的現象。"}, {"BOOKNAME": "獨裁者的進化：收編、分化、假民主", "ISBN": "9789866723995", "USER": "ch****150", "CONTENT": "描述獨裁者國家與民運人士，書中說著獨裁國家各種手段與面貌，讓人冷汗直冒；提到人權鬥士的經歷，又會使人肅然起敬。這是本有極大廣度的好書，看著現今台灣，更覺得應該需要有更多人來讀此書..."}, {"BOOKNAME": "反動的修辭", "ISBN": "9789866723803", "USER": "s1*****103", "CONTENT": "赫緒曼的這本書，將最常見的反動論─悖謬論、無效論與危害論做了介紹並戳破這些論證的缺陷，讓讀者知道反動言辭看起來很說服人，但其實內在是空洞的謬誤。"}, {"BOOKNAME": "為什麼你的政府會說謊？揭開7種政治謊言背後的真相", "ISBN": "9789861209296", "USER": "s1*****103", "CONTENT": "由此書來看各國領導人運用這種詐術，其目的就是為了要導向人民走向他們設定的目標，而我們人民又該了解這樣的謊言所帶來給國家的後果會是好是壞?這正是本書所要揭櫫的。"}, {"BOOKNAME": "後民族格局", "ISBN": "9789570823806", "USER": "s1*****103", "CONTENT": "看現代思想家哈伯瑪斯怎們談民族國家與全球化的關係，另外本書還收錄了其他哈伯瑪斯有關政治或是倫理領域的看法，值得一窺究竟。"}, {"BOOKNAME": "第三條路及其批評", "ISBN": "9789570824216", "USER": "s1*****103", "CONTENT": "作者試著調解傳統的左派/右派之爭，提出第三條路給現代國家一個指導性原則，好讓國家能並肩兩者所長，而不是有所偏頗。"}]