[{"BOOKNAME": "日本昭和時代老照片：鐵道．生活．風景帖", "ISBN": "9789865080914", "USER": "el**irs", "CONTENT": "以往老照片總是黑白色調，這本書卻是全彩的昭和時代照片，明亮的顏色讓歷史場景都鮮活了起來！現在受限於疫情不能出遊，欣賞這樣舊時光也是不錯的紙上旅行！"}, {"BOOKNAME": "日本民俗圖典：繩文時代~昭和30年，3000項民俗手繪圖，日本暢銷15年新裝上市！", "ISBN": "9789863774792", "USER": "hs**ran", "CONTENT": "很喜歡這種大分類工具發展史的書，雖然不能每一樣都講的很詳細，可是從本來不知道、不知從何知起，到知道大概起源與發展，這樣的書就足夠了。何況還有大量圖片配合文字，更加加速了解說明。"}, {"BOOKNAME": "餐桌上的日本史（全新插畫版）（三版）", "ISBN": "9789578630734", "USER": "am******796", "CONTENT": "喜歡一個事物就會想去瞭解它是從何而來、又是什麼契機讓他變成現在的樣子。是因為喜歡日本料理所以讀了這本書，內容十分有趣還有好看的插圖，推薦給一樣喜歡日本文化、美食的人。"}, {"BOOKNAME": "日本傳統文化事典", "ISBN": "9789869556576", "USER": "66********681", "CONTENT": "類系列工具書中我覺得這本最為細膩拔萃!內容超級豐富!不過缺點是圖少字多而且無彩..視覺上有些乏...對日本文化有興趣可以考慮這本或是旅日、留學都相當有幫助的～"}, {"BOOKNAME": "日本神社解剖圖鑑2", "ISBN": "9789863773153", "USER": "s1*****103", "CONTENT": "本書透過深入解析神社，整理出各神社祀奉不同主神之外，還有各種不同的用途，讓讀者下次在參考神社之前，透過這本書可以了解到除了參拜與驚嘆神社之美以外，對神社有更深的了解。"}, {"BOOKNAME": "日本文樣圖解事典：帶來好運的日本傳統圖案480款", "ISBN": "9789869470445", "USER": "zx**344", "CONTENT": "一開始是在實體書店發現他的，日式風格圖樣的封面設計吸引了我，本只想看先日式和服圖樣，沒想到竟然從史前圖樣開始介紹，簡直就是圖樣歷史課本!!圖樣豐富，配色柔和，閱讀起來非常愉悅，非常推薦!"}, {"BOOKNAME": "日本文樣圖解事典：帶來好運的日本傳統圖案480款", "ISBN": "9789869470445", "USER": "zx**344", "CONTENT": "一開始是在實體書店發現他的，日式風格圖樣的封面設計吸引了我，本只想看先日式和服圖樣，沒想到竟然從史前圖樣開始介紹，簡直就是圖樣歷史課本!!圖樣豐富，配色柔和，閱讀起來非常愉悅，非常推薦!"}, {"BOOKNAME": "微物誌：現代日本的15則物語", "ISBN": "9789869430821", "USER": "gr***815", "CONTENT": "最近在學日語. 看到這本書. 作者寫得很有深度. 包含日本的歷史與台灣現狀,世界觀都有連結到. 分為15個主題. 其實有關連性. 可以讓讀者深入了解日本文化. 我甚至覺得比日本歷史書還有趣. 超級推薦."}, {"BOOKNAME": "日本現在進行式", "ISBN": "9789571353753", "USER": "a**ra**", "CONTENT": "世紀浩劫的日本，在悲傷之後的檢討，或許，背後有許多我們不知道的黑暗面，也讓核能的使用方式，有一種新的隱憂，作者這本書，好似把那些日子的新聞總合，常想，如果是台灣，如果是我們，我們會怎麼做，我們該怎麼應對，大家都要深思"}, {"BOOKNAME": "圖解菊與刀", "ISBN": "9789866351600", "USER": "il**eme", "CONTENT": "新版圖解的菊與刀, 全彩頁的印刷以及大量插圖註解,不失原作的精神且容易閱讀,再編者在書中又重新介紹現代日本人所具有的特質.雖然原著是二戰時期的人類學研究,但是經過潤飾更加親近讀者,不論是專業領域或個人興趣翻閱此書都值得收藏的名著."}, {"BOOKNAME": "MIYA字解日本：鄉土料理", "ISBN": "9789861736068", "USER": "ju******059", "CONTENT": "作者本身就常居於日本當地，因此內容詳述日本相關鄉土料理，更有作者的個人感想以供參考唷，搭配精美的圖片更加令人垂涎三尺呢！"}, {"BOOKNAME": "Miya字解日本：十二歲時", "ISBN": "9789861734859", "USER": "am****amy", "CONTENT": "本書不只介紹目錄中的單一項目，同時也會介紹與該項目相關的其他事物，像是介紹正月時，也介紹了元日、門松、注連繩等等的日文念法，對我這個日文初學者來說相當實用，另外我很喜歡有圖又有文的書籍，這樣可以讓我很輕鬆的閱讀本書。"}, {"BOOKNAME": "日本神社事典：進入神話傳說與神靈隱身之所", "ISBN": "9789863313014", "USER": "hs**ran", "CONTENT": "超級精美的書啊，令人愛不釋手。對於喜歡日本文化但又不是很了解的人來說，這是一本很好看的入門書，不僅介紹日本各地神社名勝，更佐以神話令人著迷；而對於很了解的人來說就是很好的提點複習吧xd最前面與最後面的通論&#x28;？&#x29;也是很重要的知識。"}, {"BOOKNAME": "你不可不知的日本飲食史", "ISBN": "9789865967291", "USER": "s1*****103", "CONTENT": "本書介紹了各種日本的料理與食品，讓讀者知道原來有些我們習以為常的日本食品或料理，其實是從外國傳入或根本是沒有多少年的傳統，下次去日本玩之前，先閱讀過這本書，去吃日本料理會更有感觸。"}, {"BOOKNAME": "京都神社入門", "ISBN": "9789862413869", "USER": "an****053", "CONTENT": "京都是個值得一去再去的地方，不只是古蹟寺廟多，大小神社也不少，有時候走多了神社會覺得好像都一樣，但是看了這本書在到書中介紹的神社時，就可以用不同的角度來拜訪，也會更有意義，才不會只有走馬看花。"}, {"BOOKNAME": "京都神社入門", "ISBN": "9789862413869", "USER": "an****053", "CONTENT": "京都是個值得一去再去的地方，不只是古蹟寺廟多，大小神社也不少，有時候走多了神社會覺得好像都一樣，但是看了這本書在到書中介紹的神社時，就可以用不同的角度來拜訪，也會更有意義，才不會只有走馬看花。"}, {"BOOKNAME": "乙男蟻女：106個世代標籤，深入你不知道的日本", "ISBN": "9789861736693", "USER": "co****rry", "CONTENT": "很有趣的一本書，內容不只對日本社會的世代標籤作解說，更是呈獻了作者對社會觀察的細膩，也勾勒出各族群的生活、消費型態特色。雖然這些世代標籤源自於日本，但跟台灣非常相近，也適用於台灣社會型態，只是台灣的腳步晚了日本幾年。有從事行銷、fmcg領域的朋友更是不能錯過！"}, {"BOOKNAME": "乙男蟻女：106個世代標籤，深入你不知道的日本", "ISBN": "9789861736693", "USER": "co****rry", "CONTENT": "很有趣的一本書，內容不只對日本社會的世代標籤作解說，更是呈獻了作者對社會觀察的細膩，也勾勒出各族群的生活、消費型態特色。雖然這些世代標籤源自於日本，但跟台灣非常相近，也適用於台灣社會型態，只是台灣的腳步晚了日本幾年。有從事行銷、fmcg領域的朋友更是不能錯過！"}, {"BOOKNAME": "日本萬花筒", "ISBN": "9789570837414", "USER": "a**ra**", "CONTENT": "蔡瀾先生這次在台灣出版的這四本書，我都買齊了，蔡先生一貫的嬉謔人生哲學，讓人羨慕，那種恢宏大度，不拘小節，卻又細膩的觀察生活中的人事物，天地出版社&#x28;香港&#x29;雖然也有出版，但是購買不易，每每讀完蔡先生的書，總恨不得身為男子。"}, {"BOOKNAME": "整形日本", "ISBN": "9789866614590", "USER": "s1*****103", "CONTENT": "本書經過作者精心梳理日本各種現象的脈絡，且透過與香港的比較，讓讀者得以了解為何這些現象會在日本發生，以及這些現象是有一致性的？還是專屬於日本文化特有的？"}, {"BOOKNAME": "菊與刀", "ISBN": "9789620717512", "USER": "t**o2**", "CONTENT": "這本由沙半納所譯的「菊與刀」，我讀起來很流暢、排版也很用心，由於是精選本，原本是十三章的篇富，濃縮為八章，因此，我認為本書的優點是認真看的話，一天之內可輕易讀完；缺點就是無法一窺該書全貌。不過，對於想認識二次大戰前後日本人的文化與生活，這無疑地，是本很好上手的入門書！"}]