[{"BOOKNAME": "圖解刑法：國家考試的第一本書（第六版）", "ISBN": "9789869794190", "USER": "ti*********616", "CONTENT": "圖文並茂，初學者也能夠讀下去的書籍，搭配上對應的刑法選擇和申論題，對於該主題會更有概念，漫畫呈現案例也比文字閱讀更加印象深刻。"}, {"BOOKNAME": "國考大解密刑事訴訟法概要", "ISBN": "9789865532116", "USER": "54********416", "CONTENT": "實務見解解說清楚，也引用最新的實務見解，跟最新修法資料 體系架構也建構清晰，沒有體系錯亂的現象 答案與見解也都正確 值得推薦的一本書"}, {"BOOKNAME": "就是這本刑法總則體系+解題書", "ISBN": "9789574642120", "USER": "ti*********616", "CONTENT": "喜歡作者的圖例彙整還有案例分享和考題搭配，讓概念可以在腦海中清晰成形，書中作者的話常常令人茅塞頓開，縱使身為初學者也可以漸入佳境。學說看法和實務見解一起閱覽，對於體系塑成有絕佳的效果，解題也有頭緒。"}, {"BOOKNAME": "憲法題型破解(7版)", "ISBN": "9789862956564", "USER": "li***002", "CONTENT": "在司法院大法官解釋部分有重點整理，讀起來很方便且容易理解，題目爭點、法條運用以及重點提醒等必背文字亦有標示。"}, {"BOOKNAME": "票據法題型破解(3版)", "ISBN": "9789862956335", "USER": "li***002", "CONTENT": "頁數不多，在這個科目準備上不會造成太大負擔與花太多時間，用來當複習的工具書很適合，對題目的解題方式淺顯易懂。"}, {"BOOKNAME": "行政法題型破解(8版)", "ISBN": "9789862956342", "USER": "li***002", "CONTENT": "體系組織完整，爭點明顯易懂，按照自己預設進度安排念書時程再搭配這本書以循序漸進的方式理解行政法很有效，練習申論題目時很有幫助。"}, {"BOOKNAME": "行政法申論題型百分百", "ISBN": "9789861289175", "USER": "fr**lnf", "CONTENT": "這本對於行政法申論題感到苦手的人非常推薦，裡面有眾多考古題的解題寫法，對於申論解答的寫法可以有相當程度的幫助，不過建議對行政法有些底子的人再來閱讀會更合適哦！"}, {"BOOKNAME": "這是一本公務員法解題書", "ISBN": "9789865793654", "USER": "st***234", "CONTENT": "這本書的編排方式、重點整理、抓爭點技巧都很讚！很好吸收！ 解題分點分段，是讓人在考公務員法的時候，真的寫得出來的篇幅，節省很多自己整理消化的時間！"}, {"BOOKNAME": "這是一本刑事訴訟法解題書(進階篇)", "ISBN": "9789865793401", "USER": "au******imo", "CONTENT": "這確實是本不可多得的解題好書，作者將解題的要點與方法綱舉目張、化繁為簡的娓娓道來，讓吾人得以一窺刑事訴訟法的答題精妙。我沒看過也不知道本書是否有所謂的&quot;基礎篇＂，但這本書已使本人愛上刑事訴訟法，非常值得推薦！"}, {"BOOKNAME": "刑事訴訟法", "ISBN": "9789862651483", "USER": "li****929", "CONTENT": "個人推薦以本書來準備國考，理由如下： 1.對基本概念的說明與辯異相當清楚；文字上也很容易理解 2.近來的國考，刑事訴訟法類科命題比較偏向實務，書中有許多實務見解，有利國考準備； 3.每個章節後面皆有收錄考題，在閱讀內完之後，可以馬上練習，測試自己吸收程度。"}]