[{"BOOKNAME": "特搜！臺灣都市傳說", "ISBN": "9789863194705", "USER": "el**irs", "CONTENT": "這本書特搜的都市傳說都很經典，不只有靈異玄妙類型的，也有諸如盜器官和綁架小孩斷其手腳去行乞的傳說，作者也依循脈絡和當時的社會背景，整理出這些傳說之所以形成並廣為流傳的成因，寓教於樂十分好讀！"}, {"BOOKNAME": "臺灣沒說你不知道：生活在這塊土地的你可以拿來說嘴的七十則冷知識", "ISBN": "9789571065519", "USER": "wi***903", "CONTENT": "「冷知識」意味著它雖然是知識，卻不是我們平常熟知的知識。雖然不常使用到，但我們卻可以透過了解這些冷知識來認識我們生長的這片土地。許多冷知識來自被遺忘的生活經驗與文化傳承，藉由此書，可以喚起那些被我們忽略的小知識。"}, {"BOOKNAME": "臺灣都市傳說百科", "ISBN": "9789863195856", "USER": "sh*****666", "CONTENT": "當中收錄了台灣相關的一百則都市傳說，有不少是自小就聽到大的傳說，也有初次聽聞的內容，每一則都盡可能的寫實詳細，又不失故事性，讓人存疑的同時又忍不住去深信。"}, {"BOOKNAME": "臺灣摩登咖啡屋：日治臺灣飲食消費文化考", "ISBN": "9789578017344", "USER": "s1*****103", "CONTENT": "本書透過史料的梳理，看明治、大正與昭和時期的台灣咖啡屋，將日治時期的台灣咖啡文化做全面性的概述，與了解到咖啡在台灣的文化是如何被塑造的。"}, {"BOOKNAME": "臺灣摩登咖啡屋：日治臺灣飲食消費文化考", "ISBN": "9789578017344", "USER": "s1*****103", "CONTENT": "本書透過史料的梳理，看明治、大正與昭和時期的台灣咖啡屋，將日治時期的台灣咖啡文化做全面性的概述，與了解到咖啡在台灣的文化是如何被塑造的。"}, {"BOOKNAME": "妖怪臺灣地圖：環島搜妖探奇錄", "ISBN": "9789570853124", "USER": "sh*****666", "CONTENT": "一直以來所熟悉的都是源自於日本或是中國的妖怪，直到看了這本妖怪台灣地圖後才發現，台灣本土的妖怪也不少，只是我們沒有去留心而已。透過這本書，可以看到熟悉的景致，並且有了不一樣的視角去看待，甚至勾起一股讓人想沿著地圖去旅行的衝動。"}, {"BOOKNAME": "台南巷框：遇見文學大師葉石濤的時光散步", "ISBN": "9789862487235", "USER": "96********868", "CONTENT": "再讀這本書時，腦中浮現是小時候在台南的街道閒晃的記憶，記憶中炎熱的台南就像作者的水彩畫一樣鮮豔，但是大家的生活步調跟時間卻很緩慢，路邊的狗跟貓都躲在陰影下休憩，廟口總是有三兩位老人在下棋、閒聊，來往的街道旁沒有衝忙的路人。啊...原來作者早已深知我記憶中的故鄉景色，很值得一推。"}, {"BOOKNAME": "走讀台灣風土", "ISBN": "9789573910282", "USER": "92********734", "CONTENT": "詩人以輕鬆但柔憫的筆法，關注台灣這塊土地的農業發展，除了細細分析各地的農產，也帶出了不少熱情的年輕人，願意投入農業，運用新思維與當代潮流結合，做有規畫的產業規畫，讓農業深深滲入人心，成為日常不可或缺的點點滴滴。"}, {"BOOKNAME": "老雜時代：看見台灣老雜貨店的人情、風土與物產", "ISBN": "9789573280361", "USER": "ca*****hen", "CONTENT": "老雜時代講的是老雜貨店的故事。如果你喜歡在地人情故事不容錯過！而這些老雜為什麼能在大企業超市超商的展店下能生存下來？在本書中有詳細交待。但更吸引人的是背後的故事。作者行文流暢且照片品質精良。如果你喜歡陳柔縉介紹台灣或秦嗣林當票的故事，那你一定會喜歡這本書！"}, {"BOOKNAME": "老雜時代：看見台灣老雜貨店的人情、風土與物產", "ISBN": "9789573280361", "USER": "ca*****hen", "CONTENT": "老雜時代講的是老雜貨店的故事。如果你喜歡在地人情故事不容錯過！而這些老雜為什麼能在大企業超市超商的展店下能生存下來？在本書中有詳細交待。但更吸引人的是背後的故事。作者行文流暢且照片品質精良。如果你喜歡陳柔縉介紹台灣或秦嗣林當票的故事，那你一定會喜歡這本書！"}, {"BOOKNAME": "妖怪臺灣：三百年島嶼奇幻誌‧妖鬼神遊卷", "ISBN": "9789570848533", "USER": "sh*****666", "CONTENT": "小時候，最喜歡聽虎姑婆的床邊故事，但漸漸長大之後，卻逐漸遺忘了這些台灣兒童鬼怪故事，反被日本神話或中國神話等等頂替，看了這本書後，重拾小時回憶是件很美好的事情！"}, {"BOOKNAME": "唯妖論：臺灣神怪本事", "ISBN": "9789869272070", "USER": "92********734", "CONTENT": "對於未知之事，人們可能會築起防衛之牆，抱持著慎恐的心態，去解決讓自己感到疑惑的困境，這是種防衛機轉──為了不讓自己建構的價值觀被破壞。而妖魔鬼怪，有一部分是因這樣的概念誕生，卻無法概括所有「可能」。本書透過實地考察，佐以扣人心弦的情節，能很快讓人進入妖怪世界，感受其巨大魅力。"}, {"BOOKNAME": "綠島解說文本", "ISBN": "9789578017870", "USER": "ha***117", "CONTENT": "本書有精采的自然環境介紹，再搭配綠島歷史的探討與解析，還有作者推薦的私房景點，配合古文獻，還有一張張精美的照片，讓本書有別於市面上的遊覽介紹書，學術性與生活性兼具，提供給不同的需求者，讓讀煮對綠島精采的歷史及特殊的美麗風景有更深刻的認識。"}, {"BOOKNAME": "臺灣妖怪研究室報告（一套三冊盒裝）", "ISBN": "9789869214162", "USER": "s2****533", "CONTENT": "這套書列出了台灣幾種妖怪，配上很奇特的插圖，圖鑑很有趣的列出牠們的活動區域!觀察記錄指南更是爆笑，教讀者怎麼去找妖怪，第一件事情就是要先寫遺書! 以輕鬆愉快的態度去看待台灣妖怪，牠們不再是長輩嚇唬小孩的利器，而是關於台灣文化、鄉野奇談中的趣事。"}, {"BOOKNAME": "大碗大匙呷飽未？一定要知道的台灣菜故事！", "ISBN": "9789863230786", "USER": "j**66**", "CONTENT": "身為一個台灣人，面對著常常吃的台灣菜，卻不明白它的典故由來，看了這本書後，不但能對於台灣菜的由來有更深入的了解，還可以了解到當中的烹飪用法，還有可以的圖示，很值得一看。"}, {"BOOKNAME": "大碗大匙呷飽未？一定要知道的台灣菜故事！", "ISBN": "9789863230786", "USER": "j**66**", "CONTENT": "身為一個台灣人，面對著常常吃的台灣菜，卻不明白它的典故由來，看了這本書後，不但能對於台灣菜的由來有更深入的了解，還可以了解到當中的烹飪用法，還有可以的圖示，很值得一看。"}, {"BOOKNAME": "圖解台灣製造：日治時期商品包裝設計", "ISBN": "9789861777016", "USER": "s1*****103", "CONTENT": "本書藉由大量圖片跟文字說明，使得歷史的時代感藉由圖像而弭平，而從文字的說明解釋讓讀者可以更深入日治時期商品包裝的文化。"}, {"BOOKNAME": "圖解台灣民俗節慶：嶄新呈現一年四季歲時節俗的民俗意涵與祭祀文化", "ISBN": "9789861779850", "USER": "ti*********616", "CONTENT": "生長的地方有許多習俗，有些有聽過，有些從未見過，透過這一本書看到台灣的節慶習俗樣貌，那麼的多彩，那麼的讓人著迷，一翻閱下去就好想繼續這場民俗的熱鬧。"}, {"BOOKNAME": "圖解台灣文化", "ISBN": "9789866434419", "USER": "ha***117", "CONTENT": "台灣文化到底是什麼？對於台灣這塊土地上的人來說應該是個難以回答的問題。說到荷蘭就想到風車，說到日本就想到櫻花，那說到台灣呢？讀完本書後，可以了解台灣文化是博大精深的，但是由於大眾的錯誤觀念和疏於探討，使台灣被誤認為是文化沙漠，這難道不是我們應該要負責的嗎？認識台灣，請從本書開始。"}]