[{"BOOKNAME": "軌道：福知山線出軌事故，改變JR西日本的奮鬥", "ISBN": "9789869934718", "USER": "el**irs", "CONTENT": "最近五年內，台鐵不止一次發生重大事故，因而從報導中得知這本書，讀完體悟很深，重大事故是一連串問題集合而發生的，歸咎於人為或特定因素，沒有全盤性梳理找出各層面因素與影響，就難以改變，也難避免事故一再發生。"}, {"BOOKNAME": "中年打工族：為什麼努力工作，卻依然貧困？日本社會棄之不顧的失業潮世代", "ISBN": "9789571381978", "USER": "ev******429", "CONTENT": "當日本原有的終身雇用制被打破後，日本社會中一群人淪為打工族，無法累積年資，工作也無保障，本書深刻探討日本的社會現象，未來是否也會在台灣社會出現?抑或已經是進行式了。"}, {"BOOKNAME": "中年打工族：為什麼努力工作，卻依然貧困？日本社會棄之不顧的失業潮世代", "ISBN": "9789571381978", "USER": "ev******429", "CONTENT": "當日本原有的終身雇用制被打破後，日本社會中一群人淪為打工族，無法累積年資，工作也無保障，本書深刻探討日本的社會現象，未來是否也會在台灣社會出現?抑或已經是進行式了。"}, {"BOOKNAME": "東京模樣：東京潛規則，那些生活裡微小卻重要的事", "ISBN": "9789865657857", "USER": "ts**wen", "CONTENT": "透過作者描述在東京這座城市生活的散文,讓我們得以更深入貼近東京日常的生活模樣,同時作者細膩的文筆,也讓東京的生活更多了點溫度,推薦給喜愛日本東京的你"}, {"BOOKNAME": "東京模樣：東京潛規則，那些生活裡微小卻重要的事", "ISBN": "9789865657857", "USER": "ts**wen", "CONTENT": "透過作者描述在東京這座城市生活的散文,讓我們得以更深入貼近東京日常的生活模樣,同時作者細膩的文筆,也讓東京的生活更多了點溫度,推薦給喜愛日本東京的你"}, {"BOOKNAME": "巨乳研究室 ： 從春宮畫到AV產業如何創造大胸部神話，及日本情色文化的發展", "ISBN": "9789862895474", "USER": "la********ock", "CONTENT": "確實有認真的探討迷戀巨乳，也因為本書我才認識何者為人類最強肉體，進而去接觸到正常尺吋到巨乳的衍化，是一本非常有趣的書，不論男女都可以看一看以拓展更寬廣的視野。"}, {"BOOKNAME": "絕望工廠 日本：外國留學生與實習生的「現代奴工」實錄", "ISBN": "9789869576796", "USER": "s1*****103", "CONTENT": "隨著國人經常去日本遊玩的熱潮，本書給了讀者另一個日本光鮮亮麗下的黑暗面，那些日本人自己不願意做的工作都是這些外籍勞工，甚至是以留學生的名義扛下來的，所謂的日本，不只是有它美好的一面，也有它不為人知，血汗的另一面。"}, {"BOOKNAME": "日本人默默在想的事：野島剛由小見真的文化觀察", "ISBN": "9789571369914", "USER": "em*****ook", "CONTENT": "寫法也是如此的日本人。從此書中最大的收穫事探討到水木茂以及手塚治虫的比較了吧！但除此之外還有各式各樣的小觀察，都很可愛和現實。"}, {"BOOKNAME": "別傻了這才是橫濱：燒賣.中華街.和洋文化交融…49個不為人知的潛規則", "ISBN": "9789869277518", "USER": "s1*****103", "CONTENT": "作為重要的通勤至東京上班之地，也是黑船開港的橫濱，在不管是以前，乃至於今日都有其歷史意義的存在。而橫濱隨著地域的不同，風情文化也有其差異，是個可以在一個地方體會到各種橫跨地域與歷史的好去處，也難怪不少人寧願從這裡通勤上班了。"}, {"BOOKNAME": "別傻了 這才是東京：大眾運輸工具內禁止通話.迷宮般的車站…47個不為人知的潛規則", "ISBN": "9789869217118", "USER": "s1*****103", "CONTENT": "作為在東京生活過的人，對於這本書所談到的內容有著相關深的感受，東京作為日本中心，自然有自己的一套潛規則，隨著生活越久就變成了習慣，反而回到台灣覺得這些作為理所當然的事，在台灣怎麼都沒人遵守的錯覺。"}, {"BOOKNAME": "超思考", "ISBN": "9789571363547", "USER": "hs****i66", "CONTENT": "最初認識北野武這個名字是在日本的綜藝節目上， 看到他出書就興起一股衝動想入手， 人如其名，書如其實， 他在文中提出的許多見解，看似批判，實則對這世界有著深深的人文關懷， 所需要的是思考、行動、處理， 透過此書了解到更多的議題以及社會給予的本質！"}, {"BOOKNAME": "悶騷日本", "ISBN": "9789869111751", "USER": "st***l07", "CONTENT": "第一眼就被封面給吸引了!!!  裡面談了好多日本文學作品，原來在精采劇情的背後，還有隱含這麼多含意，讓我忍不住把這些作品拿出來回味。"}, {"BOOKNAME": "大和魂：日本人的求存意識如何改變世界", "ISBN": "9789865787639", "USER": "s1*****103", "CONTENT": "本書由外人的眼光來看日本，更尤其是從英語世界國家來看，更因為本書的脈絡放在千禧年之後，也可以算是日本近十年的現代史發展。"}, {"BOOKNAME": "北海道移住：從都市到鄉下，他們的緩慢生活練習。", "ISBN": "9789869019422", "USER": "a**ra**", "CONTENT": "北海道讓我嚮往的，是那大自然的風光，是那廣闊無邊的原野，是那不同於都市煩囂的清新風格，短暫的駐足，只能浮光掠影的接觸，而透過這本書，讓人看到真正生活在樸質的北海道裡，最真實的生活，卻還是那麼的令人羨慕"}, {"BOOKNAME": "頑張：28個關鍵字解讀當代日本文化", "ISBN": "9789865967819", "USER": "s1*****103", "CONTENT": "本書將日本現代文化的各樣小細節做了深入淺出的介紹，讓異國讀者得以了解這些文化的形成與背景因素，更讓自己對日本更了解。"}, {"BOOKNAME": "動物化的後現代：御宅族如何影響日本社會", "ISBN": "9789868676466", "USER": "s1*****103", "CONTENT": "本書藉由後現代理論來講述所謂「御宅族」的行程以及日本動漫畫對他們的影響，對動漫研究有興趣的人是一本值得一讀的書，但前提是要對後現代理論有入門的了解，否則會看得很辛苦。"}]