[{"BOOKNAME": "東京本屋紀事Tokyos Constant Booksellers", "ISBN": "9789570848700", "USER": "18********617", "CONTENT": "書中記錄著關於&quot;書屋&quot;的大小事，對一個喜歡閱讀的我來說，看著書中的靜態文字但卻彷彿已置身在那一個街道的那一間書店；作者將書屋主人想傳達給予逛書者的精神表達訴說得淋漓盡致，值得收藏的好書，我相信它永遠值得一翻。"}, {"BOOKNAME": "改變世界的10本書", "ISBN": "9789869091039", "USER": "an***690", "CONTENT": "改變世界的著作類別不外乎是： 宗教種族、經濟政策及生態環境 三大類。 作者篩選出改變這個世界的十本書，並針對每一本書做了簡介及說明。 對於想要了解當代世界史或關心全球變動的人，可以以此書作為初學本，再延伸閱讀自己所關心的相關類型書籍。"}, {"BOOKNAME": "書店怪問", "ISBN": "9789863610212", "USER": "hy****369", "CONTENT": "非常好笑的書，心情沮喪時，絕對讓你轉換心情的一本書。 實在很難想像英國的讀者可以問出多少好氣又好笑的問題。 也很佩服作者可以蒐集到這麼多的短篇小故事。 超級推薦"}, {"BOOKNAME": "書店怪問", "ISBN": "9789863610212", "USER": "hy****369", "CONTENT": "非常好笑的書，心情沮喪時，絕對讓你轉換心情的一本書。 實在很難想像英國的讀者可以問出多少好氣又好笑的問題。 也很佩服作者可以蒐集到這麼多的短篇小故事。 超級推薦"}, {"BOOKNAME": "書店時光III：走進世界最美的書店，見證閱讀現場的文藝復興", "ISBN": "9789865740856", "USER": "gi*****206", "CONTENT": "這本書介紹了許多有特色又美麗的書店，看著看著彷彿置身在這些書店中。經由作者訪談經營者與店員，讓我初步了解每家書店的經營以及他們對於書籍的熱愛。建議喜歡書店氛圍的讀者，可以閱讀這本書，裡面有很多精美的照片。"}, {"BOOKNAME": "到書店找創意：跟著日本廣告鬼才，看書店風景，激發靈感", "ISBN": "9789866151736", "USER": "do******343", "CONTENT": "雖然不是創意人員，但蠻認同書中的理論。喜歡實體書店能發現意料之外的書，也可以當場翻閱&#x28;如果沒封膜的話&#x29;，或找個位置就讀了起來，有書店真的很棒，也很喜歡去金石堂&#x28;拍馬屁xddd&#x29;。"}, {"BOOKNAME": "書店本事：在地圖上閃耀的閱讀星空", "ISBN": "9789573274407", "USER": "40****03l", "CONTENT": "台灣的獨立書店近年來慢慢崛起，而有許多的小書店就隱藏在你我的周圍，等著被人們發掘。 這本書蒐集了許多這樣的獨立書店。紀錄了他們的故事及歷史。對於喜愛閱讀或探尋書店的人來說，一定要看看這本書！"}, {"BOOKNAME": "最糟也最棒的書店(復刻紀念版)", "ISBN": "9789866278846", "USER": "in********103", "CONTENT": "雖說作者不是在有目標下主動去追逐夢想，不過歪打正著的休學、逃離現況與美國短暫流浪生活，讓他的人生碰撞出的美好火花這件事情的確會很讓人很羨慕啊！在異國的生活，在獨自討生活的過程中被逼到絕境，遇到困難不解決會死而且沒有地方可以逃脫沒有人可以求助的時候，真的會激發出很大的潛力來。"}, {"BOOKNAME": "最糟也最棒的書店(復刻紀念版)", "ISBN": "9789866278846", "USER": "in********103", "CONTENT": "雖說作者不是在有目標下主動去追逐夢想，不過歪打正著的休學、逃離現況與美國短暫流浪生活，讓他的人生碰撞出的美好火花這件事情的確會很讓人很羨慕啊！在異國的生活，在獨自討生活的過程中被逼到絕境，遇到困難不解決會死而且沒有地方可以逃脫沒有人可以求助的時候，真的會激發出很大的潛力來。"}, {"BOOKNAME": "飛踢，醜哭，白鼻毛：第一次開出版社就大賣騙你的", "ISBN": "9789862904541", "USER": "ch********123", "CONTENT": "失眠夜晚從書架取了這本，在牯嶺街獨立出版攤位買下的書籍， 談論追夢甘苦，艱辛的獨立出版之路有笑有淚，儘管作者的語感幽默十足，  那份堅持夢想的執著與傻近，還是讓人閱讀時不禁溼了眼眶， 這本書，適合每一位心中有夢想，或是正朝夢想前進的愛書人。 請一定要讀讀它！"}, {"BOOKNAME": "書寫大歷史：閱讀全球史的第一堂課", "ISBN": "9789868782914", "USER": "ag****011", "CONTENT": "這本書以提供閱讀座標為目標，協助對人類歷史與歷史研究有興趣的讀者進行愉快的閱讀之旅，而不至於淪陷於史料細節或是學者大名，特此推薦！"}, {"BOOKNAME": "老貓學出版：編輯的技藝 & 二十年出版經驗完全彙整", "ISBN": "9789571347837", "USER": "hi*****boy", "CONTENT": "作者熱情的分享了他在長年在業界的經驗，也讓我們一撥出版界的迷霧，得以知道許多和出版有關的事情及細節。除此之外，這本書也提及了一些台灣出版業的現況。對於有心走相關領域的人，可以得到初步的認識。"}]