[{"BOOKNAME": "新加坡，原來如此！一個成長在李光耀時代的公民真心告白", "ISBN": "9789570845471", "USER": "ga******527", "CONTENT": "很好看的一本書，看完後對新加坡有更深的瞭解，也打破了對新加坡不徹實際的幻想。對當地的極權政府，和當地人民對自身生活的重視更甚於一般民主、公平的追求也有很深的感慨。"}, {"BOOKNAME": "新加坡，原來如此！一個成長在李光耀時代的公民真心告白", "ISBN": "9789570845471", "USER": "ga******527", "CONTENT": "很好看的一本書，看完後對新加坡有更深的瞭解，也打破了對新加坡不徹實際的幻想。對當地的極權政府，和當地人民對自身生活的重視更甚於一般民主、公平的追求也有很深的感慨。"}, {"BOOKNAME": "幹嘛羨慕新加坡？一個台灣人的新加坡移居10年告白", "ISBN": "9789571361772", "USER": "ma******925", "CONTENT": "這本書為移居新加坡十年的台灣人的真實告白，從不同角度深度思考新加坡的政策、福利，並透過qrcode方式呈現相關影片，與書中內容達到相輔相成之效。看完這本書絕對能重新定義新加坡的繁榮與進步，認識到「真正的」新加坡。"}, {"BOOKNAME": "請帶我穿越這片海洋：記敘利亞、伊拉克、阿富汗、北非難民，以及跨地中海的悲劇航程", "ISBN": "9789869405904", "USER": "uf***850", "CONTENT": "生命當中有什麼需要冒著死亡去爭取的呢？ 生活的安定被突來的種種介入，是威脅或是無知成為恐懼的主人  有～當珍惜懂得分享讓世界更美好"}, {"BOOKNAME": "安娣，給我一份摻摻！透視進擊的小國 新加坡", "ISBN": "9789869392105", "USER": "al*****918", "CONTENT": "這本書談了滿多新加坡社會文化的主題，跟一般台灣媒體關注的政治、經濟話題比較不同，算是可以另類了解新加坡國家發展的一本書，推薦做為國際教育的讀物。"}, {"BOOKNAME": "神遺棄的裸體：禁制的性，伊斯蘭世界的另類觀察報告", "ISBN": "9789865797287", "USER": "wa*****g69", "CONTENT": "好特別的旅行文學,作者到充滿神秘感的伊斯蘭國家中旅遊並與當地人互動的實錄,對話中不時可看見文化衝突與作者的省思與疑問,要接受與自己截然不同的價值觀與生活方式有多困難啊,像穿著完全不合腳的鞋走路,但也因此彰顯多元文化的真諦先從彼此相互了解開始吧"}, {"BOOKNAME": "手繪伊斯蘭世界", "ISBN": "9789862621424", "USER": "si****y75", "CONTENT": "這本書封面看似普通，但打開書本的那刻起卻有無限的驚艷。書中的插圖配色實在是太生動，也很可愛。讓人一拿起書就手不釋卷的繼續讀下去。"}, {"BOOKNAME": "憂鬱的邊界：一個菜鳥人類學家的行與思", "ISBN": "9789868845480", "USER": "de***lin", "CONTENT": "捧讀這本書的同時，忍不住邊打開電腦查了一下google地圖，讓腦海裡原本混沌不清的東南亞諸國頓時清晰了起來。中國人、台灣人、華人的定義，在歷史的糾葛、政治的拉扯、全球化的快速移動影響下，就像一團糾結難以整理的毛線，理也理不清。這是一本憂鬱的旅遊書，但也是由它鄉回頭定義故鄉的好書。"}]