[{"BOOKNAME": "正是時候讀莊子：莊子的姿勢、意識與感情", "ISBN": "9789863980964", "USER": "je*****731", "CONTENT": "封面典雅，不但有原文，也融入了作者獨特的想法，圖片與內容相關，增添趣味，讓就算不是習慣讀原文的人也能繼續閱讀下去，最好的是每章節前也附上問題，易於省思。"}, {"BOOKNAME": "正是時候讀莊子：莊子的姿勢、意識與感情", "ISBN": "9789863980964", "USER": "je*****731", "CONTENT": "封面典雅，不但有原文，也融入了作者獨特的想法，圖片與內容相關，增添趣味，讓就算不是習慣讀原文的人也能繼續閱讀下去，最好的是每章節前也附上問題，易於省思。"}, {"BOOKNAME": "正是時候讀莊子：莊子的姿勢、意識與感情", "ISBN": "9789863980964", "USER": "je*****731", "CONTENT": "封面典雅，不但有原文，也融入了作者獨特的想法，圖片與內容相關，增添趣味，讓就算不是習慣讀原文的人也能繼續閱讀下去，最好的是每章節前也附上問題，易於省思。"}, {"BOOKNAME": "正是時候讀莊子：莊子的姿勢、意識與感情", "ISBN": "9789863980964", "USER": "je*****731", "CONTENT": "封面典雅，不但有原文，也融入了作者獨特的想法，圖片與內容相關，增添趣味，讓就算不是習慣讀原文的人也能繼續閱讀下去，最好的是每章節前也附上問題，易於省思。"}, {"BOOKNAME": "正是時候讀莊子：莊子的姿勢、意識與感情", "ISBN": "9789863980964", "USER": "je*****731", "CONTENT": "封面典雅，不但有原文，也融入了作者獨特的想法，圖片與內容相關，增添趣味，讓就算不是習慣讀原文的人也能繼續閱讀下去，最好的是每章節前也附上問題，易於省思。"}, {"BOOKNAME": "勇於不敢，愛而無傷：莊子，從心開始二", "ISBN": "9789863983088", "USER": "96********868", "CONTENT": "我們很常會為了「大家都好」，於是委曲求全。 這本書讓我放下這個我執，原來過去是自已不放過自已。 愛一個人不強求，而是同行共成長；愛不一定要轟轟烈烈，而是甘於歲月靜好。"}, {"BOOKNAME": "示弱的勇氣：老子教你學會真正的堅強", "ISBN": "9789863841333", "USER": "pi***611", "CONTENT": "真正的強者，從不自我設限，也不墨守成規， 能以最謙卑的身段待人接物，擁有順應變化的行動力與判斷力， 不被世俗追求的欲望誘惑，善守自己的夢想與信念。"}, {"BOOKNAME": "不一樣的老子", "ISBN": "9789863581949", "USER": "ja******************com", "CONTENT": "以前總是讀不懂老子, 翻譯比原文更不知所云,又是易經又是孔孟,  但是這本書卻很不一樣, 從頭到尾邏輯一致, 又簡明易讀, 容易了解,"}, {"BOOKNAME": "圖解道德經大全", "ISBN": "9789868934627", "USER": "je*****731", "CONTENT": "雖然封面有些世俗，但內容不只是原文講解，也旁徵博引，相當豐富，多面向的向外延伸，除此之外，圖表清晰，簡單易讀，是本不錯的書籍！"}, {"BOOKNAME": "傅佩榮莊子新解（60CD）", "ISBN": "9789574495313", "USER": "ri***hau", "CONTENT": "以前只有在國文課學到片段的莊子文章與思想，對莊子有很大的誤解，認為老莊的想法很消極，但經過傅教授風趣的解說，才瞭解到道家思想的積極面與超脫性，對我們人生有很大的啟發，尤其在面對壓力大、變化多的現代，可以讓我們很受啟發。"}, {"BOOKNAME": "老子他說（上）平裝版", "ISBN": "9789578984752", "USER": "wd***790", "CONTENT": "南懷瑾先生透過故事、以及他對人生的感悟，賦予《老子》不一樣的詮釋，並以深入淺出的方式講解原文，適合對於《老子》有興趣卻又不知如何入手的人；讀完這本書讓我開始慢慢思考《老子》中所蘊含的人生意義，使本值得推薦的好書！"}]