[{"BOOKNAME": "怪奇事物所：你知道嗎？其實我們都很怪！（隨書附贈怪奇筆記本）", "ISBN": "9789571375762", "USER": "k3***200", "CONTENT": "可愛又有趣的插畫，加上有趣生動的文字，整本書設計的很有質感，再加上可以科普一些平常不知道的奇怪小常識，很推薦給一些小孩看。"}, {"BOOKNAME": "怪奇事物所：你知道嗎？其實我們都很怪！（隨書附贈怪奇筆記本）", "ISBN": "9789571375762", "USER": "k3***200", "CONTENT": "可愛又有趣的插畫，加上有趣生動的文字，整本書設計的很有質感，再加上可以科普一些平常不知道的奇怪小常識，很推薦給一些小孩看。"}, {"BOOKNAME": "怪奇事物所：你知道嗎？其實我們都很怪！（隨書附贈怪奇筆記本）", "ISBN": "9789571375762", "USER": "k3***200", "CONTENT": "可愛又有趣的插畫，加上有趣生動的文字，整本書設計的很有質感，再加上可以科普一些平常不知道的奇怪小常識，很推薦給一些小孩看。"}, {"BOOKNAME": "世界觀：現代年輕人必懂的科學哲學和科學史", "ISBN": "9789869100557", "USER": "ti*********616", "CONTENT": "科學除了計算還有許多觀念需要下功夫，很高興這本書可以讓曾經物理、化學課堂上酣然入睡的我熱在其中閱讀，作者娓娓述說發展的軌跡，和以往上課的知識結合又更加了解以往無法理解的部分。給科學一個機會吧!"}, {"BOOKNAME": "世界觀：現代年輕人必懂的科學哲學和科學史", "ISBN": "9789869100557", "USER": "ti*********616", "CONTENT": "科學除了計算還有許多觀念需要下功夫，很高興這本書可以讓曾經物理、化學課堂上酣然入睡的我熱在其中閱讀，作者娓娓述說發展的軌跡，和以往上課的知識結合又更加了解以往無法理解的部分。給科學一個機會吧!"}, {"BOOKNAME": "漫畫科普冷知識王：世界其實很有事，生活才會那麼有意思！", "ISBN": "9789865025922", "USER": "do**311", "CONTENT": "真的有很多好玩有趣的知識，不知道是不會怎樣，但知道又對世界瞭解一點，雖然有的冷知識已經知道，但是裡面插圖解說會讓人一直往下看，推薦休閒時間看，因為會不小心一直看完它"}, {"BOOKNAME": "課綱裡的科技輕鬆搞懂：15位資訊專業的父母親，以案例和說故事為國高中重新解構及釐清108科技領域", "ISBN": "9789570532333", "USER": "pu***804", "CONTENT": "之前看過太多108課綱的新聞了，但是一直都沒有針對科技領域課綱好好說明的書。看到這本書的當下，本來想說是不是又是很多艱澀難懂的內容，但翻了幾章後發現，原來運算思維和科技跟我們的日常生活這麼接近。 能用這麼簡單的方式說明這麼複雜的內容真的是不容易啊"}, {"BOOKNAME": "課綱裡的科技輕鬆搞懂：15位資訊專業的父母親，以案例和說故事為國高中重新解構及釐清108科技領域", "ISBN": "9789570532333", "USER": "pu***804", "CONTENT": "之前看過太多108課綱的新聞了，但是一直都沒有針對科技領域課綱好好說明的書。看到這本書的當下，本來想說是不是又是很多艱澀難懂的內容，但翻了幾章後發現，原來運算思維和科技跟我們的日常生活這麼接近。 能用這麼簡單的方式說明這麼複雜的內容真的是不容易啊"}, {"BOOKNAME": "最後一個知識人：末日之後，擁有重建文明社會的器物、技術與知識原理", "ISBN": "9789862355121", "USER": "an***260", "CONTENT": "當有人問起念書可以做甚麼時，推薦他看這本書。本書以末日生存的情境來重新解構日常生活所需的科學，為什麼哈柏法製氨這麼重要？硫酸為什麼是工業之母？為什麼生存遊戲中可用肥料做炸彈？沒有繁複的數學計算或公式，帶你體會物理、化學、甚至是天文、地球科學為什麼在人類的歷史中得以發展。"}, {"BOOKNAME": "如果這樣，會怎樣？胡思亂想的搞怪趣問正經認真的科學妙答", "ISBN": "9789863206675", "USER": "d4*628*", "CONTENT": "問題稀奇古怪，作者還是認真回答xd還能學到一些相關知識 搭配可愛?的插圖，讓人更容易理解~覺得非常有意思的一本書"}, {"BOOKNAME": "如果這樣，會怎樣？胡思亂想的搞怪趣問正經認真的科學妙答", "ISBN": "9789863206675", "USER": "d4*628*", "CONTENT": "問題稀奇古怪，作者還是認真回答xd還能學到一些相關知識 搭配可愛?的插圖，讓人更容易理解~覺得非常有意思的一本書"}, {"BOOKNAME": "科學遊戲大發現", "ISBN": "9789863310860", "USER": "is*****s00", "CONTENT": "科學難嗎? 看完本書，就會發現知難行易和知易行難是多麼難以取捨的兩種極端的觀點。其實只要照書中的步驟，起初不是很明瞭的科學理論，通過介紹後，變得容易懂；也可以直接照著動手做，從「做中學」艱深理論，充分體會知易行難的真義。把這些遊戲做得更完美，反而是一個不太容易的事。"}, {"BOOKNAME": "悖論：破解科學史上最複雜的9大謎團", "ISBN": "9789862298749", "USER": "he*esy*", "CONTENT": "探討一些科學上的悖論的科普書籍。 作者是以盡量科普的形式、來解是一些已經、或是有辦法解釋的悖論，例如穿越時空的雙生子悖論、以及祖父悖論等等。透過和作者一起探究這些悖論的過程，可以對於現在物理的一些著名理論、有更進一步的了解。"}, {"BOOKNAME": "悖論：破解科學史上最複雜的9大謎團", "ISBN": "9789862298749", "USER": "he*esy*", "CONTENT": "探討一些科學上的悖論的科普書籍。 作者是以盡量科普的形式、來解是一些已經、或是有辦法解釋的悖論，例如穿越時空的雙生子悖論、以及祖父悖論等等。透過和作者一起探究這些悖論的過程，可以對於現在物理的一些著名理論、有更進一步的了解。"}, {"BOOKNAME": "悖論：破解科學史上最複雜的9大謎團", "ISBN": "9789862298749", "USER": "he*esy*", "CONTENT": "探討一些科學上的悖論的科普書籍。 作者是以盡量科普的形式、來解是一些已經、或是有辦法解釋的悖論，例如穿越時空的雙生子悖論、以及祖父悖論等等。透過和作者一起探究這些悖論的過程，可以對於現在物理的一些著名理論、有更進一步的了解。"}, {"BOOKNAME": "一次看懂自然科學", "ISBN": "9789571352909", "USER": "an****liu", "CONTENT": "這本書很有意思，每個主題都很有趣，內容更是豐富有內涵，博學多聞的劉校長在談話中，讓生活與知識有了自然的連結，用平易近人的筆觸，生動的把自然科學的訊息傳達給讀者，讓我獲益良多。"}, {"BOOKNAME": "用心動腦話科學", "ISBN": "9789573241034", "USER": "bb*735*", "CONTENT": "因為課本上節錄上面的一則故事，讓我來買這本書，它讓原本對科學不感興趣的我，就像在看小說一樣，一頁一頁的翻下去，是一本不會讓人感覺枯燥的書。"}, {"BOOKNAME": "為什麼狗是寵物？豬是食物？：人類與動物之間的道德難題(2016全新譯本)", "ISBN": "9789869341967", "USER": "ti*********616", "CONTENT": "許多理所當然的現象在作者的導引下，不再是那麼的順理成章。我們的喜好竟是如此難以預測，曾經的點頭稱是，如今讓我難以再秉持。很多曾經漠視的事實，如今讓我覺得是該去面對了，當你在享用在你面前的成果時，會不會是犧牲了哪些動物的生命呢?"}, {"BOOKNAME": "空想科學讀本：這部動漫超科學", "ISBN": "9789573278115", "USER": "ha**100", "CONTENT": "還算滿有趣的一本書，雖然有人會覺得看動畫漫畫幹嘛看得這麼認真，看得開心不就好了？不過有時探究一下這些誇張情節的道理，倒也不是種樂趣？"}, {"BOOKNAME": "空想科學讀本：科學也無法解答的超難題", "ISBN": "9789573276210", "USER": "pi****215", "CONTENT": "這本書將許多知名動畫中出現的不合理現象與科學方式加以詮釋， 雖然明知道在現實生活中是不太可能發生的， 但作者還是一個種有趣的方式將他們分析。 真的是一本相當有趣的書籍， 但其中有一些動漫在現代較不常見，若想要更加了解可能要自己去查詢。 否則可能無法瞭解其中有趣的地方。"}, {"BOOKNAME": "國家地理：生活科學大揭密", "ISBN": "9789865918705", "USER": "co*********498", "CONTENT": "這本書淺顯易懂，不限於青少年和兒童閱讀，連成人都可以時刻翻閱，國家地理的書藉永遠不會出錯，是送禮自閱的好選擇，它覺得真的很有趣，沒事看看這些書，增進一下自己的科學腦，很好。"}, {"BOOKNAME": "森林祕境：生物學家的自然觀察年誌", "ISBN": "9789862725801", "USER": "l**ke**", "CONTENT": "讀這本書,就像走入作者的「曼荼羅地」,在那小小的方寸之地,隨著四季的推移,卻有著令人驚豔的生態豐富變化.很多平凡無奇的生物,在作者豐富的生物知識下,有著不同的獨特面貌.看此書,尤其感覺知識與熱情可以讓平凡變得多彩"}, {"BOOKNAME": "森林祕境：生物學家的自然觀察年誌", "ISBN": "9789862725801", "USER": "l**ke**", "CONTENT": "讀這本書,就像走入作者的「曼荼羅地」,在那小小的方寸之地,隨著四季的推移,卻有著令人驚豔的生態豐富變化.很多平凡無奇的生物,在作者豐富的生物知識下,有著不同的獨特面貌.看此書,尤其感覺知識與熱情可以讓平凡變得多彩"}, {"BOOKNAME": "森林祕境：生物學家的自然觀察年誌", "ISBN": "9789862725801", "USER": "l**ke**", "CONTENT": "讀這本書,就像走入作者的「曼荼羅地」,在那小小的方寸之地,隨著四季的推移,卻有著令人驚豔的生態豐富變化.很多平凡無奇的生物,在作者豐富的生物知識下,有著不同的獨特面貌.看此書,尤其感覺知識與熱情可以讓平凡變得多彩"}, {"BOOKNAME": "空想科學讀本７", "ISBN": "9789573273325", "USER": "he*esy*", "CONTENT": "這系列算是對同時生為動漫迷與科幻迷來說，相當有吸引力的作品！作者透過這些空想 acg 作品的內容、套上真正的科學理論，來解釋這些誇張的幻想的可能性、或是可行性，整個描述地相當有趣～"}, {"BOOKNAME": "空想科學讀本７", "ISBN": "9789573273325", "USER": "he*esy*", "CONTENT": "這系列算是對同時生為動漫迷與科幻迷來說，相當有吸引力的作品！作者透過這些空想 acg 作品的內容、套上真正的科學理論，來解釋這些誇張的幻想的可能性、或是可行性，整個描述地相當有趣～"}, {"BOOKNAME": "空想科學讀本6.5", "ISBN": "9789573272106", "USER": "li****lun", "CONTENT": "真是認真看待動漫的狂熱份子啊！囊括日本動漫精典角色的點點滴滴，若非這麼仔細檢視，許多超人或怪獸有什麼神力根本記不住，柳田非但鉅細糜遺地整理下來還每個都站在科學角度上發狠的毫不留情地挖苦了一番！柳田拜託給這些衷心保衛地球的英雄們留些顏面喔，但別放棄要繼續找碴哦！否則就沒樂子笑了。"}, {"BOOKNAME": "冷浪漫：你的感性其實很理性", "ISBN": "9789865865009", "USER": "ti*********616", "CONTENT": "所謂的浪漫，原來用科學的角度解釋後就只剩下濃濃的背後動機了，可以用這麼有趣的方法來解說科學，是一本讓你沒有科學背景也能夠一氣呵成閱讀完畢的書籍!"}, {"BOOKNAME": "@小屁孩問的偉大問題:從宇宙、愛情到小便為什麼黃黃的?百位大師", "ISBN": "9789866037634", "USER": "l**ke**", "CONTENT": "很多平凡的問題,答案背後常常要有豐富的背景知識才能讓聽能聽懂.這本書許多問題的解答,確實也多能讓人會心一笑,原來如此,而不止於只給答案,同時也常常給了你好奇心.不難想見這本書為何能在國外得到這許多獎"}, {"BOOKNAME": "為什麼狗是寵物？豬是食物？人類與動物之間的道德難題", "ISBN": "9789865967239", "USER": "s7**149", "CONTENT": "從不同的觀點和角度，以有趣的案例分析人類的思考模式，重新思考以往認為理所當然的事，或是以前不知道的事，令人大開眼界。"}, {"BOOKNAME": "為什麼狗是寵物？豬是食物？人類與動物之間的道德難題", "ISBN": "9789865967239", "USER": "s7**149", "CONTENT": "從不同的觀點和角度，以有趣的案例分析人類的思考模式，重新思考以往認為理所當然的事，或是以前不知道的事，令人大開眼界。"}, {"BOOKNAME": "幾點鐘去看牙比較不會痛?德國最熱門科學節目為你知識充電", "ISBN": "9789861341859", "USER": "si*********926", "CONTENT": "光是書名就很吸引人翻開它的欲望了。還記得小時候總是喜歡問問這個為什麼，問問為什麼會這樣嗎?生活中許許多多的事情督存在著為什麼，作者帶領著讀者們重拾小孩時的好奇心與對世界萬物的熱情"}, {"BOOKNAME": "空想科學讀本4", "ISBN": "9789573267508", "USER": "li****lun", "CONTENT": "搞笑又有趣的揭開知名動漫主角的瘡疤,近乎雞蛋裡挑骨頭的檢視那些超人英雄,譯者本身也將日文翻譯得妙筆生花,讀來令人噴飯;但對崇拜那些被作者給點名的故事主角的人而言,可要輕鬆以對哦!否則會有摔書的衝動."}, {"BOOKNAME": "空想科學讀本4", "ISBN": "9789573267508", "USER": "li****lun", "CONTENT": "搞笑又有趣的揭開知名動漫主角的瘡疤,近乎雞蛋裡挑骨頭的檢視那些超人英雄,譯者本身也將日文翻譯得妙筆生花,讀來令人噴飯;但對崇拜那些被作者給點名的故事主角的人而言,可要輕鬆以對哦!否則會有摔書的衝動."}, {"BOOKNAME": "空想科學讀本3", "ISBN": "9789573267089", "USER": "su*******777", "CONTENT": "本書大概分為人體的極限和天體運作兩大類，原來瘋狂送拉麵的少女漫畫選手比奧運選手還強，還有超人強把地球自轉暫停的話會造成全球物體以時速１７００公里急煞車速度飛出去，高山和大廈同時折斷的超天災，真讓嘆為觀止啊！推薦本書"}, {"BOOKNAME": "空想科學生活讀本", "ISBN": "9789573266129", "USER": "he*esy*", "CONTENT": "在閱讀的時候，不用像在讀《空想科學讀本》、會需要一些 acg 的相關預備知識，也可以很快、更直接地融入「柳田理科雄」的空想科學世界的書籍了！ 由於針對個別主題，他都有去找相關領域上實際存在的先進技術來做討論，所以就算僅以生活科普來說，這本書也算是一個不錯的教材吧～"}, {"BOOKNAME": "空想科學生活讀本", "ISBN": "9789573266129", "USER": "he*esy*", "CONTENT": "在閱讀的時候，不用像在讀《空想科學讀本》、會需要一些 acg 的相關預備知識，也可以很快、更直接地融入「柳田理科雄」的空想科學世界的書籍了！ 由於針對個別主題，他都有去找相關領域上實際存在的先進技術來做討論，所以就算僅以生活科普來說，這本書也算是一個不錯的教材吧～"}, {"BOOKNAME": "冥王星吃起來是什麼味道？", "ISBN": "9789573257806", "USER": "li****lun", "CONTENT": "看到書名以為西洋人一樣好吃，但此乃中文書名而已，不過確實是擷取其內文標題而來，必竟餓著肚子成不了事啊，採詼諧的短文從居住的地球遠望到邊際的似星體，網羅了諸多行星學到星團，篇幅簡短又扎實忙碌之餘閱讀單篇時間上能靈活選擇，偷閒之餘可以來點知性順便讓思緒跟著作者漫遊太虛。"}]