[{"BOOKNAME": "現象學十四講", "ISBN": "9789867574077", "USER": "s1*****103", "CONTENT": "作者將現象學這本近代哲學才發展出來，較不為人們所熟悉的這門學問，做了深入淺出的介紹，將現象學的各種專有語詞、觀念與描述外在世界的方式，試圖糾正笛卡兒與洛克的傳統，還給現象原本之面貌。"}, {"BOOKNAME": "現象學十四講", "ISBN": "9789867574077", "USER": "s1*****103", "CONTENT": "作者將現象學這本近代哲學才發展出來，較不為人們所熟悉的這門學問，做了深入淺出的介紹，將現象學的各種專有語詞、觀念與描述外在世界的方式，試圖糾正笛卡兒與洛克的傳統，還給現象原本之面貌。"}, {"BOOKNAME": "創作者的異次元宇宙學：文字工作者、活動企劃、神祕學研究者、導演演員必備武器！", "ISBN": "9789579501248", "USER": "sh*****666", "CONTENT": "非常非常有趣，涵蓋的內容範圍之廣泛讓人驚異，且內容簡單明瞭，又配有圖繪，不會讓人覺得看著一大堆文字頭昏腦脹，反而會覺得意猶未盡。"}, {"BOOKNAME": "哲學超圖解：世界72哲人x古今210個哲思，看圖就懂，面對人生不迷惘！[二版]", "ISBN": "9789863843207", "USER": "ge******************.tw", "CONTENT": "哲學的概念因為其抽象性並不容易理解，不過如果理解過後，看待世界別有視野！我真的很佩服日本人的圖解敘事能力，把困難容易化是一項才能，這本書適合高中生、大學生閱讀，而且是高效率學習模式，帶入哲學思想領域。"}, {"BOOKNAME": "哲學課的逆襲：60堂探索人生意義、道德、世界與知識的思維課", "ISBN": "9789864771547", "USER": "am******889", "CONTENT": "每章節皆為前章節的結論再更深入探討。「道德觀念是否有一套普世標準?究竟是相對概念還是絕對?」、「人生的意義能以人的角度去理解嗎?又能得出麼結論呢?」跟著作者的步調對哲學議題從古至今的發展一步步抽絲剝繭，當然你只能在文末得出「最大的可能性」，不過這樣的旅程，非常值得你走一遭。"}, {"BOOKNAME": "哲學是什麼？", "ISBN": "9789866285394", "USER": "ch**044", "CONTENT": "當今人們所面臨生活與哲學的問題較以往來得複雜，時間在走環境在變人們的生活也在變其觀念及價值觀等都在改變，人們對過往歷史的評價也產生了昨是今非或昨非今是的評斷。生活所依靠就是思想，思想是個人以某一種形式與周遭世界所發生的關連性，生活就不斷的做出對的決策和錯的決策過程。"}, {"BOOKNAME": "洗腦的歷史：禍害世界三千年的極端思想控制術解析", "ISBN": "9789865958251", "USER": "2h*rse*", "CONTENT": "一路跟隨作者的博客文章識得西方宗教的真實本質、以及不得其門而入的中共國史，才驚覺，原來在台灣小島上的我們，也被政府一直屏蔽、洗腦著啊！恨《洗腦的歷史》太晚問世！"}, {"BOOKNAME": "dtv哲學百科", "ISBN": "9789861249612", "USER": "s1*****103", "CONTENT": "這本哲學百科最特別的地方在於裡面的圖表使得讀者得以不用藉著枯燥的文字來了解哲學理論，而是藉著圖表的分析處理而能更易於了解，而且本書對於現代哲學的部分也有詳加描述，如果你不喜歡被埋在文字海之中，本書提供你藉由文字以外的方式去了解哲學。"}, {"BOOKNAME": "哲學家的工具箱：一本教你如何有效思考的技術手冊", "ISBN": "9789861732886", "USER": "s1*****103", "CONTENT": "一本對學邏輯而言，能夠輔助你學習的工具書，而且可以使你釐清自己的信念，如果對英美哲學有興趣的人，這本將是不錯的入門書，告訴你英美哲學到底在玩些什麼。"}, {"BOOKNAME": "難解的簡單：39杯哲學Espresso", "ISBN": "9789861370798", "USER": "ro***810", "CONTENT": "看到此一大反襯的書名，前後稍微翻看，馬上有莊惠濠梁上的感覺。仔細閱讀，不但邊看邊莞爾，其每則的設計構思常會令人意猶未盡，內心也會跟著不斷有些思辯與衝擊。強烈推薦給喜歡思辯或剛開始學習思辯邏輯的入門者觀看。"}, {"BOOKNAME": "你以為你以為的就是你以為的嗎？12道檢測思考清晰度的哲學闖關遊", "ISBN": "9789861732374", "USER": "s1*****103", "CONTENT": "一本讓人認為哲學是非常深奧難懂的刻板印象，徹底的翻轉過來，作者藉由一個個單元的小測驗，深入淺出的讓讀者去享受哲學的樂趣，讓哲學不再只是玄之又玄，而是可以在茶餘飯後可以拿出來跟人們討論的話題。"}, {"BOOKNAME": "你以為你以為的就是你以為的嗎？12道檢測思考清晰度的哲學闖關遊", "ISBN": "9789861732374", "USER": "s1*****103", "CONTENT": "一本讓人認為哲學是非常深奧難懂的刻板印象，徹底的翻轉過來，作者藉由一個個單元的小測驗，深入淺出的讓讀者去享受哲學的樂趣，讓哲學不再只是玄之又玄，而是可以在茶餘飯後可以拿出來跟人們討論的話題。"}, {"BOOKNAME": "自願被吃的豬：100個讓人想破頭的哲學問題", "ISBN": "9789861731650", "USER": "s1*****103", "CONTENT": "此書透過100個思想實驗，讓即使新入手哲學的人也能藉由跟別人討論，了解有關哲學重要領域，如:倫理學、知識論、形上學等等相關知識，讓哲學不再只是束之高閣的學問，而是可以一起跟別人找答案的。"}]