[{"BOOKNAME": "107年苗栗縣文學集－文學家作品集  邊陲文化筆記－台灣文壇遊走四十年的驚奇", "ISBN": "9789860572551", "USER": "ha*****004", "CONTENT": "從各篇文章中，可以約略看出台灣為文學界、出版業界在台灣歷史進程中的交互，感受到作者對文學超乎尋常的熱愛，也可以窺見台灣本土文學在文學路上的坎坷，與台灣這塊土地的命運有某種程度的相似，文學是來自於土地的養分所開出的花朵，文學才是一個國家的靈魂。"}, {"BOOKNAME": "大天后宮", "ISBN": "9789860560213", "USER": "ch*****807", "CONTENT": "讀完這本宮誌，覺得廟宇除了是信仰中心，也是古代的知識儲藏、傳播站。儲存傳播知識的方式，不是用文字，而是更多元的建築符號，給不識字的庶民，傳達價值觀或寄托夢想。 這本宮誌，製作精美，印刷色彩漂亮，讀起來很享受，第137業開始講祀神，就像在講神話故事，只是，是精簡版，但是，也很有趣。是可以當作在睡前讀給小朋友聽的故事書。"}, {"BOOKNAME": "國臺交七十週年快閃組曲 （樂譜）", "ISBN": "9432105004552", "USER": "sv*******206", "CONTENT": "因為好奇總譜的樣子所以買來看了，讀完真的覺得很佩服指揮家，一個人好像有20隻眼睛，沒幾個小節就是一頁了，也推薦大家可以到網路上找快閃相關影片來看，聽到望春風的結尾真的覺得好感動哦，以台灣樂團為榮!"}, {"BOOKNAME": "阿寶跑水趣：八堡圳傳奇（精裝）", "ISBN": "9789860413441", "USER": "mo*******mot", "CONTENT": "跑水，跑給水追，或稱跑引水，是祭水禮的傳承活動。 本書藉著阿寶夢回清代施世榜開鑿八堡圳時，所看到與參與的經過，說明了圳的來龍去脈。"}, {"BOOKNAME": "二二八事件與青年學生特展專刊", "ISBN": "9789860354126", "USER": "s1*****103", "CONTENT": "二二八事件所牽扯的範圍甚廣，其中青年學子在其中更扮演了重大的角色，本書以青年學生為中心，整理出二二八事件對台灣青年學生所帶來的災禍，以及二二八事件裡的學生地位。"}, {"BOOKNAME": "錦裝玉琢－林家花園建築裝飾繪典（精裝）", "ISBN": "9789860235364", "USER": "ti*********616", "CONTENT": "林園中琳瑯滿目的裝飾，其中的寄託和含意值得人去深思，當我翻閱此書，非常開心，透過書中分門別類地介紹，許多裝飾不再只是擺飾，寓意已經因為介紹而不同了，帶著感嘆的心情欣賞，沉醉在林園時光。"}]