[{"BOOKNAME": "我是大貓熊：Im Panda （精裝本）", "ISBN": "9789865983765", "USER": "do******343", "CONTENT": "外表可愛的貓熊，在台灣除了動物園外沒有別的地方能看到它，如果沒看這本，根本不知道在以前曾經因為人類的好奇，獵殺了好多貓熊，差點滅絕。看著它們可愛的一面之外，也需要瞭解貓熊的相關知識，也更能珍惜這不可思議的動物，"}, {"BOOKNAME": "超萌圓仔成長全紀錄", "ISBN": "9789573330479", "USER": "cj**121", "CONTENT": "這是一本以日記手法寫成的圓仔特輯，書中除了有大量圓仔的可愛照片外，還穿插不少保育員的近身觀察及想法。此外，也提及大貓熊之生育、動物保育、動物認養（此書一定比例版稅將捐贈）…等相關資訊，是一本寓教於樂的優良讀物，隨書的圓仔qq貼紙更是讓人驚喜，絕對值得喜愛圓仔的你購買、閱讀和珍藏！"}, {"BOOKNAME": "超萌圓仔成長全紀錄", "ISBN": "9789573330479", "USER": "cj**121", "CONTENT": "這是一本以日記手法寫成的圓仔特輯，書中除了有大量圓仔的可愛照片外，還穿插不少保育員的近身觀察及想法。此外，也提及大貓熊之生育、動物保育、動物認養（此書一定比例版稅將捐贈）…等相關資訊，是一本寓教於樂的優良讀物，隨書的圓仔qq貼紙更是讓人驚喜，絕對值得喜愛圓仔的你購買、閱讀和珍藏！"}, {"BOOKNAME": "超萌圓仔成長全紀錄", "ISBN": "9789573330479", "USER": "cj**121", "CONTENT": "這是一本以日記手法寫成的圓仔特輯，書中除了有大量圓仔的可愛照片外，還穿插不少保育員的近身觀察及想法。此外，也提及大貓熊之生育、動物保育、動物認養（此書一定比例版稅將捐贈）…等相關資訊，是一本寓教於樂的優良讀物，隨書的圓仔qq貼紙更是讓人驚喜，絕對值得喜愛圓仔的你購買、閱讀和珍藏！"}, {"BOOKNAME": "超萌圓仔成長全紀錄", "ISBN": "9789573330479", "USER": "cj**121", "CONTENT": "這是一本以日記手法寫成的圓仔特輯，書中除了有大量圓仔的可愛照片外，還穿插不少保育員的近身觀察及想法。此外，也提及大貓熊之生育、動物保育、動物認養（此書一定比例版稅將捐贈）…等相關資訊，是一本寓教於樂的優良讀物，隨書的圓仔qq貼紙更是讓人驚喜，絕對值得喜愛圓仔的你購買、閱讀和珍藏！"}, {"BOOKNAME": "超萌圓仔成長全紀錄", "ISBN": "9789573330479", "USER": "cj**121", "CONTENT": "這是一本以日記手法寫成的圓仔特輯，書中除了有大量圓仔的可愛照片外，還穿插不少保育員的近身觀察及想法。此外，也提及大貓熊之生育、動物保育、動物認養（此書一定比例版稅將捐贈）…等相關資訊，是一本寓教於樂的優良讀物，隨書的圓仔qq貼紙更是讓人驚喜，絕對值得喜愛圓仔的你購買、閱讀和珍藏！"}, {"BOOKNAME": "超萌圓仔成長全紀錄", "ISBN": "9789573330479", "USER": "cj**121", "CONTENT": "這是一本以日記手法寫成的圓仔特輯，書中除了有大量圓仔的可愛照片外，還穿插不少保育員的近身觀察及想法。此外，也提及大貓熊之生育、動物保育、動物認養（此書一定比例版稅將捐贈）…等相關資訊，是一本寓教於樂的優良讀物，隨書的圓仔qq貼紙更是讓人驚喜，絕對值得喜愛圓仔的你購買、閱讀和珍藏！"}, {"BOOKNAME": "超萌圓仔成長全紀錄", "ISBN": "9789573330479", "USER": "cj**121", "CONTENT": "這是一本以日記手法寫成的圓仔特輯，書中除了有大量圓仔的可愛照片外，還穿插不少保育員的近身觀察及想法。此外，也提及大貓熊之生育、動物保育、動物認養（此書一定比例版稅將捐贈）…等相關資訊，是一本寓教於樂的優良讀物，隨書的圓仔qq貼紙更是讓人驚喜，絕對值得喜愛圓仔的你購買、閱讀和珍藏！"}, {"BOOKNAME": "健康養兔子【修訂版】", "ISBN": "9789861776194", "USER": "dk*35t*", "CONTENT": "隨著時代的轉變,現代的人對於寵物的健康越來越重視 兔子也從經濟動物要升成為當代新寵兒 飼育方式和醫療保健的觀念也日漸提升 本書內容包羅萬象,兔子的食衣住行通通都又收錄 是一本值得推薦的好書!"}, {"BOOKNAME": "可愛的兔子飼育法", "ISBN": "9789576867163", "USER": "l**ke**", "CONTENT": "小朋友開始養兔子前, 先買本工具書來看, 這本有從兔子進到家門前的準備動作, 到進到家後的注意事項, 從時間線的流程, 一步一步帶領新手進入養兔兔的世界, 還不錯的工具書~"}, {"BOOKNAME": "可愛的兔子飼育法", "ISBN": "9789576867163", "USER": "l**ke**", "CONTENT": "小朋友開始養兔子前, 先買本工具書來看, 這本有從兔子進到家門前的準備動作, 到進到家後的注意事項, 從時間線的流程, 一步一步帶領新手進入養兔兔的世界, 還不錯的工具書~"}, {"BOOKNAME": "兔子品種大圖鑑", "ISBN": "9789861776170", "USER": "dk*35t*", "CONTENT": "對於有收集癖好的品種迷來說,這本書絕對是口袋名單!! 幾乎全世界的兔子品種都收納在裡面了 每個品種都有針對品系再作介紹,還有附註一些四育的觀念和兔子的生理部分 如果能出精裝本就更好啦!~"}, {"BOOKNAME": "第一次養寵物就成功：養倉鼠一定要會的50個快樂飼養法", "ISBN": "9789866056451", "USER": "l**ke**", "CONTENT": "養倉鼠不錯的工具書,小朋友養倉鼠後,對倉鼠的飼養與生活習慣非常有興趣,這本書讓他更知道如何去照顧這幼小的生命~挺不錯的~"}, {"BOOKNAME": "團團圓圓的成長故事", "ISBN": "9789861772509", "USER": "a**ra**", "CONTENT": "為了圓仔，而去買了這本書，看了之後，卻發現，團團圓圓小時候，也跟圓仔一樣的可愛，而且他們比圓仔還幸運，有一大堆朋友可以一起玩，看到團團圓圓從小就相親相愛，而且可愛的黏在一起的萌樣，真希望圓仔也有朋友來陪伴她，不過我想圓仔可能會跟圓圓一樣兇吧!!呵呵"}, {"BOOKNAME": "團團圓圓我的寶貝貓熊", "ISBN": "9789571349770", "USER": "cj**121", "CONTENT": "這本書幾乎是一本大貓熊概述，除了描述團團圓圓的家世背景之外，也提及不少大貓熊的生活習性。讀完此書，不禁讓人感謝兩岸所有促成團團圓圓定居木柵動物園的專家學者及有力人士們，當然也要謝謝團團圓圓在歷經大地震後仍能平安健康，現在還生了小圓仔！想了解團團圓圓，買這本書就對了！"}]