[{"BOOKNAME": "日本戰國這樣讀：認識六位名將，說一嘴好戰國！", "ISBN": "9789865080136", "USER": "16********723", "CONTENT": "好久沒好好看完一本書，市面上寫戰國的書也看了不少，不過這本內容描述相當有趣，從很多觀點切入，想不被打斷地一次看完看過癮。推薦！"}, {"BOOKNAME": "重新解讀日本歷史", "ISBN": "9789570841626", "USER": "s1*****103", "CONTENT": "本書翻轉許多我們習以為常的日本歷史常識，並且也給了不懂日本歷史脈絡的讀者藉由這本書去了解日本歷史，而本書最特別的是討論日本民族的建立與天皇的關係，甚至檢討日本名字的由來以及未來。"}, {"BOOKNAME": "日本戰國．織豐時代史", "ISBN": "9789578630499", "USER": "50********177", "CONTENT": "書籍內容從日本戰國之始的明應之變到大阪之陣， 內容除了織田等主要大名之外，還包含各地的歷史流變，從中可以發現胡站長的功力相當精深，  我們何其有幸，能在這個時代讀到少有非翻譯出品的日本戰國專書。 這套書絕對能當作日本戰國史的工具書。 很感謝胡站長多年來致力於日本戰國史推廣與研究。"}, {"BOOKNAME": "琉球的時代：偉大歷史的圖像", "ISBN": "9789570851021", "USER": "ch****150", "CONTENT": "高良倉吉是研究琉球・沖縄的大家，本書成書較早，有些地方仍限於時空（比如沖縄的民間調查），但對古琉球王國的解析仍是繁中市場最詳盡一本。"}, {"BOOKNAME": "大正文化：帝國日本的烏托邦時代", "ISBN": "9789866789861", "USER": "s1*****103", "CONTENT": "本書從各種面向去談大正時期的日本文化的轉變，是一本了解日本近代化進程的好書，對日本有興趣的讀者也可以藉由此書瞭解日本現代文化的由來。"}, {"BOOKNAME": "繪葉書中的大日本帝國：從390張珍藏明信片解碼島國的崛起與瓦解，窺探日本近代外交、文化、戰爭與殖", "ISBN": "9789863447276", "USER": "ev******429", "CONTENT": "「繪葉書」就是圖畫明信片，本書藉由「繪葉書」來描述日本自1895年甲午戰爭直到二戰失敗的歷史，以一張張的圖畫明信片來重讀日本現代史，饒富趣味。"}, {"BOOKNAME": "應仁之亂：催生日本戰國時代的大亂", "ISBN": "9789578630802", "USER": "ge******************.tw", "CONTENT": "本書針對應仁之亂（普遍被認為是日本戰國時代開端的戰亂，類似三國志的黃巾之亂）有更深層的剖析，這場戰亂日本人都聽過卻不熟悉過程，吳座勇一以《經覺私要鈔》與《大乘寺院社雜事記》兩份當時僧人寫的史料為中心，輔佐其它資料，還原應仁內亂11年戰爭期間人民到武士階層的生活情況。"}, {"BOOKNAME": "幕末長州：明治維新胎動之地，從毛利、維新志士到近代日本首相輩出的山口縣歷史探索", "ISBN": "9789865080020", "USER": "ch****150", "CONTENT": "作者並非直接挑戰所謂薩長史觀，而是用更客觀的角度去審視幕末這段歷史。對於明治維新長州藩自有其功過，其出發點也未必如後世所一般認知，整體而言，此書對於想要進一步認知幕末長州歷史者，值得一讀。"}, {"BOOKNAME": "日本政治史：以外交與權力的雙重視角，解讀從幕府到冷戰的關鍵時刻", "ISBN": "9789863446019", "USER": "s1*****103", "CONTENT": "本書透過梳理外交與派閥政治，梳理了日本近代史的脈絡，而本書淺顯易懂與引用資料的多樣化也有助讀者在閱讀完本書之後，可以進一步對自己有興趣的部分深入探討。"}, {"BOOKNAME": "古事記", "ISBN": "9789864775385", "USER": "sh*****666", "CONTENT": "最開始是因為日本動漫而對其的神話歷史開始起了興趣，然後發現古事記這本書後決定買回來好好了解一下，許多耳熟能詳的神祇的故事一一躍入眼裡，讓人在滿足好奇心後也更加了解到古事記對於日本文化的影響之深遠。"}, {"BOOKNAME": "古事記", "ISBN": "9789864775385", "USER": "sh*****666", "CONTENT": "最開始是因為日本動漫而對其的神話歷史開始起了興趣，然後發現古事記這本書後決定買回來好好了解一下，許多耳熟能詳的神祇的故事一一躍入眼裡，讓人在滿足好奇心後也更加了解到古事記對於日本文化的影響之深遠。"}, {"BOOKNAME": "全員玉碎！", "ISBN": "9789869532211", "USER": "96********868", "CONTENT": "水木茂這一本紀實戰爭歷史漫畫，開頭用慰安婦流唱的一首歌當這個隊伍的起頭故事，到了故事的最後也是唱了這首歌，道盡當時在世的不得不以及無奈，上頭雖然下達玉碎，但真的心甘情願玉碎的軍人到底有幾個？看完這部最後心情真的很難過。"}, {"BOOKNAME": "全員玉碎！", "ISBN": "9789869532211", "USER": "96********868", "CONTENT": "水木茂這一本紀實戰爭歷史漫畫，開頭用慰安婦流唱的一首歌當這個隊伍的起頭故事，到了故事的最後也是唱了這首歌，道盡當時在世的不得不以及無奈，上頭雖然下達玉碎，但真的心甘情願玉碎的軍人到底有幾個？看完這部最後心情真的很難過。"}, {"BOOKNAME": "課本沒教的天災日本史", "ISBN": "9789573279631", "USER": "ch****150", "CONTENT": "遠流出了好幾本磯田老師的作品，這是最新的一本，以歷史的角度來看地震、土石流、颱風等天災和預防，不同於科學角度，也有其有趣和獨到的一面。臺灣與日本同為常受這些天災侵害的國家，這書亦能作為我們的借鏡。"}, {"BOOKNAME": "圖解日本風俗【新裝珍藏版】", "ISBN": "9789861784083", "USER": "zx**344", "CONTENT": "被封面多彩的設計給吸引了，內容豐富雖然有些文字量，但圖片或示意圖也多，很好理解，讀起來也有趣，相信即使不是大人，小朋友讀起來一定也非常輕鬆。"}, {"BOOKNAME": "日本史的誕生：東亞視野下的日本建國史", "ISBN": "9789869356220", "USER": "bl******der", "CONTENT": "這本書不是在講日本歷史，而是在考證、拼湊、爬梳、勾稽、比對各個涉及日本開國之前的史料的說法。內容主要集結自作者發表在不同期刊上的文章修改而成，所以開頭幾章有點同樣的東西重複在講，雖然說側重的層面稍有不同，但還是看得有點累，還好後面切入比較不一樣的主題讀起來就比較有趣一點了。"}, {"BOOKNAME": "真田三代：幸綱、昌幸、信繁 橫跨戰國時代的武將家族傳奇", "ISBN": "9789869351232", "USER": "ch****150", "CONTENT": "作者平山優運用了很多史料（並附註）來寫真田三代的故事，主力還是在昌幸身上，信繁（幸村）因史料與本身事蹟較小則佔了約一成，相當值得一看。唯一可惜是出版社的版面大小與排版實在有點慘不忍睹…"}, {"BOOKNAME": "真田三代：幸綱、昌幸、信繁 橫跨戰國時代的武將家族傳奇", "ISBN": "9789869351232", "USER": "ch****150", "CONTENT": "作者平山優運用了很多史料（並附註）來寫真田三代的故事，主力還是在昌幸身上，信繁（幸村）因史料與本身事蹟較小則佔了約一成，相當值得一看。唯一可惜是出版社的版面大小與排版實在有點慘不忍睹…"}, {"BOOKNAME": "史實新發現，博覽日本史", "ISBN": "9789864770335", "USER": "h**en**", "CONTENT": "隨著時間的推移,很多短期我們以為的事實,會被修改甚至推翻.所以不停的挖掘新得史料,對比之前的結果.往往能產生不少趣味,這也是歷史愛好者的雅趣之一,就再看一次那些熟悉的事件吧!"}, {"BOOKNAME": "鐮倉幕府：武家政治的開端", "ISBN": "9789869262880", "USER": "qu****o01", "CONTENT": "作者的參考文獻多為中文譯本，而且是包含了平家物語等小說內容。源平爭亂佔了半本書的程度，寫到義經死全書就已經花掉了一半頁數，真正屬於北條鐮倉幕府的內容僅有一百頁，說得並不詳細，可謂有些書不對名，不適合真正想要深入研究北條鐮倉幕府時代的人，僅適合對基礎日本史有興趣的普通讀者。"}, {"BOOKNAME": "大奧日本", "ISBN": "9789863443322", "USER": "d4*628*", "CONTENT": "很好看!依照時間順序書寫，不會對眾多出場人物感到紊亂，不只描寫女官還有將軍與 幕府，簡潔有趣，學習到很多~"}, {"BOOKNAME": "2小時讀通！用得到的日本史", "ISBN": "9789861372174", "USER": "yu******221", "CONTENT": "標題有趣，加上表格一目瞭然，且內容清晰、易懂，每章節前的「一分鐘讀懂」能夠讓人快速了解這個時代的大鋼，第一次讀日本史也非常適合。"}, {"BOOKNAME": "跟著時代漫遊京都", "ISBN": "9789862590256", "USER": "ch****150", "CONTENT": "旅遊不只是單純看風景。本書很條理地用時代劃分來介紹京都一些古寺神社，簡單重點介紹了背後的歷史，讀起來不會讓人覺得艱澀，在前往京都能對這城市有更深一步的瞭解。森谷先生還著有許多有關京都的書，希望日後還能在台灣看到更多他的著作。"}, {"BOOKNAME": "啊！日本：平成年間的巨變與羈絆", "ISBN": "9789865933517", "USER": "s1*****103", "CONTENT": "平成年間的日本，究竟有甚麼不同的面貌呢？本書從大環境的東日本大震災&#x28;台稱三一一地震&#x29;談日本政治的變化與生活行為的變化，還有許多小面向的庶民生活的分析。"}, {"BOOKNAME": "昭和史第二部1945－1989（下）", "ISBN": "9789862940136", "USER": "s1*****103", "CONTENT": "在天皇制獲得肯定，與多國簽屬舊金山和約而重新回到主權獨立國家的日本，重新要面對的是國內經濟與日美安保條約的問題，這是一段走向戰後的歷史，走向成為經濟強國的日本。"}, {"BOOKNAME": "昭和史第一部 1926－1945（上）", "ISBN": "9789867819529", "USER": "s1*****103", "CONTENT": "從第一次世界大戰之後，日本是如何從繁榮走向衰退，並且軍國主義高漲?本書將告訴讀者日本當時的情勢，以及日本如何發動中日戰爭的背景。"}, {"BOOKNAME": "昭和史第一部 1926－1945（上）", "ISBN": "9789867819529", "USER": "s1*****103", "CONTENT": "從第一次世界大戰之後，日本是如何從繁榮走向衰退，並且軍國主義高漲?本書將告訴讀者日本當時的情勢，以及日本如何發動中日戰爭的背景。"}, {"BOOKNAME": "京都歷史事件簿", "ISBN": "9789573266549", "USER": "an****053", "CONTENT": "京都是國人喜歡去旅遊的一個地方，主要是因為古蹟多、寺廟多，有時候可能走馬看花走過拍拍照就結束了，但是如果希望更深入了解京都，可以看看這本書，也許當你到京都時，到這些景點時，會更有感覺，不虛京都此行。"}, {"BOOKNAME": "京都歷史事件簿", "ISBN": "9789573266549", "USER": "an****053", "CONTENT": "京都是國人喜歡去旅遊的一個地方，主要是因為古蹟多、寺廟多，有時候可能走馬看花走過拍拍照就結束了，但是如果希望更深入了解京都，可以看看這本書，也許當你到京都時，到這些景點時，會更有感覺，不虛京都此行。"}, {"BOOKNAME": "京都歷史事件簿", "ISBN": "9789573266549", "USER": "an****053", "CONTENT": "京都是國人喜歡去旅遊的一個地方，主要是因為古蹟多、寺廟多，有時候可能走馬看花走過拍拍照就結束了，但是如果希望更深入了解京都，可以看看這本書，也許當你到京都時，到這些景點時，會更有感覺，不虛京都此行。"}, {"BOOKNAME": "日本外交史話", "ISBN": "9789866789465", "USER": "s1*****103", "CONTENT": "本書介紹自日本明治維新跨入現代化國家後，日本如何與他國建立外交關係的歷史，本書由於是從日本人的角度出發，所以有些用詞與價值判斷不能苟同，但仍是一本值得閱讀的書。"}, {"BOOKNAME": "日本外交史話", "ISBN": "9789866789465", "USER": "s1*****103", "CONTENT": "本書介紹自日本明治維新跨入現代化國家後，日本如何與他國建立外交關係的歷史，本書由於是從日本人的角度出發，所以有些用詞與價值判斷不能苟同，但仍是一本值得閱讀的書。"}, {"BOOKNAME": "日本戰國風雲錄．天下大勢：嚴島合戰、桶狹間之戰、川中島之戰、姊川會戰", "ISBN": "9789573260400", "USER": "bu*******w99", "CONTENT": "作者以一位電玩&quot;信長的野望&quot;的過來人身分帶領讀者進入日本戰國時代，文筆平實也讓同為電玩迷的我能心領神會。以戰役為每段文章的主幹，配以詳盡事件起源的說明，人物的描寫，加上豐富的附圖讓讀者能翱遊於距今450餘年的日本戰國，當然也推薦給喜愛日本戰國歷史的大家!"}, {"BOOKNAME": "靖國問題", "ISBN": "9789869500685", "USER": "92********734", "CONTENT": "作者以深入淺出的筆法，探討靖國社對於日本本土及周遭亞洲國家的影響，指出靖國社不只是政治問題，藉由祭祀戰爭中戰亡的士兵，去迴避日本對於戰爭責任的面對與承擔。本書不僅探討這些思維形成的脈絡，更顯示出戰前戰後人民的心態。"}, {"BOOKNAME": "明智光秀與本能寺之變", "ISBN": "9789869500647", "USER": "26********632", "CONTENT": "作者用嚴謹的史學與最新日本當地一手的史料作為探索推論之根據,再用輕鬆的語句與詳細列証來闡述此一事件的前因後果. 再以跳脫過去日本儒學君臣正統史觀與皇國忠義史觀之巢臼的推論來引導讀者重新認識這個改變日本戰國史上最大與往後歷史走向的大事件. 衷心推薦本書給所有喜好日本戰國史的同好們."}, {"BOOKNAME": "明智光秀與本能寺之變", "ISBN": "9789869500647", "USER": "26********632", "CONTENT": "作者用嚴謹的史學與最新日本當地一手的史料作為探索推論之根據,再用輕鬆的語句與詳細列証來闡述此一事件的前因後果. 再以跳脫過去日本儒學君臣正統史觀與皇國忠義史觀之巢臼的推論來引導讀者重新認識這個改變日本戰國史上最大與往後歷史走向的大事件. 衷心推薦本書給所有喜好日本戰國史的同好們."}, {"BOOKNAME": "自衛隊史：日本防衛政策之七十年", "ISBN": "9789869384414", "USER": "ch****150", "CONTENT": "以臺灣而言，可說是絕無僅有、史上唯一（目前），對日本自衛隊的源由與發展講解的最清楚的一本書，不只過程，也對相關聯的政治史做了一番說明，相當詳盡與用心。"}, {"BOOKNAME": "小小城下町", "ISBN": "9789863443964", "USER": "ts**wen", "CONTENT": "日本全國各地有各式各樣的城堡,讓我對其所衍生出來的城下町產生濃厚的興趣,如能深入了解其歷史背景後,再去當地探訪風情,更能提升旅遊的樂趣"}, {"BOOKNAME": "揭開 本能寺之變400年謎團：顛覆勝者的史觀 重新解讀一夕改變日本歷史軌跡的軍事政變", "ISBN": "9789869328142", "USER": "h**en**", "CONTENT": "本能寺是戰國迷心中永遠的痛,400多年了,如果那夜沒發生!如果那夜時空平移到了某個時代,如果那夜憑空出現了誰?歷史會有什麼變化?這樣的話題吸引了近代多少戰國迷去編織故事,小說影片很狠多了,跟龍馬暗殺一樣,兇手是誰?我們都知道,而到底是誰?又為什麼殺了他?讓我們再重溫一次歷史"}, {"BOOKNAME": "揭開 本能寺之變400年謎團：顛覆勝者的史觀 重新解讀一夕改變日本歷史軌跡的軍事政變", "ISBN": "9789869328142", "USER": "h**en**", "CONTENT": "本能寺是戰國迷心中永遠的痛,400多年了,如果那夜沒發生!如果那夜時空平移到了某個時代,如果那夜憑空出現了誰?歷史會有什麼變化?這樣的話題吸引了近代多少戰國迷去編織故事,小說影片很狠多了,跟龍馬暗殺一樣,兇手是誰?我們都知道,而到底是誰?又為什麼殺了他?讓我們再重溫一次歷史"}, {"BOOKNAME": "赤腳阿元6－10集", "ISBN": "8667106505376", "USER": "zx******787", "CONTENT": "主角阿元原本幸福的一家人，因為原子彈奪走了他的生活，不放棄的他勇敢活下來，但最後就連戰後活下來的家人、朋友，也因為輻射一一離開，令人難過的故事，值得發人省思，可怕的是，戰爭卻從來沒停止過"}, {"BOOKNAME": "赤腳阿元（1－5集）", "ISBN": "8667106505314", "USER": "zx******787", "CONTENT": "印象中小時候的歷史課本記載了許多戰爭時期的事，但其實只要是打仗，最可憐的就是一般老百姓，就算不願意，也必須承受這一切，原爆的恐怖，書中都具體地畫出，從另一個國家的觀點來看戰爭，相當發人省思，也非常赤裸真實"}, {"BOOKNAME": "洗腦：X JAPAN 主唱的邪教歷劫重生告白", "ISBN": "9789861754055", "USER": "yu*******989", "CONTENT": "本書有如第一人稱小說，但內容是真正發生在作者身上的事實。雖然騙人者不應該，toshi也太笨太傻了，不過由此可見識到洗腦的可怕，幸好toshi最後走出來了。無論你是否為x japan的歌迷都強烈推薦這本書，一窺某些所謂心靈成長團體的內幕。"}, {"BOOKNAME": "洗腦：X JAPAN 主唱的邪教歷劫重生告白", "ISBN": "9789861754055", "USER": "yu*******989", "CONTENT": "本書有如第一人稱小說，但內容是真正發生在作者身上的事實。雖然騙人者不應該，toshi也太笨太傻了，不過由此可見識到洗腦的可怕，幸好toshi最後走出來了。無論你是否為x japan的歌迷都強烈推薦這本書，一窺某些所謂心靈成長團體的內幕。"}, {"BOOKNAME": "戰國名家老的危機處理術──面對戰爭、內鬥、財政破產的計謀", "ISBN": "9789869189699", "USER": "ch****150", "CONTENT": "加來耕三是位大阪的史學作家，所寫的著作以平易近人為主，此書整理了許多戰國大名的家老的「輔佐之道&quot;，雖然感覺有些像是濫竽充數硬塞進名單內，但也介紹了許多一般讀者可能不那麼熟知的人物，做為一本入門書來看，仍是有相當價值。"}, {"BOOKNAME": "戰國大名勢力變遷地圖", "ISBN": "9789869189606", "USER": "en******875", "CONTENT": "日本戰國由於群雄競逐，一直是許多電玩及動漫改編的靈感來源。本書以日本圖圖為主軸，搭配關鍵戰役或事件加上年表解說，讓讀者得以快速且清楚想像出當時的勢力分布狀況。而書籍最後則附上以本能寺之變為標題的事件地圖，供讀者簡單了解織田信長亡故前後的局勢。"}, {"BOOKNAME": "被扭曲的櫻花：美的意識與軍國主義", "ISBN": "9789570844351", "USER": "s1*****103", "CONTENT": "本書透過對櫻花意象的探討，梳理櫻花在日本史上的脈絡，以及美的意識與軍國主義的發展，本書正如其文本的厚度，是相當重要的一本鉅作。"}, {"BOOKNAME": "被扭曲的櫻花：美的意識與軍國主義", "ISBN": "9789570844351", "USER": "s1*****103", "CONTENT": "本書透過對櫻花意象的探討，梳理櫻花在日本史上的脈絡，以及美的意識與軍國主義的發展，本書正如其文本的厚度，是相當重要的一本鉅作。"}, {"BOOKNAME": "穿越到江戶", "ISBN": "9789865688035", "USER": "a**ra**", "CONTENT": "這本書詳細的描寫日本江戶時代的生活，最欣賞的，是精細的圖畫，把建築的結構，剖面圖更仔細，把建築物的內部擺設也畫出來，甚至一些江戶時期的生活細節，工商結構都解說得清楚，近期非常喜歡的一本書"}, {"BOOKNAME": "在這裡與歷史相遇：磯田道史的日本史路上觀察", "ISBN": "9789573274339", "USER": "ch****150", "CONTENT": "作者是功力深厚的歷史學家，不過卻能用簡單、有趣的文字解說歷史事件與人物，並且也從歷史角度，來對日本未來可能遭遇的大海嘯提出警告。這是本平易近人的日本歷史書籍，讀起來完全不會生硬。"}, {"BOOKNAME": "忍者：闇影軍團的真實面貌！", "ISBN": "9789573273967", "USER": "ch****150", "CONTENT": "川上仁一是日本公認的唯一在世的忍術大師，這書內容也把一些對忍者誤解或過誇的謠言予以澄清，算是市面上有經「認證」的忍者/忍術介紹書。不過希望日後遠流在翻譯上能整合，書中反覆出現 大陸、中國、中國大陸 三種不同名稱，其實用「中國」即可，讀者也不會混淆。"}, {"BOOKNAME": "完全圖解日本名將100傑", "ISBN": "9789866023927", "USER": "ch****n15", "CONTENT": "封面一整個好帥氣阿_放大版的信長表情一整個好欠揍哈哈 裡面的內容還蠻豐富的 而且搭配上圖後方便自由妄想阿不對 是方便思考! 看完之後比較容易記住粗略的歷史人物 如果想了解的不妨買看看"}, {"BOOKNAME": "日本大合戰", "ISBN": "9789866023873", "USER": "pe*****************com", "CONTENT": "看完這本書之後，讓人比較好了解日本的歷史，与生活方式。 此外 之只要能認真詳讀，對於日本之前的打戰方式，也會有所疑問， 致於是什麼樣的疑問，就請你拿杯茶好好的坐下來，認真的閱讀它吧！"}, {"BOOKNAME": "一本最簡單易懂的 圖解日本史", "ISBN": "9789865959678", "USER": "en******875", "CONTENT": "本書並非從頭到尾都是以漫畫呈現，而是在每個關鍵時期前以漫畫為楔子，先快速讓讀者了解此時期的概要架構，再接著以文字深入說明內容或關鍵人物，而搭配當時的世界大事提要，還能讓讀者腦中快速串連起不同地區的發展，達到通古博今的歷史探訪學習。"}, {"BOOKNAME": "茂呂美耶的歷史手帳：十八個你一定要認識的日本人物", "ISBN": "9789861739922", "USER": "an****053", "CONTENT": "透過這本書認識18位日本的歷史人物，才更加了解他們在日本歷史上的地位，以及對日本的歷史所帶來的大大小小的影響，同時也介紹了了跟這些人物相關的地點，如果有機會到日本旅遊，不如一遊，我想會更有感覺。"}, {"BOOKNAME": "日俄戰爭(全新修訂版)", "ISBN": "9789868902879", "USER": "ch****150", "CONTENT": "有許多細節資料與珍貴照片，不過可惜的是或許作者是來自對岸，全書塞了太多對當時日、俄帝國的反感，一本好的歷史書是不應有太多情緒性字眼。若可能，直接讀關於日俄戰爭的國外著作會更妥當；但若沒辦法這本書也能提供不少參考，但看的時候需留意不要被冷嘲熱諷的字句來模糊了對這件歷史事件的認知。"}, {"BOOKNAME": "日俄戰爭的時代", "ISBN": "9789862940389", "USER": "s1*****103", "CONTENT": "日俄戰爭作為甲午戰爭之後，日本由東亞強國走向世界強國的關鍵，究竟日本為何決定要打這場戰爭？這場戰爭對日俄兩國的影響又是甚麼？讀者將可以從本書得到解答。"}, {"BOOKNAME": "日俄戰爭的時代", "ISBN": "9789862940389", "USER": "s1*****103", "CONTENT": "日俄戰爭作為甲午戰爭之後，日本由東亞強國走向世界強國的關鍵，究竟日本為何決定要打這場戰爭？這場戰爭對日俄兩國的影響又是甚麼？讀者將可以從本書得到解答。"}, {"BOOKNAME": "明治維新", "ISBN": "9789862940242", "USER": "s1*****103", "CONTENT": "明治維新是日本得以近代化走向世界強國的時代，究竟明治維新發生了什麼事？除了大正奉還使國家權力重回天皇，新政府又有什麼新措施？本書讓讀者能了解明治維新的真相。"}, {"BOOKNAME": "日本史最強圖解", "ISBN": "9789570839777", "USER": "pe***228", "CONTENT": "讀史真的可以讓人了解很多事。讀了日本史，可以知道日本為何會比中國更早進入現代化，這跟諸藩林立有關，競爭之下更容易接受新思潮新想法；而大一統的中國就比較遲鈍而保守。但反過來說，若是回到春秋戰國的小國遍布，也難保不被殖民強國趁機蠶食鯨吞，這也是歷史值得推敲的樂趣。"}, {"BOOKNAME": "日本史最強圖解", "ISBN": "9789570839777", "USER": "pe***228", "CONTENT": "讀史真的可以讓人了解很多事。讀了日本史，可以知道日本為何會比中國更早進入現代化，這跟諸藩林立有關，競爭之下更容易接受新思潮新想法；而大一統的中國就比較遲鈍而保守。但反過來說，若是回到春秋戰國的小國遍布，也難保不被殖民強國趁機蠶食鯨吞，這也是歷史值得推敲的樂趣。"}, {"BOOKNAME": "姬君的戰國：日本戰國史女人天下", "ISBN": "9789868777910", "USER": "hw*der*", "CONTENT": "本書蒐集了許多日本戰國時代的有名夫人與公主，及其簡傳和事跡。然而，可能是為了讓讀者認識時代背景，中間穿插了許多戰國簡史。我對日本戰國時代只是一知半解，讀這本書覺得有些混亂，人很多，但大部分難留下深刻印象，處在有點興趣，與不太引人入勝之間。裡面插圖跟封面的風格不一樣，但是好看。"}, {"BOOKNAME": "日本戰國武將完全圖解事典", "ISBN": "9789866023002", "USER": "il**eme", "CONTENT": "不同於其他同類型的戰國武將介紹,本書特點在各武將特色的插畫,以及遊戲情境的能力分析.即使如此仍不失專業度,從地理位置和戰國大明的基本資料上都介紹十分詳細,是一部使讀者帶入情境的戰國事典,彷彿置身信長之野望以及戰國basara等遊戲的意象中."}, {"BOOKNAME": "昭和史第二部1945－1989（上）", "ISBN": "9789862940129", "USER": "s1*****103", "CONTENT": "從二戰後到ghq統治日本到國際法庭審判，戰後的日本百廢俱興，對內有飢荒問題，對外更有戰犯及天皇制受到挑戰，本書著墨於麥克阿瑟如何與日本政府跟天皇同心協力，打造新的日本的一段歷史。"}, {"BOOKNAME": "廣島末班列車：1945原爆生還者的真實故事", "ISBN": "9789861209524", "USER": "a**ra**", "CONTENT": "戰爭的可怕，這本書展露無遺，侵略者受到了懲罰，但是戰爭到底是幾個人的決定，還是全部人都有責任呢?如果發動戰爭的高階沒事，而受苦的，卻是百姓，天道寧論，不論哪一國的百姓，都是生命，都是人，以史為鏡，世人千萬要記取戰爭的殘忍，天下和平!祈願!"}, {"BOOKNAME": "廣島末班列車：1945原爆生還者的真實故事", "ISBN": "9789861209524", "USER": "a**ra**", "CONTENT": "戰爭的可怕，這本書展露無遺，侵略者受到了懲罰，但是戰爭到底是幾個人的決定，還是全部人都有責任呢?如果發動戰爭的高階沒事，而受苦的，卻是百姓，天道寧論，不論哪一國的百姓，都是生命，都是人，以史為鏡，世人千萬要記取戰爭的殘忍，天下和平!祈願!"}, {"BOOKNAME": "廣島末班列車：1945原爆生還者的真實故事", "ISBN": "9789861209524", "USER": "a**ra**", "CONTENT": "戰爭的可怕，這本書展露無遺，侵略者受到了懲罰，但是戰爭到底是幾個人的決定，還是全部人都有責任呢?如果發動戰爭的高階沒事，而受苦的，卻是百姓，天道寧論，不論哪一國的百姓，都是生命，都是人，以史為鏡，世人千萬要記取戰爭的殘忍，天下和平!祈願!"}, {"BOOKNAME": "開始讀幕末‧維新的第一本書", "ISBN": "9789866702716", "USER": "ch****150", "CONTENT": "以重要分水嶺分成八個單元做時間軸分水嶺，每一單元前會先簡介，爾後再以每兩頁來講解不同事件的內容。書尾附上人物事典以及方便查閱的對照表，有系統的編排讓讀者看起來更有效率，個人認為是目前市面上最好的一本介紹幕末的中文入門書。"}, {"BOOKNAME": "(土反)本龍馬的夢與冒險：從下級武士成為國民英雄之謎", "ISBN": "9789868557093", "USER": "ch****150", "CONTENT": "菊地明先生這本書以十位幕末重要人士分成十回，雖然僅有第一回是坂本龍馬，但事實上其餘的九人或深或淺都與龍馬有關係。與其說這本是介紹坂本龍馬的書，倒不如講是認識幕末時代的入門/進階書籍，此書在寫作上也做了不少的推敲與求證，嚴謹度也是少見。"}, {"BOOKNAME": "昭和史第一部 1926－1945（下）", "ISBN": "9789866789823", "USER": "s1*****103", "CONTENT": "在中日戰爭陷入膠著之下，日本軍方又是如何決定斷然與美國開戰，而使得美國正式進入第二次世界大戰？本書正是日本從戰爭的極盛況走向「玉碎」一途。"}, {"BOOKNAME": "昭和史第一部 1926－1945（下）", "ISBN": "9789866789823", "USER": "s1*****103", "CONTENT": "在中日戰爭陷入膠著之下，日本軍方又是如何決定斷然與美國開戰，而使得美國正式進入第二次世界大戰？本書正是日本從戰爭的極盛況走向「玉碎」一途。"}, {"BOOKNAME": "日本人這樣學歷史：神話日本", "ISBN": "9789866272271", "USER": "ji****n42", "CONTENT": "以往在看日本nhk大河劇時,最常出現的時代背景都是在戰國時代到幕末維新時代,最欠缺的就是從古代到戰國時代以前的這段日本歷史.閱讀完了這本書後,我終於滿足了對這段歷史的求知欲了!"}, {"BOOKNAME": "日本人這樣學歷史：神話日本", "ISBN": "9789866272271", "USER": "ji****n42", "CONTENT": "以往在看日本nhk大河劇時,最常出現的時代背景都是在戰國時代到幕末維新時代,最欠缺的就是從古代到戰國時代以前的這段日本歷史.閱讀完了這本書後,我終於滿足了對這段歷史的求知欲了!"}, {"BOOKNAME": "武田信玄：甲斐之虎三代興亡記", "ISBN": "9789573266686", "USER": "ch****150", "CONTENT": "信玄是耳熟能詳的一位日本戰國武將，不過本書並不單介紹信玄的一生，而是連他父親信虎與兒子勝賴都有提及。全書不時穿插一些圖片、地圖與傳說事件解說，讀起來不會讓人感到生硬。吉田先生另著有「長宗我部元親」與「毛利元就」，希望也能繼續代理發行。"}, {"BOOKNAME": "日本人這樣學歷史：幕末日本", "ISBN": "9789866272202", "USER": "ji****n42", "CONTENT": "本書以淺顯易懂的漫畫搭配短文的敘述方式,描寫日本從德川幕府末年到明治維新到現代這段期間所發生的歷史.在看完本書後,使我在看日本nhk大河劇篤姬及龍馬傳時,更能理解其劇情內容發生當時的時空背景."}, {"BOOKNAME": "日本人這樣學歷史：戰國日本", "ISBN": "9789866272165", "USER": "ji****n42", "CONTENT": "真是太棒了!藉由本書以簡單的圖文方式,讓我在短短的四個小時內就閱讀完了整個日本戰國時代的歷史,並使我之前在看日本nhk大河劇德川家康及天地人時的劇情內容更能融會貫通了."}, {"BOOKNAME": "雅子妃 菊花王朝的囚徒", "ISBN": "9789866920714", "USER": "op********975", "CONTENT": "閱讀完畢，內容條理分明有序及深具事實說服力，此書不單能瞭解 雅子妃之生長與求學過程及堅毅之個性，另能使人一睽日本皇室諸多之繁文縟節與人身自由限制，進而產生對宮內諸切之研究興趣；當然更具探討的是自由與理想之間的衝突是否能以&quot;愛情親情&quot;平衡。"}, {"BOOKNAME": "江戶日本", "ISBN": "9789573250418", "USER": "ta***986", "CONTENT": "印刷精美，書內附有多幅插圖，配合茂呂美耶平易近人的文字敘述，讀者得以一窺江戶時代日本的風土民情與文化。主題涵蓋當時日本的食衣住行等層面，內容相當精采，對日本文化有興趣的人，絕對不能錯過本書！"}, {"BOOKNAME": "江戶日本", "ISBN": "9789573250418", "USER": "ta***986", "CONTENT": "印刷精美，書內附有多幅插圖，配合茂呂美耶平易近人的文字敘述，讀者得以一窺江戶時代日本的風土民情與文化。主題涵蓋當時日本的食衣住行等層面，內容相當精采，對日本文化有興趣的人，絕對不能錯過本書！"}]