[{"BOOKNAME": "有田有木，自給自足：棄業從農的10種生活實踐", "ISBN": "9789868929418", "USER": "ra*men*", "CONTENT": "台灣版-半農半x-真實寫照,書中人物幾乎全非一開始即務農,但卻勇氣十足的投入,並都採用非慣性農法作業,真佩服能夠撐過那過程的艱辛,個人認為這方面才是台灣的未來,大規模生產非我們強項,但精緻有特色確能讓我們有機會在全球開放架構中生存下來且生活的更好."}, {"BOOKNAME": "有田有木，自給自足：棄業從農的10種生活實踐", "ISBN": "9789868929418", "USER": "ra*men*", "CONTENT": "台灣版-半農半x-真實寫照,書中人物幾乎全非一開始即務農,但卻勇氣十足的投入,並都採用非慣性農法作業,真佩服能夠撐過那過程的艱辛,個人認為這方面才是台灣的未來,大規模生產非我們強項,但精緻有特色確能讓我們有機會在全球開放架構中生存下來且生活的更好."}, {"BOOKNAME": "這樣防治病蟲害，蔬果一定大豐收！", "ISBN": "9789865749361", "USER": "ch***900", "CONTENT": "書中講解了目前大部分防治害蟲的辦法&#x28;看了會感覺原來都用錯方法了&#x29;，以及那科植物要配那些一起種會達到比較好的效果，並說明部分常見害蟲的習性與防治方式，值得深入研究的一本好書。"}, {"BOOKNAME": "插技壓條嫁接分株播種", "ISBN": "9789576006180", "USER": "ma*****ina", "CONTENT": "原著為日本人所寫，應該是本好書，但翻譯成中文後，編譯者在內容編排上顯然有些部分沒交代清楚。如:p18到p29中，有關穗木與插穗的取法，在圖形上無法區分何者是穗木或是插穗，實在很可惜。但這本書還是可提供給初學者一個概念。"}, {"BOOKNAME": "魚菜共生：鮮採現吃！從地下室到頂樓，從零開始實踐的新形態懶人農法 2016年暢銷增訂版", "ISBN": "9789864081882", "USER": "ma*****ina", "CONTENT": "這本書可以提供給初學者一個概念。但綜觀整本書，卻隻字未提及植物生長所必需要的光源。若魚菜共生系統設置在室內，理論上，應該有相對應的光照才是。後半部part 3 ,4延伸到無毒菜單食譜的內容，顯然不是眾多讀者最想了解的部分，cp值無形中就下降了。"}, {"BOOKNAME": "風和日麗：幸福的台灣小農", "ISBN": "9789866217326", "USER": "a**ra**", "CONTENT": "台灣處處都有這些辛苦而默默耕耘的偉大人物，或許他們不是赫赫有名的知名人士，但是那種為了自己的理想執著，都再再讓人感動，有機蔬菜，耐心釀造的醋，種種都看到這些人的努力，收穫的，不只是金錢，更是自己的理想"}]