[{"BOOKNAME": "大江大海騙了你：李敖秘密談話錄", "ISBN": "9789575101336", "USER": "ca****103", "CONTENT": "掌故歷史鑑定歷史做出高明的解釋，李敖先生理由是整體和細膩的，《大江大海騙了你》雄姿英發槓上開花《大江大海》的方式是血刃紛紛；解釋歷史抉擇大是大非不該是倒行逆施的，是不得不痛苦地捍衛毅然的正統，正道也！"}, {"BOOKNAME": "我的老闆是總統：817萬票的幕後小英雄", "ISBN": "9789865535391", "USER": "h*nc***", "CONTENT": "這本書讓我回憶起過去2年的種種,台灣從原本風雨飄搖到如今的康莊茁壯,要謝謝這修無名英雄,謝謝你們保護了台灣"}, {"BOOKNAME": "你還不知道的韓國瑜", "ISBN": "9789574371747", "USER": "ha*****004", "CONTENT": "韓國瑜的暴起暴落，從這本書可以稍窺梗概，政治人物和政客的最大差別就在於誠信和理念，而這又根質於人格特質和學識涵養，這也是為什麼作者之前願意替韓國瑜寫傳記，後來卻又迅速與其決裂的因素，因為韓國瑜誠信、理念、學識皆無。凡走過必留下痕跡，在資訊透明的時代裡，誠實才是最好的策略。"}, {"BOOKNAME": "英敗：民進黨政府垮台的最後一哩路，黃子哲百萬點閱的狂腥文", "ISBN": "9789579699778", "USER": "ge******************.tw", "CONTENT": "我是在圖書館找到《英敗》這本書的，作者是立法院國會助理，在2020大選前我就在思考，我的中國朋友皆言，台灣千萬不要親共產黨，政治有時候不是價值問題，而是權衡問題，而蔡總統的優勢，就在於知道如何將台灣定位於一個平衡點，暨不獨，也不統，安撫綠黨，也擊敗對手。"}, {"BOOKNAME": "台灣如何成為一流國家", "ISBN": "9789571361529", "USER": "m**wj**", "CONTENT": "本書適合管理階層閱讀，特別是專案管理，或需要大量與人溝通協調的工作。 在政府單位，反而困難更多，作者說明如何在層層關卡以及阻力中，如何取得共識與化解困難，最後齊心完成任務。這也是建立團隊需要的知識與膽識。 推薦管理者與客觀中立者這本書。"}, {"BOOKNAME": "買來的政權：台灣選舉文化觀察", "ISBN": "9789866656538", "USER": "ha*****004", "CONTENT": "台灣為何每到捲舉就有人賄選？法官的輕放，買票者事先已經做好切割動作，都是賄選文化猖獗不衰的原因。台灣民主越來越成熟的今日，買票效果越來越若，但是仍有一些舊思維的政治人物迷信買票威力，在某種程度象徵台灣的候選人必須禁得起人民檢驗，才是維持政治生命的長久之道。"}, {"BOOKNAME": "樹，不在了", "ISBN": "9789571359984", "USER": "ma**lko", "CONTENT": "風起雲湧的世界，從不等待猶豫不決的人。 一本寫給這代年輕人,父母與台灣人看的書，閱讀中你會有省思,瞭解,感動與頓悟!!一直喜歡陳文茜的文筆，沒有漫罵攻擊或針鋒相對，只是用一慣柔和易懂文字敘說，中肯且明確指出台灣與當代人所遭遇的政治,環境與經濟問題，一如文茜週報風格!"}, {"BOOKNAME": "從建黨到執政：民進黨相關人物訪問紀錄", "ISBN": "9789862940655", "USER": "s1*****103", "CONTENT": "民進黨的創黨經歷，固然散見在個人的回憶錄或自傳，但透過本書能把握創黨十人小組，以創黨的核心人物為中心，加上旁觀者的口訪，使得這本書更有統整性。"}, {"BOOKNAME": "強權政治與台灣：從開羅會議到舊金山和約", "ISBN": "9789866789366", "USER": "s1*****103", "CONTENT": "從開羅宣言、波茨坦宣言、德黑蘭會議、雅爾達會議、舊金山和約到中日和約，看中華民國、日本、英國與美國如何影響台灣的未來，也藉由從探討外交官的紀錄來了解為何這些和約會如此定之，為何又有某些國家拒絕簽約或不得簽約其門而入。"}, {"BOOKNAME": "思想（7）：解嚴以來：二十年目睹之台灣", "ISBN": "9789570832150", "USER": "s1*****103", "CONTENT": "解嚴以來所帶來的言論自由與民主，二十年過後來看，我們仍顯幼稚與不成熟，於是，透過本書，讓讀者檢視民主化以來的台灣，還有那些地方要改進，要克服的。"}, {"BOOKNAME": "思想（5）：轉型正義記憶政治", "ISBN": "9789570831436", "USER": "s1*****103", "CONTENT": "本書在轉型正義上，提供了實踐理論、歷史記憶與文學評論的方向去看轉型正義，也從德國與美國的經驗去看談灣如何去做自己的轉型正義。"}, {"BOOKNAME": "公民權、性別與世代", "ISBN": "9789869388573", "USER": "do***041", "CONTENT": "作者精研女性主義，讓人輕鬆讀懂整體學術脈絡。本書適合想要擴展陸配選票的政治家和關心此議題的人。 本書特點在於陸籍配偶，此群體在目前社會較少受到重視。陸配相較於其他外籍配偶，由於兩岸特殊關係，公民權是受限的，因此較難建立對台灣的認同。吾人應當正視此一問題並極力發揮個人力量。"}, {"BOOKNAME": "誰說民主不亡國", "ISBN": "9789863207443", "USER": "ph*sai*", "CONTENT": "一個新聞記者的責任之作，警世鐘言，以期能有暮鼓之效。 關心台灣前途的人，愛台灣的人，建議必讀。 更針對台灣的政治弊病，提出公道中肯的見解。"}, {"BOOKNAME": "誰說民主不亡國", "ISBN": "9789863207443", "USER": "ph*sai*", "CONTENT": "一個新聞記者的責任之作，警世鐘言，以期能有暮鼓之效。 關心台灣前途的人，愛台灣的人，建議必讀。 更針對台灣的政治弊病，提出公道中肯的見解。"}, {"BOOKNAME": "百年追求：臺灣民主運動的故事（3冊套書）", "ISBN": "8667106502955", "USER": "s1*****103", "CONTENT": "本套書從日治時期的社會運動，書寫到民進黨的成立，台灣的民主進程雖然沒有太多的流血與革命的過程，但這不代表民主化就是一路順遂的，而本書正是要告訴讀者台灣人對台灣民主化的追求。"}, {"BOOKNAME": "百年追求：臺灣民主運動的故事 卷二  自由的挫敗", "ISBN": "9789868962644", "USER": "s1*****103", "CONTENT": "本書的焦點擺在雷震的《自由中國》及其組黨的過程，還有剩下的台籍菁英如何在逃過二二八屠殺後，繼續為台灣人民守護住他們的利益。"}, {"BOOKNAME": "百年追求：臺灣民主運動的故事 卷三  民主的浪潮", "ISBN": "9789868962651", "USER": "s1*****103", "CONTENT": "外省人雷震組黨的失敗，卻沒澆熄台灣人對於民主化的熱情，本書就是要敘說這一段民主狂飆的年代，而最終沒有名字的黨外終於有了名字的歷史。"}, {"BOOKNAME": "百年追求：臺灣民主運動的故事 卷一  自治的夢想", "ISBN": "9789868962637", "USER": "s1*****103", "CONTENT": "本書的焦點擺在日治時期的民主運動，以及其分裂，台灣人因為日本殖民教育，反而懂得如何利用非暴力的力量去對抗殖民當局，這正是本書要書寫的一段歷史。"}, {"BOOKNAME": "台灣會不會死？一個火星人的觀點", "ISBN": "9789868845497", "USER": "s1*****103", "CONTENT": "台灣未來要走向哪裡？台灣又該如何破除藍綠對決，以及中共威脅的困局？本書藉由討論現狀，提醒讀者必須有所突破，台灣才能走向美好的未來，一直停滯不前最後只會遭致自我滅亡。"}, {"BOOKNAME": "中華民國流亡台灣60年暨戰後台灣國際處境", "ISBN": "9789578016415", "USER": "s1*****103", "CONTENT": "本書透過這個面向梳理國民黨政府流亡到台灣六十年以來的歷史，從政治、媒體、社會、外交等面向，看因為中華民國的名號，台灣在國內外的壓迫。"}, {"BOOKNAME": "黨國復辟前後：李筱峰政論集2007－2009", "ISBN": "9789866789458", "USER": "s1*****103", "CONTENT": "李筱峰老師敘說國民黨從在野重回執政之路，究竟國民黨是進步了，抑或是對民進黨的失望才是讓政黨再次輪替的關鍵？本書給了我們思考的方向。"}, {"BOOKNAME": "漂流台灣.虛擬執政", "ISBN": "9789578015838", "USER": "s1*****103", "CONTENT": "本書命名為漂流台灣‧虛擬執政正是為了要正視台灣主權不明的問題，以及民進黨政府固然經過政黨輪替而上台，但卻被國民黨在立法院多數而動彈不得的窘境，配合時事分析，讓本書試著去詮釋一些現實上的事實。"}, {"BOOKNAME": "民主與統獨論", "ISBN": "9789578015852", "USER": "s1*****103", "CONTENT": "台灣的民主發展與統獨爭議有何關係？為何統獨、藍綠與民主的關係會這麼盤根錯節？本書為讀者解答民主與這些元素之中的歷史因素。"}, {"BOOKNAME": "台灣地位關係文書", "ISBN": "9789866900044", "USER": "s1*****103", "CONTENT": "台灣在現況被中華民國統治，但是所謂國民黨軒川統治台灣的「法統」是真實的嗎？本書藉由文獻探討來還原事實，讓讀者可以有別於教科書的思想。"}, {"BOOKNAME": "狂飆的年代（1920年代台灣的政治、社會與文化運動）", "ISBN": "9789868125179", "USER": "s1*****103", "CONTENT": "1920年代日治時期的台灣，有許多各式的社會運動在台灣發生，而本書正是很好的入門書，讓讀者理解日治時期台灣人的社會運動。"}, {"BOOKNAME": "自由化民主化《台灣通往民主憲政的道路》", "ISBN": "9789866900006", "USER": "s1*****103", "CONTENT": "台灣從威權體制轉型到民主體制，究竟是如何轉變的？而這中間又有哪些人為自由化民主化而努力？本書帶讀者回顧歷史，重看台灣民主化進程。"}, {"BOOKNAME": "台灣獨立運動史", "ISBN": "9789867375780", "USER": "s1*****103", "CONTENT": "本書將台灣獨立運動做了統整，但其在全市各個路線上的台獨運動方面，可以看的到作者似有替其辯護之嫌，而無法較全面性的評論，是本書可以再加強之處。"}, {"BOOKNAME": "台灣國家定位的歷史與理論", "ISBN": "9789867819635", "USER": "s1*****103", "CONTENT": "本書藉由探討歷史、國際法與國際關係，來探討台灣的地位未定論，二次世界大戰之後，台灣被國民黨政府統治一直至今，然而這樣的統治究竟是不是正當的？本書將讓讀者思考這個以前想當然耳的事實。"}, {"BOOKNAME": "台灣國際政治史", "ISBN": "9789578013360", "USER": "s1*****103", "CONTENT": "本書將台灣在國際政治，尤其是跟美國各屆總統的關係與其演變，非常詳細的交代，讓讀者得以知道台美關係的變化與台灣在國際地位上的變化。"}]