[{"BOOKNAME": "歡樂宋：中國歷史上最幸福的朝代，沒去過宋朝，別說你到過人間天堂！", "ISBN": "9789579314619", "USER": "ev******429", "CONTENT": "宋朝一直被認為是積弱不振的朝代，本書打破原有的僵固觀念，重新認識宋朝，為何生在宋朝是幸福的，宋朝不僅有千古才子蘇東坡、懲奸除惡的包青天等膾炙人口的故事，閱讀本書可了解為何宋朝庶民百姓生活幸福。"}, {"BOOKNAME": "回到宋朝long stay：從食衣住行到文化風俗，在最幸福的朝代上一堂歷史體驗課", "ISBN": "9789863445760", "USER": "ev******429", "CONTENT": "宋朝-一個評價兩極的朝代，若與漢、唐的鼎盛相比，實在比不上，但是如果從其他方面來看，宋朝人被認為是幸福的，首先，它比世界上其他國家更早開始有吃早餐的習慣，在此之前的百姓，一日只食兩餐，同時它的文化、娛樂相當豐富，搭乘時光機回到宋朝long stay，體會那個時代風華及幸福。"}, {"BOOKNAME": "餐桌上的宋朝", "ISBN": "9789571374383", "USER": "ev******429", "CONTENT": "宋朝被認為是積弱不振的朝代，但是宋朝人是幸福的，由於經濟較先前朝代富裕，人民有餘裕品嘗各式美食，中國人吃早餐從宋朝開始，遠比歐洲或日本早了很多年，從本書的精采內容，可一窺宋朝的飲食文化及美學，猶如搭乘時光機，回到近千年前。"}, {"BOOKNAME": "宋朝妙新聞", "ISBN": "9789571369044", "USER": "p8***939", "CONTENT": "筆調幽默風趣，蘇軾原來是宋朝人人想嫁的男神！如果能穿越回古代，我最想ㄧ探宋朝夜市，體驗宋朝人相對繽紛的自由生活！"}, {"BOOKNAME": "宋朝妙新聞", "ISBN": "9789571369044", "USER": "p8***939", "CONTENT": "筆調幽默風趣，蘇軾原來是宋朝人人想嫁的男神！如果能穿越回古代，我最想ㄧ探宋朝夜市，體驗宋朝人相對繽紛的自由生活！"}, {"BOOKNAME": "馬可.波羅發現中國（上冊）", "ISBN": "9789865620158", "USER": "ev******429", "CONTENT": "世人關於馬可波羅，眾說紛紜，但是他是西方人探索中國等東方世界，並介紹給歐洲人認識，發現新大陸的哥倫布受到啟發，出航只帶兩本書-聖經及馬可波羅遊記，可見他對世人的啟發。"}, {"BOOKNAME": "吃一場有趣的宋朝飯局", "ISBN": "9789571361376", "USER": "gw*****cat", "CONTENT": "淺顯有趣的歷史科普書，兼具趣味與考據，此外還能了解當時的文化，中國人在飯局上解決一切的歷史果然有上千年，閱讀時請務必先填飽肚子。推薦給喜歡歷史或打算寫穿越劇的人。"}, {"BOOKNAME": "吃一場有趣的宋朝飯局", "ISBN": "9789571361376", "USER": "gw*****cat", "CONTENT": "淺顯有趣的歷史科普書，兼具趣味與考據，此外還能了解當時的文化，中國人在飯局上解決一切的歷史果然有上千年，閱讀時請務必先填飽肚子。推薦給喜歡歷史或打算寫穿越劇的人。"}, {"BOOKNAME": "吃一場有趣的宋朝飯局", "ISBN": "9789571361376", "USER": "gw*****cat", "CONTENT": "淺顯有趣的歷史科普書，兼具趣味與考據，此外還能了解當時的文化，中國人在飯局上解決一切的歷史果然有上千年，閱讀時請務必先填飽肚子。推薦給喜歡歷史或打算寫穿越劇的人。"}, {"BOOKNAME": "吃一場有趣的宋朝飯局", "ISBN": "9789571361376", "USER": "gw*****cat", "CONTENT": "淺顯有趣的歷史科普書，兼具趣味與考據，此外還能了解當時的文化，中國人在飯局上解決一切的歷史果然有上千年，閱讀時請務必先填飽肚子。推薦給喜歡歷史或打算寫穿越劇的人。"}, {"BOOKNAME": "吃一場有趣的宋朝飯局", "ISBN": "9789571361376", "USER": "gw*****cat", "CONTENT": "淺顯有趣的歷史科普書，兼具趣味與考據，此外還能了解當時的文化，中國人在飯局上解決一切的歷史果然有上千年，閱讀時請務必先填飽肚子。推薦給喜歡歷史或打算寫穿越劇的人。"}, {"BOOKNAME": "忽必烈的挑戰：蒙古與世界史的大轉向", "ISBN": "9789865842222", "USER": "te**313", "CONTENT": "我經常買書也有不少日文翻譯書,但很少有翻得這麼糟糕的書,看作者的經歷應該不會寫出這麼糟的書. p145line3  要言之,大都的積水潭是相銜河運、海運的「水」的物流的基準點 請問這是中文嗎?還是日文直譯?還是我中文太差? 不精彩的書不少,看了會生氣的書還真少."}, {"BOOKNAME": "忽必烈的挑戰：蒙古與世界史的大轉向", "ISBN": "9789865842222", "USER": "te**313", "CONTENT": "我經常買書也有不少日文翻譯書,但很少有翻得這麼糟糕的書,看作者的經歷應該不會寫出這麼糟的書. p145line3  要言之,大都的積水潭是相銜河運、海運的「水」的物流的基準點 請問這是中文嗎?還是日文直譯?還是我中文太差? 不精彩的書不少,看了會生氣的書還真少."}, {"BOOKNAME": "忽必烈的挑戰：蒙古與世界史的大轉向", "ISBN": "9789865842222", "USER": "te**313", "CONTENT": "我經常買書也有不少日文翻譯書,但很少有翻得這麼糟糕的書,看作者的經歷應該不會寫出這麼糟的書. p145line3  要言之,大都的積水潭是相銜河運、海運的「水」的物流的基準點 請問這是中文嗎?還是日文直譯?還是我中文太差? 不精彩的書不少,看了會生氣的書還真少."}, {"BOOKNAME": "顛覆世界史的蒙古", "ISBN": "9789865842192", "USER": "al********ing", "CONTENT": "傳統上世界史都是從西歐大航海時代開始!但是 此書作者卻用另一種角度告訴我們這種錯誤的偏見, 13-14世紀的蒙古時代才是世界史的起頭  想了解詳細情形請看此書!"}, {"BOOKNAME": "世界史的誕生：蒙古的發展與傳統", "ISBN": "9789868962231", "USER": "al********ing", "CONTENT": "破除一般人對歷史的迷思與見解  一般世界史的解講以西歐和中國史為起點 但是真正將兩邊串連起來的卻是蒙古人等遊牧民族   這本書將為你帶來全新視野"}, {"BOOKNAME": "你不知道的楊家將：史上最剽悍的英雄家族傳奇", "ISBN": "9789861737973", "USER": "sm*****t90", "CONTENT": "楊家將，最為人樂道的便是其中以少抗多，以弱抗強的英雄故事了。劇中楊門一家忠烈，令眾人為之嘆服。本書作者用詼諧有趣的筆法和讀者一起探索真實的英雄與文筆中的英雄；史書上的英雄與百姓的英雄。對演義中的謬誤提出矯正並非破壞大家心目中的英雄，而是重建英雄。你，知道楊家將嗎？"}, {"BOOKNAME": "兩宋風雲", "ISBN": "9789866722714", "USER": "se*******chu", "CONTENT": "閱讀完這本書,有一種很深沈的感傷。錯生於帝王之家的藝術天才宋徽宗,人生的後半段竟是如此地令人不勝欷噓。更叫人悲嘆的是在那樣動盪的宋朝,正該是時勢造英雄,英雄創造時勢的時代,卻竟一遍又一遍地上演著己人扯自己人後腿的戲碼。真的是可悲可嘆！"}, {"BOOKNAME": "包公遺骨記", "ISBN": "9789861370743", "USER": "be********223", "CONTENT": "藉由史料與出土物的對照，一一還原了包公的一生及他的家族紀事。 書中真實記錄了無產階級文革、除四舊、鬥清官的慘忍與黑暗，甚至有些看來有些許的無知。 卻也記錄了在那個時代，不畏風雨與迫害努力保存古物與文化的人們，令人動容。"}, {"BOOKNAME": "包公遺骨記", "ISBN": "9789861370743", "USER": "be********223", "CONTENT": "藉由史料與出土物的對照，一一還原了包公的一生及他的家族紀事。 書中真實記錄了無產階級文革、除四舊、鬥清官的慘忍與黑暗，甚至有些看來有些許的無知。 卻也記錄了在那個時代，不畏風雨與迫害努力保存古物與文化的人們，令人動容。"}, {"BOOKNAME": "成吉思汗", "ISBN": "9789571345864", "USER": "al********ing", "CONTENT": "這本書是我青少年讀的一本歷史書  此書作者雖然是美國人 卻用另一種角度分析成吉思汗 跟西方學者不一樣  這位作者把真正的成吉思汗和蒙古人真面目完美呈現給讀者們"}]