[{"BOOKNAME": "學測指考英文作文的第一本書", "ISBN": "9789861218991", "USER": "zo***350", "CONTENT": "這本書裡面有許許多多的英文句型、單字、文法，也提供許多寫英文作文的方法，看書時也有名言佳句在輔助，不會想睡覺"}, {"BOOKNAME": "魔法國文一字多義", "ISBN": "9789866343704", "USER": "a1**38a", "CONTENT": "價格經濟實惠又實用的一本書，可以當作口袋書帶著走，因為好迷你，但是內容卻很不錯~希望可以再出詳細一點的，畢竟國文的範圍實在太廣，但無論是哪種考試國文都是必備的，希望有機會可以看到出版更多這類的書唷~謝謝!"}, {"BOOKNAME": "新聞中的科學1：大學指考搶分大補帖", "ISBN": "9789867282637", "USER": "pa********123", "CONTENT": "相當不錯的書,配合歷屆試題,可以讓我們在學習課堂上的內容公式之餘,額外了解一些科學的原理或是運作方法,內容廣泛,很適合學習使用。"}, {"BOOKNAME": "最小二乘法平差理論與實務", "ISBN": "9789865857042", "USER": "ta***c99", "CONTENT": "本書是目前台灣介紹測量平差整理最廣最詳細的書籍 適合做為教科書及自行參考的好書 唐城 2014/12/11"}, {"BOOKNAME": "考一次就過關ALL PASS統測英文滿分應考攻略（1MP3）", "ISBN": "9789865927660", "USER": "z1*****127", "CONTENT": "這本書快速整理出統測會考英文單字，內有文法補充以及義反、義同字貼心提示，讓考生在最短時間內，能充分把握應試事半功倍。"}, {"BOOKNAME": "中外歷史大事酷搜本", "ISBN": "9789866187780", "USER": "ne****n86", "CONTENT": "這本好像是「高中歷史中外大事酷搜本」的新版，我覺得新版突破很多，還有彩色拉頁真是不錯！ 支持歷史教主葉老師啊！"}, {"BOOKNAME": "2012最新大學年鑑", "ISBN": "9789868796713", "USER": "a1**38a", "CONTENT": "這本書真的很讚~有每間學校的科系介紹以及學校特色，連宿舍等資料也都編列出來，現在經濟不景氣，有時候所選讀的科系已經不能保證以後的工作就跟系所有相關，會有種不能學以致用的感覺，所以選對科系真的很重要，可以參考自己的興趣以及未來的就業方向，是件很好的事情。"}, {"BOOKNAME": "甄戰大學：超好用!讓你一試就上的大學甄選寶典", "ISBN": "9789862266137", "USER": "da******g33", "CONTENT": "這本書除了教我怎麼準備書審和口試之外，也有學群的介紹，方便我在選學系時候的參考。彩色化和表格化，讓人比較容易閱讀，可以較快抓到重點。第六章蒐集了很多口試題目，方便我準備口試考古題，是我最推薦的部分。"}, {"BOOKNAME": "別再選錯系了！：全新修訂版", "ISBN": "9789861206240", "USER": "j7***034", "CONTENT": "&quot;別再選錯系了&quot;絕對是高中生必備用書,裡面解釋了大部份的校系內容,也請學長姐現身說法,並指出各種系之間的迷思,比如化學系跟化工系的差異,還有最重要的畢業出路 強烈建議高三的學弟妹在做備審資料之前好好把目標校系看過一遍!!"}, {"BOOKNAME": "別再選錯系了！：全新修訂版", "ISBN": "9789861206240", "USER": "j7***034", "CONTENT": "&quot;別再選錯系了&quot;絕對是高中生必備用書,裡面解釋了大部份的校系內容,也請學長姐現身說法,並指出各種系之間的迷思,比如化學系跟化工系的差異,還有最重要的畢業出路 強烈建議高三的學弟妹在做備審資料之前好好把目標校系看過一遍!!"}, {"BOOKNAME": "甄戰大學-超好用!讓你一試就上的大學甄選寶典", "ISBN": "9789862264911", "USER": "si*********004", "CONTENT": "內容超實在，從事前準備、科系分析、面試服裝儀態到應對進退，鉅細靡遺的教你如何面對人生最重要的時刻，不可不推～"}, {"BOOKNAME": "名師開講中外歷史小事典", "ISBN": "9789866607950", "USER": "ne****n86", "CONTENT": "這本書很好用，可以拓展學生的世界觀。現在的歷史教育太分門別類，講中國史就中國史，也不關注當時世界發生了什麼事。但小事典透過表格整理，告訴讀者同一個時代，外國正在發生什麼事，有益於聯想世界各地歷史彼此之間的關係。超級推薦！"}, {"BOOKNAME": "備審資料製作書(附光碟)", "ISBN": "9789867309402", "USER": "sc*****309", "CONTENT": "我的小孩今年要讀大學,但是準備備審資料就無所適從,還好找到了這本備審資料製作書,其中有如何寫自傳.及讀書心得,證照獎狀的編排,老師的推薦函,解決了我們的難題,太感謝了!"}, {"BOOKNAME": "備審資料製作書(附光碟)", "ISBN": "9789867309402", "USER": "sc*****309", "CONTENT": "我的小孩今年要讀大學,但是準備備審資料就無所適從,還好找到了這本備審資料製作書,其中有如何寫自傳.及讀書心得,證照獎狀的編排,老師的推薦函,解決了我們的難題,太感謝了!"}, {"BOOKNAME": "新聞中的公民與社會", "ISBN": "9789866745645", "USER": "pa********123", "CONTENT": "這本書和公民課本不一樣的地方就是它是利用時事結合公民所需的知識,藉由平時看過的新聞加以文章,找出可以學習的地方,並配合考古題,是本可以在課本之餘學習的好書!"}]