[{"BOOKNAME": "精緻蔬果切雕美學技法（第二版）", "ISBN": "9789863084495", "USER": "j**66**", "CONTENT": "這本書能夠帶給想要學擺盤的人簡易好上手的方式，藉由書裡的範例，讓我們可以輕鬆在家做料理時，就能擺出像大廚般的菜色料理。"}, {"BOOKNAME": "e世代中餐素食丙級輔導考照", "ISBN": "9789863020899", "USER": "s2****732", "CONTENT": "很好的一本書!看起來方便,作法清楚~!  能夠專為丙級素食技能檢定精心設計的專用書，針對考照、實地烹調等，告訴您刀工、火候、計數拿捏的竅門，讓您完全掌握國家考試的脈動，幫助您輕鬆通過嚴格的技術測驗。"}, {"BOOKNAME": "中餐素食丙級必勝精選", "ISBN": "9789869109611", "USER": "au*****ndy", "CONTENT": "曾考過中餐素食丙級考試，深深感受到有一本書有詳盡的步驟流程圖片，對於新手或考生而言，幫助很大。尤其在考試時，不免緊張，不僅要記住每道菜的步驟、配色、擺盤，若能在平時練習時，按著書中的步驟流程圖片做，增加印象，善用此書必能讓你如何省時省力，事半功倍的順利考上中餐素食丙級技術士檢定。"}, {"BOOKNAME": "烘焙食品丙級檢定術科", "ISBN": "9789861816944", "USER": "ko****na3", "CONTENT": "這本烘焙檢定參考書作業步驟解說詳細,容易犯錯的地方也會特別標註出來,還附有歷年考古題和考試時要注意的事項,有了這本書相信我也能順利通過丙級烘焙檢定!"}, {"BOOKNAME": "調酒學術科教戰守策(9805)九版", "ISBN": "9789867114372", "USER": "vi********124", "CONTENT": "如果妳想了解各種酒類最基本的基礎知識,那買本專業的調酒檢定書絕對是最容易入門的教科書.這本書的編排和全彩內頁讓我很喜歡,看起來很舒服,看過之後對調酒的品嘗或製作都有幫助."}]