[{"BOOKNAME": "我們去觀星", "ISBN": "9789575709679", "USER": "ti*********616", "CONTENT": "雖然對天文一知半解，然而此書對於如此背景的我而言卻沒有障礙，圖文並茂，是天文入門的閱讀書籍，讓人得以一窺璀璨的星空。看完後，想要拾起行囊，出發觀星。"}, {"BOOKNAME": "國家地理終極觀星指南", "ISBN": "9789869186391", "USER": "5**23**", "CONTENT": "cp值很高的書，由基礎解說起很適合剛接觸天文的愛好者，裡面也有很多圖像益於懂。 書中的知識非常充足，讚~推薦此書"}, {"BOOKNAME": "國家地理終極觀星指南", "ISBN": "9789869186391", "USER": "5**23**", "CONTENT": "cp值很高的書，由基礎解說起很適合剛接觸天文的愛好者，裡面也有很多圖像益於懂。 書中的知識非常充足，讚~推薦此書"}]