[{"BOOKNAME": "古人比你更會玩1", "ISBN": "9789571383989", "USER": "a**ra**", "CONTENT": "非常深入淺出的一本漫畫，可以用很可愛的圖，把古代的一些生活習慣，習俗來源，還有各個時代不同的比較，可以讓比較不喜歡文字的國中，高中生看喔，閒時也可隨時翻，沒有一定要從頭讀起，很輕鬆的一本書"}, {"BOOKNAME": "唐朝官場生存指南：21位唐代大詩人求職記", "ISBN": "9789864931118", "USER": "ev******429", "CONTENT": "唐代雖有科舉制度，但是通過科舉不代表在官場可以暢通無阻，本書將唐代著名文人-李白、白居易、劉禹錫等文學家的官場際遇，演化成一篇篇趣味橫生的文章，讓今人一窺古代文人的官場生存記，同時對照現今官場，格外有趣。"}, {"BOOKNAME": "港式臺派：異地家鄉的生活文化漫遊", "ISBN": "9789579542852", "USER": "el**irs", "CONTENT": "被書封的插畫和書名字體所吸引，書本設計有濃濃港味！兩位在台灣旅居的香港人共筆，從粵語台語談起，寫出日常中的港台異同。蠻好讀的書。"}, {"BOOKNAME": "時間之書：二十四節氣，與萬物作息同步的大地時間", "ISBN": "9789869484695", "USER": "a1*8tw*", "CONTENT": "宋．陸遊《時雨》：「時雨及芒種，四野皆插秧。家家麥飯美，處處菱歌長。」宋．蘇泂《長江二首》：「處暑無三日，新涼直萬金。白頭更世事，青草印禪心。」透過詩人眼中看農家生活作習，農民是最容易滿足，同是也是最大族群，假設少了農民階級稅收，國庫銀兩不足，該檢討永遠是上位者。"}, {"BOOKNAME": "新舊聞：從皇帝離婚到妓院指南，從海賊王到男王后，讓人腦洞大開的奇妙連結", "ISBN": "9789869536707", "USER": "am******796", "CONTENT": "作者們用很現代的分類像是「國際脈動」、「生活風格」等去敘述歷史，整本書讀起來很輕鬆不會覺得煩悶，可以一頁一頁讀下去。"}, {"BOOKNAME": "從古人生活學文化常識：中國語言與文化中500個最有趣的為什麼", "ISBN": "9789869412612", "USER": "cp*h92*", "CONTENT": "原來，我們現今的生活和語言的來源，是有豐厚的文化背景。     讀此書覺得妙趣橫生，還可以增加許多的文化常識，也不得不佩服中華文化的源遠流傳，真是我們的驕傲和幸運。"}, {"BOOKNAME": "過一個歡樂的宋朝新年", "ISBN": "9789571365213", "USER": "ra*****u82", "CONTENT": "李開周老師「過一個歡樂的宋朝新年」，可以讓讀者彷彿親身經歷一遍繁華而富有古典風味的宋代年節！許多在現在的時代已被簡化的過年傳統，都能在這本書裡找到它的緣由典故及原汁原味的「完整版」，與當前的新年習俗作比較後，會覺得非常有趣！"}, {"BOOKNAME": "過一個歡樂的宋朝新年", "ISBN": "9789571365213", "USER": "ra*****u82", "CONTENT": "李開周老師「過一個歡樂的宋朝新年」，可以讓讀者彷彿親身經歷一遍繁華而富有古典風味的宋代年節！許多在現在的時代已被簡化的過年傳統，都能在這本書裡找到它的緣由典故及原汁原味的「完整版」，與當前的新年習俗作比較後，會覺得非常有趣！"}, {"BOOKNAME": "過一個歡樂的宋朝新年", "ISBN": "9789571365213", "USER": "ra*****u82", "CONTENT": "李開周老師「過一個歡樂的宋朝新年」，可以讓讀者彷彿親身經歷一遍繁華而富有古典風味的宋代年節！許多在現在的時代已被簡化的過年傳統，都能在這本書裡找到它的緣由典故及原汁原味的「完整版」，與當前的新年習俗作比較後，會覺得非常有趣！"}, {"BOOKNAME": "過一個歡樂的宋朝新年", "ISBN": "9789571365213", "USER": "ra*****u82", "CONTENT": "李開周老師「過一個歡樂的宋朝新年」，可以讓讀者彷彿親身經歷一遍繁華而富有古典風味的宋代年節！許多在現在的時代已被簡化的過年傳統，都能在這本書裡找到它的緣由典故及原汁原味的「完整版」，與當前的新年習俗作比較後，會覺得非常有趣！"}, {"BOOKNAME": "聊公案：別笑！這才是中國法律史", "ISBN": "9789573272908", "USER": "ho****180", "CONTENT": "這本書有點難，卻有點中國法律史的參考書版，作者很厲害的整理出歷代大師的傑作，特別是春秋戰國的哲學思想史的演變，真的很精彩。其中某甲和張三這2個串場人物，真的是很悲慘啊~~~"}, {"BOOKNAME": "中國潮男", "ISBN": "9789570841671", "USER": "jo*vm3*", "CONTENT": "兼具時尚、創意與文學性，語言生動有趣，插圖簡潔多變，一翻開就停不下來的中國「潮男服飾史」。屈原、孔子，在作者筆下都那麼親切而「時髦」，更棒的是，整理每個朝代中國服飾風格流變，說明歷史背景，加上中西比較，讓讀者用簡單易懂的方式了解戰爭與文化傳播的關係，是一本非常好的休閒讀物。"}, {"BOOKNAME": "邊緣與中心", "ISBN": "9789867416681", "USER": "s1*****103", "CONTENT": "本書透過作者介紹各個作家或思想家，來談翻譯與文學，並藉由這些評論帶出作者自己的生平經歷，就知道為何作者要選擇這些作家與思想家為他書裡專門介紹的原因。"}, {"BOOKNAME": "曠世絕響：擂鼓墩曾侯乙墓發掘記", "ISBN": "9789571354675", "USER": "d**a1**", "CONTENT": "岳南之書不在於講述史學方法，而在於史實的挖掘過程與發展，從整歷史的建構中，活生生地告訴讀者，歷史絕非如此簡單，真正的考古乃在於親身挖掘當中，而非在紙上考古。時至今日，能將考古過程書寫之流利，岳南堪稱精彩第一人。"}, {"BOOKNAME": "大漠：遊牧民的世界史", "ISBN": "9789868782907", "USER": "ag****011", "CONTENT": "只能扮演農耕民分配給他們的角色&#x28;文明的破壞者&#x29;嗎？ 這本書從遊牧民的立場重新整理了我們熟知的『五胡亂華』、金遼元等等，給了我不同的觀點與認識，相當有趣！"}]