[{"BOOKNAME": "怕輻射，不如先補腦", "ISBN": "9789571365732", "USER": "cy*********816", "CONTENT": "作者以淺顯易懂並幽默的文字，敘述著一般人所陌生的輻射種類，光看到書名就挑起我的興趣，拜讀過後更是了解原來我們一直被未知的資訊所害怕著，你可能躲得很遠去微波東西?有過覺得講電話講太久腦會被烤熟?如果你也曾跟我做過一樣的事情，這本書絕對值得您一看喔!非常推薦"}, {"BOOKNAME": "給未來總統的能源課：頂尖物理學家眼中的能源真相", "ISBN": "9789865956813", "USER": "li****lun", "CONTENT": "當今能源議題乃享樂所造成，從釋放石化燃料以來，絕大多數人類由求溫飽到豐衣足食都拜億萬年前生物骨骸殘存之物，才百多年功夫，揮霍得開始影響到生活，故能源在作者專業判斷下是無虞的，只是怎樣取捨的政治問題。此書是給地大物博的美國總統建言，對臺灣來講一焦耳皆彌足珍貴除總統要努力國人亦要珍惜"}, {"BOOKNAME": "給未來總統的能源課：頂尖物理學家眼中的能源真相", "ISBN": "9789865956813", "USER": "li****lun", "CONTENT": "當今能源議題乃享樂所造成，從釋放石化燃料以來，絕大多數人類由求溫飽到豐衣足食都拜億萬年前生物骨骸殘存之物，才百多年功夫，揮霍得開始影響到生活，故能源在作者專業判斷下是無虞的，只是怎樣取捨的政治問題。此書是給地大物博的美國總統建言，對臺灣來講一焦耳皆彌足珍貴除總統要努力國人亦要珍惜"}]