[{"BOOKNAME": "小人物：我的爸爸是賈伯斯", "ISBN": "9789863985198", "USER": "el**irs", "CONTENT": "在父母失格的成長環境中，麗莎的遭遇讓人看了覺得心疼，書寫確實是與過去和解的一種方法，很高興她走過來了，帶給同樣成長過程的人一些希望。"}, {"BOOKNAME": "小人物：我的爸爸是賈伯斯", "ISBN": "9789863985198", "USER": "el**irs", "CONTENT": "在父母失格的成長環境中，麗莎的遭遇讓人看了覺得心疼，書寫確實是與過去和解的一種方法，很高興她走過來了，帶給同樣成長過程的人一些希望。"}, {"BOOKNAME": "垃圾場長大的自學人生：從社會邊緣到劍橋博士的震撼教育", "ISBN": "9789869720359", "USER": "gi*****hou", "CONTENT": "這是本很特別的書,這年代還有在這樣環境背景長大的人, 雖然是真實故事, 但好像在看小說, 流暢好閱讀. 看完覺得, 宗教的影響很強大,家庭教育的重要性,教育真的可改變一個人, 作者的經驗值得借鏡學習, 尤其是思考我們的下一代的教育問題."}, {"BOOKNAME": "成為這樣的我：蜜雪兒．歐巴馬", "ISBN": "9789867778444", "USER": "e5**945", "CONTENT": "對於作者，我們大部分的人都一定看過她，她是前美國總統夫人。但我對她的了解 是因為她穿了亞洲人設計衣服出席公開場合，而讓我對她感到好奇。進而去深入了解她，我喜歡她書中提倡的讀書是為了自己 讀書很重要 沒有哪個男孩帥到讓你放棄讀書 窮的人要得找方法讓我們去改變"}, {"BOOKNAME": "成為這樣的我：蜜雪兒．歐巴馬", "ISBN": "9789867778444", "USER": "e5**945", "CONTENT": "對於作者，我們大部分的人都一定看過她，她是前美國總統夫人。但我對她的了解 是因為她穿了亞洲人設計衣服出席公開場合，而讓我對她感到好奇。進而去深入了解她，我喜歡她書中提倡的讀書是為了自己 讀書很重要 沒有哪個男孩帥到讓你放棄讀書 窮的人要得找方法讓我們去改變"}, {"BOOKNAME": "復活師：傳奇醫師史賓賽．布萊克的失落秘典", "ISBN": "9789865688905", "USER": "la*917*", "CONTENT": "奇想生物醫學百科，非以文學或論文來記述而是少有的以近乎日記格式的解剖報告來闡述這奇幻且瘋狂的世界。如果對奇幻生物的描寫和構圖有興趣的話這也是本不錯參考書籍"}, {"BOOKNAME": "私密信件博物館：１２５封跨越時空的雋永書信", "ISBN": "9789862354919", "USER": "sh*****666", "CONTENT": "非常有趣的！當拿到書的時候，我再一次體會到只有實體書才能體會得到的趣味。書中內容的一封封信件內容，讓人窺視到別樣的歷史趣味，而且也再一次重拾寫信所帶來的獨特韻味。"}, {"BOOKNAME": "私密信件博物館：１２５封跨越時空的雋永書信", "ISBN": "9789862354919", "USER": "sh*****666", "CONTENT": "非常有趣的！當拿到書的時候，我再一次體會到只有實體書才能體會得到的趣味。書中內容的一封封信件內容，讓人窺視到別樣的歷史趣味，而且也再一次重拾寫信所帶來的獨特韻味。"}, {"BOOKNAME": "他改變了美國，也改變了世界：富蘭克林自傳", "ISBN": "9789868920965", "USER": "ge******************.tw", "CONTENT": "我在當兵那段時間讀《富蘭克林自傳》，在軍隊整日忙頭忙尾只有短短時間能讀書，富蘭克林是240年前的人物，他的人格特質便是－商人性格，理財務帳，熱於自學，周旋交際，抱持好奇心，思考驗證，自利利他。可以透過十三項品德表隨時檢視自我。"}, {"BOOKNAME": "無敵：林肯不以任何人為敵人，創造了連政敵都同心效力的團隊", "ISBN": "9789862133095", "USER": "cl***223", "CONTENT": "這是一本我看過的翻譯書裡面,最值得閱讀的一本好書,內容既生動又親切感人;作者對林肯的研究與史料的搜集上,花費了很多力氣與心血,讓我對林肯有更深一層的認識,且學習如何將林肯的精神應用於團隊之中。"}, {"BOOKNAME": "黑色吶喊", "ISBN": "9789866782268", "USER": "s1*****103", "CONTENT": "本書作者寫後殖民理論重要開創者之一，法農的一生，來看他如何在從法國到阿爾及利亞，從白人到黑人，以一身的實踐去完成他所企盼達成的理論。"}, {"BOOKNAME": "B.H.小報日記", "ISBN": "9789866996436", "USER": "my*******011", "CONTENT": "每周一篇關於感情的專欄讓布麗姬名聲大造，篇幅短短的章節輕快帶動布麗姬的生活，不禁讓我想起慾望城市的凱利。布蕾蕭！對於短線接長線的故事我都會想它拍成影集一定很不錯！為了追看布麗姬的生活，會忍不住繼續翻閱（很像生活日記的書都會引發令人想窺探究竟）"}, {"BOOKNAME": "富蘭克林自傳（傳記叢刊）", "ISBN": "9789576006814", "USER": "jt*su1*", "CONTENT": "「從天空抓住雷電，從專制手中奪回權力」的富蘭克林，抱持高度求知興趣，自修精進、熱愛工作，乃至有成。以「13項美德修養」自我要求，朝向道德的無暇。全書最精彩的，是他十幾歲那年孤身在費城下船，舉目無親，又髒又累，身上只有一塊錢的那段。現代的年輕人應該一讀，有助於增加人生奮鬥的勇氣。"}, {"BOOKNAME": "史懷哲傳", "ISBN": "9789575451523", "USER": "so****345", "CONTENT": "史懷哲在年輕的時候成績並不太好，但是努力奮發向上後得到一番好成績。他也感嘆歐洲人帶給非洲人的苦難，於是決定幫助他們，沒想到一幫就幫到臨終前，我非常佩服。"}, {"BOOKNAME": "對不起，來不及陪你長大", "ISBN": "9789578037625", "USER": "ha**100", "CONTENT": "當時因為特價而買了這本書。光是簡介的部分，就讓我覺得要開始流淚了。查爾斯是個軍人，他去了非常危險的伊拉克戰場。戰爭讓他們家庭粉碎，查爾斯不會再回來了，雖然查爾斯去逝時，喬登還很小，不過卻好像明白是怎麼回事。這本書真的很令人感動。"}, {"BOOKNAME": "對不起，來不及陪你長大", "ISBN": "9789578037625", "USER": "ha**100", "CONTENT": "當時因為特價而買了這本書。光是簡介的部分，就讓我覺得要開始流淚了。查爾斯是個軍人，他去了非常危險的伊拉克戰場。戰爭讓他們家庭粉碎，查爾斯不會再回來了，雖然查爾斯去逝時，喬登還很小，不過卻好像明白是怎麼回事。這本書真的很令人感動。"}, {"BOOKNAME": "對不起，來不及陪你長大", "ISBN": "9789578037625", "USER": "ha**100", "CONTENT": "當時因為特價而買了這本書。光是簡介的部分，就讓我覺得要開始流淚了。查爾斯是個軍人，他去了非常危險的伊拉克戰場。戰爭讓他們家庭粉碎，查爾斯不會再回來了，雖然查爾斯去逝時，喬登還很小，不過卻好像明白是怎麼回事。這本書真的很令人感動。"}, {"BOOKNAME": "邱吉爾：樂在危險的人生", "ISBN": "9789866723292", "USER": "se*******chu", "CONTENT": "對邱吉爾有兩個印象:一個帶領英國度過二次大戰的了不起卻又頗具爭議的政治家,諾貝爾文學獎得主。雖然一直對他充滿興趣,但一直找不到一本好的中文自傳。而這本書雖然薄薄的一本,卻能很快的讓讀者對邱吉爾的生平及性格有個概略的瞭解。是個快速入門的好書。喔,書裡還說,他是個畫家！"}, {"BOOKNAME": "我的家在蜜糖灣", "ISBN": "9789867247896", "USER": "hc*135*", "CONTENT": "這是作者獨一無二的成長傳記，也是一本關於賴比瑞亞的立國血淚史。透過海倫平實的筆觸，也讓全球的人認識賴比瑞亞這個國家並引以為鏡。不論族群我們都該珍惜當下，捨棄成見及歷史包袱，一起為這片土地打拼，國家認同不該只是淪為口號，社會安定才是人民真正最期望的。"}, {"BOOKNAME": "趣味橫生的時光：我的二十世紀人生", "ISBN": "9789866723070", "USER": "s1*****103", "CONTENT": "本書是作者藉由自傳的方式，不同他《極端的年代》，回顧他所身存的二十世紀，一個最為動盪的世紀，由自身從內而外的去看整個世界的變盪。"}, {"BOOKNAME": "天才數學家的秘密賭局", "ISBN": "9789578036772", "USER": "ge******************.tw", "CONTENT": "書名使人誤解為純粹的賭博，原名「擊敗賭場和華爾街的科學博彩系統，鮮為人知的故事」，在說數學家探索《概率論》的階段過程。佳句：有利的賭注叫投資，不利的賭注叫賭博。"}, {"BOOKNAME": "那些人－那些事－安潔莉娜.裘莉親善大", "ISBN": "9789867247070", "USER": "ny*ia5*", "CONTENT": "這是一本好書，至少是一本可以讓我們除了生活之外，還可以再進一步去思考點什麼的書，安潔平淡的字句下，雖沒有華麗的文藻包裝，但反而凸顯出一種赤裸裸的力量來。有時候會讓我驚訝於人們的生活是那樣脆弱，卻又堅強的令人不可思議。"}, {"BOOKNAME": "深入非洲三萬里－李文斯頓傳", "ISBN": "9789575877767", "USER": "h**ra**", "CONTENT": "一個醫生，為著上帝給他的呼召，願意到一個完全陌生落後沒有人願意去關心的黑暗大陸，在那裏，他的愛在變成點點燈火，照亮了許多人的世界！當我們不如意的時候，可以看看這本書，或許我們該當思索的不是我們現在欠缺了什麼，而是我們還可以給予他人什麼。"}, {"BOOKNAME": "兄弟相愛撼山河：威伯福斯與克拉朋聯盟", "ISBN": "9789575875121", "USER": "h**ra**", "CONTENT": "現今政壇的亂象，不經令人想找出模範的政治人物風範。無獨有偶的，國外花了10編撰了&quot;奇異恩典&quot;這部電影，跟張教授的這本書共同敘述著可稱為是全世界政壇典範者威伯福斯的故事。這些無私的人為民付出一次又一次的感動著人心，真心的希望，有人能發起送把這本書送給所有當政者！"}, {"BOOKNAME": "安妮的日記", "ISBN": "9789579553179", "USER": "ka****920", "CONTENT": "從安妮直言不諱卻真情流露的字字句句中，可以得知她想要被了解的渴望。她想褪去嘻皮笑臉的安妮，化為成熟認真的安妮，並使人接受，不對她產生懷疑與輕視。安妮在密室裡孤單而絕望，晚上常常蜷縮在床邊哭泣。隨著時光的消逝，她漸漸明白自己必須念書才不會無知，必須好好的活下去。"}]