[{"BOOKNAME": "令人著迷的生與死：耶魯大學最受歡迎的哲學課", "ISBN": "9789861342573", "USER": "sh*****666", "CONTENT": "我個人非常喜歡思考關於生死的議題，而此書讓我能夠更加深入去思考所謂的生命、死亡與活著，透過哲學理論，對於生與死又有了不同方向的思考方式。"}, {"BOOKNAME": "偽理性：走出科學神話、經濟迷思與體制牢籠，解救現代人孤獨、焦慮、迷惘的哲學處方箋", "ISBN": "9789869798334", "USER": "p8***939", "CONTENT": "站在巨人的肩膀上，你可以看得更遠！哲學對大部分沒有接觸過的人而言，是難的。但在作者的這本書以及演講中，開啟了我對哲學前所未有的興趣。傳授知識是容易的，引起學習動機永遠最難，這本書的作者，就有這樣的魅力。"}, {"BOOKNAME": "物體系", "ISBN": "9789863445869", "USER": "s1*****103", "CONTENT": "布希亞的經典作，在資本主義下，所有的物從實用價值轉換到交換價值，使得物不再是物，而是一套建構在體系下的玩物，甚至連人本身都成了這體系下的玩物。"}, {"BOOKNAME": "哲學的40堂公開課：從「提問的人」蘇格拉底到電腦之父圖靈，與大師一起漫步的哲學小旅程", "ISBN": "9789865671099", "USER": "de****140", "CONTENT": "這本書對於喜歡哲學或是有這麼一點好奇心的人是很適合的，書中的40個章節都有著不同的觀點，也許不是所有都可以認同，但確實替自己打開另一道門，用不同角度看這個世界，然後根據自己有興趣深究的觀點，再繼續深掘下去，我想這是這本書最大的作用。"}, {"BOOKNAME": "哲學的40堂公開課：從「提問的人」蘇格拉底到電腦之父圖靈，與大師一起漫步的哲學小旅程", "ISBN": "9789865671099", "USER": "de****140", "CONTENT": "這本書對於喜歡哲學或是有這麼一點好奇心的人是很適合的，書中的40個章節都有著不同的觀點，也許不是所有都可以認同，但確實替自己打開另一道門，用不同角度看這個世界，然後根據自己有興趣深究的觀點，再繼續深掘下去，我想這是這本書最大的作用。"}, {"BOOKNAME": "哲學的40堂公開課：從「提問的人」蘇格拉底到電腦之父圖靈，與大師一起漫步的哲學小旅程", "ISBN": "9789865671099", "USER": "de****140", "CONTENT": "這本書對於喜歡哲學或是有這麼一點好奇心的人是很適合的，書中的40個章節都有著不同的觀點，也許不是所有都可以認同，但確實替自己打開另一道門，用不同角度看這個世界，然後根據自己有興趣深究的觀點，再繼續深掘下去，我想這是這本書最大的作用。"}, {"BOOKNAME": "行為的藝術：52個非受迫性行為偏誤", "ISBN": "9789862723807", "USER": "yu***605", "CONTENT": "思考的藝術和行為的藝術~這兩本書是我這輩子為二~一讀再讀的書!作者~筆鋒犀利~幽默睿智~深入淺出~毫無贅言~超完美!!!"}, {"BOOKNAME": "行為的藝術：52個非受迫性行為偏誤", "ISBN": "9789862723807", "USER": "yu***605", "CONTENT": "思考的藝術和行為的藝術~這兩本書是我這輩子為二~一讀再讀的書!作者~筆鋒犀利~幽默睿智~深入淺出~毫無贅言~超完美!!!"}, {"BOOKNAME": "行為的藝術：52個非受迫性行為偏誤", "ISBN": "9789862723807", "USER": "yu***605", "CONTENT": "思考的藝術和行為的藝術~這兩本書是我這輩子為二~一讀再讀的書!作者~筆鋒犀利~幽默睿智~深入淺出~毫無贅言~超完美!!!"}, {"BOOKNAME": "行為的藝術：52個非受迫性行為偏誤", "ISBN": "9789862723807", "USER": "yu***605", "CONTENT": "思考的藝術和行為的藝術~這兩本書是我這輩子為二~一讀再讀的書!作者~筆鋒犀利~幽默睿智~深入淺出~毫無贅言~超完美!!!"}, {"BOOKNAME": "拯救悲傷的一年：追憶後治癒，我這樣找回了我自己", "ISBN": "9789579199858", "USER": "ir*************com", "CONTENT": "這讀書會選書太哲學高深，對我來說相當難懂。我想作者的方式是適合文青的，讀者不用完全仿效，找出適合自己的思考靜心方式就行。 我覺得真正起作用的，還是這群朋友互相給予支持，追求生活的意義，才是最大的能量。"}, {"BOOKNAME": "拯救悲傷的一年：追憶後治癒，我這樣找回了我自己", "ISBN": "9789579199858", "USER": "ir*************com", "CONTENT": "這讀書會選書太哲學高深，對我來說相當難懂。我想作者的方式是適合文青的，讀者不用完全仿效，找出適合自己的思考靜心方式就行。 我覺得真正起作用的，還是這群朋友互相給予支持，追求生活的意義，才是最大的能量。"}, {"BOOKNAME": "拯救悲傷的一年：追憶後治癒，我這樣找回了我自己", "ISBN": "9789579199858", "USER": "ir*************com", "CONTENT": "這讀書會選書太哲學高深，對我來說相當難懂。我想作者的方式是適合文青的，讀者不用完全仿效，找出適合自己的思考靜心方式就行。 我覺得真正起作用的，還是這群朋友互相給予支持，追求生活的意義，才是最大的能量。"}, {"BOOKNAME": "拯救悲傷的一年：追憶後治癒，我這樣找回了我自己", "ISBN": "9789579199858", "USER": "ir*************com", "CONTENT": "這讀書會選書太哲學高深，對我來說相當難懂。我想作者的方式是適合文青的，讀者不用完全仿效，找出適合自己的思考靜心方式就行。 我覺得真正起作用的，還是這群朋友互相給予支持，追求生活的意義，才是最大的能量。"}, {"BOOKNAME": "拯救悲傷的一年：追憶後治癒，我這樣找回了我自己", "ISBN": "9789579199858", "USER": "ir*************com", "CONTENT": "這讀書會選書太哲學高深，對我來說相當難懂。我想作者的方式是適合文青的，讀者不用完全仿效，找出適合自己的思考靜心方式就行。 我覺得真正起作用的，還是這群朋友互相給予支持，追求生活的意義，才是最大的能量。"}, {"BOOKNAME": "拯救悲傷的一年：追憶後治癒，我這樣找回了我自己", "ISBN": "9789579199858", "USER": "ir*************com", "CONTENT": "這讀書會選書太哲學高深，對我來說相當難懂。我想作者的方式是適合文青的，讀者不用完全仿效，找出適合自己的思考靜心方式就行。 我覺得真正起作用的，還是這群朋友互相給予支持，追求生活的意義，才是最大的能量。"}, {"BOOKNAME": "拯救悲傷的一年：追憶後治癒，我這樣找回了我自己", "ISBN": "9789579199858", "USER": "ir*************com", "CONTENT": "這讀書會選書太哲學高深，對我來說相當難懂。我想作者的方式是適合文青的，讀者不用完全仿效，找出適合自己的思考靜心方式就行。 我覺得真正起作用的，還是這群朋友互相給予支持，追求生活的意義，才是最大的能量。"}, {"BOOKNAME": "拯救悲傷的一年：追憶後治癒，我這樣找回了我自己", "ISBN": "9789579199858", "USER": "ir*************com", "CONTENT": "這讀書會選書太哲學高深，對我來說相當難懂。我想作者的方式是適合文青的，讀者不用完全仿效，找出適合自己的思考靜心方式就行。 我覺得真正起作用的，還是這群朋友互相給予支持，追求生活的意義，才是最大的能量。"}, {"BOOKNAME": "拯救悲傷的一年：追憶後治癒，我這樣找回了我自己", "ISBN": "9789579199858", "USER": "ir*************com", "CONTENT": "這讀書會選書太哲學高深，對我來說相當難懂。我想作者的方式是適合文青的，讀者不用完全仿效，找出適合自己的思考靜心方式就行。 我覺得真正起作用的，還是這群朋友互相給予支持，追求生活的意義，才是最大的能量。"}, {"BOOKNAME": "拯救悲傷的一年：追憶後治癒，我這樣找回了我自己", "ISBN": "9789579199858", "USER": "ir*************com", "CONTENT": "這讀書會選書太哲學高深，對我來說相當難懂。我想作者的方式是適合文青的，讀者不用完全仿效，找出適合自己的思考靜心方式就行。 我覺得真正起作用的，還是這群朋友互相給予支持，追求生活的意義，才是最大的能量。"}, {"BOOKNAME": "拯救悲傷的一年：追憶後治癒，我這樣找回了我自己", "ISBN": "9789579199858", "USER": "ir*************com", "CONTENT": "這讀書會選書太哲學高深，對我來說相當難懂。我想作者的方式是適合文青的，讀者不用完全仿效，找出適合自己的思考靜心方式就行。 我覺得真正起作用的，還是這群朋友互相給予支持，追求生活的意義，才是最大的能量。"}, {"BOOKNAME": "拯救悲傷的一年：追憶後治癒，我這樣找回了我自己", "ISBN": "9789579199858", "USER": "ir*************com", "CONTENT": "這讀書會選書太哲學高深，對我來說相當難懂。我想作者的方式是適合文青的，讀者不用完全仿效，找出適合自己的思考靜心方式就行。 我覺得真正起作用的，還是這群朋友互相給予支持，追求生活的意義，才是最大的能量。"}, {"BOOKNAME": "拯救悲傷的一年：追憶後治癒，我這樣找回了我自己", "ISBN": "9789579199858", "USER": "ir*************com", "CONTENT": "這讀書會選書太哲學高深，對我來說相當難懂。我想作者的方式是適合文青的，讀者不用完全仿效，找出適合自己的思考靜心方式就行。 我覺得真正起作用的，還是這群朋友互相給予支持，追求生活的意義，才是最大的能量。"}, {"BOOKNAME": "拯救悲傷的一年：追憶後治癒，我這樣找回了我自己", "ISBN": "9789579199858", "USER": "ir*************com", "CONTENT": "這讀書會選書太哲學高深，對我來說相當難懂。我想作者的方式是適合文青的，讀者不用完全仿效，找出適合自己的思考靜心方式就行。 我覺得真正起作用的，還是這群朋友互相給予支持，追求生活的意義，才是最大的能量。"}, {"BOOKNAME": "草思", "ISBN": "9789869346283", "USER": "a1*8tw*", "CONTENT": "草思對太極拳，有心之平靜，有大自然生氣活潑之寧靜，有舞動中優雅之靜，亦有運動中意氣之靜。太極拳至柔而不剛，隨曲就伸，力氣之堅硬由肌肉致，非由骨架；操拳，意全在腰，此用意之內在，在手即意已向外，非純然收歛。意在體內，非在體外。太極拳之行意。"}, {"BOOKNAME": "平凡的邪惡：艾希曼耶路撒冷大審紀實", "ISBN": "9789862940570", "USER": "s1*****103", "CONTENT": "本書是漢娜鄂蘭的經典作，為何當初納粹做了這樣大的種族屠殺，正常有良心的人都應該不會遵從，那為何當初那麼多人成了納粹的幫兇？本書就是在探討這一點，而這也是人心潛藏的恐怖。"}, {"BOOKNAME": "傅柯：危險哲學家", "ISBN": "9789861218137", "USER": "s1*****103", "CONTENT": "本書從傅柯探討歷史、權力與社會的面向去告訴讀者，為何傅柯是一位「危險哲學家」，而他的「危險」，又如何了影響後人對這三個面向的深入探討。"}, {"BOOKNAME": "疾病的隱喻", "ISBN": "9789861738086", "USER": "s1*****103", "CONTENT": "人們對疾病的想像，總是恐怖的，而現代又以癌症與愛滋病兩種絕症最為被人們汙名化，桑塔格藉由此書除魅化，將疾病回歸於疾病本身，而不再看那傳言所塑造的疾病與病人形象。"}, {"BOOKNAME": "旁觀他人之痛苦", "ISBN": "9789861736396", "USER": "s1*****103", "CONTENT": "桑塔格繼《論攝影》之後，又一本談照片與攝影的書，而且本書雖然談照片與攝影，卻刻意不放任何的圖片，好讓讀者能真正將焦點放在她如何講述她如何看待這些照片與其批判。"}, {"BOOKNAME": "旁觀他人之痛苦", "ISBN": "9789861736396", "USER": "s1*****103", "CONTENT": "桑塔格繼《論攝影》之後，又一本談照片與攝影的書，而且本書雖然談照片與攝影，卻刻意不放任何的圖片，好讓讀者能真正將焦點放在她如何講述她如何看待這些照片與其批判。"}, {"BOOKNAME": "在資本主義帶來浩劫時，聆聽馬克思：還原馬克思，讀懂《資本論》", "ISBN": "9789866118623", "USER": "cc*****001", "CONTENT": "了解馬克思思想之重要著作，在現今已經無法控制的資本主義時代中，可以了解馬克思是如何預知未來，並且知道資本主義是如何一步一步的修正，連沒有讀過經濟學的讀者都能清楚了解馬克思對於資本主義的解讀與批判。"}, {"BOOKNAME": "在資本主義帶來浩劫時，聆聽馬克思：還原馬克思，讀懂《資本論》", "ISBN": "9789866118623", "USER": "cc*****001", "CONTENT": "了解馬克思思想之重要著作，在現今已經無法控制的資本主義時代中，可以了解馬克思是如何預知未來，並且知道資本主義是如何一步一步的修正，連沒有讀過經濟學的讀者都能清楚了解馬克思對於資本主義的解讀與批判。"}]