[{"BOOKNAME": "解開生命之謎：運用量子生物學，揭開生命起源與真相的前衛科學", "ISBN": "9789863425823", "USER": "l**ke**", "CONTENT": "複雜而奧妙的量子力學,對一般人而言,算是只可遠觀而不可褻玩焉,甚至連遠觀的機會都很少,而作者結合科學與哲學利用相對簡單的方法來描述量子世界與生命中各種複雜機構的聯結,有大開眼界之感,也對生命本身有著更深刻的崇敬~"}, {"BOOKNAME": "沒有人懂量子力學？原子中的幽靈", "ISBN": "9789862620311", "USER": "s1*****103", "CONTENT": "量子力學，是現代物理的重要支柱之一，也跟自由意志有著密切的關係，愛因斯坦曾說：「上帝部會跟我們玩骰子遊戲。」費曼也曾說：「沒有人懂量子力學。」兩個物理大師都認為粒子力學有其之難處，因此本書希望透過較輕鬆的方式，將量子力學介紹給一般的讀者，讓我們也有機會一窺量子力學之奧祕。"}, {"BOOKNAME": "上帝擲骰子嗎-量子物理史話", "ISBN": "9789867024213", "USER": "sa******520", "CONTENT": "本書歷屆的國際物理學大會描寫成宛如一場又一場的武林大會，物理學大師們不斷提出新論挑戰盟主，在激烈的論戰中屢敗屢戰，終成一代宗師。"}]