[{"BOOKNAME": "商事法（第七版）", "ISBN": "9789865030636", "USER": "ge******************.tw", "CONTENT": "吳威志、李岳牧、王俊人版本的《商事法》是我大學商事法課程的指定教科書，當年我看的是第六版，編排適合給商管類群的人士閱讀，每一段小章節最後會附有習題，重點段落亦有註釋。"}, {"BOOKNAME": "圖解智慧財產權", "ISBN": "9789571180809", "USER": "ts****708", "CONTENT": "《圖解智慧財產權》為何無79折優惠?別家都打79折，貴書局書籍數量有限價格又無相對優惠，若無特別優惠消費者如何選擇蔽書局購買呢？"}, {"BOOKNAME": "新學林分科六法-土地法規(14版)", "ISBN": "9789862951279", "USER": "ma*****001", "CONTENT": "因為考地政士而買此本法典,結果對法條的內容編排非常驚豔!我非常喜愛此本在幾個重要的土地法規中,在每個條文下列出民法或其它相關的條文.讓我能在背條文的同時一併對照做比較.有釋字號或大法官解釋文的也會一併列出.讓第一次接觸土地法的我很快了解背後的立法精神.唯一缺點是紙薄書寫得秀氣點囉"}]