[{"BOOKNAME": "如何考公職搶鐵飯碗？", "ISBN": "9789570841862", "USER": "zo***350", "CONTENT": "這本書提供許多考試的技巧及方法，讀起來不會很無趣。還附有名言佳句。可以勵志人!念書技巧在個人!懂得實行才重要"}, {"BOOKNAME": "考典2：國考、公職、銀行、研究所、各類證照、國營事業必勝全攻略", "ISBN": "9789862726716", "USER": "bu***112", "CONTENT": "這本書當中的內容真是令人有意想不到的實用，原本以為只是ㄧ本說說讓人如何考試考上的策略書，但其內容不僅僅是有策略也有實際教人如何寫才寫的好的方法，這本書對即將面臨大考的人而言是ㄧ本不錯的策略書！"}, {"BOOKNAME": "考典2：國考、公職、銀行、研究所、各類證照、國營事業必勝全攻略", "ISBN": "9789862726716", "USER": "bu***112", "CONTENT": "這本書當中的內容真是令人有意想不到的實用，原本以為只是ㄧ本說說讓人如何考試考上的策略書，但其內容不僅僅是有策略也有實際教人如何寫才寫的好的方法，這本書對即將面臨大考的人而言是ㄧ本不錯的策略書！"}, {"BOOKNAME": "考典2：國考、公職、銀行、研究所、各類證照、國營事業必勝全攻略", "ISBN": "9789862726716", "USER": "bu***112", "CONTENT": "這本書當中的內容真是令人有意想不到的實用，原本以為只是ㄧ本說說讓人如何考試考上的策略書，但其內容不僅僅是有策略也有實際教人如何寫才寫的好的方法，這本書對即將面臨大考的人而言是ㄧ本不錯的策略書！"}, {"BOOKNAME": "考典2：國考、公職、銀行、研究所、各類證照、國營事業必勝全攻略", "ISBN": "9789862726716", "USER": "bu***112", "CONTENT": "這本書當中的內容真是令人有意想不到的實用，原本以為只是ㄧ本說說讓人如何考試考上的策略書，但其內容不僅僅是有策略也有實際教人如何寫才寫的好的方法，這本書對即將面臨大考的人而言是ㄧ本不錯的策略書！"}, {"BOOKNAME": "考典：國考、公職、銀行、證照、國營事業、研究所的萬用備考法", "ISBN": "9789862724606", "USER": "sh********403", "CONTENT": "這本與考典２所建議準備考試的方法差不多，但是若想要更詳細的介紹，應該還是要兩本都購買，才能掌握它所交的萬用備考法。"}, {"BOOKNAME": "嘆薇觀止：Dr.Betty的國考英文破題書(高普初考、各類特考、國營事業考試均適用)(好評全新改版)", "ISBN": "4712933093276", "USER": "be*********888", "CONTENT": "這本書內容真的包含所有考試題型 真的是搶分的一本書 而且設計的很賞心悅目 還有同學推薦我買這本書 救了我的蔡英文"}, {"BOOKNAME": "嘆薇觀止：Dr.Betty的國考英文破題書(高普初考、各類特考、國營事業考試均適用)(好評全新改版)", "ISBN": "4712933093276", "USER": "be*********888", "CONTENT": "這本書內容真的包含所有考試題型 真的是搶分的一本書 而且設計的很賞心悅目 還有同學推薦我買這本書 救了我的蔡英文"}, {"BOOKNAME": "嘆薇觀止：Dr.Betty的國考英文破題書(高普初考、各類特考、國營事業考試均適用)(好評全新改版)", "ISBN": "4712933093276", "USER": "be*********888", "CONTENT": "這本書內容真的包含所有考試題型 真的是搶分的一本書 而且設計的很賞心悅目 還有同學推薦我買這本書 救了我的蔡英文"}, {"BOOKNAME": "嘆薇觀止：Dr.Betty的國考英文破題書(高普初考、各類特考、國營事業考試均適用)(好評全新改版)", "ISBN": "4712933093276", "USER": "be*********888", "CONTENT": "這本書內容真的包含所有考試題型 真的是搶分的一本書 而且設計的很賞心悅目 還有同學推薦我買這本書 救了我的蔡英文"}, {"BOOKNAME": "嘆薇觀止：Dr.Betty的國考英文破題書(高普初考、各類特考、國營事業考試均適用)(好評全新改版)", "ISBN": "4712933093276", "USER": "be*********888", "CONTENT": "這本書內容真的包含所有考試題型 真的是搶分的一本書 而且設計的很賞心悅目 還有同學推薦我買這本書 救了我的蔡英文"}, {"BOOKNAME": "嘆薇觀止：Dr.Betty的國考英文破題書(高普初考、各類特考、國營事業考試均適用)(好評全新改版)", "ISBN": "4712933093276", "USER": "be*********888", "CONTENT": "這本書內容真的包含所有考試題型 真的是搶分的一本書 而且設計的很賞心悅目 還有同學推薦我買這本書 救了我的蔡英文"}, {"BOOKNAME": "嘆薇觀止：Dr.Betty的國考英文破題書(高普初考、各類特考、國營事業考試均適用)(好評全新改版)", "ISBN": "4712933093276", "USER": "be*********888", "CONTENT": "這本書內容真的包含所有考試題型 真的是搶分的一本書 而且設計的很賞心悅目 還有同學推薦我買這本書 救了我的蔡英文"}, {"BOOKNAME": "嘆薇觀止：Dr.Betty的國考英文破題書(高普初考、各類特考、國營事業考試均適用)(好評全新改版)", "ISBN": "4712933093276", "USER": "be*********888", "CONTENT": "這本書內容真的包含所有考試題型 真的是搶分的一本書 而且設計的很賞心悅目 還有同學推薦我買這本書 救了我的蔡英文"}, {"BOOKNAME": "嘆薇觀止：Dr.Betty的國考英文破題書(高普初考、各類特考、國營事業考試均適用)(好評全新改版)", "ISBN": "4712933093276", "USER": "be*********888", "CONTENT": "這本書內容真的包含所有考試題型 真的是搶分的一本書 而且設計的很賞心悅目 還有同學推薦我買這本書 救了我的蔡英文"}, {"BOOKNAME": "嘆薇觀止：Dr.Betty的國考英文破題書(高普初考、各類特考、國營事業考試均適用)(好評全新改版)", "ISBN": "4712933093276", "USER": "be*********888", "CONTENT": "這本書內容真的包含所有考試題型 真的是搶分的一本書 而且設計的很賞心悅目 還有同學推薦我買這本書 救了我的蔡英文"}, {"BOOKNAME": "嘆薇觀止：Dr.Betty的國考英文破題書(高普初考、各類特考、國營事業考試均適用)(好評全新改版)", "ISBN": "4712933093276", "USER": "be*********888", "CONTENT": "這本書內容真的包含所有考試題型 真的是搶分的一本書 而且設計的很賞心悅目 還有同學推薦我買這本書 救了我的蔡英文"}, {"BOOKNAME": "嘆薇觀止：Dr.Betty的國考英文破題書(高普初考、各類特考、國營事業考試均適用)(好評全新改版)", "ISBN": "4712933093276", "USER": "be*********888", "CONTENT": "這本書內容真的包含所有考試題型 真的是搶分的一本書 而且設計的很賞心悅目 還有同學推薦我買這本書 救了我的蔡英文"}, {"BOOKNAME": "嘆薇觀止：Dr.Betty的國考英文破題書(高普初考、各類特考、國營事業考試均適用)(好評全新改版)", "ISBN": "4712933093276", "USER": "be*********888", "CONTENT": "這本書內容真的包含所有考試題型 真的是搶分的一本書 而且設計的很賞心悅目 還有同學推薦我買這本書 救了我的蔡英文"}, {"BOOKNAME": "嘆薇觀止：Dr.Betty的國考英文破題書(高普初考、各類特考、國營事業考試均適用)(好評全新改版)", "ISBN": "4712933093276", "USER": "be*********888", "CONTENT": "這本書內容真的包含所有考試題型 真的是搶分的一本書 而且設計的很賞心悅目 還有同學推薦我買這本書 救了我的蔡英文"}, {"BOOKNAME": "嘆薇觀止：Dr.Betty的國考英文破題書(高普初考、各類特考、國營事業考試均適用)(好評全新改版)", "ISBN": "4712933093276", "USER": "be*********888", "CONTENT": "這本書內容真的包含所有考試題型 真的是搶分的一本書 而且設計的很賞心悅目 還有同學推薦我買這本書 救了我的蔡英文"}, {"BOOKNAME": "嘆薇觀止：Dr.Betty的國考英文破題書(高普初考、各類特考、國營事業考試均適用)(好評全新改版)", "ISBN": "4712933093276", "USER": "be*********888", "CONTENT": "這本書內容真的包含所有考試題型 真的是搶分的一本書 而且設計的很賞心悅目 還有同學推薦我買這本書 救了我的蔡英文"}, {"BOOKNAME": "嘆薇觀止：Dr.Betty的國考英文破題書(高普初考、各類特考、國營事業考試均適用)(好評全新改版)", "ISBN": "4712933093276", "USER": "be*********888", "CONTENT": "這本書內容真的包含所有考試題型 真的是搶分的一本書 而且設計的很賞心悅目 還有同學推薦我買這本書 救了我的蔡英文"}, {"BOOKNAME": "嘆薇觀止：Dr.Betty的國考英文破題書(高普初考、各類特考、國營事業考試均適用)(好評全新改版)", "ISBN": "4712933093276", "USER": "be*********888", "CONTENT": "這本書內容真的包含所有考試題型 真的是搶分的一本書 而且設計的很賞心悅目 還有同學推薦我買這本書 救了我的蔡英文"}, {"BOOKNAME": "嘆薇觀止：Dr.Betty的國考英文破題書(高普初考、各類特考、國營事業考試均適用)(好評全新改版)", "ISBN": "4712933093276", "USER": "be*********888", "CONTENT": "這本書內容真的包含所有考試題型 真的是搶分的一本書 而且設計的很賞心悅目 還有同學推薦我買這本書 救了我的蔡英文"}, {"BOOKNAME": "嘆薇觀止：Dr.Betty的國考英文破題書(高普初考、各類特考、國營事業考試均適用)(好評全新改版)", "ISBN": "4712933093276", "USER": "be*********888", "CONTENT": "這本書內容真的包含所有考試題型 真的是搶分的一本書 而且設計的很賞心悅目 還有同學推薦我買這本書 救了我的蔡英文"}, {"BOOKNAME": "嘆薇觀止：Dr.Betty的國考英文隨身書", "ISBN": "4712933093283", "USER": "be*********888", "CONTENT": "這本書針的內容很豐富 小小一本讓我讀起來沒有壓力 書的單字片語會話 考試都考出來了 太感謝了 支持這本書 讚"}, {"BOOKNAME": "嘆薇觀止：Dr.Betty的國考英文隨身書", "ISBN": "4712933093283", "USER": "be*********888", "CONTENT": "這本書針的內容很豐富 小小一本讓我讀起來沒有壓力 書的單字片語會話 考試都考出來了 太感謝了 支持這本書 讚"}, {"BOOKNAME": "嘆薇觀止：Dr.Betty的國考英文隨身書", "ISBN": "4712933093283", "USER": "be*********888", "CONTENT": "這本書針的內容很豐富 小小一本讓我讀起來沒有壓力 書的單字片語會話 考試都考出來了 太感謝了 支持這本書 讚"}, {"BOOKNAME": "嘆薇觀止：Dr.Betty的國考英文隨身書", "ISBN": "4712933093283", "USER": "be*********888", "CONTENT": "這本書針的內容很豐富 小小一本讓我讀起來沒有壓力 書的單字片語會話 考試都考出來了 太感謝了 支持這本書 讚"}, {"BOOKNAME": "嘆薇觀止：Dr.Betty的國考英文隨身書", "ISBN": "4712933093283", "USER": "be*********888", "CONTENT": "這本書針的內容很豐富 小小一本讓我讀起來沒有壓力 書的單字片語會話 考試都考出來了 太感謝了 支持這本書 讚"}, {"BOOKNAME": "嘆薇觀止：Dr.Betty的國考英文隨身書", "ISBN": "4712933093283", "USER": "be*********888", "CONTENT": "這本書針的內容很豐富 小小一本讓我讀起來沒有壓力 書的單字片語會話 考試都考出來了 太感謝了 支持這本書 讚"}, {"BOOKNAME": "嘆薇觀止：Dr.Betty的國考英文隨身書", "ISBN": "4712933093283", "USER": "be*********888", "CONTENT": "這本書針的內容很豐富 小小一本讓我讀起來沒有壓力 書的單字片語會話 考試都考出來了 太感謝了 支持這本書 讚"}, {"BOOKNAME": "嘆薇觀止：Dr.Betty的國考英文隨身書", "ISBN": "4712933093283", "USER": "be*********888", "CONTENT": "這本書針的內容很豐富 小小一本讓我讀起來沒有壓力 書的單字片語會話 考試都考出來了 太感謝了 支持這本書 讚"}, {"BOOKNAME": "嘆薇觀止：Dr.Betty的國考英文隨身書", "ISBN": "4712933093283", "USER": "be*********888", "CONTENT": "這本書針的內容很豐富 小小一本讓我讀起來沒有壓力 書的單字片語會話 考試都考出來了 太感謝了 支持這本書 讚"}, {"BOOKNAME": "嘆薇觀止：Dr.Betty的國考英文隨身書", "ISBN": "4712933093283", "USER": "be*********888", "CONTENT": "這本書針的內容很豐富 小小一本讓我讀起來沒有壓力 書的單字片語會話 考試都考出來了 太感謝了 支持這本書 讚"}, {"BOOKNAME": "嘆薇觀止：Dr.Betty的國考英文隨身書", "ISBN": "4712933093283", "USER": "be*********888", "CONTENT": "這本書針的內容很豐富 小小一本讓我讀起來沒有壓力 書的單字片語會話 考試都考出來了 太感謝了 支持這本書 讚"}, {"BOOKNAME": "嘆薇觀止：Dr.Betty的國考英文隨身書", "ISBN": "4712933093283", "USER": "be*********888", "CONTENT": "這本書針的內容很豐富 小小一本讓我讀起來沒有壓力 書的單字片語會話 考試都考出來了 太感謝了 支持這本書 讚"}, {"BOOKNAME": "嘆薇觀止：Dr.Betty的國考英文隨身書", "ISBN": "4712933093283", "USER": "be*********888", "CONTENT": "這本書針的內容很豐富 小小一本讓我讀起來沒有壓力 書的單字片語會話 考試都考出來了 太感謝了 支持這本書 讚"}, {"BOOKNAME": "嘆薇觀止：Dr.Betty的國考英文隨身書", "ISBN": "4712933093283", "USER": "be*********888", "CONTENT": "這本書針的內容很豐富 小小一本讓我讀起來沒有壓力 書的單字片語會話 考試都考出來了 太感謝了 支持這本書 讚"}, {"BOOKNAME": "嘆薇觀止：Dr.Betty的國考英文隨身書", "ISBN": "4712933093283", "USER": "be*********888", "CONTENT": "這本書針的內容很豐富 小小一本讓我讀起來沒有壓力 書的單字片語會話 考試都考出來了 太感謝了 支持這本書 讚"}, {"BOOKNAME": "嘆薇觀止：Dr.Betty的國考英文隨身書", "ISBN": "4712933093283", "USER": "be*********888", "CONTENT": "這本書針的內容很豐富 小小一本讓我讀起來沒有壓力 書的單字片語會話 考試都考出來了 太感謝了 支持這本書 讚"}, {"BOOKNAME": "嘆薇觀止：Dr.Betty的國考英文隨身書", "ISBN": "4712933093283", "USER": "be*********888", "CONTENT": "這本書針的內容很豐富 小小一本讓我讀起來沒有壓力 書的單字片語會話 考試都考出來了 太感謝了 支持這本書 讚"}, {"BOOKNAME": "嘆薇觀止：Dr.Betty的國考英文隨身書", "ISBN": "4712933093283", "USER": "be*********888", "CONTENT": "這本書針的內容很豐富 小小一本讓我讀起來沒有壓力 書的單字片語會話 考試都考出來了 太感謝了 支持這本書 讚"}, {"BOOKNAME": "嘆薇觀止：Dr.Betty的國考英文隨身書", "ISBN": "4712933093283", "USER": "be*********888", "CONTENT": "這本書針的內容很豐富 小小一本讓我讀起來沒有壓力 書的單字片語會話 考試都考出來了 太感謝了 支持這本書 讚"}, {"BOOKNAME": "嘆薇觀止：Dr.Betty的國考英文隨身書", "ISBN": "4712933093283", "USER": "be*********888", "CONTENT": "這本書針的內容很豐富 小小一本讓我讀起來沒有壓力 書的單字片語會話 考試都考出來了 太感謝了 支持這本書 讚"}, {"BOOKNAME": "嘆薇觀止：Dr.Betty的國考英文隨身書", "ISBN": "4712933093283", "USER": "be*********888", "CONTENT": "這本書針的內容很豐富 小小一本讓我讀起來沒有壓力 書的單字片語會話 考試都考出來了 太感謝了 支持這本書 讚"}, {"BOOKNAME": "羅文的國考公民(2版)", "ISBN": "9789865793838", "USER": "em***990", "CONTENT": "排版清晰有條理，圖表整理簡明易懂，很容易抓重點，還有重要時事的整理也很貼心!雖然只是灰黑白色的印刷，但看起來並不會吃力。"}, {"BOOKNAME": "國考達人賴世昌的閱讀、記憶及應考策略", "ISBN": "9789570841046", "USER": "al***588", "CONTENT": "一．所撰皆為作者親身經驗，可信性高。二．非虛無縹緲的抽象概念，實用性高。三．有科學背書的學習技巧，可靠性高。 俗諺說【給他魚吃，不如教他如何捕魚。】這句話在本書裡得到了充分的詮釋。書中所載閱讀及記憶技巧，如能熟稔運用，相信於爾後學習旅程上必有相當助益。"}, {"BOOKNAME": "國考達人賴世昌的閱讀、記憶及應考策略", "ISBN": "9789570841046", "USER": "al***588", "CONTENT": "一．所撰皆為作者親身經驗，可信性高。二．非虛無縹緲的抽象概念，實用性高。三．有科學背書的學習技巧，可靠性高。 俗諺說【給他魚吃，不如教他如何捕魚。】這句話在本書裡得到了充分的詮釋。書中所載閱讀及記憶技巧，如能熟稔運用，相信於爾後學習旅程上必有相當助益。"}, {"BOOKNAME": "國考達人賴世昌的閱讀、記憶及應考策略", "ISBN": "9789570841046", "USER": "al***588", "CONTENT": "一．所撰皆為作者親身經驗，可信性高。二．非虛無縹緲的抽象概念，實用性高。三．有科學背書的學習技巧，可靠性高。 俗諺說【給他魚吃，不如教他如何捕魚。】這句話在本書裡得到了充分的詮釋。書中所載閱讀及記憶技巧，如能熟稔運用，相信於爾後學習旅程上必有相當助益。"}, {"BOOKNAME": "考上就靠心智圖－公職‧升學．就業‧證照", "ISBN": "9789866151033", "USER": "19***923", "CONTENT": "與其說這個是心智圖的介紹，倒不如說是讀書的技巧，主要精神在於熟能生巧，反覆練習考古題，以及分配讀書的時間&#x28;理解、複習、解答&#x29;，再以心理測驗方式來分析個人用何種方式&#x28;視覺、聽覺、身體感覺等&#x29;加強學習；若依此學習，離成功目標就不遠了。"}, {"BOOKNAME": "飆進高普考：榜首如何用巧勁致勝", "ISBN": "9789861362335", "USER": "ol*****c38", "CONTENT": "讀書閱讀完此書,實獲益良多!學校的老師沒教的事,本書作者都慷慨分享並解惑!是本非常值得購買並加以收藏的書籍!!"}, {"BOOKNAME": "飆進高普考：榜首如何用巧勁致勝", "ISBN": "9789861362335", "USER": "ol*****c38", "CONTENT": "讀書閱讀完此書,實獲益良多!學校的老師沒教的事,本書作者都慷慨分享並解惑!是本非常值得購買並加以收藏的書籍!!"}]