[{"BOOKNAME": "律師不會告訴你的事", "ISBN": "9789861249445", "USER": "ti*********616", "CONTENT": "也許一個職業令人尊敬，不僅來自於其專業，更來自於其本身的態度。本書提及許多事件，讀來彷彿看到那樣為著每項委託而努力深思的背影。"}, {"BOOKNAME": "民事訴訟法新論", "ISBN": "9789571175195", "USER": "ol***345", "CONTENT": "浪費錢的一本書。內容不清，全部都抄法條，這樣還不如買一本分科式六法！錯字多，內容邏輯不正確，白白浪費讀者的時間。重要爭點一概以語意不清的簡單文字帶過，毫無誠意，厚厚一大本賣六百多塊，要敷衍人也不要做得這麼隨便吧。最爛的民訴法教科書，想賣掉都沒人願意買，只好直接回收。"}]