[{"BOOKNAME": "讓我陪你等家：來自浪浪別哭的領養故事，終養不棄養的無悔約定", "ISBN": "9789578683914", "USER": "el**irs", "CONTENT": "我一直覺得認養是一輩子的事，所以即使喜歡動物、認同領養代替購買的觀念，還是不敢貿然決定，我想這就是書裡寫到「生命不該成為試用品」這個簡單的道理。看完以後覺得浪浪別哭之所以能有現在的規模，是因為腦闆和闆娘深思熟慮、有所堅持才能成就的。"}, {"BOOKNAME": "犬魂：1500個生命救援的日子，只為改變浪孩的一輩子", "ISBN": "9789863424277", "USER": "wa*****g69", "CONTENT": "這是一本超感動人心的動保全紀錄,我看到作者從事動保的心路歷程,他實際接觸狗狗,對狗這種動物有深刻的了解,其中一則又一則令人心痛遺憾或心慰的故事,還有揭露政府迫害流浪狗放任狗場不人道繁殖的真相,針針見血,還有正確對生命的態度,太適合作生命教育的教科書,各學校圖書館都該買這本書阿"}, {"BOOKNAME": "我們一生都在說再見：一位動物救援志工與毛毛天使的十八則故事", "ISBN": "9789865767310", "USER": "ol*****981", "CONTENT": "只花了三個半小時就看完此書,郤泣不成聲,一方面折服於作者對浪浪兒的傾心付出,一方面又感嘆流浪動物的命運.我自己也有一隻收養的流浪狗狗,所以我能充份體會得到作者那份對浪浪的急切跟擔心.希望天下的浪浪都能找到一個幸福的家."}, {"BOOKNAME": "我們一生都在說再見：一位動物救援志工與毛毛天使的十八則故事", "ISBN": "9789865767310", "USER": "ol*****981", "CONTENT": "只花了三個半小時就看完此書,郤泣不成聲,一方面折服於作者對浪浪兒的傾心付出,一方面又感嘆流浪動物的命運.我自己也有一隻收養的流浪狗狗,所以我能充份體會得到作者那份對浪浪的急切跟擔心.希望天下的浪浪都能找到一個幸福的家."}, {"BOOKNAME": "放牠的手在你心上", "ISBN": "9789866118661", "USER": "sy****s02", "CONTENT": "一篇篇的文章，敘述著人與狗、貓、魚...等種種動物的珍貴情誼。 牠們，有收容所中的、有街上的、校園中的、有被繁殖場丟棄的...這些狗、這些貓，讓我們檢視，人們是否可以這樣殘忍的對待其他生物，我們是不是該以更加寬容的方式，對待和我們一起共享這個地球的生物們。"}, {"BOOKNAME": "我要牠們活下去：日本熊本市動物愛護中心零安樂死10年奮鬥紀實", "ISBN": "9789866118647", "USER": "an**925", "CONTENT": "喜歡狗狗的我，能夠感受到書中人物心裡的糾葛，明知不應該安樂死這些動物，但迫於現實的無奈，所以他們常要漠視心中的不忍。但改變往往在一念之間，當有人認為可以多做一些事情時，當其他人也認同這個觀念時，這些動物的生活開始有了決定性的改變，牠們也有機會看到明日的陽光。"}, {"BOOKNAME": "依然等待的動物們：日本福島第一核電廠警戒區紀實2", "ISBN": "9789868905504", "USER": "da***032", "CONTENT": "這是紀錄福島核災後半年到一年警戒區內動物們的身影。相較於上一本，這裡的照片多了一些枯骨殘骸，看了有點難過。很佩服那些深入災區的志工們，他們一直努力著，雖然還是有很多無能為力的地方，但每看到有動物獲得拯救，心裡就一陣感動。"}, {"BOOKNAME": "被遺忘的動物們：日本福島第一核電廠警戒區紀實", "ISBN": "9789868780682", "USER": "tv*****427", "CONTENT": "當核災發生後， 人類忙著收拾殘骸、忙著為自己生活已久的家園哀悼、忙著為自己失去的寵物或摯愛悲傷， 是否還有人想起這些一直在我們身邊守候、陪伴的生命， 他們仍守著原來的家，活著。 他們仍守著最初的心，等著。"}]