[{"BOOKNAME": "泥步修行：破惑、問道、安頓", "ISBN": "9789864793020", "USER": "a1*8tw*", "CONTENT": "禪化做詩心傳頌，讓佛道高深智慧思想用另一種平易近人意境教世人知悉明瞭，禪對於天地總懷敬意，隨性自在，如白雲流水，不定組合變化，雜．亂也是一種美，山光照檻水繞廊，落花水面皆文章。蹉跎莫遣韶光老，綠滿窗前草不除。"}, {"BOOKNAME": "泥步修行：破惑、問道、安頓", "ISBN": "9789864793020", "USER": "a1*8tw*", "CONTENT": "禪化做詩心傳頌，讓佛道高深智慧思想用另一種平易近人意境教世人知悉明瞭，禪對於天地總懷敬意，隨性自在，如白雲流水，不定組合變化，雜．亂也是一種美，山光照檻水繞廊，落花水面皆文章。蹉跎莫遣韶光老，綠滿窗前草不除。"}, {"BOOKNAME": "國學與人生", "ISBN": "9789863208044", "USER": "ri***hau", "CONTENT": "傅教授以個人數十年研究中國傳統儒道的功力，深入淺出介紹最重要儒道傳統經典的精華，並以哲學的角度來認識古人的思想，有別於一般學校以文學的角度來解釋古文涵意，值得所有想要探究聖賢精神的讀者細讀，相信會給我們很大的人生啟發。"}]