[{"BOOKNAME": "圈外編輯", "ISBN": "9789862356814", "USER": "el**irs", "CONTENT": "喜歡作者的一些觀點，從這本書可以略為窺知昭和時代如何編製流行生活文化主題的雜誌。書中提到「報導是走出來的」、「網路搜尋是種毒品」，因為作者認為把螢幕前搜尋到的資訊報導出來，並不能稱之為報導作者喜歡挖掘在網路上搜尋不到的事物，親自採訪，這是我覺得很有感的部分。"}, {"BOOKNAME": "過稿力：一流出版人告訴你編輯到底想要什麼", "ISBN": "9789571066462", "USER": "en******875", "CONTENT": "現今網路普及，能讓喜愛文字創作的人更快速的累積讀者或粉絲，並進一步出書，乃至於舉辦見面活動等。本書作者以自身及和編輯、行銷等訪談經驗，點出了創作出版其實有賴多方合作，個人主義太過濃厚的話，難以在這個潮流變化極快的世界中，讓創作者真正透過文字與讀者密切交流，進而吸引讀者。"}, {"BOOKNAME": "過稿力：一流出版人告訴你編輯到底想要什麼", "ISBN": "9789571066462", "USER": "en******875", "CONTENT": "現今網路普及，能讓喜愛文字創作的人更快速的累積讀者或粉絲，並進一步出書，乃至於舉辦見面活動等。本書作者以自身及和編輯、行銷等訪談經驗，點出了創作出版其實有賴多方合作，個人主義太過濃厚的話，難以在這個潮流變化極快的世界中，讓創作者真正透過文字與讀者密切交流，進而吸引讀者。"}]