[{"BOOKNAME": "貓邏輯：亞洲第一位國際認證貓行為諮詢師，教你用貓的邏輯思考，就能輕鬆解決貓咪行為問題（暢銷新裝版）", "ISBN": "9789863843818", "USER": "su*****128", "CONTENT": "作者從小貓開始說起，然後慢慢的講到老貓照護。 這本很適合養貓新手，或者是對貓咪不慎了解的貓奴閱讀。例如有說到貓咪會亂尿尿的原因，有可能是不喜歡貓砂的種類，或者是貓砂盆數量不夠，或者是擺放位置不佳，都有可能會造成貓咪亂尿尿的原因。"}, {"BOOKNAME": "豆漿娘娘駕到【愛藏版】：貓奴阿晧的跪安日常。隨書附贈「喵界林志玲超可愛貼紙」，讓豆漿娘娘天天陪著你！", "ISBN": "9789869961196", "USER": "el**irs", "CONTENT": "之前看豆漿影片頻道，不知道當初豆漿與奴才是如何相遇的，書裡有詳細的心路歷程分享，也有一些認養和飼養的知識內容，內頁印刷也很美，唯一可惜的是俊榮的版面超級無敵少，希望下一本可以寫俊榮的故事&#x28;敲碗&#x29;"}, {"BOOKNAME": "與貓的好味時光：第一本貓與貓奴的鮮食共享料理，從做點心開始，享受你與貓的約會", "ISBN": "9789869523813", "USER": "s**ie**", "CONTENT": "書裡的照片很精美.根本就是貓咪與鮮食的寫真書~鮮食步驟教學淺顯易懂.而且還有熱量參考表.很適合減肥貓咪.食譜中每道料理都非常精緻可愛.超推薦給貓奴們做來給家裡的寶貝吃喔~吃鮮食可以增加貓咪飲水量.快加入做鮮食的行列吧!"}, {"BOOKNAME": "黃阿瑪的後宮生活：後宮交換日記", "ISBN": "9789865728748", "USER": "we****526", "CONTENT": "黃阿瑪的第二本書，我第一本也買了，臉書上作者說過這本是以貓的角度來書寫的，有不一樣的的感覺，有買上一本的這本一定要買，可以對照著看。"}, {"BOOKNAME": "黃阿瑪的後宮生活：後宮交換日記", "ISBN": "9789865728748", "USER": "we****526", "CONTENT": "黃阿瑪的第二本書，我第一本也買了，臉書上作者說過這本是以貓的角度來書寫的，有不一樣的的感覺，有買上一本的這本一定要買，可以對照著看。"}, {"BOOKNAME": "黃阿瑪的後宮生活：後宮交換日記", "ISBN": "9789865728748", "USER": "we****526", "CONTENT": "黃阿瑪的第二本書，我第一本也買了，臉書上作者說過這本是以貓的角度來書寫的，有不一樣的的感覺，有買上一本的這本一定要買，可以對照著看。"}, {"BOOKNAME": "黃阿瑪的後宮生活：後宮交換日記", "ISBN": "9789865728748", "USER": "we****526", "CONTENT": "黃阿瑪的第二本書，我第一本也買了，臉書上作者說過這本是以貓的角度來書寫的，有不一樣的的感覺，有買上一本的這本一定要買，可以對照著看。"}, {"BOOKNAME": "貓咪花色圖鑑：看懂超有趣的貓咪遺傳學！", "ISBN": "9789865112660", "USER": "la********ock", "CONTENT": "這本書有魔力，看完以後有很大的機率誘發出人類對貓的跟蹤模式，想著毛絨絨的兇萌野獸的毛因為顯性或隱性基因而表現出多樣外觀的毛皮，實在是有意思，想瞭解貓毛密碼的人就下單吧！"}, {"BOOKNAME": "我的貓系生活：有貓的日常，讓我們更懂得愛", "ISBN": "9789578587977", "USER": "li************752", "CONTENT": "喜歡貓的人，該翻翻這本書， 感受被三隻超有個性貓咪包圍的幸福感。  想養貓的人，該翻翻這本書， 思考自己是否有做足準備迎接新的生命。  正養貓的人，該翻翻這本書， 會發現很多很多又哭又笑的故事激起共鳴。"}, {"BOOKNAME": "超人氣貓種圖鑑47 （暢銷版）", "ISBN": "9789576867583", "USER": "ge******************.tw", "CONTENT": "貓咪種類百科，記載關於47種貓咪的詳細資訊，有飼養貓咪的朋友，可以找來翻翻看你家貓咪的行為習慣、特性、喜歡食物、傳染病防治注意事項。"}, {"BOOKNAME": "為了與你相遇：100則暖心的貓咪認養故事（禮物書版，隨書附4捲貓咪紙膠帶）", "ISBN": "9789578587267", "USER": "ju****015", "CONTENT": "內容與我想像的有些落差,但100隻貓的故事全部寫上的話,這本書可能要上千頁~所以牠們被濃縮為小小則故事,每則小敘述 搭配一隻貓咪畫作,加上四捲不同貓咪模樣的紙膠帶,還是相當感人 且物超所值! 期望我們遇到的動物都能擁有幸福,牠們遇到的環境也能夠為牠們帶來平靜安逸的一生..."}, {"BOOKNAME": "幸福的重量，跟一隻貓差不多：我們攜手的每一步，都是美好的腳印", "ISBN": "9789869421270", "USER": "ch*****807", "CONTENT": "像是一個有愛心的人寫給流浪動物的情書。我不得不說，這本書的作者帕子媽，真的非常非常的有愛心，也或許因為她這樣子的愛心，所以才能夠感動、號召這麼多人，去支持她這個別人眼中所謂沒有價值的事情-照顧流浪動物。"}, {"BOOKNAME": "黃阿瑪的後宮生活：被貓咪包圍的日子", "ISBN": "9789869428149", "USER": "j0**017", "CONTENT": "有別於一些寵物相關書籍有如寵物的寫真，書裡不只有精美的照片，更多的是情感真摯的文字，看完後對於貓世界的了解更進了一步，書中幾處有趣可愛的部分也治癒著我"}, {"BOOKNAME": "黃阿瑪的後宮生活：被貓咪包圍的日子", "ISBN": "9789869428149", "USER": "j0**017", "CONTENT": "有別於一些寵物相關書籍有如寵物的寫真，書裡不只有精美的照片，更多的是情感真摯的文字，看完後對於貓世界的了解更進了一步，書中幾處有趣可愛的部分也治癒著我"}, {"BOOKNAME": "MEOW： 這些貓 / 這些人", "ISBN": "9789571364469", "USER": "ti*****519", "CONTENT": "meow:這些貓/這些人這是一本以貓為主題的強勢企劃 書中探訪知名作家、藝術家、插畫家、演員、歌手、跑者、花藝師、建築師、設計師、媒體人……10個領域的咖 書的內容介紹了許多有關於貓咪的小常識!! 對貓有興趣或者是家裡有養貓的朋友可以買來看看優~"}, {"BOOKNAME": "飛啊飛啊~飛天貓：2015最療癒的寫真書", "ISBN": "9789571364353", "USER": "bo********114", "CONTENT": "看可愛的飛天貓，彷彿心情都好了起來！心也都快要被融化了！尤其心情不好時，脾氣很快就降下來了！推薦！既療癒又可愛！"}, {"BOOKNAME": "過得還不錯的一輩子：打造貓奴的幸福生活手冊【家貓成功上位指南+圖文並茂版】", "ISBN": "9789865671402", "USER": "do******343", "CONTENT": "喜歡這本書的調調，讀起來有點瞎扯淡，但也覺得有趣xd，被我這個人類知道了秘技，所有的一切都攤在陽光下，你們這些貓咪完蛋了，哈哈！"}, {"BOOKNAME": "我的第一本愛貓飼養百科：【養貓專書全圖解】關於餵食、日常照料、營養補給、教養的58個愛喵大攻略！", "ISBN": "9789865683269", "USER": "ap***.cj", "CONTENT": "這是一本教你如何養貓的書。內容有關於如何餵食、日常照料、營養補給、教養等的58個養貓方法。是一本非常實用的養貓專書。"}, {"BOOKNAME": "奶貓訓練班", "ISBN": "9789863610670", "USER": "co****sh2", "CONTENT": "奶貓新手的必讀寶典 裡面有很多奶貓界老手的經驗談，還有獸醫師把關，不像有些知識只是沒有根據性或只是斷章取義的「網友不負責任建議」。 照顧小奶貓的朋友一定要收藏！"}, {"BOOKNAME": "尿布甩尾的每一天：橘王子和貓奴家族的爆笑生活實錄", "ISBN": "9789861753416", "USER": "tx***121", "CONTENT": "我家的喵喵也是從路邊撿回來的，而且一開始也非常兇^^只不過喵喵是健康的，但橘王子卻半身癱瘓。看這本書的同時，我也一直在想如果是我，我會帶小橘回家嗎？ 我很佩服作者一家，用滿滿的愛在照顧著這些貓兒。 推薦給所有貓奴們~這是一本會讓你歡樂微笑也會讓你溫心落淚的書^^"}, {"BOOKNAME": "尿布甩尾的每一天：橘王子和貓奴家族的爆笑生活實錄", "ISBN": "9789861753416", "USER": "tx***121", "CONTENT": "我家的喵喵也是從路邊撿回來的，而且一開始也非常兇^^只不過喵喵是健康的，但橘王子卻半身癱瘓。看這本書的同時，我也一直在想如果是我，我會帶小橘回家嗎？ 我很佩服作者一家，用滿滿的愛在照顧著這些貓兒。 推薦給所有貓奴們~這是一本會讓你歡樂微笑也會讓你溫心落淚的書^^"}, {"BOOKNAME": "貓中途公寓三之一號", "ISBN": "9789865933630", "USER": "tv*****427", "CONTENT": "當你正在思考什麼是生命的價值與自我意義的存在時... 世界上有多少生命只是為了呼吸下一口氣在拼命著， 有多少生命經歷著身為人類遇不上的苦痛與災難。 看著這本書我才驚覺， 原來，我們可以為這些生命做的事有這麼多。"}, {"BOOKNAME": "貓中途公寓三之一號", "ISBN": "9789865933630", "USER": "tv*****427", "CONTENT": "當你正在思考什麼是生命的價值與自我意義的存在時... 世界上有多少生命只是為了呼吸下一口氣在拼命著， 有多少生命經歷著身為人類遇不上的苦痛與災難。 看著這本書我才驚覺， 原來，我們可以為這些生命做的事有這麼多。"}, {"BOOKNAME": "貓中途公寓三之一號", "ISBN": "9789865933630", "USER": "tv*****427", "CONTENT": "當你正在思考什麼是生命的價值與自我意義的存在時... 世界上有多少生命只是為了呼吸下一口氣在拼命著， 有多少生命經歷著身為人類遇不上的苦痛與災難。 看著這本書我才驚覺， 原來，我們可以為這些生命做的事有這麼多。"}, {"BOOKNAME": "貓中途公寓三之一號", "ISBN": "9789865933630", "USER": "tv*****427", "CONTENT": "當你正在思考什麼是生命的價值與自我意義的存在時... 世界上有多少生命只是為了呼吸下一口氣在拼命著， 有多少生命經歷著身為人類遇不上的苦痛與災難。 看著這本書我才驚覺， 原來，我們可以為這些生命做的事有這麼多。"}, {"BOOKNAME": "貓中途公寓三之一號", "ISBN": "9789865933630", "USER": "tv*****427", "CONTENT": "當你正在思考什麼是生命的價值與自我意義的存在時... 世界上有多少生命只是為了呼吸下一口氣在拼命著， 有多少生命經歷著身為人類遇不上的苦痛與災難。 看著這本書我才驚覺， 原來，我們可以為這些生命做的事有這麼多。"}, {"BOOKNAME": "家有諧星貓：享受呼嚕呼嚕的幸福感", "ISBN": "9789868931114", "USER": "sz******ily", "CONTENT": "我沒有見過這麼可愛又靈動的貓！每次翻閱本書，看著白吉可愛的身影，總是讓人非常想擁牠入懷。雪白的身影，一藍一綠的眼睛，粉紅的肉墊，相信愛貓的你絕對不會想錯過與諧星貓──白吉的奇幻相遇！"}, {"BOOKNAME": "迎接第一隻貓貓的教養手冊", "ISBN": "9789866452475", "USER": "ba***me2", "CONTENT": "這本還蠻大本的，內容字體也算大，很方便閱讀！重點還是全彩印刷喔！而且有許多配合文字內容的可愛小插圖，閱讀起來更輕鬆有趣，不會讓人覺得像在讀教科書。裡面還有超多可愛的貓咪照片，純粹喜歡貓來當讀片收藏也很適合！"}, {"BOOKNAME": "卡布媽的喵仔間日記", "ISBN": "9789867167927", "USER": "tx***121", "CONTENT": "生動有趣的內容，很多地方都讓人會心一笑， 因為是貓民宿日記，內容有很多作者的經驗談或貓知識，很推薦給貓奴們~ 好看，看完心情都好了呢^^"}, {"BOOKNAME": "布朗尼蛋糕店", "ISBN": "9789868215726", "USER": "tx***121", "CONTENT": "一開始養貓是被逼得，我被貓抓過所以很怕貓，但那時還是男友的老公某天莫名奇妙帶回一直貓說要養，從一開始排斥害怕到慢慢接受，最後深深著迷不可至拔，就像阿麗詩他們一樣。 書中記錄了布朗尼大大小小的生活點滴，對白活潑生動，我一直到看完後才發現，原來他已經當了貓天使，祝福牠。"}, {"BOOKNAME": "圖解貓咪健康與疾病", "ISBN": "9789577765772", "USER": "ey*543*", "CONTENT": "這本書很實用, 很像一本工具書, 可解決我們對於貓咪一些症狀的疑惑, 圖解的方式很生動易懂,值得推薦!"}, {"BOOKNAME": "高齡貓照護解剖圖鑑", "ISBN": "9789863772224", "USER": "be*152*", "CONTENT": "養貓一定會面臨愛貓生病或老去的這個過程，購買這本書讓我知道如何照顧我的貓，在牠生病到去世的時候有心理準備會面臨怎樣的事，這本書幫助我很多也推薦給有養貓的人。"}, {"BOOKNAME": "黃阿瑪的後宮生活：後宮交換日記(限量禮物包)", "ISBN": "4717702093082", "USER": "28***592", "CONTENT": "這本書運用擬（貓）法，很有趣也有很悲傷的一面，但是獨樹一幟！相信作者肯定下了不少心思，另外一提這本書真是物超所值，從書的編輯，書的材質丶書的內容。真不令人後悔。👍"}, {"BOOKNAME": "秒懂貓咪，行為學醫師的貓星球解析 365天的生活狀況劇，行為學、冷知識、家庭醫學、貓界定律，都是牠", "ISBN": "9789864080823", "USER": "be***940", "CONTENT": "繼貓邏輯之後又一本貓奴必跪讀貓經阿~~~ 了解了超多冷門知識!!! 貓砂前身竟是一名貓主人為了貓咪以前冬天沒得用土埋屎尿而向做房子的建商購買混泥土的!! 實在令我感到佩服阿~~~"}, {"BOOKNAME": "守護我的貓--貓貓生病信號全探測", "ISBN": "9789626788660", "USER": "sc****626", "CONTENT": "書本內容大概是將貓咪們各種病徵和治療方法說明 , 還有病理及成因講解。最可愛的是還有案例說明 , 保健需知等資訊。真是貓奴們一本實用好書 , 值得一看。"}, {"BOOKNAME": "貓邏輯：亞洲唯一國際認證貓行為諮詢師，教你用貓的邏輯思考，就能輕鬆解決貓咪行為問題", "ISBN": "9789863840848", "USER": "be***940", "CONTENT": "非常非常實用!!!!! 家中寶貝在喵甚麼做甚麼都非常容易理解~ 獸醫師本人也非常親切 演講內容也是超豐富!!! 貓奴們必跪讀之書阿~~~"}, {"BOOKNAME": "貓邏輯：亞洲唯一國際認證貓行為諮詢師，教你用貓的邏輯思考，就能輕鬆解決貓咪行為問題", "ISBN": "9789863840848", "USER": "be***940", "CONTENT": "非常非常實用!!!!! 家中寶貝在喵甚麼做甚麼都非常容易理解~ 獸醫師本人也非常親切 演講內容也是超豐富!!! 貓奴們必跪讀之書阿~~~"}, {"BOOKNAME": "貓邏輯：亞洲唯一國際認證貓行為諮詢師，教你用貓的邏輯思考，就能輕鬆解決貓咪行為問題", "ISBN": "9789863840848", "USER": "be***940", "CONTENT": "非常非常實用!!!!! 家中寶貝在喵甚麼做甚麼都非常容易理解~ 獸醫師本人也非常親切 演講內容也是超豐富!!! 貓奴們必跪讀之書阿~~~"}, {"BOOKNAME": "黃阿瑪的後宮生活：阿瑪建國史", "ISBN": "9789865779870", "USER": "sa****619", "CONTENT": "黃阿瑪的後宮生活這本書敘述的方式都很幽默風趣，因為平常就有在追蹤作者的粉絲專頁，光是作者分享的影片和一些貼文就能感受到這段後宮生活一定很精彩，無聊時看看這本心情很放鬆"}, {"BOOKNAME": "黃阿瑪的後宮生活：阿瑪建國史", "ISBN": "9789865779870", "USER": "sa****619", "CONTENT": "黃阿瑪的後宮生活這本書敘述的方式都很幽默風趣，因為平常就有在追蹤作者的粉絲專頁，光是作者分享的影片和一些貼文就能感受到這段後宮生活一定很精彩，無聊時看看這本心情很放鬆"}, {"BOOKNAME": "黃阿瑪的後宮生活：阿瑪建國史", "ISBN": "9789865779870", "USER": "sa****619", "CONTENT": "黃阿瑪的後宮生活這本書敘述的方式都很幽默風趣，因為平常就有在追蹤作者的粉絲專頁，光是作者分享的影片和一些貼文就能感受到這段後宮生活一定很精彩，無聊時看看這本心情很放鬆"}, {"BOOKNAME": "黃阿瑪的後宮生活：阿瑪建國史", "ISBN": "9789865779870", "USER": "sa****619", "CONTENT": "黃阿瑪的後宮生活這本書敘述的方式都很幽默風趣，因為平常就有在追蹤作者的粉絲專頁，光是作者分享的影片和一些貼文就能感受到這段後宮生活一定很精彩，無聊時看看這本心情很放鬆"}, {"BOOKNAME": "黃阿瑪的後宮生活：阿瑪建國史", "ISBN": "9789865779870", "USER": "sa****619", "CONTENT": "黃阿瑪的後宮生活這本書敘述的方式都很幽默風趣，因為平常就有在追蹤作者的粉絲專頁，光是作者分享的影片和一些貼文就能感受到這段後宮生活一定很精彩，無聊時看看這本心情很放鬆"}, {"BOOKNAME": "黃阿瑪的後宮生活：阿瑪建國史", "ISBN": "9789865779870", "USER": "sa****619", "CONTENT": "黃阿瑪的後宮生活這本書敘述的方式都很幽默風趣，因為平常就有在追蹤作者的粉絲專頁，光是作者分享的影片和一些貼文就能感受到這段後宮生活一定很精彩，無聊時看看這本心情很放鬆"}, {"BOOKNAME": "黃阿瑪的後宮生活：阿瑪建國史", "ISBN": "9789865779870", "USER": "sa****619", "CONTENT": "黃阿瑪的後宮生活這本書敘述的方式都很幽默風趣，因為平常就有在追蹤作者的粉絲專頁，光是作者分享的影片和一些貼文就能感受到這段後宮生活一定很精彩，無聊時看看這本心情很放鬆"}, {"BOOKNAME": "黃阿瑪的後宮生活：阿瑪建國史", "ISBN": "9789865779870", "USER": "sa****619", "CONTENT": "黃阿瑪的後宮生活這本書敘述的方式都很幽默風趣，因為平常就有在追蹤作者的粉絲專頁，光是作者分享的影片和一些貼文就能感受到這段後宮生活一定很精彩，無聊時看看這本心情很放鬆"}, {"BOOKNAME": "黃阿瑪的後宮生活：阿瑪建國史", "ISBN": "9789865779870", "USER": "sa****619", "CONTENT": "黃阿瑪的後宮生活這本書敘述的方式都很幽默風趣，因為平常就有在追蹤作者的粉絲專頁，光是作者分享的影片和一些貼文就能感受到這段後宮生活一定很精彩，無聊時看看這本心情很放鬆"}, {"BOOKNAME": "黃阿瑪的後宮生活：阿瑪建國史", "ISBN": "9789865779870", "USER": "sa****619", "CONTENT": "黃阿瑪的後宮生活這本書敘述的方式都很幽默風趣，因為平常就有在追蹤作者的粉絲專頁，光是作者分享的影片和一些貼文就能感受到這段後宮生活一定很精彩，無聊時看看這本心情很放鬆"}, {"BOOKNAME": "黃阿瑪的後宮生活：阿瑪建國史", "ISBN": "9789865779870", "USER": "sa****619", "CONTENT": "黃阿瑪的後宮生活這本書敘述的方式都很幽默風趣，因為平常就有在追蹤作者的粉絲專頁，光是作者分享的影片和一些貼文就能感受到這段後宮生活一定很精彩，無聊時看看這本心情很放鬆"}, {"BOOKNAME": "我愛貓！貓咪行為專家的解密指南，徹底了解貓咪的神秘心理、行為生活、真實需求 （雙封面書衣版）", "ISBN": "9789863591313", "USER": "a**92**", "CONTENT": "看完 我愛貓 這本書後,我覺得它真的是一本很不錯的書,它的內容多且詳細,每篇文章都會有註解或是重點整理能讓當下無法詳細看完的人先瞭解本篇所要說明的內容,而且你幾乎想知道的問題它也都寫出來了,省去了你很多疑惑!"}, {"BOOKNAME": "別讓貓咪不開心： 200個日常行為、肢體語言、脫序行動一本就懂貓事典！", "ISBN": "9789863590866", "USER": "do******343", "CONTENT": "寵物讓人好開心，而且相處時間久了，多少都會好奇牠們在想些什麼？為什麼會有這些舉動？如果能了解該有多好。貓咪跟狗狗比起來，總覺得貓咪好神祕，看完書後，原來是這樣啊！"}, {"BOOKNAME": "貓咪這樣吃最健康！", "ISBN": "9789865802356", "USER": "do*****821", "CONTENT": "愛貓者總想貓兒活潑健康長壽，從飲食入手最正確最自然。讀過此書後發覺為貓預備食物非想像中複雜，亦明白到不是單純水煮雞肉就營養均衡，書中介紹的營養須知確是各喵星人的必須知識。貓兒吃得健康，省下醫療費之餘，更令喵星人安心。"}, {"BOOKNAME": "貓咪這樣吃最健康！", "ISBN": "9789865802356", "USER": "do*****821", "CONTENT": "愛貓者總想貓兒活潑健康長壽，從飲食入手最正確最自然。讀過此書後發覺為貓預備食物非想像中複雜，亦明白到不是單純水煮雞肉就營養均衡，書中介紹的營養須知確是各喵星人的必須知識。貓兒吃得健康，省下醫療費之餘，更令喵星人安心。"}, {"BOOKNAME": "貓咪這樣吃最健康！", "ISBN": "9789865802356", "USER": "do*****821", "CONTENT": "愛貓者總想貓兒活潑健康長壽，從飲食入手最正確最自然。讀過此書後發覺為貓預備食物非想像中複雜，亦明白到不是單純水煮雞肉就營養均衡，書中介紹的營養須知確是各喵星人的必須知識。貓兒吃得健康，省下醫療費之餘，更令喵星人安心。"}, {"BOOKNAME": "天國的寵兒：我和Dasher的故事", "ISBN": "9789888223190", "USER": "tx***121", "CONTENT": "每個生命都不知道自己何時會走到盡頭，只有dasher... 作者耗費苦心，只為了讓他再活久一點，再陪自己長一點，只因愛上了決不能失去他 推薦給曾經失去但也曾經擁有過的貓奴們，記得先躲在角落，準備好衛生紙，然後翻開書回憶我們生命中最美好的一段日子，我們的寶貝"}, {"BOOKNAME": "遇見街貓Bob", "ISBN": "9789861776507", "USER": "tx***121", "CONTENT": "如果你是無家可歸收入不穩的街頭流浪藝人，你會收養一隻流浪貓嗎？ 書中主人收養了bob，也因為有bob的陪伴他才成功戒了毒，更因為牠想要好好照顧bob，他努力的工作賺錢，他也帶著bob一起街頭賣藝，一隻貓一個人，兩顆心緊緊依靠。"}, {"BOOKNAME": "遇見街貓Bob", "ISBN": "9789861776507", "USER": "tx***121", "CONTENT": "如果你是無家可歸收入不穩的街頭流浪藝人，你會收養一隻流浪貓嗎？ 書中主人收養了bob，也因為有bob的陪伴他才成功戒了毒，更因為牠想要好好照顧bob，他努力的工作賺錢，他也帶著bob一起街頭賣藝，一隻貓一個人，兩顆心緊緊依靠。"}, {"BOOKNAME": "咪咪不是故意要離開", "ISBN": "9789867636874", "USER": "tx***121", "CONTENT": "因為我有我的喵喵，所以不管上班多累不管壓力多大、就算遇到挫折，只有有他在我一切都好。 他走的那一陣子，我像行屍走肉、每天都在哭、活在自己哀傷的世界裡不肯走出來。 現在，我看書，從書中去體會每個愛貓人失去貓的心情，看每隻貓咪與主人的幸福故事。"}, {"BOOKNAME": "貓咪想的跟你不一樣", "ISBN": "9789868280465", "USER": "al****hin", "CONTENT": "這本書當初是送給愛貓的妹妹惡補的! 妹妹當時領養了一隻母貓,沒多久又生了一窩小貓~ 妹妹慌亂緊張不已,沒多久妹妹說看完這本書後, 她才放鬆緊繃的神經~開心的和貓咪們相處! 她打來直說我送了本好書~"}]