[{"BOOKNAME": "看不見的屏障：決定台灣命運的第七艦隊", "ISBN": "9789869356282", "USER": "ch****sau", "CONTENT": "對台灣非常重要的歷史，卻不曾有過一本專書講述影響今天台灣民主社會發展成果的關鍵時刻。此書的出版時刻真的就跟現在台灣的未來發展可以做為歷史的參考。第七艦隊對台灣的歷史發展的影響比我們所想像的都還要大。"}, {"BOOKNAME": "台灣政府閉口不提的中國戰力報告：解放軍打算如何攻下台灣？台海為何是中、美、日的最主要戰場？", "ISBN": "9789865770914", "USER": "ch****150", "CONTENT": "標題有點誇張了，但本書是兩位對中國有相當研究的專家，其在報章與個人刊物上的寫作匯集而成的一本書，也參考了許多官方數據與白皮書，雖然是從日本角度來看，但是對臺灣來講仍十分有參考價值。"}, {"BOOKNAME": "軍情六處特工傳奇", "ISBN": "9789863163183", "USER": "li****lun", "CONTENT": "日不落國的衰敗還要維繫往日帝國浮華虛榮，只好借著特工這省力的方式來達到最大效益，除應付四方崛起的勢力殖民地有蠢蠢欲動，國力確江河日下，也佩服大英帝國真是老謀深算，軍情六處事跡風花雪夜的韻事顯然比龐德式英雄故事更加刺激！雖列知名情報組織，如此努力可惜難挽時代洪流太陽終究會下山。"}, {"BOOKNAME": "玄武雙尊：俄羅斯第五代戰機", "ISBN": "9789868721722", "USER": "zx******946", "CONTENT": "分析詳盡,理論精闢!!詳細的介紹了俄國的高性能戰機並適度地給予客觀的評論,頁頁精彩絕無冷場,值得航空迷收藏精讀!!"}, {"BOOKNAME": "為將之道", "ISBN": "9789867895059", "USER": "ma*********304", "CONTENT": "這是在我7年前服役時，旅長送給我的書籍。若您是志願役或是義務役軍官，這本書可以讓您了解一個高階軍官的思考模式，如何領導部隊，如何帶人又帶心。若您是一家公司的中階、基層主管，或是對領導有興趣的讀者，這本書可以開拓您的視野及舊有的領導思維。"}]