[{"BOOKNAME": "從叢林到文明，人類身體的演化和疾病的產生", "ISBN": "9789862726488", "USER": "wa*****g69", "CONTENT": "作者提出的觀點十分令我覺得有趣且信服佩服的,就是演化,以作者的生物演化專業背景出發,跨足到對人文社會領域的理解與研究,一樣如此的精闢,讓人有恍然大悟,瞬間宏觀了起來,同時對文明病三個字有不一樣的理解,此書內容有趣至極,豐富且真實,會讓人重新愛上生物學"}, {"BOOKNAME": "科技蜃樓", "ISBN": "9789862134221", "USER": "co****435", "CONTENT": "我們創造科技，使用它，習慣它，改變我們原本的世界，一切好像很理所當然 這本書裡面有很多小故事，我們知道的新聞與歷史故事，有些事我們不知道的故事，感覺好像這些故事是理所當然，但是作者卻點出了一些思考點，很好看的一本書，讓我會去想科技對我的意義跟影響"}, {"BOOKNAME": "大設計：霍金十年首見卓越巨著，為生命終極問題提供最新答案", "ISBN": "9789862132432", "USER": "li****lun", "CONTENT": "霍金再次已一貫淺顯易懂的文字講解的深奧的宇宙，當然翻譯得非常流暢也功不可沒；一如時間簡史中淡淡透露出對物理學現況的憂心，本書中霍金沒像胡桃裡的宇宙自艾是坐輪椅的盧卡斯教座算是另件慶幸之事。"}, {"BOOKNAME": "大設計：霍金十年首見卓越巨著，為生命終極問題提供最新答案", "ISBN": "9789862132432", "USER": "li****lun", "CONTENT": "霍金再次已一貫淺顯易懂的文字講解的深奧的宇宙，當然翻譯得非常流暢也功不可沒；一如時間簡史中淡淡透露出對物理學現況的憂心，本書中霍金沒像胡桃裡的宇宙自艾是坐輪椅的盧卡斯教座算是另件慶幸之事。"}, {"BOOKNAME": "人類存在的意義：一個生物學家的思索", "ISBN": "9789869344234", "USER": "wa*****g69", "CONTENT": "從生物學家的專業觀點回答這個極富哲學又極具爭議的問題，演化當然是解釋一切最簡單明瞭的答案，但作者並未因此批判人文社會科學甚至是宗教與哲學家愛提的自由意志，他試圖闡述人文科學的重要性也大力推崇它，看完此書一定會對何謂人類，未來該往何處發展會有不同的思維"}, {"BOOKNAME": "為什麼E=mc2？探索時空、質量之源與希格斯粒子", "ISBN": "9789862621134", "USER": "li****lun", "CONTENT": "在ｃｅｒｎ啟動強子對撞機尋找希格斯粒子以來，相關的書籍開始增加，因是介紹探尋愛因斯坦質能互換定理，用文字敘述取代晦澀的數學公式；能清晰說明並得譯成中文是很難得的。受於篇幅故雖涵蓋範圍有限也是暇不掩瑜"}, {"BOOKNAME": "2100科技大未來：從現在到2100年，科技將如何改變我們的生活", "ISBN": "9789571356679", "USER": "li****lun", "CONTENT": "三段式的手法以漸近方式去推測幾項人類的進化，但對環境破壞的浩劫和一般未來學學者相同，都抱持著船到橋頭自然直的觀感。話說回來；不這麼推演就沒賣點了。跟其他未來學學者而言，常站在量子力學去假設，反倒侷限了視野。"}, {"BOOKNAME": "資訊：一段歷史、一個理論、一股洪流", "ISBN": "9789868729520", "USER": "li****lun", "CONTENT": "從人類溝通歷史開始搜集現代資訊形成的脈絡,除了一般注重的電腦硬體發展,資訊傳遞的方式在效率上能提供的躍升比硬體所能榨取的幅度更多幾個級數的晉升.單純由訊息上傳遞到現今影音並存,更多優益的演算法讓溝通更順暢."}, {"BOOKNAME": "資訊：一段歷史、一個理論、一股洪流", "ISBN": "9789868729520", "USER": "li****lun", "CONTENT": "從人類溝通歷史開始搜集現代資訊形成的脈絡,除了一般注重的電腦硬體發展,資訊傳遞的方式在效率上能提供的躍升比硬體所能榨取的幅度更多幾個級數的晉升.單純由訊息上傳遞到現今影音並存,更多優益的演算法讓溝通更順暢."}, {"BOOKNAME": "海拉細胞的不死傳奇", "ISBN": "9789573267669", "USER": "wo****990", "CONTENT": "一開始在書店看到這本書的時候，就對它起了很大的興趣，接著便一頭墜入此書，一頁接著一頁看下去。看完這本書我深深體會到，海拉是位很偉大的女性，我們現今的醫學科技這麼發達，必須好好感謝她呢。"}, {"BOOKNAME": "海拉細胞的不死傳奇", "ISBN": "9789573267669", "USER": "wo****990", "CONTENT": "一開始在書店看到這本書的時候，就對它起了很大的興趣，接著便一頭墜入此書，一頁接著一頁看下去。看完這本書我深深體會到，海拉是位很偉大的女性，我們現今的醫學科技這麼發達，必須好好感謝她呢。"}, {"BOOKNAME": "科學家眼中的世界", "ISBN": "9789861243641", "USER": "wa*****g69", "CONTENT": "這是一本科學大師們的智慧全集,仔細閱讀每一篇就可感受到每位大師的邏輯思緒方式,以及獨特個性,對所研究的專業領域所懷的熱情,甚至於對這個世界社會的關懷,這就是為什麼我們該看經典作品的原因,不是要累積新知識,這是一場與大師們的心靈交流,能提升自己的精神視界"}, {"BOOKNAME": "盲眼鐘錶匠", "ISBN": "9789864170128", "USER": "li****lun", "CONTENT": "道金斯演化的觀點常由細胞分子角度往上看，與笛卡爾那種殿基於機械運作的詮釋有異曲同工之處，自太初以來生物間生存競爭都相當激烈，當今商場上和作者所言似乎也十分類同，意外碰到不是競合就是廝殺，不巧湊到一塊合則生存反之則凐滅於鴻流中，繁多的生物內的有機體如何與為何形成作出獨樹一幟的論述。"}, {"BOOKNAME": "研究科學的第一步：給年輕探索者的建議", "ISBN": "9789576074769", "USER": "ia******000", "CONTENT": "書中點出一些做研究應有的態度跟觀念，對於科學研究的人，或是想成為一個領域的探險者，問題解決的學者，這是本當頭棒喝的書。"}]