[{"BOOKNAME": "圖解刑法", "ISBN": "9789577638502", "USER": "ti*********616", "CONTENT": "圖文並茂，透過圖片，讓刑法能夠在眼前具體呈現，讓初學者也不會感到絕屈聱牙，例子容易理解。另外搭配上法律的判例，對於實務上的判斷可以有更深的了解！可以整理出刑法的脈絡！"}, {"BOOKNAME": "刑法總則(3版)", "ISBN": "9789862957257", "USER": "s1*****103", "CONTENT": "王皇玉老師的這本刑法總則，透過理論與實例的交錯，讓讀者對抽象理論了解的同時，一方面也去觀看實務判決跟學界通說的衝突，使得初學者能很快地掌握刑法總則的面貌，並加以深入自我探索。"}, {"BOOKNAME": "刑罰的歷史", "ISBN": "9789861370309", "USER": "s1*****103", "CONTENT": "這本書將各種刑罰的歷史脈絡做了深入簡出的概要，也讓讀者得以在歷史脈絡下得以一窺刑罰的發展與其原因，讓刑罰不只是看起來那樣，而是有其歷史因緣的。"}]