[{"BOOKNAME": "萌萌生物關係圖鑑：70種生物的不思議同居關係", "ISBN": "9789864775996", "USER": "pr***zoa", "CONTENT": "以插畫圖解呈現動物，植物或真菌之間共生、寄生等關係，讓人對於自然界生物間各種有趣的現象多一點認識，每種關係解說約1~2頁，篇幅不長淺顯易懂，而且插圖可愛簡單呈現生物的型態，也適合當孩童的閱讀書。"}, {"BOOKNAME": "地球毀滅記：五次生物大滅絕，誰是真凶？", "ISBN": "9789864795505", "USER": "ch****150", "CONTENT": "詳述了五次物種大滅絕的歷史，並以各次滅絕的專家訪談為基礎。另相較其他不斷呼喊現代是第六次大滅絕的說法，本書給了更科學性、理性的說法。"}, {"BOOKNAME": "我們只有10%是人類：認識主宰你健康與快樂的90%細菌", "ISBN": "9789863425984", "USER": "wa*****g69", "CONTENT": "科學家的作品很少這麼好看阿,作者文筆流暢又有趣,讓我們像在看科學故事,她的每一項結論雖都聳動顛覆但是都有理論基礎與大量實驗與例證可諮驗證,果然是科學態度呢,社會大眾都該好好看看,可破除多年錯誤的迷思,對如何健康有正確的觀念才不會再自誤誤人了,受益良多啊"}, {"BOOKNAME": "共病時代：醫師、獸醫師、生態學家如何合力對抗新世代的健康難題", "ISBN": "9789862352717", "USER": "ko*******000", "CONTENT": "我覺得這本書非常有意義的，因為筆者提出了很多不同的觀點，而人們是不知道的，所以這本書帶來了很多知識給我。"}]