[{"BOOKNAME": "白色的力量柯文哲：我改變不了四季的變化，只能讓其盡善盡美", "ISBN": "9789862299678", "USER": "kb**t79", "CONTENT": "一剛開始,翻到書背面,發現自己和台北市市長柯文哲的人生觀有幾分相似,答案就是:悲觀進取,看完這本書的感觸是人生要不斷得放下,學會收放自如,請大家好好地咀嚼這本書。"}, {"BOOKNAME": "白色的力量柯文哲：我改變不了四季的變化，只能讓其盡善盡美", "ISBN": "9789862299678", "USER": "kb**t79", "CONTENT": "一剛開始,翻到書背面,發現自己和台北市市長柯文哲的人生觀有幾分相似,答案就是:悲觀進取,看完這本書的感觸是人生要不斷得放下,學會收放自如,請大家好好地咀嚼這本書。"}, {"BOOKNAME": "守護靈靈言習近平的辯解：為中國新冠肺炎所苦惱的領導人真實心聲", "ISBN": "9789869844451", "USER": "ge******************.tw", "CONTENT": "大川隆法跟他的幸福科學，在日本有點像宗教，但又不是宗教？不太清楚，我對大川隆法的印象就是寫了好幾本書，圖書館新進的宗教類的竟然有好幾本，有跟靈體對話的，有甚麼幸福感的，現在寫作範圍擴張到中國習近平．．．也是蠻多才的人物了，疫情重創大陸經濟已然事實。"}, {"BOOKNAME": "庶民總統韓國瑜：2024雖千萬人，吾往矣！", "ISBN": "9789869763639", "USER": "ge******************.tw", "CONTENT": "韓國瑜終究因為人格、格局的問題，雖有總統運，而最後沒有當選總統。他雖然有機會挑戰總統選舉，卻對於國家施政的能力上存有疑慮，治理國家並不須要小聰明，而是能夠兼顧國際格局的智慧。"}, {"BOOKNAME": "生死之間︰柯文哲從醫療現場到政治戰場的修練", "ISBN": "9789864777075", "USER": "hi*lin*", "CONTENT": "柯文哲不僅在醫術上求精進，失敗時他也有李昌鈺的辦案精神，抽絲剝繭地思考到底是哪個醫療環節出了問題。書中一篇討論葉克膜的章節「如果重來一遍，怎麼做會更好？」他認為成功的祕訣就是持續的進化，這個精神讓他不斷從病人的身體、心理與靈性各面向探討更好的處理法，很令我佩服。"}, {"BOOKNAME": "橋：走近王金平", "ISBN": "9789869698641", "USER": "d**a1**", "CONTENT": "用平淡的語氣去說明一個人，文章內容沒有激情與緊張，一切事情輕描淡寫，確實與主人翁的個性十分相似。但是從細節來看，王院長卻有過人之處，可以翻得快，無須細讀，即可知南北。"}, {"BOOKNAME": "跟著月亮走：韓國瑜的夜襲精神與奮進人生（韓國瑜／口述）", "ISBN": "9789571376882", "USER": "d**a1**", "CONTENT": "人如劉秀，中心思想是孫文與毛澤東，這就是韓國瑜。光看序，就可以知道書籍的內容，這是一件不簡單的事情。但是書是這樣寫，延續性夠嗎？靜待時間的考驗，因為中間選民是殘酷而現實的。"}, {"BOOKNAME": "跟著月亮走：韓國瑜的夜襲精神與奮進人生（韓國瑜／口述）", "ISBN": "9789571376882", "USER": "d**a1**", "CONTENT": "人如劉秀，中心思想是孫文與毛澤東，這就是韓國瑜。光看序，就可以知道書籍的內容，這是一件不簡單的事情。但是書是這樣寫，延續性夠嗎？靜待時間的考驗，因為中間選民是殘酷而現實的。"}, {"BOOKNAME": "跟著月亮走：韓國瑜的夜襲精神與奮進人生（韓國瑜／口述）", "ISBN": "9789571376882", "USER": "d**a1**", "CONTENT": "人如劉秀，中心思想是孫文與毛澤東，這就是韓國瑜。光看序，就可以知道書籍的內容，這是一件不簡單的事情。但是書是這樣寫，延續性夠嗎？靜待時間的考驗，因為中間選民是殘酷而現實的。"}, {"BOOKNAME": "跟著月亮走：韓國瑜的夜襲精神與奮進人生（韓國瑜／口述）", "ISBN": "9789571376882", "USER": "d**a1**", "CONTENT": "人如劉秀，中心思想是孫文與毛澤東，這就是韓國瑜。光看序，就可以知道書籍的內容，這是一件不簡單的事情。但是書是這樣寫，延續性夠嗎？靜待時間的考驗，因為中間選民是殘酷而現實的。"}, {"BOOKNAME": "花媽心內話：陳菊4000天", "ISBN": "9789863983040", "USER": "a1*8tw*", "CONTENT": "政治無對錯，差別在人心。以前黨外叛亂現在權位執政，這在封建帝國清朝是革命殺頭，誅連九族大罪，換成現在卻是習以為常，數見不鮮，這是一種集體思想同化，讓每一件都有合理化理由，久而久之，人民就會無可奈何變笨，這是每個集權者，努力維持及操作手段。"}, {"BOOKNAME": "譽毀之間：邁向權力巔峰的希拉蕊", "ISBN": "9789869354868", "USER": "la*****a99", "CONTENT": "大約前2/3的內容藉由旁觀描寫希拉蕊作為國務卿的日常，身不由己卻又努力保持自己的原則，身為女性，看完這本書讓我開始喜歡上這位有名的女人，特別是有時候臨危不亂的幽默。"}, {"BOOKNAME": "我在柯文哲身邊的日子：7年級柯家軍的裸告白", "ISBN": "9789863424697", "USER": "a1*8tw*", "CONTENT": "政治無關對錯只論輸贏，做人先辨對錯再說輸贏。當年高雄巿長選舉黃俊英贏在做人輸在政治。這會讓我們得到一個省思，如果要教下一代到底是「對錯」比較重要？還是「輸贏」比較重要？《禮運．大同篇》：「大道之行也，天下為公。選賢與能。故外戶而不閉，是謂「大同」。」這段話現在聽起來格外諷刺。"}, {"BOOKNAME": "白色的力量2改變成真：柯文哲的城市進化論", "ISBN": "9789863422396", "USER": "do******343", "CONTENT": "對公共社會不太關心且不熟悉的我，無意間看到了關於柯文哲的報導，產生了一點點的好奇心，進而讀了這本書，從書中瞭解到他的理念及想法，不管認不認同，讓我也認真的思考社會現況存在的癥結，並希望能有所改變。"}, {"BOOKNAME": "白色的力量2改變成真：柯文哲的城市進化論", "ISBN": "9789863422396", "USER": "do******343", "CONTENT": "對公共社會不太關心且不熟悉的我，無意間看到了關於柯文哲的報導，產生了一點點的好奇心，進而讀了這本書，從書中瞭解到他的理念及想法，不管認不認同，讓我也認真的思考社會現況存在的癥結，並希望能有所改變。"}, {"BOOKNAME": "傾聽與對話：感動臺灣人的16個故事", "ISBN": "9789573268826", "USER": "ci***lin", "CONTENT": "馬總統親自為十六位各行業的傑出人物寫出介紹，透過國家元首的所見所聞，讓我們共同見證馬總統如何為台灣人民寫下治國週記。從五力的交會聚集中，希望我們國家更給力，每位小市民都可以成為代表自己的傑出人物。"}, {"BOOKNAME": "誰摔死了李新", "ISBN": "9789574363087", "USER": "61********203", "CONTENT": "這本書的內容，已經有法院的「確定判決」可以查，可以利用司法院網站的法律檢索系統，輸入作者名稱就可以找到原始判決，臺灣高等法院刑事判決105年度上易字第1263號，作者還因此被判刑，內容實在跟判決書差異太大了。"}, {"BOOKNAME": "誰摔死了李新", "ISBN": "9789574363087", "USER": "61********203", "CONTENT": "這本書的內容，已經有法院的「確定判決」可以查，可以利用司法院網站的法律檢索系統，輸入作者名稱就可以找到原始判決，臺灣高等法院刑事判決105年度上易字第1263號，作者還因此被判刑，內容實在跟判決書差異太大了。"}, {"BOOKNAME": "看見未來：賴清德的新政實踐", "ISBN": "9789863980018", "USER": "ay***007", "CONTENT": "全臺灣的政治人物中，賴清德醫師可說是個異數，從本書中我們可以看見賴市長從政的心路歷程，及作為一個民選市長的堅持，對部屬不疾言厲色，面對市民疑難盡力溝通，對於施政面向有為有守，不屈服於民粹及議會，在這裡，我們可以看見臺灣的未來！"}, {"BOOKNAME": "洋蔥炒蛋到小英便當：蔡英文的人生滋味", "ISBN": "9789861333861", "USER": "d**a1**", "CONTENT": "這是一本極有趣的書，看見一位女性總統的候選人對於自己求學的過程與生活的描述，但是也正如一些人的看法，很多方面是隱諱不說的，例如，蔡女士的讀書方法也是點到為止。但是如果把藍綠政治氣息拿掉，不將他放入預設立場，這算是一本政務官工作歷程的有趣書。更有趣的是，本書的自序寫得比內文還要好。"}, {"BOOKNAME": "洋蔥炒蛋到小英便當：蔡英文的人生滋味", "ISBN": "9789861333861", "USER": "d**a1**", "CONTENT": "這是一本極有趣的書，看見一位女性總統的候選人對於自己求學的過程與生活的描述，但是也正如一些人的看法，很多方面是隱諱不說的，例如，蔡女士的讀書方法也是點到為止。但是如果把藍綠政治氣息拿掉，不將他放入預設立場，這算是一本政務官工作歷程的有趣書。更有趣的是，本書的自序寫得比內文還要好。"}, {"BOOKNAME": "洋蔥炒蛋到小英便當：蔡英文的人生滋味", "ISBN": "9789861333861", "USER": "d**a1**", "CONTENT": "這是一本極有趣的書，看見一位女性總統的候選人對於自己求學的過程與生活的描述，但是也正如一些人的看法，很多方面是隱諱不說的，例如，蔡女士的讀書方法也是點到為止。但是如果把藍綠政治氣息拿掉，不將他放入預設立場，這算是一本政務官工作歷程的有趣書。更有趣的是，本書的自序寫得比內文還要好。"}, {"BOOKNAME": "洋蔥炒蛋到小英便當：蔡英文的人生滋味", "ISBN": "9789861333861", "USER": "d**a1**", "CONTENT": "這是一本極有趣的書，看見一位女性總統的候選人對於自己求學的過程與生活的描述，但是也正如一些人的看法，很多方面是隱諱不說的，例如，蔡女士的讀書方法也是點到為止。但是如果把藍綠政治氣息拿掉，不將他放入預設立場，這算是一本政務官工作歷程的有趣書。更有趣的是，本書的自序寫得比內文還要好。"}, {"BOOKNAME": "洋蔥炒蛋到小英便當：蔡英文的人生滋味", "ISBN": "9789861333861", "USER": "d**a1**", "CONTENT": "這是一本極有趣的書，看見一位女性總統的候選人對於自己求學的過程與生活的描述，但是也正如一些人的看法，很多方面是隱諱不說的，例如，蔡女士的讀書方法也是點到為止。但是如果把藍綠政治氣息拿掉，不將他放入預設立場，這算是一本政務官工作歷程的有趣書。更有趣的是，本書的自序寫得比內文還要好。"}, {"BOOKNAME": "洋蔥炒蛋到小英便當：蔡英文的人生滋味", "ISBN": "9789861333861", "USER": "d**a1**", "CONTENT": "這是一本極有趣的書，看見一位女性總統的候選人對於自己求學的過程與生活的描述，但是也正如一些人的看法，很多方面是隱諱不說的，例如，蔡女士的讀書方法也是點到為止。但是如果把藍綠政治氣息拿掉，不將他放入預設立場，這算是一本政務官工作歷程的有趣書。更有趣的是，本書的自序寫得比內文還要好。"}, {"BOOKNAME": "穿上玻璃鞋：凱特王妃征服英國皇室的平民玫瑰", "ISBN": "9789866673245", "USER": "ts****329", "CONTENT": "對於喜歡英國皇室的人,這本書真的好看,雖然大部分都在講凱特王妃的家族,但仔仔細細地看完一遍,總覺得他們真的是天造地設的一對"}]