[{"BOOKNAME": "四技二專超精準四合一統測英文練習（附試題本+詳解本）", "ISBN": "9789867380722", "USER": "zo***350", "CONTENT": "這本英文練習書有許多的閱讀測驗及對話，對於那些對閱讀測驗及對話較不好的人很有幫助。書中還有許多單字。我推薦"}, {"BOOKNAME": "升科大四技國文歷屆試題完全攻略含解析本：2015年版", "ISBN": "9789863087649", "USER": "zo***350", "CONTENT": "這本書有許許多多的國文統測試題，每題都有詳解及補充。可以增加國學常識。很適合生科大的學生們! 在此推薦給大家。"}, {"BOOKNAME": "升科大四技英文科測驗卷卷", "ISBN": "9789308521028", "USER": "zo***350", "CONTENT": "這個英文測驗卷有非常非常多的試題，每個題型都有出到，且每題都有詳盡的解析過程，不僅詳盡還很完整，讓人看了一目了然!"}, {"BOOKNAME": "升科大四技英文寫作測驗卷", "ISBN": "9789308651022", "USER": "zo***350", "CONTENT": "這份測驗卷裡面有許許多多的英文優美詞句，可以抄寫背下來，成為往後寫作文的素材。是不錯的選擇。裡面也教你許多的文法"}]