[{"BOOKNAME": "深度造假：比真實還真的AI合成技術，如何奪走人類的判斷力，釀成資訊末日危機？", "ISBN": "9789869955904", "USER": "el**irs", "CONTENT": "資訊取得的管道越來越容易，上網搜尋便能得到，但網路上的資訊真假與否，我們的辨識和判斷力越來越糟，ai被拿來不當運用，實在蠻可怕的......"}, {"BOOKNAME": "深度造假：比真實還真的AI合成技術，如何奪走人類的判斷力，釀成資訊末日危機？", "ISBN": "9789869955904", "USER": "el**irs", "CONTENT": "資訊取得的管道越來越容易，上網搜尋便能得到，但網路上的資訊真假與否，我們的辨識和判斷力越來越糟，ai被拿來不當運用，實在蠻可怕的......"}, {"BOOKNAME": "瑪莉詠的遺書", "ISBN": "9789863598305", "USER": "el**irs", "CONTENT": "13歲的瑪莉詠選擇吊起自己和手機，讓自己的心臟不再跳動，媽媽循著媒體報導的她的遺書，一路摸索究竟發生什麼事。看了十分難過...這不是第一本談霸凌的書，也不會是最後一本，我們能作什麼，這是我始終在思索的。"}, {"BOOKNAME": "Mindf*ck 心智操控【劍橋分析技術大公開】：揭祕「大數據AI心理戰」如何結合時尚傳播、軍事戰略，深入你的網絡神經，操控你的政治判斷與消費行為！", "ISBN": "9789863844587", "USER": "ch*****807", "CONTENT": "這本書讀起來真的很燒腦，讀完了，就只能期待自己的網路衛生習慣好一點，然而習慣的養成不是一朝一夕，自此就會非常擔心下一個世代，他們的隱私及個資是否已經蕩然無存？"}, {"BOOKNAME": "人類的明日之戰：當臉書、谷歌和亞馬遜無所不在，科技和大數據如何支配我們的生活、殺害民主", "ISBN": "9789865511234", "USER": "el**irs", "CONTENT": "科技來自於人性，但被大數據和演算法支配的現代人，那些引以為傲的自由意志，是否還能像從前那樣純粹呢？還是已經在不知不覺中被演算法同化了？越想越可怕..."}, {"BOOKNAME": "操弄【劍橋分析事件大揭祕】：幫川普當選、讓英國脫歐，看大數據、Facebook 如何洩露你的個資來操弄你的選擇?", "ISBN": "9789863844044", "USER": "el**irs", "CONTENT": "我想到惡血和鯨吞億萬，但這兩本是報導紀實，而這本算是當事者之一的自我陳述，坦白說看了會怕，除非不用臉書不上網銀行不開戶無來往，不然我們做的一切行為都會變成商品被分析利用和操作⋯⋯"}, {"BOOKNAME": "未來的犯罪：當萬物都可駭，我們該如何面對", "ISBN": "9789863592044", "USER": "ch*****807", "CONTENT": "這本書很清楚的描寫出我們想都沒想過的犯罪形式，像是用房子或是車子綁架我們，我們不知不覺中，我們已經身處險境，這本書逐一清楚的提醒我們如何防止我們受到數位及科技控制，養成數位科技衛生習慣，防止我們在無形中變成活動的加害及受害者，為了自己及孩子，一定要買來看。"}, {"BOOKNAME": "留一段時間給自己：找回我們在緊密連結的世界中，終將遺忘的獨處時光", "ISBN": "9789862727607", "USER": "ka***119", "CONTENT": "這是一本很不錯的書，但是中文翻譯語句不順暢，閱讀的時候無法很自然的了解文中要表達的意思，讀起來感覺有點辛苦，因為還要花時間理解中文翻譯出來後作者想表達的想法.....有點可惜了這本書。"}, {"BOOKNAME": "駭客人生：全球頂尖駭客的真實告白", "ISBN": "9789865740108", "USER": "ge******************.tw", "CONTENT": "凱文．米特尼克是傳說中的駭客，在這一本自傳式小說裏描寫了米特尼克的故事，在米特尼克的視角下每一個駭客環節描述詳細。本書因為涉及電腦、網路、程式語言、機構而會出現許多專名，不過讀起來沒有障礙。"}, {"BOOKNAME": "用iPhone分手，在臉書上大和解？50個你不可不知的雲端生活關鍵報告", "ISBN": "9789868811171", "USER": "s1*****103", "CONTENT": "在社群網站與智慧型手機氾濫的這個時代，作者書中的小故事，讓讀者看到我們是如何生活在這樣的世界，也同時可以感到被制約的悲哀。"}, {"BOOKNAME": "維基解密創辦人帶你揭開駭客手法", "ISBN": "9789862282328", "USER": "a0******089", "CONTENT": "書中有著許多不為人知的事情，但這卻是真實在現實中發生的，裡面的駭客鬼才，無一不讓我驚豔不已，這是作者費盡心力所篡寫的，讓讓我對神秘的駭客有更深的瞭解。"}, {"BOOKNAME": "網路讓我們變笨？數位科技正在改變我們的大腦、思考與閱讀行為", "ISBN": "9789862620625", "USER": "sh*****012", "CONTENT": "我喜歡這本書的原因是作者將視角放在人類思想史的大脈絡裡檢視，容易抓住作者所要闡明的觀點。從過去口述到書寫、印刷再到數位科技等資訊處理變革一路走來對人類大腦莫不產生重大影響，尤其網際網路等多媒體又將如何影響我們的思考風格和深度。真正問題不是過成的轉變，而是最後我們會變成什麼子。"}, {"BOOKNAME": "網路讓我們變笨？數位科技正在改變我們的大腦、思考與閱讀行為", "ISBN": "9789862620625", "USER": "sh*****012", "CONTENT": "我喜歡這本書的原因是作者將視角放在人類思想史的大脈絡裡檢視，容易抓住作者所要闡明的觀點。從過去口述到書寫、印刷再到數位科技等資訊處理變革一路走來對人類大腦莫不產生重大影響，尤其網際網路等多媒體又將如何影響我們的思考風格和深度。真正問題不是過成的轉變，而是最後我們會變成什麼子。"}, {"BOOKNAME": "隱私不保的年代", "ISBN": "9789866614934", "USER": "s1*****103", "CONTENT": "隱私，在現今網路發達的年代，是不是根本沒有方法去保障?本書作者透過一個個的實例，告訴我們隱私與網路的衝突，便試圖希望提出方式去化解兩者之間的衝突，也希望網路使用者能成長，而非認為網路上的匿名性能讓他們可以肆無忌憚的詆毀或傷害他人而不需負責。"}, {"BOOKNAME": "阿宅，你已經死了！(全)", "ISBN": "9789571350653", "USER": "s1*****103", "CONTENT": "岡田斗司夫給了身為御宅族的各位強烈的警示，然而這也表示現在的世代也給了阿宅一個全新的可能，狄更斯說過，這是最光明的時代，也是最灰暗的時代，如何改變就根據各位阿宅的行動了!!"}]