[{"BOOKNAME": "國家的囚徒──趙紫陽的祕密錄音", "ISBN": "9789571350523", "USER": "c**12**", "CONTENT": "&#x28;我要對歷史負責，絕不做鎮壓學生的總書記&#x29;，生不逢時活在社會主義下的資本主義，趙紫陽前衛開放的思想，難容於&#x28;改革開放&#x29;的鄧小平時代，牢籠的框架在歷史洪流中，是無法完全封閉渴望民主自由的奔放思惟。"}, {"BOOKNAME": "平凡中的不平凡：全美台聯40風雲人物", "ISBN": "9781625033888", "USER": "81********817", "CONTENT": "這本書記錄了46位傑出旅美台灣鄉親艱苦創業的心路歷程。這是一本文筆優美、充滿智慧的文學傳記，有發人深省的力量洋溢在字裡行間，對讀者的心是一種很好的滋養。這是一本讓你看了第一篇文章就急著想要一口氣讀完的一本書。一篇篇文章娓娓道來，不疾不徐地述說著43個溫暖勵志的動人故事。"}, {"BOOKNAME": "平凡中的不平凡：全美台聯40風雲人物", "ISBN": "9781625033888", "USER": "81********817", "CONTENT": "這本書記錄了46位傑出旅美台灣鄉親艱苦創業的心路歷程。這是一本文筆優美、充滿智慧的文學傳記，有發人深省的力量洋溢在字裡行間，對讀者的心是一種很好的滋養。這是一本讓你看了第一篇文章就急著想要一口氣讀完的一本書。一篇篇文章娓娓道來，不疾不徐地述說著43個溫暖勵志的動人故事。"}, {"BOOKNAME": "南懷瑾與楊管北", "ISBN": "9789869405836", "USER": "ch*****807", "CONTENT": "這本書讀來有濃濃的懷舊風情，很民初的氣質，連兩位儒者的交往情誼都很民初，雖然是很後面才完成，但是，感覺比較像是要進入南師一系列著作閱讀的引言，書裡講了很多關於儒、佛的生活實踐，對於兩位儒者的氣質及生活描述，讀來是很滌心的。"}, {"BOOKNAME": "近代史的墮落‧晚清北洋卷：劉仲敬點評近現代人物", "ISBN": "9789869335348", "USER": "d**a1**", "CONTENT": "頗不認同劉先生的說法，他用現代的角度去看晚清各個人物，說真的，真是是事後諸葛。 如果讓他本人親歷歷史現場，是否能有慈禧的決斷，梁啟超的自省，我認為都有困難。"}, {"BOOKNAME": "近代史的墮落‧晚清北洋卷：劉仲敬點評近現代人物", "ISBN": "9789869335348", "USER": "d**a1**", "CONTENT": "頗不認同劉先生的說法，他用現代的角度去看晚清各個人物，說真的，真是是事後諸葛。 如果讓他本人親歷歷史現場，是否能有慈禧的決斷，梁啟超的自省，我認為都有困難。"}, {"BOOKNAME": "百年大師【二之2】", "ISBN": "9789574320820", "USER": "a2*****************.tw", "CONTENT": "即便好書都有瑕疵,雖然從百年中篩選適當人物極其困難,然而有三位個人認為其人生經歷尚不適為&quot;大師&quot;,分別為仍在世的謝孟雄、楊永斌及李遠哲,卻未將已世的台籍大師列入,例如蔣渭水、杜聰明、賴和等,如再版能多加幾位台籍人物,本書將更臻完美."}, {"BOOKNAME": "遇見林徽因：愛．建築．文學的一生", "ISBN": "9789571171975", "USER": "hy****369", "CONTENT": "一直以來知道林徽因都是因為徐志摩,雖然知道她是個非常了不起的女性,但看了這本書才真正體認到這個事實。看這本書像是在看小說，非常生動。不僅了解林徽因，也從而了解了當時文人的互動，非常值得一讀。"}, {"BOOKNAME": "李光耀是狐狸？還是刺蝟？你所不知道的李光耀", "ISBN": "9789570837667", "USER": "zx******787", "CONTENT": "有趣的訪談,透過記者深入的訪談,我們可以瞭解到李光耀這個人的內心,他的做人處事,以及他的思維,是我們可以去學習的！"}, {"BOOKNAME": "京華風雲錄卷一：北京宰相", "ISBN": "9789570816921", "USER": "le**206", "CONTENT": "京華風雲錄第一冊北京宰相主角是周恩來，寫的是中華人民共和國剛建政時的勾心鬥角，著作本身是以小說的方式呈現，內容緊湊精彩，即便是小說，但可讀性還是蠻高的，至於為什麼會被列為禁書，我想是因為寫得有點太真實了，尤其是「人民總理」心中的情愛觀，可能會摧毀愛民的聖潔形象"}, {"BOOKNAME": "中國近代思想史上的胡適", "ISBN": "9789570804669", "USER": "ta***986", "CONTENT": "頁數不多，作者卻能在如此短的篇幅內將胡適的思想與其在歷史上扮演的角色做出精采的呈現。余英時先生寫作架構條理分明，資料考據亦十分嚴謹，靈活的筆法能夠抓住讀者的注意力，字字珠璣，值得一讀再讀。"}, {"BOOKNAME": "抗日戰爭中陣亡的國民黨將軍", "ISBN": "9789861466880", "USER": "lu***key", "CONTENT": "鉅細靡遺介紹在八年抗戰中幾場可歌可泣的戰役, 在現代日漸消弭淡薄的愛國意識中, 本書著實可以帶給我們重回到那個曾經是愛國歌曲年代的時代, 也讓我們真正瞭解到國難當前, 個人死生事小, 國家興亡匹夫有責的道理"}, {"BOOKNAME": "王丹回憶錄：從六四到流亡", "ISBN": "9789571356525", "USER": "ma*****2tw", "CONTENT": "教育可以使人脫離貧窮，但是同時教育也可以箝制年少的純淨心靈，中國人身為國家的一份子，卻只能在國外看見祖國真正的歷史事實，這是多麼可悲的一件事，在二十一世紀這個富裕的時代，中國的年輕人成了最富裕的思想乞丐。"}, {"BOOKNAME": "鄧小平改變中國", "ISBN": "9789862169360", "USER": "gi****225", "CONTENT": "這本書詳細的敘述鄧小平的政治生涯，從鄧小平在毛澤東底下做事到接班給江澤民，作者都引介了很多資料來還原歷史的真相。 個人認為作者在敘述對香港、台灣和西藏的外交問題十分的公正、詳細，是眾多史家無法做到的，如果想了解鄧小平在中國的建設，我十分推薦這本書。"}, {"BOOKNAME": "之後再無大師", "ISBN": "9789868646704", "USER": "fu*******985", "CONTENT": "以知識份子們人物性格、往來交友、學官交往，以及大時代遷徙作為背景，勾勒兩岸大師的風采。書名「之後再無大師」與內容十分吻合，作者記下民國年間的風範，文字功力強。"}, {"BOOKNAME": "提筆為時代：余紀忠", "ISBN": "9789571336534", "USER": "s1*****103", "CONTENT": "看中時創辦人余紀忠為了新聞自由與民主，跟威權政府抵抗，讓台灣的民主與新聞自由得以得到保障，而中時副刊同時也讓文學界活水了起來，創造出近代的台灣文學史。"}, {"BOOKNAME": "礦工的兒子－三個奇遇改變一生", "ISBN": "9789576678707", "USER": "am****052", "CONTENT": "也不透露出任何他從以前到現在走過來的事情，而我卻依晰能從他的憔悴面容感覺出點什麼。 在這本書看一半的時候王永慶先生過世了，讓我百感人生無常。 這本書值得給現代學子們看，雖然同樣的書名一直再版更新，但我想這是因為好書能夠加以流傳的原因！！"}, {"BOOKNAME": "活著真好．輪椅巨人祁六新", "ISBN": "9789576218316", "USER": "ba******529", "CONTENT": "看完這本書，好像走完一條又長又彎的路，路邊的景物，深刻地令 我無法忘記。人生無常，片刻都不一，誰會料想到下一秒會發生什麼事 ！？或許站在這，突有一閃電襲來！也或許失足落入了萬丈深淵；誰也 救不了你，只有自己。不管別人怎麼鼓勵，如果自己都宣布死刑了，誰 還救的了你！"}, {"BOOKNAME": "偶然生為亞裔人", "ISBN": "9789576216138", "USER": "s1*****103", "CONTENT": "身為亞裔美國人，作者在本書描寫了他對中國與美國情感的糾葛，一方面他是個土生土長的美國人，但一方面他黃面孔以及父母的北京話，讓他對自己的民族認同的定位感到迷惑。"}, {"BOOKNAME": "落葉歸根", "ISBN": "9789571329444", "USER": "ny*ia5*", "CONTENT": "這是一本讓人不翻到最後一頁便不想闔上的書，我不知道紅了多少次眼框。看這本書我並沒有激動的想責怪誰，因為在大環境之下，其實每個人都很無奈的扮演著屬於自己的角色吧，而且，只要我們願意嚐試走出自己的角度站在別人的立場，似乎便能體會別人的身不由己了"}, {"BOOKNAME": "落葉歸根", "ISBN": "9789571329444", "USER": "ny*ia5*", "CONTENT": "這是一本讓人不翻到最後一頁便不想闔上的書，我不知道紅了多少次眼框。看這本書我並沒有激動的想責怪誰，因為在大環境之下，其實每個人都很無奈的扮演著屬於自己的角色吧，而且，只要我們願意嚐試走出自己的角度站在別人的立場，似乎便能體會別人的身不由己了"}]