[{"BOOKNAME": "我的野蠻室友：細菌、真菌、節肢動物與人同居的奇妙自然史", "ISBN": "9789864778997", "USER": "hw*der*", "CONTENT": "讀完之後暇想，印象中莊子書提到&quot;野馬也，塵埃也，萬物之以息相吹也&quot;，彷彿就是這麼回事，我們住在一個生物多樣性的世界裏，一呼一吸中就有一大堆微生物，彼此都互相有作用，對人有害的較少，有益的較多，而不了解不認識的就又更多了。"}, {"BOOKNAME": "微生物的巨大衝擊（TED Books系列）", "ISBN": "9789863981497", "USER": "ke*****110", "CONTENT": "ted books系列書很讚，內容精簡不冗長，但可讀性非常高，內容含金量也很大，每本都談不同的主題，可以擴展我們的視野，對於想利用空閒時間涉獵不同主題的人來說，是很值得推薦的一套書。微生物這本我尤其喜歡，從來沒想過微生物對我們的健康有那麼大的影響，這又是一個顛覆傳統的新觀念。"}, {"BOOKNAME": "人類與病毒之戰：一本書看懂病毒為什麼可怕、如何預防傳染、疫情爆發時的生活準則", "ISBN": "9789863985518", "USER": "ev******429", "CONTENT": "2020年1月，新年伊始就開始一場前所未見的傳染病大流行，由於世界是平的，國家界線逐漸模糊，人與人的往來日益頻繁，促使病毒的散播與流行，面對世紀病毒，我們該具備那些知識與常識?從本書可獲得答案。"}, {"BOOKNAME": "下一場人類大瘟疫：跨物種傳染病侵襲人類的致命接觸", "ISBN": "9789865671860", "USER": "me*****023", "CONTENT": "喜歡抽絲剝繭的偵探小說嗎?本書就是瘟疫的偵探過程，看作者如何帶領讀者深入非洲伊波拉現場，或是中國南方蝙蝠洞，一層一層推理，揭開瘟疫來源神秘的面紗。"}, {"BOOKNAME": "你一定要知道的50種致命傳染病：登革熱、流感、伊波拉、愛滋病……奪命病菌，就在你身邊！", "ISBN": "9789570846720", "USER": "wa*****g69", "CONTENT": "這是現代人不可不看的ㄧ本好書，簡潔有系統的介紹可能大流行，會嚴重傷害健康甚至威脅人類生命的細菌與病毒，從耳熟能詳的病名，到傳染途徑，症狀，乃至治療方法，全都以通俗流利的文字表達出來，非常容易理解，說它是近代流行疾病的小百科絕不為過，想避免被傳染或不必要的恐慌，都該看看此書"}, {"BOOKNAME": "能量、性、死亡：粒線體與我們的生命", "ISBN": "9789862621431", "USER": "hw*der*", "CONTENT": "好好看。這本書講粒線體的由來，根據許多研究，像推理小說般，步步邁向合理的解釋。畢竟咱們還無法回去數億年前觀察，所以只能在各理論假說與實驗中推理。 作者貼心地在每部分開頭與結尾都review一次，厘清邏輯與上下篇之關連，讓讀者不會在讀了一大段之後忘記討論到哪裡。"}, {"BOOKNAME": "第四級病毒", "ISBN": "4717702067601", "USER": "li****lun", "CONTENT": "有這樣壯志進入困苦的大地醫治貧困的人們，除感佩其懷抱悲天憫人的胸襟外亦讚嘆過人的勇氣與毅力，除面對艱險環境外尚要致死生於度外對抗來勢洶洶不知明的疾病。雖然書上許多疾病作者與之交鋒過，雖迄今尚無良方，但其歷程讀來仍令人肅然起敬。"}, {"BOOKNAME": "病菌現形", "ISBN": "9789576076015", "USER": "ti*********616", "CONTENT": "我們身邊的微生物世界是如此的奧妙，作者不使用詰屈聱牙的艱深來為難讀者，也沒有將觀念複雜化而是簡化成平易近人的文字，甚至能與我已知的之是縝密結合。看完後對於以往的觀念會重新去審視。"}]