[{"BOOKNAME": "古地中海文明陷落的關鍵：公元前1177年", "ISBN": "9789570532302", "USER": "ha*****004", "CONTENT": "各國交流發展來到彼此關係越來越緊密時，為何走向毀滅？書中先說明青器時代末期各文明來往密切的狀況，並藉由考古新證據的陸續出現，強調複雜的國際體系不可能只因單一因素就崩解。當關係緊密到彼此交纏時，有可能因為數個因素導致蝴蝶效應加而速摧毀。輝煌盛世的衰落，會可能出現在格局相似的現代嗎？"}, {"BOOKNAME": "漢尼拔與坎奈的幽靈：羅馬共和最黑暗的時刻", "ISBN": "9789868884274", "USER": "ma*********101", "CONTENT": "漢尼拔這位戰術天才，以寡擊眾並且取得壓到性勝利的坎奈戰役，成為後世很多君主將帥學習模仿的經典案例。德國毛奇要在歐陸同時左右兩邊出擊法俄，也是從坎奈之役尋求靈感與啟發！"}, {"BOOKNAME": "羅馬帝國的崛起", "ISBN": "9789868782976", "USER": "ch**044", "CONTENT": "本書紀錄了羅馬人如何在歷史中崛起，它又如何應對每次不同的挑戰，直到將地中海變成羅馬帝國的內海。他是希臘政治家同時也是羅馬公民，羅馬帝國在當時為何能夠主宰如此龐大的疆域，波利比烏斯將其中的種種原因和看法，用主觀和客觀的角度紀錄了下來。"}]