[{"BOOKNAME": "地理課沒教的事：用Google Earth大開眼界", "ISBN": "9789571355191", "USER": "a**ra**", "CONTENT": "非常有趣的一本書，一些奇特的地理環境，在高空的俯看之下，出現很多不可思議的景象，但是，看到小林村...，還是讓人感嘆，人類要多珍惜我們唯一的地球，如果再破壞，我們的子孫該怎麼辦呢，如果要和小朋友一起看，建議大人要先多做些功課，因為可以延伸很多問題喔"}, {"BOOKNAME": "十月的天空：一位NASA科學家的逐夢少年歲月(新版)", "ISBN": "9789862161166", "USER": "ke*****263", "CONTENT": "作者的父親是個礦工，但作者的夢想是要飛上天，夢想看似遙不可及，但是他辦到了。有時候，成功就在前方不遠處，只要你堅持，奮鬥不懈。"}, {"BOOKNAME": "十月的天空：一位NASA科學家的逐夢少年歲月(新版)", "ISBN": "9789862161166", "USER": "ke*****263", "CONTENT": "作者的父親是個礦工，但作者的夢想是要飛上天，夢想看似遙不可及，但是他辦到了。有時候，成功就在前方不遠處，只要你堅持，奮鬥不懈。"}, {"BOOKNAME": "十月的天空：一位NASA科學家的逐夢少年歲月(新版)", "ISBN": "9789862161166", "USER": "ke*****263", "CONTENT": "作者的父親是個礦工，但作者的夢想是要飛上天，夢想看似遙不可及，但是他辦到了。有時候，成功就在前方不遠處，只要你堅持，奮鬥不懈。"}]