[{"BOOKNAME": "豹紋守宮超圖鑑：一本掌握守宮生態及品種解析", "ISBN": "9789864751730", "USER": "l**ke**", "CONTENT": "繼蛙類超圖鑑後,小朋友又看到這本新出的豹紋守宮超圖鑑,一翻又愛不釋手,詳細介紹各種品系的豹紋守宮及其飼育的方法,算是目前市面上相關書籍中,較為詳細,適合有興趣實際飼養的朋友參考的一本書~"}, {"BOOKNAME": "別斃了那隻狗（改版）：動物訓練必殺技", "ISBN": "4717702080570", "USER": "ev**est", "CONTENT": "值得購買的好書，尤其是對於普遍缺乏與不了解的動物行為觀念等有很生活化的說明，可以輕易的理解正加強與負加強對毛小孩的影響，非常棒！"}, {"BOOKNAME": "HAPPY 兔：淘氣兔寶貝生活全紀錄", "ISBN": "9789862253960", "USER": "fr*******926", "CONTENT": "是一本兔子寫真書，也是一本新手入門書。裡面收錄各式各樣兔子的搞笑圖片，非常適合喜歡兔子的讀者收藏，也有基礎的兔子知識，以簡單的文字敘述和可愛的兔子插畫告訴讀者關於兔子的各種習性及正確養法，如果是第一次養兔子的新手，建議看看這本書哦！"}, {"BOOKNAME": "來~跟毛小孩聊天：透過溝通，我們都被療癒了！", "ISBN": "9789869055567", "USER": "ad*****028", "CONTENT": "嘿！在毛孩當道的世風日下，到底那些小腦袋中所想得是什麼？是「最愛媽咪爸嗶」、「晚餐肉肉超好吃」、「散步超好玩」等食衣住行？還是猶如柏拉圖式的深奧哲理？多篇心靈對談實例佐以色鉛筆溫馨插畫，讓人一窺家中毛孩的內心話。有歡笑淚水及了解他們眼中所望見的世界。嘿！你在想什麼呢我的毛孩寶貝？"}, {"BOOKNAME": "來~跟毛小孩聊天：透過溝通，我們都被療癒了！", "ISBN": "9789869055567", "USER": "ad*****028", "CONTENT": "嘿！在毛孩當道的世風日下，到底那些小腦袋中所想得是什麼？是「最愛媽咪爸嗶」、「晚餐肉肉超好吃」、「散步超好玩」等食衣住行？還是猶如柏拉圖式的深奧哲理？多篇心靈對談實例佐以色鉛筆溫馨插畫，讓人一窺家中毛孩的內心話。有歡笑淚水及了解他們眼中所望見的世界。嘿！你在想什麼呢我的毛孩寶貝？"}, {"BOOKNAME": "來~跟毛小孩聊天：透過溝通，我們都被療癒了！", "ISBN": "9789869055567", "USER": "ad*****028", "CONTENT": "嘿！在毛孩當道的世風日下，到底那些小腦袋中所想得是什麼？是「最愛媽咪爸嗶」、「晚餐肉肉超好吃」、「散步超好玩」等食衣住行？還是猶如柏拉圖式的深奧哲理？多篇心靈對談實例佐以色鉛筆溫馨插畫，讓人一窺家中毛孩的內心話。有歡笑淚水及了解他們眼中所望見的世界。嘿！你在想什麼呢我的毛孩寶貝？"}, {"BOOKNAME": "來~跟毛小孩聊天：透過溝通，我們都被療癒了！", "ISBN": "9789869055567", "USER": "ad*****028", "CONTENT": "嘿！在毛孩當道的世風日下，到底那些小腦袋中所想得是什麼？是「最愛媽咪爸嗶」、「晚餐肉肉超好吃」、「散步超好玩」等食衣住行？還是猶如柏拉圖式的深奧哲理？多篇心靈對談實例佐以色鉛筆溫馨插畫，讓人一窺家中毛孩的內心話。有歡笑淚水及了解他們眼中所望見的世界。嘿！你在想什麼呢我的毛孩寶貝？"}, {"BOOKNAME": "新手高明飼養法：金魚", "ISBN": "9789576866562", "USER": "po*g72*", "CONTENT": "一開始覺得金魚很常見，而並不想要飼養此類魚種， 但是看了此本書，才了解原來金魚的種類這麼多。 尤其是朝天眼金魚，真的長得很滑稽。 在養魚之前先看過此書，才能真的挑選到真正健康的金魚。 也才了解，雖然都是金魚， 但把龍睛這種視力不好的魚跟琉金養在一起，會很可憐。"}, {"BOOKNAME": "第一次養刺蝟【漫畫版】", "ISBN": "9789864431403", "USER": "ir****168", "CONTENT": "看完這本書後，深深覺得作者把養刺蝟的甘苦談描述得淋漓盡致！畢竟刺蝟並不是熱門的寵物，讀完後更能了解牠們的生活習性，也讓飼主更知道要如何與牠們相處！讀的時候非常開心，是一本會讓人一邊看一邊大笑的好書！"}, {"BOOKNAME": "家有寵物星人：教你如何呵護、飼養家裡的珍奇動物", "ISBN": "9789863750239", "USER": "l**ke**", "CONTENT": "這本書包含的寵物範圍廣泛,又有活潑易懂的圖畫輔助解說,喜歡養寵物的小朋友幾乎都喜歡,兒子他們班輪流從圖書館借出此書再帶到學校獻寶呢~"}, {"BOOKNAME": "家有寵物星人：教你如何呵護、飼養家裡的珍奇動物", "ISBN": "9789863750239", "USER": "l**ke**", "CONTENT": "這本書包含的寵物範圍廣泛,又有活潑易懂的圖畫輔助解說,喜歡養寵物的小朋友幾乎都喜歡,兒子他們班輪流從圖書館借出此書再帶到學校獻寶呢~"}, {"BOOKNAME": "那些動物告訴我的事：用科學角度透視動物的思想世界", "ISBN": "9789865802967", "USER": "yu***0sy", "CONTENT": "相信有養寵物或是愛寵物的人都會有非常想要了解寵物們在想什麼的時候吧?此時就是本書派上用場之時了!我們不可能隨時打電話給動物醫生詢問日常小事，也不可能常常跑動物算命師去問寵物的心情想法，所以這本書可以當作一些基本的小知識補充，看了之後也會覺得跟寵物們關係更親近了喔!"}]