[{"BOOKNAME": "過動：第五屆御宅文化研討會暨巴哈姆特論文獎文集（上）", "ISBN": "9789866301964", "USER": "en******875", "CONTENT": "上冊收錄了第五屆御宅文化研討會中，主辦人的研究回顧與介紹，及聖地巡禮、乳搖、聲優風潮、精靈寶可夢等熱門話題，基本上就是研究參考的論文集。可惜的是許多主題乍看之下很有話題性，但在陳述上仍偏向自我喜好，與諸多理論鋪陳，與過動 漫生活的理念仍有一段距離。"}, {"BOOKNAME": "中心到邊陲的重軌與分軌－日本帝國與臺灣文學文化研究（中）精裝]", "ISBN": "9789860337631", "USER": "s1*****103", "CONTENT": "本書從日本學者的觀點作的文化研究，看日本殖民時期文學與殖民教育的關聯，也從台灣知識分子上看台灣與日本之間的情結。"}, {"BOOKNAME": "科學的疆界【3 DVD+1手冊】", "ISBN": "9784510500717", "USER": "dj**u03", "CONTENT": "看了李校長新著的&quot;科學氣功&quot;，對他在書中所敘述研究宇宙奇事的歷程，更想一探究竟之際，搭配這本小書，更讓有心者可以大飽眼福，大呼過癮，走一條少有人走得科學路，卻通往究竟的宇宙空性的奧義，真是精采的科學人生啊。"}, {"BOOKNAME": "臺大哲學系事件調查報告", "ISBN": "9789860385472", "USER": "s1*****103", "CONTENT": "台大哲學系事件可說是對大學學術自由上，一次重大的打擊，究竟台大哲學系事件是如何發生，當時的時代背景為何？以及又影響了那些人與那些事？那些人又應該為這次事件負責？本書試圖來還原這事件的原本樣貌。"}]