[{"BOOKNAME": "人渣文本的政治倫理學", "ISBN": "9789570529708", "USER": "wx**g29", "CONTENT": "我對政治冷感。從小是乖乖牌，聽話努力怕受傷。我害怕衝突。我也為工作所苦。 到底我的人生哪裡不對勁? 偶然看到這本書，我忽然比較了解自己的苦悶、政治，以及荒謬。 顛覆價值的一本好書。"}, {"BOOKNAME": "名媛養成班：國際禮儀專家教你成為真名媛的20個法則", "ISBN": "4717702071578", "USER": "vi*********982", "CONTENT": "本書教女孩子如何由內散發出美;而書裡沒說到的一個觀念，是周刊訪問陳弘美時，她說的，她說真正的名媛絕對不是那種拿著名牌包到處跑party或養尊處優的嬌嬌女;而是用心回饋社會、從內心散發氣質，帶領社會大眾正面風氣。做跟那種拿名牌包跑party的女人相反的事，才是真名媛!"}, {"BOOKNAME": "名媛養成班：國際禮儀專家教你成為真名媛的20個法則", "ISBN": "4717702071578", "USER": "vi*********982", "CONTENT": "本書教女孩子如何由內散發出美;而書裡沒說到的一個觀念，是周刊訪問陳弘美時，她說的，她說真正的名媛絕對不是那種拿著名牌包到處跑party或養尊處優的嬌嬌女;而是用心回饋社會、從內心散發氣質，帶領社會大眾正面風氣。做跟那種拿名牌包跑party的女人相反的事，才是真名媛!"}, {"BOOKNAME": "給青年反對者的信", "ISBN": "9789570827583", "USER": "s1*****103", "CONTENT": "本書作者要讀者挑戰既有的思考模式以及權威，要讀者能夠有獨立思考的能力，對一切事物重新做公正的檢視，所以所謂的反對者，是反對那些舊有觀念錯誤的人，讓社會大眾重新認清孰對孰錯。"}]