[{"BOOKNAME": "去他X的歷史！111個打臉教科書的爆笑史實真相", "ISBN": "9789865534479", "USER": "77********501", "CONTENT": "以詼諧、幽默的敘述方式來說歷史，令人深感有趣。其中篩選的歷史內容勁爆又有趣，加上作者心中的好笑os，真的很好看。"}, {"BOOKNAME": "人類很有事：草包佯裝英雄，犯蠢牽拖水逆，跨越萬年的暗黑愚行史", "ISBN": "9789570855609", "USER": "el**irs", "CONTENT": "這本書有著英式幽默，雖然是歷史但述事詼諧，有一點像在閒聊的感覺，東方歷史人物有提到秦始皇和毛澤東，覺得蠻有趣的。如果還有續篇寫到2020年的話，不曉得會不會把歐美一開始面對covid-19的佛系防疫寫進書裡呢？"}, {"BOOKNAME": "另眼看歷史 共產世界大歷史：一部有關共產主義及共產黨兩百年的興衰史", "ISBN": "9789573288190", "USER": "d**a1**", "CONTENT": "要瞭解共產主義，這無異是最精彩的入門書，連歷史系教授都寫不出來的精彩，文筆流利不說，事件排序，名詞解釋絕對比其他歷史著作精彩太多。"}, {"BOOKNAME": "全彩插畫版絲綢之路：從波斯帝國到當代國際情勢，橫跨兩千五百年人類文明的新世界史", "ISBN": "9789570854589", "USER": "ev******429", "CONTENT": "連接東西方文明的管道-絲綢之路&#x28;silk road&#x29;，二千多年前促使東西方文明開始交流，閱讀本書可以了解東西方文明的起源，及互為影響的開始，激盪出新的文明，帶給人類史上璀璨的一頁。"}, {"BOOKNAME": "全彩插畫版絲綢之路：從波斯帝國到當代國際情勢，橫跨兩千五百年人類文明的新世界史", "ISBN": "9789570854589", "USER": "ev******429", "CONTENT": "連接東西方文明的管道-絲綢之路&#x28;silk road&#x29;，二千多年前促使東西方文明開始交流，閱讀本書可以了解東西方文明的起源，及互為影響的開始，激盪出新的文明，帶給人類史上璀璨的一頁。"}, {"BOOKNAME": "世界史的誕生：蒙古帝國與東西洋史觀的終結", "ISBN": "9789865842819", "USER": "al********ing", "CONTENT": "在西歐大航海時代之前，從遊牧民族-蒙古放在世界歷史的核心，跳出中國核心和西歐中心論，才能看到真實的世界史！早在哥倫布之前  蒙古人就已經打開世界的貿易通商路口   他們才是世界史的起點"}, {"BOOKNAME": "怪書研究室：人皮書、殺人書、和書結婚、內容多到摧毀宇宙的書……從這些珍奇書稿探索史上最獵奇的真實故事", "ISBN": "9789862896020", "USER": "sh*****666", "CONTENT": "古書真的很不可思議，有的製作精美卻暗藏駭人血聞；有的破敗難看，卻隱含悲慘過去。每一本怪書都擁有豐富歷史和故事，讓人驚奇的同時也不禁大開眼界。"}, {"BOOKNAME": "世界史是打出來的[暢銷新版]：看懂世界衝突的第一本書，從20組敵對國關係，了解全球區域紛爭，掌握國際脈動對我們的影響", "ISBN": "9789864894352", "USER": "77********501", "CONTENT": "是一本須具備基礎地理歷史知識的書，讀起來才會較容易理解、吸收。其中較多篇幅在介紹一個地區的政治背景，建議多讀幾遍，有助於記憶。"}, {"BOOKNAME": "讀史的長進：歷史從不同情弱者，不迷信宿命，讀歷史是為了寫歷史，歡迎來到大人的世界。", "ISBN": "9789579164962", "USER": "64********170", "CONTENT": "這本書可以把歷史中的故事一個個的寫出來，並且告訴我們其中的道理，可以讓我們跟快速的理解這個故事的重點，那些歷史的人物成功與失敗的地方在哪裡，讓我們能夠借鑒歷史吸取教訓。"}, {"BOOKNAME": "童話裡隱藏的世界史", "ISBN": "9789864775392", "USER": "sh*****666", "CONTENT": "還記得年幼時的我每每翻著童話故事總會產生一兩個無法解釋的疑惑，直到長大後再次去回味後才有了不一樣的看法，也才體會到轉換角度看待事情是得到更多不一樣的全新事物，而透過這本書，有些我曾忽略或無視的地方也被一一紕漏，讓我對此有了更深的了解。"}, {"BOOKNAME": "童話裡隱藏的世界史", "ISBN": "9789864775392", "USER": "sh*****666", "CONTENT": "還記得年幼時的我每每翻著童話故事總會產生一兩個無法解釋的疑惑，直到長大後再次去回味後才有了不一樣的看法，也才體會到轉換角度看待事情是得到更多不一樣的全新事物，而透過這本書，有些我曾忽略或無視的地方也被一一紕漏，讓我對此有了更深的了解。"}, {"BOOKNAME": "塞爾登先生的中國地圖：香料貿易、佚失的海圖與南中國海", "ISBN": "9789570846140", "USER": "ap****325", "CONTENT": "由一件物品，一張畫或是地圖作為緣起，解構出與世界千絲萬縷的關係。地圖也顯現了當時的世界觀和思考的理路。藉由筆調，重新回到磅礡的時空之中。"}, {"BOOKNAME": "帖木兒之後：1405~2000年全球帝國史", "ISBN": "9789865723668", "USER": "al********ing", "CONTENT": "當初看到這本書的時候  回家上網看各家評論  這本討論度有夠低  但是我看完內容後只有4個字-大呼過癮! 為什麼這本跨越歷史  政治  體制  文化的深度好書   讀的人這麼少"}, {"BOOKNAME": "奧許維茲臥底報告：自願關進納粹集中營的波蘭英雄", "ISBN": "9789868962675", "USER": "so****345", "CONTENT": "一個人不顧危險進去集中營，想了解裡面到底發生了甚麼事，威托德他在集中營待了947天，參加點名2500多次，每一次的點名都是一次極限，他為何要這樣做?只是為了讓外面的人知道。雖然威托德最後逃離了集中營，但還是難逃波共政府的迫害"}, {"BOOKNAME": "維梅爾的帽子──從一幅畫看十七世紀全球貿易", "ISBN": "9789573264521", "USER": "ke***n34", "CONTENT": "西方史學家多擅於以小見大，往往能將一些微不足道的事情串連成一個時代的見證。卜正民教授可說是當中的佼佼者。本書從十七世紀荷蘭著名畫家維梅爾的畫為切入點，講述全球化早於四百多年前的大航海時代已慢慢地推展起來。以小小的畫作來討論全球化此一大問題，足見作者細膩的觸覺與遼闊的視野。"}, {"BOOKNAME": "維梅爾的帽子──從一幅畫看十七世紀全球貿易", "ISBN": "9789573264521", "USER": "ke***n34", "CONTENT": "西方史學家多擅於以小見大，往往能將一些微不足道的事情串連成一個時代的見證。卜正民教授可說是當中的佼佼者。本書從十七世紀荷蘭著名畫家維梅爾的畫為切入點，講述全球化早於四百多年前的大航海時代已慢慢地推展起來。以小小的畫作來討論全球化此一大問題，足見作者細膩的觸覺與遼闊的視野。"}, {"BOOKNAME": "革命的年代1789-1848", "ISBN": "9789577084996", "USER": "s1*****103", "CONTENT": "本書論述了這個時代最重要的兩大革命，經濟上的英國工業革命以及政治上的法國大革命，這兩大革命在當時代所激起的浪花，讓歐洲世界整個大改變，從此走向新的霸權平衡。"}, {"BOOKNAME": "帝國的年代1875-1914", "ISBN": "9789577085009", "USER": "s1*****103", "CONTENT": "當歐陸許多工業化國家藉由工業革命變成強國，且拓展他們的殖民地時，彼此的競爭關係與矛盾因而呈現，許許多多不斷的小摩擦終於導致戰爭的無可避免，本書就是敘說這樣的一個時代。"}, {"BOOKNAME": "資本的年代1848－1875", "ISBN": "9789577085016", "USER": "s1*****103", "CONTENT": "工業革命的成功，造就歐陸許多國家開始工業化，走向資本主義式的國家，在這資本的年代，也因為資本家的興起有了共產主義的誕生。"}, {"BOOKNAME": "極端的年代1914-1991(下)", "ISBN": "9789577084507", "USER": "s1*****103", "CONTENT": "資本主義與共產主義的競爭，最後是以共產主義倒台坐收，然而資本主義就沒有問題嗎？共產主義又是為何敵不過資本主義？經由本書讀者將會得到解答。"}, {"BOOKNAME": "極端的年代1914-1991(上)", "ISBN": "9789577084491", "USER": "s1*****103", "CONTENT": "進入二十世紀，兩次世紀大戰所帶來的影響，不只改變了整個歐洲，也改變了整個世界，更使得兩大陣營美國與蘇聯，資本主義與共產主義的對立。"}]