[{"BOOKNAME": "大不列顛小怪癖：讀者太太的英國文化驚奇點評", "ISBN": "9789571390482", "USER": "el**irs", "CONTENT": "不能出國旅遊的時候，看這種文化觀察分享的題材，彷彿一趟紙上神遊，感覺還不錯！印象最深刻的是英國人的真心話翻譯對照表，很有趣！"}, {"BOOKNAME": "大不列顛小怪癖：讀者太太的英國文化驚奇點評", "ISBN": "9789571390482", "USER": "el**irs", "CONTENT": "不能出國旅遊的時候，看這種文化觀察分享的題材，彷彿一趟紙上神遊，感覺還不錯！印象最深刻的是英國人的真心話翻譯對照表，很有趣！"}, {"BOOKNAME": "我是一個媽媽，我需要柏金包！耶魯人類學家的曼哈頓上東區臥底觀察", "ISBN": "9789571367033", "USER": "ap****208", "CONTENT": "作者是一位人類學家, 以詼諧的文筆描寫「誤闖」曼哈頓上東區的生活。 作者以自己人類學的學術背景切入, 但內容完全不枯燥, 還能學到一些人類學的科普知識。 生動幽默的文筆, 讓讀者閱讀時, 捧腹大笑, 也想一探這個只曾在電影中一瞥而過的上流社會, 一翻就停不下來。"}, {"BOOKNAME": "溫柔的心，強大的力量：德國人的日常思考", "ISBN": "9789861335339", "USER": "gi*****206", "CONTENT": "德國是個很嚴謹並且有秩序的國家，我覺得台灣有很多地方該向德國學習，台灣太自由了，幾乎到亂的地步。例如:前陣子，人心惶惶的食安問題，我們該看看德國政府是如何立法保障人民的健康，以及人民是怎樣做到食品的安全。還有，現在新聞最火熱的阿帕契，德國人看到了鐵定瘋掉。"}, {"BOOKNAME": "溫柔的心，強大的力量：德國人的日常思考", "ISBN": "9789861335339", "USER": "gi*****206", "CONTENT": "德國是個很嚴謹並且有秩序的國家，我覺得台灣有很多地方該向德國學習，台灣太自由了，幾乎到亂的地步。例如:前陣子，人心惶惶的食安問題，我們該看看德國政府是如何立法保障人民的健康，以及人民是怎樣做到食品的安全。還有，現在新聞最火熱的阿帕契，德國人看到了鐵定瘋掉。"}, {"BOOKNAME": "人家有傘，我有美國：鬆鬆的台裔小家庭旅美田野調查報告", "ISBN": "9789571380995", "USER": "70*********803", "CONTENT": "波特蘭地方媽媽的文字很中肯、不煽情，很多觀察描述看起來與一些美劇影集接收到的很相近，這種文化差異讀來輕鬆有趣！"}, {"BOOKNAME": "英國哪有什麼好？", "ISBN": "9789869750998", "USER": "el***906", "CONTENT": "吸引人的標題。看似一本批評英國的書，但其實裡面有相當有趣的，提供正反兩面關於英國生活和文化的內容。從天氣，治安，衛生，效率聊到教育和環境保護。感覺是市場上難得一見，用深入淺出的方式介紹英國各個層面的現象的文化介紹。"}, {"BOOKNAME": "我必須獨自赴約：第一線聖戰報導紀實", "ISBN": "9789570531930", "USER": "gi*******203", "CONTENT": "戰爭很可怕，可如今依然有戰爭發生。以暴制暴，可能是最快速的處理方式，但它使仇恨延續、造成惡性循環。雙方無法互相尊重，瞭解彼此，又如何找出共同的未來？這位記者為了探究真相，親自談話，甚至能開玩笑、一起露出笑容。由衷希望社會願意互相瞭解，變得更好。"}, {"BOOKNAME": "我必須獨自赴約：第一線聖戰報導紀實", "ISBN": "9789570531930", "USER": "gi*******203", "CONTENT": "戰爭很可怕，可如今依然有戰爭發生。以暴制暴，可能是最快速的處理方式，但它使仇恨延續、造成惡性循環。雙方無法互相尊重，瞭解彼此，又如何找出共同的未來？這位記者為了探究真相，親自談話，甚至能開玩笑、一起露出笑容。由衷希望社會願意互相瞭解，變得更好。"}, {"BOOKNAME": "我必須獨自赴約：第一線聖戰報導紀實", "ISBN": "9789570531930", "USER": "gi*******203", "CONTENT": "戰爭很可怕，可如今依然有戰爭發生。以暴制暴，可能是最快速的處理方式，但它使仇恨延續、造成惡性循環。雙方無法互相尊重，瞭解彼此，又如何找出共同的未來？這位記者為了探究真相，親自談話，甚至能開玩笑、一起露出笑容。由衷希望社會願意互相瞭解，變得更好。"}, {"BOOKNAME": "我必須獨自赴約：第一線聖戰報導紀實", "ISBN": "9789570531930", "USER": "gi*******203", "CONTENT": "戰爭很可怕，可如今依然有戰爭發生。以暴制暴，可能是最快速的處理方式，但它使仇恨延續、造成惡性循環。雙方無法互相尊重，瞭解彼此，又如何找出共同的未來？這位記者為了探究真相，親自談話，甚至能開玩笑、一起露出笑容。由衷希望社會願意互相瞭解，變得更好。"}, {"BOOKNAME": "我必須獨自赴約：第一線聖戰報導紀實", "ISBN": "9789570531930", "USER": "gi*******203", "CONTENT": "戰爭很可怕，可如今依然有戰爭發生。以暴制暴，可能是最快速的處理方式，但它使仇恨延續、造成惡性循環。雙方無法互相尊重，瞭解彼此，又如何找出共同的未來？這位記者為了探究真相，親自談話，甚至能開玩笑、一起露出笑容。由衷希望社會願意互相瞭解，變得更好。"}, {"BOOKNAME": "我必須獨自赴約：第一線聖戰報導紀實", "ISBN": "9789570531930", "USER": "gi*******203", "CONTENT": "戰爭很可怕，可如今依然有戰爭發生。以暴制暴，可能是最快速的處理方式，但它使仇恨延續、造成惡性循環。雙方無法互相尊重，瞭解彼此，又如何找出共同的未來？這位記者為了探究真相，親自談話，甚至能開玩笑、一起露出笑容。由衷希望社會願意互相瞭解，變得更好。"}, {"BOOKNAME": "我必須獨自赴約：第一線聖戰報導紀實", "ISBN": "9789570531930", "USER": "gi*******203", "CONTENT": "戰爭很可怕，可如今依然有戰爭發生。以暴制暴，可能是最快速的處理方式，但它使仇恨延續、造成惡性循環。雙方無法互相尊重，瞭解彼此，又如何找出共同的未來？這位記者為了探究真相，親自談話，甚至能開玩笑、一起露出笑容。由衷希望社會願意互相瞭解，變得更好。"}, {"BOOKNAME": "我必須獨自赴約：第一線聖戰報導紀實", "ISBN": "9789570531930", "USER": "gi*******203", "CONTENT": "戰爭很可怕，可如今依然有戰爭發生。以暴制暴，可能是最快速的處理方式，但它使仇恨延續、造成惡性循環。雙方無法互相尊重，瞭解彼此，又如何找出共同的未來？這位記者為了探究真相，親自談話，甚至能開玩笑、一起露出笑容。由衷希望社會願意互相瞭解，變得更好。"}, {"BOOKNAME": "我必須獨自赴約：第一線聖戰報導紀實", "ISBN": "9789570531930", "USER": "gi*******203", "CONTENT": "戰爭很可怕，可如今依然有戰爭發生。以暴制暴，可能是最快速的處理方式，但它使仇恨延續、造成惡性循環。雙方無法互相尊重，瞭解彼此，又如何找出共同的未來？這位記者為了探究真相，親自談話，甚至能開玩笑、一起露出笑容。由衷希望社會願意互相瞭解，變得更好。"}, {"BOOKNAME": "我必須獨自赴約：第一線聖戰報導紀實", "ISBN": "9789570531930", "USER": "gi*******203", "CONTENT": "戰爭很可怕，可如今依然有戰爭發生。以暴制暴，可能是最快速的處理方式，但它使仇恨延續、造成惡性循環。雙方無法互相尊重，瞭解彼此，又如何找出共同的未來？這位記者為了探究真相，親自談話，甚至能開玩笑、一起露出笑容。由衷希望社會願意互相瞭解，變得更好。"}, {"BOOKNAME": "德，意志", "ISBN": "9789861335698", "USER": "ap***.cj", "CONTENT": "在這本書中可以看見德國人面對生活的不同面向，看他們如何訂立計畫，他們對朋友的看法，還有他們如何教育下一代。看完此書可以增加對德國人的理解。"}, {"BOOKNAME": "借鏡德國：一個台灣人的日耳曼觀察筆記", "ISBN": "9789862622179", "USER": "ga******527", "CONTENT": "沒有去過德國，對德國的事情也不過是一知半解，例如朋友間總說德國遊旅很悶。通過這本書，作者以一個外人的眼光去看現在的德國，將德國的情況和台灣作一個對比，不單止說德國的好，還有它現在的問題 看完了對這國家有會有更深的認識，是對外國文化生活有興趣的朋友值得一看的書籍。"}, {"BOOKNAME": "挪威人教我，比工作更重要的事：不用加班、不用存錢的滿足人生", "ISBN": "9789868998346", "USER": "fe*****lee", "CONTENT": "作者將數年來觀察到的現象以及自己的體驗娓娓道來，呈現出挪威人的生活氛圍，但卻並非一味地揚人貶己。其中有認同、讚揚處，也有些不適應處，當然也寫了一些挪威人的缺點，畢竟沒有一個國家是真的完美的。行文給人一種冷靜而溫暖的感覺，偶爾來上一筆幽默的自嘲，讀起來非常舒服。"}, {"BOOKNAME": "挪威人教我，比工作更重要的事：不用加班、不用存錢的滿足人生", "ISBN": "9789868998346", "USER": "fe*****lee", "CONTENT": "作者將數年來觀察到的現象以及自己的體驗娓娓道來，呈現出挪威人的生活氛圍，但卻並非一味地揚人貶己。其中有認同、讚揚處，也有些不適應處，當然也寫了一些挪威人的缺點，畢竟沒有一個國家是真的完美的。行文給人一種冷靜而溫暖的感覺，偶爾來上一筆幽默的自嘲，讀起來非常舒服。"}, {"BOOKNAME": "北歐超完美丈夫的秘密：做家事帶小孩不過是份內的事而已", "ISBN": "9789868807570", "USER": "mi*****015", "CONTENT": "什麼都別說，光是『挪威男人樂於把時間花在和子女一起看卡通或是欣賞足球比賽』這點，已經打趴世上九成男人了！培養親子關係，除了時間和體力外，更重要的是有耐性、包容性。家事就更別提了，『新好男人』這名詞根本是從挪威男人身上訂製來的！或許男性看了本書多嗤之以鼻，但感情的培養是要付出的啊！"}, {"BOOKNAME": "北歐之愛", "ISBN": "9789570520316", "USER": "a**ra**", "CONTENT": "這不是本旅遊書，而是更深入的描寫北歐的人文與歷史地理，散文的寫法，不會有旅遊書那種光有景點介紹的枯躁，能讓人沉浸於北歐各國的風土人情以及典故，讓想去北歐或者想去而因一些現實因素不能成行的讀者，能在書中神遊，很不錯的一本參考書。"}, {"BOOKNAME": "挪威人教我，比競爭力更重要的事：重新定義「成功人生」的學習之路", "ISBN": "9789869336567", "USER": "mi*****015", "CONTENT": "一如作者所言：『亞洲，已被競爭力綁架』透過作者的觀察可以看出，從家庭教育、學校教育到社會教育，小至孩童，大到老人，從起跑點我們就已經與『追求真實的自我』背道而馳。任何文化都有其優劣，世上也沒有一種是和各個民族、環境的文化。多看看其他種族發展的進程，是反求諸己、自我砥礪的最佳方針。"}, {"BOOKNAME": "幸福是我們的義務：瑞典人的日常思考教我的事", "ISBN": "9789861335834", "USER": "ap***.cj", "CONTENT": "作者在這本書中，提到許多瑞典的生活模式和社會福利觀點。在羨慕之餘，也很希望政府官員能夠參考瑞典的社福模式和教育理念，改善台灣這方面的困境。"}, {"BOOKNAME": "瞧這些英國佬：英格蘭人的人類學田野報告(長銷十周年典藏版)", "ISBN": "9789862622346", "USER": "mi*****015", "CONTENT": "歐洲是一塊神奇大陸，在這片土地上孕育出多采多姿的風貌與各異其趣的人種。而唯一的島國-英國更具顯著的獨特性。常常能在新聞、雜誌期刊上見到報導『英國當地近日舉辦揹伴侶跑泥巴坑大賽』、標註『英國科學家研究指出』，諸如此類讓人感到怪異的事，然而英國人卻樂此不疲。本書就有許多這樣的趣聞。"}]