[{"BOOKNAME": "符號帝國（完整導讀版，詹偉雄導讀）", "ISBN": "9789863441397", "USER": "s1*****103", "CONTENT": "羅蘭巴特在這本書，如同他在神話學一書的解析方式一樣，但不同的是這次的他是作為異國人來看日本文化表象，脫離了習以為常的西方脈絡來看1970年代的日本，而讀者藉由本書，也隨著巴特看見與不看見日本。"}, {"BOOKNAME": "餐桌上的語言學家：從菜單看全球飲食文化史", "ISBN": "9789863443513", "USER": "ti*********616", "CONTENT": "生活無處不是驚奇，你可以從食物中發現歷史交融的痕跡，相信嗎?ketchup是廣東話?西式料理有許多源自巴格達?這本書可以讓你在餐桌上不僅品嚐食物，同時品嚐食物的歷史軌跡。作者文筆通順，讀來完全不僵硬，甚至生動異常，然而其推理也合乎邏輯，非常棒的書本!"}, {"BOOKNAME": "文化研究關鍵詞", "ISBN": "9789863440208", "USER": "s1*****103", "CONTENT": "本書藉由整理出常用的文化研究領域的關鍵詞，使得讀者在對專有詞彙的把握上能有一定程度的認識，在閱讀經典或相關書籍能迅速進入脈絡。"}, {"BOOKNAME": "語言的歷史", "ISBN": "9789866571466", "USER": "al*****918", "CONTENT": "本書以科普的行文描述當今語言學界對於語言歷史的最新研究，一開頭以動物語言學的成果來吸引讀者的目光，海豚也有問候語?鯨魚也有地區性的求偶歌?這些小故事讓讀者看得目不轉睛，後來再將主題擴展至人類語言的發展以及各語言的特色和優劣比較，是一本非常適合對語言學有興趣的人的入門書!!"}]