[{"BOOKNAME": "犧牲的體系：福島.沖繩", "ISBN": "9789570844092", "USER": "s1*****103", "CONTENT": "作者在本書中以「犧牲的體系」作為他的理念型，讓讀者去思考乍看下不同脈絡的沖繩與福島，其實都是多數人所謂的公眾利益下的受害者，也同時提供了有別於科學根據與道義的方式，讓讀者去思考福島問題與沖繩問題其實都非一朝一夕形成的。"}, {"BOOKNAME": "台灣必須廢核的10個理由", "ISBN": "9789861341811", "USER": "s1*****103", "CONTENT": "作者從日本三一一核災的親身經歷，告訴讀者為什麼台灣要廢核的理由與根據，要台灣人民覺醒，我們不能再被核電綁架，乃至於未來無窮的後患等著我們！"}, {"BOOKNAME": "我們經不起一次核災：政府不回答，也不希望你知道的52件事", "ISBN": "9789861341781", "USER": "s1*****103", "CONTENT": "三一一核災之後，台灣究竟學到了什麼？本書告訴讀者，為甚麼我們不能接受核電「魔鬼的誘惑」，日本前車之鑑不遠，願台灣不願也不要重蹈覆轍。"}, {"BOOKNAME": "八輕遊台灣：國光石化的故事", "ISBN": "9789866723537", "USER": "s1*****103", "CONTENT": "國光石化一案歷經十二年，政黨輪替的日子，從原來的屏東跑到彰化，從政府的大力推動到人民與環保團體的極力反對，本書給了這件近年來重要環境議題的案子給了一個事件始末的清楚交代。"}, {"BOOKNAME": "核電是騙人的：核工學者的真實證言！", "ISBN": "9789866570773", "USER": "s1*****103", "CONTENT": "讓日本著名的核電學者告訴我們，戳破核電的重重謊言，讓大家知道為何我們要反對核電，以及核電之所以危險的原因。"}, {"BOOKNAME": "核電員工最後遺言：福島事故十五年前的災難預告", "ISBN": "9789866570032", "USER": "s1*****103", "CONTENT": "本書在日本三一一核災之後，告訴了我們核電的危險性，台灣跟日本一樣處與環太平洋火山帶，一樣國內擁有許多核電廠，日本這樣先進又嚴謹的國家都會產生這樣嚴重的災變，何以台灣不可能重演?本書告訴我們，核電就像一顆設置在自己國家的未爆彈，而且它所危害的不只是一個國家，很有可能是全世界。"}]