[{"BOOKNAME": "高中英語聽力A級特訓：全真模擬試題20回 (16K+1MP3)", "ISBN": "9789863182221", "USER": "zo***350", "CONTENT": "這本英文聽力書，裡面的內容不會太艱難，是用淺顯易懂的方式讓讀者了解，有時事的聽力等等，很實用。還附有詳解及光碟。"}, {"BOOKNAME": "高中英文單字片語文法一本通", "ISBN": "9789571168395", "USER": "ko****na3", "CONTENT": "準備考試時如果能精簡要看的書那就能更有效率了,買了這本書等於同時買了單字、片語、文法等三本書,而且本書的編排和講解清晰,讓人易讀易懂易記,實在是本不可多得的好書。"}, {"BOOKNAME": "高中7000字測驗題庫（黃色底）", "ISBN": "9789862311547", "USER": "zo***350", "CONTENT": "這本書很小本可以隨身攜帶背誦，實用性很高。不管是在等公車、睡前、零碎的時間。都很適合拿起來背誦。可讓英文進步"}, {"BOOKNAME": "近十年英文指考試題詳解(試題本+詳解本)(100年版)", "ISBN": "4717004701753", "USER": "pp*********005", "CONTENT": "這一本書絕對是每一位面對指考的學生或是准備教材的老師所需要的一本好書！詳解與試題本的分開設計以及裡面精美的排版，有質有量有多聞的內容…等，都是其他類似的書品望其向背的。其中以其課內外資料的補充以及口語化的解答編寫最令我稱道！手持有這一本書，絕對更勝每個禮拜去補習班坐三小時！"}, {"BOOKNAME": "歌舞青春東高中傳奇1：樂團大對決", "ISBN": "9789867045461", "USER": "ki***252", "CONTENT": "看起來很簡單的故事，其實裡面也有一些青少年會遇到的煩惱跟問題，在友情跟現實之間如何平衡，該做的事情到底要怎麼取捨，都需要學習。"}, {"BOOKNAME": "歌舞青春東高中傳奇2：野貓精神週", "ISBN": "9789867045546", "USER": "ki***252", "CONTENT": "美國的高中活動好特別，感覺在校園中的大家都充滿了活力，而且創意無窮！另外由女生邀請男生參加的舞會，聽起來超讓人期待！"}, {"BOOKNAME": "歌舞青春東高中傳奇3：動感詩篇", "ISBN": "9789867045553", "USER": "ki***252", "CONTENT": "在不同的領域或方面，挑戰自己的能力，不管能不能成功，都是一種成長。這本小說讀來輕鬆，不過發人深省，相當好看。"}, {"BOOKNAME": "歌舞青春東高中傳奇4：關鍵時刻", "ISBN": "9789867045577", "USER": "ki***252", "CONTENT": "一直聽到的sat考試，能夠在小說中一窺面貌，讓人覺得很期待。而凱碧跟夏培，兩個彼此競爭的人，希望能夠好好合作，一起面對未來。"}, {"BOOKNAME": "升大學字彙進階40週計畫 LEVEL5~6 指考", "ISBN": "9789861546766", "USER": "pa********123", "CONTENT": "這本書不只可以準備指考用,對於全民英檢、各式考試或是插大都很適合,一周5天,依難易度分級,每天固定10個單字,周末還可以練習整個禮拜的單字,循序漸進必能有很大進步。"}]