[{"BOOKNAME": "閱聽人與日常生活", "ISBN": "9789571145884", "USER": "fu*******985", "CONTENT": "身處媒介社會中每個人都是閱聽人。使用媒體的情況隨著年齡、身份、職業改變而不同。本書平淺地論述閱聽人在日常生活裡媒介使用情況，在利弊互見的滲透、影響下，透過作者理性清晰的分析，給予閱聽人啟發使用媒介時的思考。期待增訂或再版時可以納入新媒體如fb等的研究情況。"}, {"BOOKNAME": "媒介素養概論", "ISBN": "9789571140896", "USER": "ki*i07*", "CONTENT": "身為一個巨樹讀能力的閱聽人，除了應明瞭知道大眾傳播媒體本身的觀點外，還須具備審思其背後的目的及意涵。在評論各個事件時，我們往往會有先入為主的觀念，或者，受到媒體的說法影響，失去自我判斷的能力，應當訓練自己的媒體識讀能力，評斷前先需反覆思考，而後用理性的頭腦做出最正確的結論。"}]