[{"BOOKNAME": "熵的神秘國度", "ISBN": "9789863202608", "USER": "li****lun", "CONTENT": "封面用骰子鋪出熵的公式代表這和機率習習相關，每個章節用個數學式來表示解說進度，可以審視是否跟上作者敘述的步調。當然講機率除開熵以外最受矚目當算賭博！尤其擺上成堆骰子後；只是既然談與科學相關的機率，對於博奕可是充滿著警世勸善的意味哦，只是比喻頻繁還常差點誤以為在看郎中之道哩。"}, {"BOOKNAME": "流體力學", "ISBN": "9789865957490", "USER": "r8*******570", "CONTENT": "以簡單的方法增進專業能力，或另孩童開啟知識的大門，此本書用簡單的註解、簡易的圖片讓我們可以輕鬆理解，實在是本好書，近來我的專業能力也需要用到流體力學，相信各位閱讀此書可以建立良好的基礎。"}, {"BOOKNAME": "薛丁格的兔子", "ISBN": "9789864176694", "USER": "a1*****920", "CONTENT": "量子力學是們非常深奧的學問，因為至今的物理觀念完全無法在量子力學中站住腳，但作者以易懂的方式分析各個著名的量子學說來讓讀者進行判斷，有以幽默極易懂的例子講解基本的量子學，非常適合想了解量子力學的初學者閱讀的入門書，但需要有一定程度的物理知識"}]