[{"BOOKNAME": "這才是做研究的王道", "ISBN": "9789866525094", "USER": "ia******000", "CONTENT": "作者提供了幾點竅門應用在社會科學得研究上，包涵了在茫茫的研究問題大海中，尋找合適的主題，如何從資料中找出研究的點子，訪談的技巧，還有邏輯方法的應用。但文字內容不易閱讀，因為未讀過原文，未與評論。"}, {"BOOKNAME": "社會研究方法：量化與質性取向及其應用（第三版）", "ISBN": "9789862982389", "USER": "p8***939", "CONTENT": "針對社會研究法的名詞解釋很清晰，簡明易懂。 再和社會統計的概念做連結，能釐清自己的思想脈絡，推薦入門者參考。"}, {"BOOKNAME": "統計數字：是事實，還是謊言？", "ISBN": "9789866662096", "USER": "s1*****103", "CONTENT": "這個時代，人人都對數字的準確性非常信任，然而本書將告訴讀者，數字所顯現的不全然是真的，如何藉由統計數字去預測甚至發現事實，有賴於對數字的正確理解，本書所做的，便是教讀者正確的了解統計數字。"}]