[{"BOOKNAME": "史記的讀法：司馬遷的歷史世界", "ISBN": "9789863873402", "USER": "ev******429", "CONTENT": "中國最偉大的文學著作-史記，不僅是歷史，更是文學作品，膾炙人口的楚漢相爭、鴻門宴，二千餘年後的今天，仍是人們茶餘飯後的題材，本書引領讀者進入司馬遷筆下的歷史世界，一窺蕩氣迴腸的歷史故事。"}, {"BOOKNAME": "白話史記", "ISBN": "9789869533270", "USER": "ev******429", "CONTENT": "史記為中國史書值得重視的書籍，不僅是史學鴻作，也是重要的文學作品，司馬遷將許多史實，以生花妙筆寫下，成為老少皆知的故事，例如楚漢相爭、鴻門宴等，劉邦與項羽也成為兩種截然不同的代表性人物，呂后、蕭何及許多漢朝開國功臣成為家喻戶曉的人物，白話文讀來，更易親近偉大著作。"}, {"BOOKNAME": "漢武帝：王立群讀史記", "ISBN": "9789570832815", "USER": "kk****724", "CONTENT": "本書描述漢武帝一生，功與過，得與失，利用大量的史書記載，卻不會令讀者讀起來吃力或文縐縐之感，透過本身才了解原來電視劇的漢武帝以及我們所以為的漢武帝跟真實歷史上的竟然有許多的出入，想了解漢武帝的讀者們，可以透過本身了解漢武帝的一生。"}, {"BOOKNAME": "漢武帝：王立群讀史記", "ISBN": "9789570832815", "USER": "kk****724", "CONTENT": "本書描述漢武帝一生，功與過，得與失，利用大量的史書記載，卻不會令讀者讀起來吃力或文縐縐之感，透過本身才了解原來電視劇的漢武帝以及我們所以為的漢武帝跟真實歷史上的竟然有許多的出入，想了解漢武帝的讀者們，可以透過本身了解漢武帝的一生。"}, {"BOOKNAME": "王立群讀史記之項羽", "ISBN": "9789867315731", "USER": "kk****724", "CONTENT": "項羽一直以來都是我喜歡的歷史人物之一，但對於他如何失敗，失敗的原因是什麼？都不是很了解，看完本書以後深刻體會到為何楚漢相爭中，劉邦能以劣勢贏優勢，而為何有這樣的差異請看本書一窺究竟。"}]