[{"BOOKNAME": "慈禧：開啟現代中國的皇太后", "ISBN": "9789863441373", "USER": "d**a1**", "CONTENT": "為慈禧太后翻案確實要有萬分之勇氣，在書中，慈禧成為帶領中國現在化的重要人物，但是他的狠毒與操切也是中國走向共和重要原因之一。雖無法認同作者對於慈禧的評價，但是卻是一個非常真切的切入。"}, {"BOOKNAME": "慈禧：開啟現代中國的皇太后", "ISBN": "9789863441373", "USER": "d**a1**", "CONTENT": "為慈禧太后翻案確實要有萬分之勇氣，在書中，慈禧成為帶領中國現在化的重要人物，但是他的狠毒與操切也是中國走向共和重要原因之一。雖無法認同作者對於慈禧的評價，但是卻是一個非常真切的切入。"}, {"BOOKNAME": "慈禧：開啟現代中國的皇太后", "ISBN": "9789863441373", "USER": "d**a1**", "CONTENT": "為慈禧太后翻案確實要有萬分之勇氣，在書中，慈禧成為帶領中國現在化的重要人物，但是他的狠毒與操切也是中國走向共和重要原因之一。雖無法認同作者對於慈禧的評價，但是卻是一個非常真切的切入。"}, {"BOOKNAME": "朕知道了：雍正‧被誤解的皇帝‧被低估的王朝", "ISBN": "9789865842284", "USER": "na***oft", "CONTENT": "又進入雍正的世界了！只不過這次沒有《步步驚心》的奇情轉折，沒有馬爾泰若曦的纏綿悱惻，只有雍正奪嫡的危機四伏。"}, {"BOOKNAME": "大清 八旗軍戰爭全史（下）：皇太極、順治與康熙的盛世霸業", "ISBN": "9789869904520", "USER": "d**a1**", "CONTENT": "八旗入關威震天下，透過作者的文筆，將此一氣魄從書上殺出，文筆流利，輕鬆好讀，遠比學術性著作，更有可看性。也更能理解八旗部隊的勇猛。期待後面，是否再寫一本八旗部隊的沒落，這可是鴉片戰爭的緣起。"}, {"BOOKNAME": "這才是真實的滿洲史：中日滿糾纏不已的東北如何左右近代中國", "ISBN": "9789865842710", "USER": "ha**100", "CONTENT": "滿州國是日本扶植的偽政權，好讓日本可以直直侵略中國。沒有滿州國，二戰就不一樣，中共能否戰後奪權也不知。真是亂七八糟，日本右翼一直想要改寫歷史，許多地方都可見：戰敗的事實、戰時性奴隸的事實、侵略迫害的事實，統統改寫。作者明明不是漢人，卻自稱漢奸，怪哉。"}, {"BOOKNAME": "雍正王朝之大義覺迷", "ISBN": "9789571362717", "USER": "na***oft", "CONTENT": "因著曾靜謀逆ㄧ案，雍正把曾靜圈禁起來，讓他看著雍正帝與列位臣工之間的奏摺，遂使曾靜瞭解到帝國的運作，雍正皇帝的宵旰勤勞，成就這一本《大義覺迷錄》，下鄉為其皇帝宣說政績，當乾隆即位，卻回收流傳民間所抄錄的《大義覺迷錄》，並問斬曾靜，讓歷時十三年的雍正王朝，從此抹上神秘色彩。"}, {"BOOKNAME": "失落的真相－晚清戊戌政變史事新探", "ISBN": "9789571188119", "USER": "a******", "CONTENT": "一項基本制度的制定，既要考慮當時所需，更要考量可持續性，維新變法與時俱進，隨勢而變，但面對守舊派的祖制不可擅更，光緒皇帝的維新變法就成了「時進不進，勢變不變」。"}, {"BOOKNAME": "光緒傳", "ISBN": "9789570529869", "USER": "kk****724", "CONTENT": "這本書實在的描寫光緒的一生，並在書的開始就寫下值得思考的評價，很多人把光緒看為魁儡皇帝、無能知人，但看完本書後覺得歷史真的需要仔細細讀，並且深思其境，光緒所扮演的角色，該如何評論，且各位看完以後在思考，推薦給樂愛清朝史的朋友們。"}, {"BOOKNAME": "雍正傳", "ISBN": "9789570529593", "USER": "ol*****981", "CONTENT": "戲劇及章回小說中的雍正是被扭曲的,被誤解的,看了此書再一次印證了雍正的真正人格及風範.在位只短短13年,郤可以寫出厚厚一本書.可見其爭議性及探討性之大,怹勤於國事,認真治理王朝.儘管歷史給怹的定位及評價不完全是正面的.但我仍堅信怹是個好皇帝."}, {"BOOKNAME": "紀連海說甄嬛", "ISBN": "9789866451591", "USER": "gr***luo", "CONTENT": "無論是喜歡看甄繯還是對清朝曆史感興趣的人，不能錯過這本書，相當有趣的主題，從小說衍伸出歷史，讓懂與不懂的人都知道皇家的秘史和生活內情，輕鬆卻又紮實的文字，是值得一讀的書"}, {"BOOKNAME": "太后與我（穢亂清宮）", "ISBN": "9789866135408", "USER": "si***064", "CONTENT": "我看過我在慈禧身邊的日子，當我在看這本書時，太多疑點了，一、太監都是要淨身的，怎麼可能有割不乾淨，二、宮女曾說過，慈禧每天都很早就起床逛花園，怎麼可能徹夜不睡都在玩性愛？三、作者信誓旦旦的表示他所說的一切都是真的，但是&quot;手稿被弄丟了。這句話不禁讓我想起，說謊者都是這樣。"}, {"BOOKNAME": "曾國藩發跡史（卷一）", "ISBN": "9789862193518", "USER": "ge**rlo", "CONTENT": "滿人的政權確有一個漢人翰林「曾國藩」一路官運亨通的一路升官，他不是劉墉也不和珅，是一個「有為有守的」人，作者用輕鬆的小說故事，讓人一邊學歷史也學做人！沒錢也能「升官」。推薦！"}, {"BOOKNAME": "清朝權臣回憶錄", "ISBN": "9789573266914", "USER": "d**a1**", "CONTENT": "唐博以第一人稱寫作歷史，從權臣、疆臣到皇帝回憶錄，在在將過去滿清的十大疑案一一寫出。曾國藩與刺馬案，真是令人拍案叫絕，也讓人知道，原來不動心的曾國藩也有奸險權謀之處，算計馬新貽，解散湘軍，撇清責任，字字流露出曾國藩的陰險，看到此點不禁令人感慨亂世求生，不得不也。"}, {"BOOKNAME": "乾隆寫真", "ISBN": "9789573266525", "USER": "a1*8tw*", "CONTENT": "有于正《延禧攻略》在前流瀲紫《如懿傳》在後，氣勢更盛當年二月河《乾隆王朝》，金庸《書劍恩仇錄》，乾隆是明君還是昏君，是勤於仁政還是耽溺後宮，乾隆篤儒親農．士人以品行為先，學問以經義為重，幾番幽夢恩難斷，一把心腸論濁清。"}, {"BOOKNAME": "康熙寫真", "ISBN": "9789573266532", "USER": "a1*8tw*", "CONTENT": "治萬邦於袵席，和內外為一家，國惟一主，皇權無二。入關後第一個政權穩定，康熙果真開創大格局大氣魄，做兒子當然要承襲老爸事業，接管一切政權，享受榮華富貴。晚年康熙，看著兒子為皇權各自結黨，勾心鬥角，想內心應該感概萬千，恁時節，船到江心補漏遲，煩惱怨他誰。 事要前思，免勞後悔。"}, {"BOOKNAME": "圖解：大清帝國", "ISBN": "9789865951764", "USER": "su*****e76", "CONTENT": "清朝是個充滿傳奇性的朝代，在戲劇和文學中清朝常被設定成背景時代，很多故事發生在這個時期，不由得讓世人對於這個朝代產生好奇。這本書中豐富的圖文介紹，讓讀者更能了解到關於清朝大大小小的事情。"}, {"BOOKNAME": "愛新覺羅．玄燁", "ISBN": "9789861782362", "USER": "te**118", "CONTENT": "作者用最白話,甚至是非常現代的用詞說法,將清朝康熙帝的一生,其豐功偉業、個性優缺點,一一在本書中細說分明.茶餘飯後,欣賞一番著實不賴啦！"}, {"BOOKNAME": "喻大華說咸豐", "ISBN": "9789866223099", "USER": "mi****gel", "CONTENT": "這應該是我接觸過這麼多的歷史書裡最愛的一位作者了，作者熟讀史料之後，用最淺顯易懂的文字，寫給一般非研究史學的大眾閱讀的書，經過作者娓娓訴說，一個故事牽連另一個因果，讓本來錯綜複雜的歷史事件，變得清晰簡單，看完相信對於咸豐皇帝大家都彷彿都是專家了"}, {"BOOKNAME": "清朝皇帝回憶錄", "ISBN": "9789573267171", "USER": "ku***112", "CONTENT": "對於皇帝的生活著迷及一心響往的人,值得一看此書,作者將過往的文史透過第一人稱的方式來撰寫,讓人了解到每位過往的皇帝外在及內心深處的一面,沒有華麗的小說情節,如實的詳敍,讓人能深入其境感受到帝王風光及背後辛酸苦楚的一面!"}, {"BOOKNAME": "乾隆皇帝的十張面孔：管理與統御的潛規則", "ISBN": "9789861371245", "USER": "d**a1**", "CONTENT": "這是一種矛盾。當一個皇帝是要苛刻還是要寬容呢？乾隆確實出現與康熙雍正不同的氣度，但是乾隆就是皇帝，他就是一個人，作為一個擁有大權的人，就必須要鞏固勢力，不管是三朝元老張廷玉，依舊重重挫折張廷玉，因為不挫折張廷玉，無法壓制大臣。作為一個皇帝難啊。當痛批皇帝之時，似乎也要思考皇帝難矣"}, {"BOOKNAME": "清宮異聞", "ISBN": "9799622382922", "USER": "19***923", "CONTENT": "以歷史的角度去刻畫清代宮庭中不為人知的軼聞，或許您對死背的歷史感到厭煩時，這本書以故事的方式引導您進度皇室另外一個生活插曲，如同看電影末代皇帝一樣，讓讀歷史不只是有背誦而已!"}]