[{"BOOKNAME": "OSSO~歐美近代史原來很有事", "ISBN": "9789579314565", "USER": "ev******429", "CONTENT": "有別於傳統的一本正經的歷史課本，以獨特有趣的角度來看歐美近代史，深入淺出了解那個時代的歷史進程，對於歷史想一窺究竟又擔心內容枯燥的讀者，可閱讀本書，增進歷史人文素養。"}, {"BOOKNAME": "OSSO~歐美近代史原來很有事", "ISBN": "9789579314565", "USER": "ev******429", "CONTENT": "有別於傳統的一本正經的歷史課本，以獨特有趣的角度來看歐美近代史，深入淺出了解那個時代的歷史進程，對於歷史想一窺究竟又擔心內容枯燥的讀者，可閱讀本書，增進歷史人文素養。"}, {"BOOKNAME": "希特勒－我的奮鬥（傳記叢刊１２）", "ISBN": "9789576006760", "USER": "s1*****103", "CONTENT": "本書是希特勒最聞名的自傳，書裡充滿濃濃的種族主義與民族主義字眼，以及對猶太人跟共產主義者的仇視，在在顯示出後來希特勒掌權時的所作所為是有跡可循的。"}, {"BOOKNAME": "戰敗者的觀點：德軍將領談希特勒與二戰時德國的興衰", "ISBN": "9789865842871", "USER": "ti*********616", "CONTENT": "作者把所有搜集的德軍言語整理成此書，讓後世即便經過時光的洪流也能去窺伺二戰之時德國的面貌。先是把整個時期影響的重要人物介紹，接著再去帶入二戰的戰略。我想透過此書讓我了解我所不曉得的二戰。"}, {"BOOKNAME": "海洋帝國：決定伊斯蘭與基督教勢力邊界的爭霸時代", "ISBN": "9789869378666", "USER": "bl******der", "CONTENT": "好看！對於戰爭的描述非常鉅細靡遺，很有畫面感，讓人有深入其境的感覺。說起來其實跟我預期的內容有點落差，原本比較想看的是那段時期的整個歷史折衝，但本書較著重個別戰役如馬爾他圍城之役、勒班陀海戰的具體描述，這意料之外的閱讀體驗其實也挺不錯的，一讀下去就欲罷不能。"}, {"BOOKNAME": "聖堂黑幫：波吉亞家族套書（2冊）（限制級）", "ISBN": "9789866634345", "USER": "pk**own", "CONTENT": "很有意思的漫畫,如果玩過刺客信條2,會覺得內容很熟悉,因為面對的就是裡面的波吉亞家族.整個故事充滿了血腥暴力與各式慾望,如果是衛道者可能會覺得有點不舒服,但是蠻多部分來說是實際上發生的是事情."}, {"BOOKNAME": "法國大革命：自由之章", "ISBN": "9789571386539", "USER": "a2*****613", "CONTENT": "歷史是過去發生的他人故事，作者花了許多篇幅聚焦在事件發生當時的社會一隅，拼接起一個又一個的故事，一個個角色所見、所經歷，逐步顯露出這個事件的其他面向。雖然原本就知道這題材的作品不可能歡快，但沒想到帶給我的沈重不只是書的厚度。 透過作者的分鏡感受到許多細細碎碎的情感、焦慮與疼痛。"}, {"BOOKNAME": "帝國城市：成就大英帝國的十座殖民城市", "ISBN": "9789869440349", "USER": "92********734", "CONTENT": "以流暢的文筆，說故事的方式，去介紹曾受不列顛帝國殖民的十個城市，如何跳脫善惡的辯證，從城市佈局、文化物質去訴說至今殖民主義帶來的複雜性影響。比如香港，談了不少與中國如何折衝的種種波折。整體而言，本書像是用城市去編織一個曾經存在的帝國，而這帝國遺留的事物無法衡量"}, {"BOOKNAME": "重返革命現場", "ISBN": "9789863600831", "USER": "as**818", "CONTENT": "透過作者嚴謹考證下百年前一場突如其來的革命證歷歷在目的重現在吾人之前，從農奴一夕之間擁有無限的自由產生無法想像之亂象。 值得吾人省思"}, {"BOOKNAME": "哈布斯堡的滅亡：第一次世界大戰的爆發和奧匈帝國的解體", "ISBN": "9789865727147", "USER": "a2****740", "CONTENT": "在閱讀本書之前，建議先閱讀安德森想像的共同體一書，才能對奧匈帝國在一戰前內部民族的傾軋有比較深的認識。而作者雖然對於帝國於開戰後的策略有一連串冗長的敘述，不過透過個別人物對於當時的紀錄，本書可以被認為是好兵帥克一書的淒慘版本。"}, {"BOOKNAME": "巴黎變奏曲：地鐵慢遊穿梭法國古今2100年（圖文版）", "ISBN": "9789862724019", "USER": "mo*******mot", "CONTENT": "作者以巴黎地鐵為軸，帶領我們走過一世紀到二十一世紀的巴黎景點。除了有現今的照片，也穿插些古代的繪畫與古地圖，讓讀者在比較古今的不同時橫生趣味。簡潔的說明文字，也增加某些歷史故事的傳承。"}, {"BOOKNAME": "小國的靈魂：挪威的生存之道", "ISBN": "9789868879362", "USER": "mi*****015", "CONTENT": "這個眾人眼中的美好烏托邦社會，到底是何原因得以擁有富強國力和幸福國民？曾為丹麥附屬國、瑞典殖民地，而今成為『全球最適合居住國家』，挪威的努力值得借鏡。看看他們，再想想自己。如果我們肯改變、願意找到適合且正確的方向努力邁進，台灣也許能再度回到如當初亞洲四小龍般的榮耀。"}, {"BOOKNAME": "希特勒草莓（改版）", "ISBN": "4717702081683", "USER": "so****345", "CONTENT": "此書有六個真人故事，從納粹黨如何崛起到1945年德國投降，以及戰後的反思。而其中有些作者是經歷過那時代，因此讓故事更加可信。"}, {"BOOKNAME": "CG世界遺產：古希臘＆世界七大奇景", "ISBN": "9789571348780", "USER": "ch**044", "CONTENT": "誰說便宜沒有好書？本書深入淺出的內容經得起一看再看，嘗試運用電腦數位影像帶讀者探訪古代文明，仿佛再次回到古希臘剛建造完成時的壯闊景色。有遺跡照片和電腦合成的照片相互對照，讓喜歡古希臘文明的讀者心中能夠擁有更清晰的圖像，更能夠親近和體會古希臘人的生活情境。"}, {"BOOKNAME": "海上霸主 ：雅典海軍的壯麗史詩與民主誕生", "ISBN": "9789869408806", "USER": "ec**dna", "CONTENT": "豐富的考據與想像，華麗又壯闊地描寫雅典槳戰艦海軍以及政治決策的制定，令人悠然神往。雅典影響後世地中海海洋共和國的技術與制度。對地中海歷史，古老海軍與雅典的科學及工程有興趣的讀者一定會喜歡本書。 ps 我覺得本書是羅傑克勞利地中海三部曲的前傳。"}, {"BOOKNAME": "我的鄰居希特勒：1929-1939，一名猶太歷史學家的童年回憶", "ISBN": "9789862622285", "USER": "so****345", "CONTENT": "這個故事是個好結局，好在艾德加一家最終能去英國。此書講到1929~1939的德國各個歷史事件，也不免講到希特勒在哪天做了甚麼事，再加上艾德加對希特勒的想法從崇拜到非常厭惡。"}, {"BOOKNAME": "留下我悲傷的故事：蓮娜．穆希娜圍城日記", "ISBN": "9789866841545", "USER": "ic****987", "CONTENT": "蓮娜的一生雖坎坷，經歷慘無人道的戰爭迫害，但執筆道出的情感和思想，使她成為不平凡的人。總能在文字間看見她盡所能樂觀地挖掘生活中細節的美好，有多少人能像她那樣? 蓮娜經歷過的痛苦是無人能體會的，而她始終懷抱著希望，不願屈服於周遭事物的冷酷無情，熬過那艱難的時刻。"}, {"BOOKNAME": "留下我悲傷的故事：蓮娜．穆希娜圍城日記", "ISBN": "9789866841545", "USER": "ic****987", "CONTENT": "蓮娜的一生雖坎坷，經歷慘無人道的戰爭迫害，但執筆道出的情感和思想，使她成為不平凡的人。總能在文字間看見她盡所能樂觀地挖掘生活中細節的美好，有多少人能像她那樣? 蓮娜經歷過的痛苦是無人能體會的，而她始終懷抱著希望，不願屈服於周遭事物的冷酷無情，熬過那艱難的時刻。"}, {"BOOKNAME": "第一次世界大戰：1914-1918", "ISBN": "9789868962200", "USER": "ma*********101", "CONTENT": "一戰這一段歷史，我們東方人有些小覷。放到世界史、20世紀史，一戰都是驚天動地的大事件，若無第一次世界大戰就不會出現21年之後的二戰！本書作者探討一戰為何爆發以及是否能避免，並且花了很多篇幅討論戰爭對社會的影響，書中有些觀察點有些意思，例如純粹從經濟來看殺一個的開支是多少？"}, {"BOOKNAME": "透過錢眼看大國興衰", "ISBN": "9789573271314", "USER": "al********ing", "CONTENT": "從世界史的角度向讀者們介紹世界金融史並且連結西方和東方  簡顯易懂不會很難讀  有興趣的人可以去書店看看  保證好看"}, {"BOOKNAME": "威尼斯共和國的故事：西歐的屏障與文明的窗口", "ISBN": "9789868782938", "USER": "ch**044", "CONTENT": "這本書讀起來相當的輕鬆，對於去過和沒去過威尼斯的讀者而言應該都是如此。並且可以對威尼斯的人文和歷史有深入一層的瞭解和認識，一個城市的偉大或能夠令世人印象深刻，威尼斯對東西方文化、商品、技術、知識、美學、宗教等各項交流有卓越的貢獻，扮演著歐亞兩洲的橋樑角色。"}, {"BOOKNAME": "都鐸王朝：英國史實全紀錄", "ISBN": "9789868744318", "USER": "ji**y23", "CONTENT": "小弟我是不愛讀書的人，對歷史知識ㄧ直很陌生。英國歷史是幾年前從ㄧ部洋片「美人心計」漸漸才開始了解...無論是在看此書或電影時，我對亨利八世的情史像在聽八卦ㄧ樣的神祕刺激，勾起我探索歷史的興致。看完此書，覺得「都鐸王朝英國史實全紀錄」引人入勝，比現在八卦週刊更加豐富有趣了解，也了解"}, {"BOOKNAME": "都鐸王朝：英國史實全紀錄", "ISBN": "9789868744318", "USER": "ji**y23", "CONTENT": "小弟我是不愛讀書的人，對歷史知識ㄧ直很陌生。英國歷史是幾年前從ㄧ部洋片「美人心計」漸漸才開始了解...無論是在看此書或電影時，我對亨利八世的情史像在聽八卦ㄧ樣的神祕刺激，勾起我探索歷史的興致。看完此書，覺得「都鐸王朝英國史實全紀錄」引人入勝，比現在八卦週刊更加豐富有趣了解，也了解"}, {"BOOKNAME": "都鐸王朝：英國史實全紀錄", "ISBN": "9789868744318", "USER": "ji**y23", "CONTENT": "小弟我是不愛讀書的人，對歷史知識ㄧ直很陌生。英國歷史是幾年前從ㄧ部洋片「美人心計」漸漸才開始了解...無論是在看此書或電影時，我對亨利八世的情史像在聽八卦ㄧ樣的神祕刺激，勾起我探索歷史的興致。看完此書，覺得「都鐸王朝英國史實全紀錄」引人入勝，比現在八卦週刊更加豐富有趣了解，也了解"}, {"BOOKNAME": "王者之聲：宣戰時刻", "ISBN": "9789571353265", "USER": "r**k4**", "CONTENT": "建議國三的同學們可以去看看,我們歷史老師推薦的,因為這本書裡面的內容剛好對應到國三歷史的課程,去看看可以加深一些印象,也許還可以因此考個好分數呢!"}, {"BOOKNAME": "王者之聲：宣戰時刻", "ISBN": "9789571353265", "USER": "r**k4**", "CONTENT": "建議國三的同學們可以去看看,我們歷史老師推薦的,因為這本書裡面的內容剛好對應到國三歷史的課程,去看看可以加深一些印象,也許還可以因此考個好分數呢!"}, {"BOOKNAME": "1683維也納：哈布斯堡王朝與土耳其人的對決", "ISBN": "9789866723445", "USER": "ch**044", "CONTENT": "集政治、宗教、派系、國家、種族等的利益和糾結，這是一場世界歷史的關鍵大戰，如果維也納陷落，歐洲史和世界史的發展將大大改觀。伊斯蘭教和基督教的恩怨情仇在此結下深厚的淵源，閱讀完本書之後相信能夠更瞭解歐洲歷史的發展。"}, {"BOOKNAME": "你一定愛讀的極簡歐洲史——為什麼歐洲對現代文明的影響這麼深", "ISBN": "9789866526510", "USER": "y**a2**", "CONTENT": "非常適合學生、社會人士閱讀的一本歐洲簡史。澳洲大學教授把歐洲史課堂講義整理出書，以三個主題希臘羅馬文化、基督教、日耳曼文化貫穿個歐洲史，內容簡單有趣，顛覆一般史學教科書的枯燥無味。"}, {"BOOKNAME": "你一定愛讀的極簡歐洲史——為什麼歐洲對現代文明的影響這麼深", "ISBN": "9789866526510", "USER": "y**a2**", "CONTENT": "非常適合學生、社會人士閱讀的一本歐洲簡史。澳洲大學教授把歐洲史課堂講義整理出書，以三個主題希臘羅馬文化、基督教、日耳曼文化貫穿個歐洲史，內容簡單有趣，顛覆一般史學教科書的枯燥無味。"}, {"BOOKNAME": "一生一定要探索的法國72個秘密", "ISBN": "9789866351686", "USER": "an*****119", "CONTENT": "它是一本法國歷史。 內頁排版與印刷都很棒。 至於內容呢?它有小專題，例如介紹印象派，凡爾賽宮的一天或者萊茵河左岸的咖啡館，法式料理。 歷史與文化是密不可分的。讓我們一起來接受法是洗禮吧!"}, {"BOOKNAME": "從俾斯麥到希特勒：回顧德意志國", "ISBN": "9789866723278", "USER": "d4*628*", "CONTENT": "事件循序漸進，也寫得很詳盡，而這裡的希特勒跟課本上的相比會有不同感受。 很推薦連同這位作者其他書一起看，會更加深入了解。"}, {"BOOKNAME": "3天讀懂德國—讓你著迷的國家、值得效法的人民", "ISBN": "9789866526084", "USER": "an****053", "CONTENT": "對德國的印象，起源於鄭華娟的《海德堡之吻》，近期則是看了《魚的德西旅行》，但試看了者本書，心情又會更接近德國一些，真正認識德國人對於各項事情的嚴謹面與專注力，確實是許多國家都可以學習的地方。"}, {"BOOKNAME": "CG世界遺產：古羅馬", "ISBN": "9789571348766", "USER": "ch**044", "CONTENT": "本書運用電腦繪圖的數位影像合成圖片，企圖完整再現羅馬當年的榮光。古羅馬帝國，在人類文明的發展史是重要的章節，當時人們的生活方式及各式各樣發明設計，其建築的觀念尤其對現代影響甚鉅。整座羅馬古城就彷彿大型戶外博物館般的精彩，人們都不自禁地深深被吸引住。"}, {"BOOKNAME": "黃金迷城迦太基：一個通商之國的致富密碼", "ISBN": "9789573257301", "USER": "al********ing", "CONTENT": "西方羅馬帝國的敵人有很多  這個民族曾經把羅馬帝國陸軍逼到死胡同  最後卻戰略錯誤而導致整個遭到羅馬帝國滅族  但是這本書乃有很多可看之處"}, {"BOOKNAME": "滅頂與生還", "ISBN": "9789571334837", "USER": "je***1ts", "CONTENT": "本書是對於集中營災難記憶與陳述的綜合反思討論，除了從第一頁起就讓人緊抓著不放，討論的縱深也很驚人。作者談到特殊災難經驗是否可以普遍化、加害者與受害者的共謀關係、書寫的權威等議題上有深入的討論，顛覆「善」與「惡」的通俗界定方式。非常值得一讀。"}]