[{"BOOKNAME": "英雄無悔：一個偵察機飛行員的故事", "ISBN": "9789573614524", "USER": "ch****sau", "CONTENT": "雖然華錫鈞將軍曾在他的英文版《失落的黑貓》中對於葉常棣多所著墨，但這將是以葉常棣為主且親自口述的作品。空軍飛行員的故事在書面上非常多，作者對修護人員的故事也做了許多的訪問，是至今為止第一本描述地勤人員故事的內容，非常值得期待。"}, {"BOOKNAME": "暗殺教典：刺客的21條法則", "ISBN": "9789862354209", "USER": "ts*************com", "CONTENT": "我覺得書中講到的一個概念不錯:不可濫殺。我認為若不得已在自保的目的下擁有行使暴力的工具後，卻因此將暴力當作復仇或者發洩怒氣的方式，不只會失去使用暴力的正當性，更有可能帶給自己加速毁滅的後果！"}, {"BOOKNAME": "美國狙擊手", "ISBN": "9789863611042", "USER": "ha**100", "CONTENT": "應該已經有不少人看過電影，這名美國軍人的事蹟響徹雲霄，如此神準的射擊技術，大概近幾十年找不到另一個。不過這也引人好奇，如此厲害的狙擊手背負著什麼而戰？狙殺百餘人，他的內心又有什麼變化？戰場離我們很遠，但是軍人離我們很近。"}, {"BOOKNAME": "特戰綠扁帽2：強者之路", "ISBN": "9789862726952", "USER": "j2***220", "CONTENT": "能加入特戰隊的人是男人中的男人，強者才能進入在特戰隊，魔鬼的訓練，戰爭是很殘酷的，只有強者才能讓才能在戰爭中生存下來，也只有強者才是真正特戰隊的一員。"}, {"BOOKNAME": "快刀計畫揭密：黑貓中隊與台美高空偵察合作內幕", "ISBN": "9789866094880", "USER": "ma**son", "CONTENT": "維基解密的出現，讓許多不為人知的秘密全部攤在陽光下。這本書就是黑貓中隊參與的快刀計畫的維基解密！比起過去國內出版的同類型書籍，這是第一本完全以機密檔案為本的書，讓人耳目一新。而且編年記事，讀起來既順暢又有系統，值得推薦！"}, {"BOOKNAME": "特戰綠扁帽3：告別時刻", "ISBN": "9789862727508", "USER": "ch****sau", "CONTENT": "寫出這套書其實就是一個敘述和自我療癒的過程，作者嘗試跟家人、朋友溝通，傾訴，但大家都無法了解他在軍中的日子跟一些狀況，也就聽不下去，他也就無從說起了。就好比女生聽到男生聚在一起就聊當兵事情感到無聊是一樣的道理。也許就是因為這樣子，才促使他提筆寫書。"}, {"BOOKNAME": "特戰綠扁帽：成為美軍反恐指揮官的華裔小子", "ISBN": "9789862724651", "USER": "te**118", "CONTENT": "這本書,原本不在我的閱讀計畫中,但是我的好朋友說他買了並且看了之後,推薦我也可以看看,才去買來看看.說真的,刺激,平實,也了解美國特種部隊的一些原貌,更從作者的歷程中,得到了很多寶貴的經驗借鏡.我也會推薦我的朋友看的！"}, {"BOOKNAME": "威震八方：軍事謀略家", "ISBN": "9789576483783", "USER": "te**118", "CONTENT": "一本小書.將中國歷代優秀的軍事謀略家的故事娓娓道來....看他們的事蹟,就猶如親身經歷過所經歷的戰役,從伍子胥一直到最後清朝的劉永福,喜歡歷史故事的這是一本不錯的小書喔"}]