[{"BOOKNAME": "圖解國際禮儀", "ISBN": "9789571178554", "USER": "lo****999", "CONTENT": "這本書不只有文字描述，還有表格的重點整理，以及圖片展示,讓人在閱讀的同時更能做出精準的禮儀，才能適用於不同的國家，才不會因為不同文化與禮儀和禁忌間產生誤解與摩擦。推薦大家很大的原因還有就是這本書不僅讀得容易也不會太無趣。"}, {"BOOKNAME": "對民族文化的101個問題", "ISBN": "9789574559541", "USER": "bb*735*", "CONTENT": "這是一本很實用的書，用故事呈現歷史，很適合各年齡的人來讀，相信大家都能因此而受用，增加對我國或其他國家的認識。"}]