[{"BOOKNAME": "島嶼DNA", "ISBN": "9789865823870", "USER": "na***oft", "CONTENT": "閱讀陳耀昌醫師的《島嶼dna》，覺得最大的收穫，不在於證明自己是不是中國人，而在於我們擁有複雜的血統中，我們除了血液來源的多元化外，我們擁有的文化混血亦是多元，這代表這塊土地能產生的創意巧思，是那麽不可限量，珍惜得來不易的文化資產，做ㄧ個真正有價值的台灣人，那才是我們的國家寶藏。"}, {"BOOKNAME": "島嶼DNA", "ISBN": "9789865823870", "USER": "na***oft", "CONTENT": "閱讀陳耀昌醫師的《島嶼dna》，覺得最大的收穫，不在於證明自己是不是中國人，而在於我們擁有複雜的血統中，我們除了血液來源的多元化外，我們擁有的文化混血亦是多元，這代表這塊土地能產生的創意巧思，是那麽不可限量，珍惜得來不易的文化資產，做ㄧ個真正有價值的台灣人，那才是我們的國家寶藏。"}, {"BOOKNAME": "島嶼DNA", "ISBN": "9789865823870", "USER": "na***oft", "CONTENT": "閱讀陳耀昌醫師的《島嶼dna》，覺得最大的收穫，不在於證明自己是不是中國人，而在於我們擁有複雜的血統中，我們除了血液來源的多元化外，我們擁有的文化混血亦是多元，這代表這塊土地能產生的創意巧思，是那麽不可限量，珍惜得來不易的文化資產，做ㄧ個真正有價值的台灣人，那才是我們的國家寶藏。"}, {"BOOKNAME": "島嶼DNA", "ISBN": "9789865823870", "USER": "na***oft", "CONTENT": "閱讀陳耀昌醫師的《島嶼dna》，覺得最大的收穫，不在於證明自己是不是中國人，而在於我們擁有複雜的血統中，我們除了血液來源的多元化外，我們擁有的文化混血亦是多元，這代表這塊土地能產生的創意巧思，是那麽不可限量，珍惜得來不易的文化資產，做ㄧ個真正有價值的台灣人，那才是我們的國家寶藏。"}, {"BOOKNAME": "終戰那一天：臺灣戰爭世代的故事", "ISBN": "9789869533485", "USER": "92********734", "CONTENT": "人無法左右時代洪流，卻會被洪流淹沒，於其中掙扎，或是莫可奈何地滅頂。這本書探討二戰及戰後，身處日本殖民地的台灣及戰後光復的「人們」，如何以各種身分去面對其身分的變遷：技師、師範生、醫護婦等人的悲愁，究竟國族認同與個體認識間的差異，怎樣侵蝕他們的身心？"}, {"BOOKNAME": "終戰那一天：臺灣戰爭世代的故事", "ISBN": "9789869533485", "USER": "92********734", "CONTENT": "人無法左右時代洪流，卻會被洪流淹沒，於其中掙扎，或是莫可奈何地滅頂。這本書探討二戰及戰後，身處日本殖民地的台灣及戰後光復的「人們」，如何以各種身分去面對其身分的變遷：技師、師範生、醫護婦等人的悲愁，究竟國族認同與個體認識間的差異，怎樣侵蝕他們的身心？"}, {"BOOKNAME": "以地名認識台灣", "ISBN": "9789573910459", "USER": "e8****029", "CONTENT": "你了解［台灣］這個名字的由來？ 了解為何北投叫［北投］，苗栗以前叫［貓貍］？ 了解通霄為何以前叫［吞霄］？為何有個難得的［牛駡頭］地名呢？ 這本書會告訴你"}, {"BOOKNAME": "大灣大員福爾摩沙：從葡萄牙航海日誌、荷西地圖、清日文獻尋找台灣地名真相", "ISBN": "9789862622766", "USER": "s2****533", "CONTENT": "這本書主要的內容在介紹台灣的地名由來，每篇標題都下的很有趣，讓人不自覺想去瞭解為什麼。例如:「暖暖很溫暖？」 再加上非常的淺寫易懂，不像研究資料一樣文字生硬，而且還搭配一些舊資料的圖片，完全不像研究書籍啊!若是想多了解台灣地名由來，可以看看這本書唷。"}, {"BOOKNAME": "重構台灣：當代民族主義的文化政治", "ISBN": "9789570841176", "USER": "s1*****103", "CONTENT": "本書從台灣文學史的脈絡出發，探討與之同時並行的台灣社會運動所激起的台灣民族意識，究竟這股意識從何而來？又從何而去？"}, {"BOOKNAME": "重構台灣：當代民族主義的文化政治", "ISBN": "9789570841176", "USER": "s1*****103", "CONTENT": "本書從台灣文學史的脈絡出發，探討與之同時並行的台灣社會運動所激起的台灣民族意識，究竟這股意識從何而來？又從何而去？"}, {"BOOKNAME": "台北城市散步：走過，不路過", "ISBN": "9789869396370", "USER": "92********734", "CONTENT": "以河流的緣起，讓讀者去了解台北城的變遷、文化之發展，以專業的知識用文字導覽大稻埕、艋舺與台北城，儘管時序已遠，仍能從豐富的資料記載及史料分析中，去釐清當代的台北人，該以怎樣的心態去復育逐漸喪失的建築與文化，使人不僅能追思過往美好且展望未來。"}, {"BOOKNAME": "土地的聲音：聽見臺灣最美好的人‧事‧物【附臺灣土地原音CD】", "ISBN": "9789571365084", "USER": "e3*561*", "CONTENT": "這是一本有格局的大書!! 有夢想。有聲音。有人情。有勵志。有感動。有幽默。有愛心。 有熱情。有勇力。有知識。有冒險。有堅持到底不放棄的決心.. 有福氣。才能看見這本需要用心聆聽的好書~~關於臺灣這片美好土地的聲音。"}, {"BOOKNAME": "綠島金夢", "ISBN": "9789578017719", "USER": "ha*****004", "CONTENT": "一個出名的觀光小島，卻有著迷人的寶藏傳說，本身就是一個良好的小說題材。作者以寫小說的方式，並輔以哲學、佛家的觀點來闡述綠島發大財的美夢和過程。綠島的史前時代闡述得到了更進一步的證據，而靈異事件則成了無法解釋的因果輪迴。綠島的身世之謎，對作者而言，應該像黃金一樣的令人著迷。"}, {"BOOKNAME": "去梯言：歷史之眼看台灣", "ISBN": "9789861201894", "USER": "r1*****645", "CONTENT": "以史為鑑可知興替, 但看完了書不免感嘆: 歷史這東西台灣人跟台灣的政客, 早就都不屑一看了吧!? 不然怎沒從歷史中學到些教訓, 而仍執著於爭權奪利沽名釣譽上? 台灣的政局及將來, 是否也終將如已發生過的歷史片斷一樣, 灰飛煙滅?"}, {"BOOKNAME": "太陽旗下的魔法學校：日治台灣新式教育的誕生", "ISBN": "9789868838161", "USER": "s1*****103", "CONTENT": "日治時期所引進的近代教育，使得台灣人擺脫傳統漢學教育，走向近代文明化的第一步，究竟這所謂的魔法學校有甚麼奧秘?本書將可以給讀者解惑。"}, {"BOOKNAME": "美援年代的鳥事並不如煙", "ISBN": "9789868868434", "USER": "sn***218", "CONTENT": "美國在過去為了和中國及蘇聯對抗，韓戰後對於臺灣實施的美援，影響了我們整體的社會。豐年雜誌和農家節目我還真的有印象，當然還有健素糖•••哈哈。作者連驢子和南極蝦的故事都寫出來，真是太感謝了。看本書勾起我濃濃的懷舊心情，真是一本值得推薦的好書。"}, {"BOOKNAME": "美援年代的鳥事並不如煙", "ISBN": "9789868868434", "USER": "sn***218", "CONTENT": "美國在過去為了和中國及蘇聯對抗，韓戰後對於臺灣實施的美援，影響了我們整體的社會。豐年雜誌和農家節目我還真的有印象，當然還有健素糖•••哈哈。作者連驢子和南極蝦的故事都寫出來，真是太感謝了。看本書勾起我濃濃的懷舊心情，真是一本值得推薦的好書。"}, {"BOOKNAME": "美援年代的鳥事並不如煙", "ISBN": "9789868868434", "USER": "sn***218", "CONTENT": "美國在過去為了和中國及蘇聯對抗，韓戰後對於臺灣實施的美援，影響了我們整體的社會。豐年雜誌和農家節目我還真的有印象，當然還有健素糖•••哈哈。作者連驢子和南極蝦的故事都寫出來，真是太感謝了。看本書勾起我濃濃的懷舊心情，真是一本值得推薦的好書。"}, {"BOOKNAME": "青島東路三號：我的百年之憶及台灣的荒謬年代", "ISBN": "9789868807556", "USER": "s1*****103", "CONTENT": "作者顏世鴻曾經在《白色封印》一本談過他在白色恐怖時期的遭遇，而本書作為他的自傳，則補齊了脈絡，讓讀者能了解當初白色恐怖與綠島的真實面貌。"}, {"BOOKNAME": "戰爭體制下的台灣", "ISBN": "9789868125186", "USER": "s1*****103", "CONTENT": "台灣作為日本在二次世界大戰時的殖民地，在二次世界大戰之時，日本對台灣有什麼樣的影響？本書讓讀者了解殖民地人民在戰爭之下的處境。"}, {"BOOKNAME": "同化的同床異夢：日治時期臺灣的語言政策、近代化與認同", "ISBN": "9789861731629", "USER": "s1*****103", "CONTENT": "本書將日本殖民的同化政策做了完整的脈絡解析，讓讀者從教育上看日本的同化政策是如何轉變，而這些轉變又是如何在「國體論」為中心的情況下發展？"}, {"BOOKNAME": "二十世紀台灣民主大事寫真", "ISBN": "9789579895743", "USER": "s1*****103", "CONTENT": "本書將台灣二十世紀所發生的民主大事依年代排序，讓讀者可以依著歷史脈絡了解台灣民主事件的演進，了解台灣如何邁向民主化。"}, {"BOOKNAME": "古寧頭歲月", "ISBN": "9789578332881", "USER": "c**12**", "CONTENT": "位於雙鯉溼地自然中心旁的紀念石碑，人馬一去如黃鶴，消息至今一點無，&#x28;馬夫淚&#x29;的故事在這片死神曾經踏過的土地上，默默的為北山古寧頭一點點的濡墨歷史。"}]