[{"BOOKNAME": "拚公義，沒有好走的路：白目署長楊志良的衝撞與改革", "ISBN": "9789862167670", "USER": "yc*****003", "CONTENT": "非常真誠的自白,從一個卸任官員關心台灣未來,鋪陳文字淺顯易懂又幽默風趣,所有人值得閱讀,更重要的讀後語,楊志良先生,台灣需要您!人民需要好官!"}, {"BOOKNAME": "拚公義，沒有好走的路：白目署長楊志良的衝撞與改革", "ISBN": "9789862167670", "USER": "yc*****003", "CONTENT": "非常真誠的自白,從一個卸任官員關心台灣未來,鋪陳文字淺顯易懂又幽默風趣,所有人值得閱讀,更重要的讀後語,楊志良先生,台灣需要您!人民需要好官!"}]