[{"BOOKNAME": "國文歷屆試題全解（包括公文格式用語）2014初五等＜學儒＞", "ISBN": "9789863300144", "USER": "b6**212", "CONTENT": "詳盡的歷屆考題詳解,突破思考障礙的最佳利器,我買的是2013版的,提供解題捷近,準確抓住考題重點,增進解題速度,讓你做完題目有更多時間檢查錯誤的地方,本人淺見:國文是一科範圍很大的考科,考試一定要奮戰到最後一刻,不要提早交卷,這才是上上之策,想拿高分的不妨參考這一本書."}, {"BOOKNAME": "電子儀表", "ISBN": "9789574548361", "USER": "li****lun", "CONTENT": "對普考電子工程考生而言,這科比分重量上算是最重的一科了.難得有出版社可搜集資料刊印,只是對照教科書,這類書的通病就是繪圖與校正水準皆差,但為了金榜題名,一切從簡."}]