[{"BOOKNAME": "數學女孩 龐加萊猜想", "ISBN": "9789578799738", "USER": "li************534", "CONTENT": "相較於前作，這本書的難度下降了很多 應該是由於主題太難，所以作者決定不詳述的關係 這次的講解依然是十分和藹可親，不過仍然出現不少省略的地方 建議有高中數學程度的人，要把省略的地方努力看懂了，才會比較瞭解講解的內容 不然一個點看不懂就可能放棄後面的部分，有點可惜"}, {"BOOKNAME": "數學大觀念：從數字到微積分，全面理解數學的12大觀念", "ISBN": "9789862623220", "USER": "wa*****g69", "CONTENT": "正如它的英文書名,作者想讓讀者來玩數學或體驗數學如魔術般神奇之處,原本艱澀難懂,看似抽象又複雜的觀念算式,由作者由淺入深的說明方式十分有效,令我佩服,我看了真的就能懂了,害怕數學或討厭數學的人都該試試這本書,對數學會大大的改觀哦"}, {"BOOKNAME": "數學大觀念：從數字到微積分，全面理解數學的12大觀念", "ISBN": "9789862623220", "USER": "wa*****g69", "CONTENT": "正如它的英文書名,作者想讓讀者來玩數學或體驗數學如魔術般神奇之處,原本艱澀難懂,看似抽象又複雜的觀念算式,由作者由淺入深的說明方式十分有效,令我佩服,我看了真的就能懂了,害怕數學或討厭數學的人都該試試這本書,對數學會大大的改觀哦"}, {"BOOKNAME": "數學大觀念：從數字到微積分，全面理解數學的12大觀念", "ISBN": "9789862623220", "USER": "wa*****g69", "CONTENT": "正如它的英文書名,作者想讓讀者來玩數學或體驗數學如魔術般神奇之處,原本艱澀難懂,看似抽象又複雜的觀念算式,由作者由淺入深的說明方式十分有效,令我佩服,我看了真的就能懂了,害怕數學或討厭數學的人都該試試這本書,對數學會大大的改觀哦"}, {"BOOKNAME": "演算法星球：七天導覽行程，一次弄懂演算法", "ISBN": "9789869335386", "USER": "ge******************.tw", "CONTENT": "這是由數學家寫的書，「演算法」這個字眼在很多地方，十分廣義，如果能將演算法當成一種思考與生活的方法，就很值得了。已經習慣演算法思考的人眼界會不同。"}, {"BOOKNAME": "數學之書", "ISBN": "9789571356990", "USER": "co********126", "CONTENT": "初次看到這本書，就被書中索引所吸引，他詳盡介紹了從古老時代到現在的數學歷史及演變，每一個發明與發現都在一頁裡介紹完畢，適合想了解歷史但又不想看一堆艱深字句的讀者閱讀！"}, {"BOOKNAME": "數學女孩：哥德爾不完備定理", "ISBN": "9789866097416", "USER": "a1*********147", "CONTENT": "結城浩又有新的力作了!!他的前一本費馬最後的定理我覺得還不錯看，用的都是我們國高中都可以理解的數學，雖然有些要高中微積分，但不難理解，故事還附帶一些些男主角和女主角們的戀情，不會乏味一味的以為是看教科書，希望這次的故事能有新的感受。"}, {"BOOKNAME": "思考的樂趣：頂尖數學家和你想的不一樣", "ISBN": "9789862576762", "USER": "wa*****g69", "CONTENT": "求學時我一直喜歡數學的思考邏輯世界,因為它如此純粹合理又有系統,但其中許多運算工具的確困難使人卻步,此書讓我驚喜不已,彷彿以前的熱情又再回來,他把數學與現實生活中現象做了無瑕的連結,解釋之詳細更是難得,實在是充滿了智慧的作品,至少可讓人減少被人騙的機會啦"}, {"BOOKNAME": "遇見哥德巴赫猜想", "ISBN": "9789574500239", "USER": "de*******y19", "CONTENT": "這本書的作者本身是個數學家，他將petros的一生傳神的述說予讀者，或許有點哀傷、有點可悲。但我覺得他忠實的呈現了數學家的精神給大家，這對於不喜歡數學的人們或許看來很愚昧、很可笑...但卻不得不承認它是值得令人敬畏、敬佩的。"}]