[{"BOOKNAME": "權謀至尊司馬懿", "ISBN": "9789573270270", "USER": "we**aso", "CONTENT": "此書乃愛三國者，必買必備之書，真的不一樣，不會後悔! 仲達不再只是出現在五丈原跑跑龍套，總算了解他的崛起與生平。 城府之深，深不可嘆。耐性之堅，堅若磐石。權謀至尊，當之無愧。 書中文法流暢易讀，可輕鬆並且一口氣讀完。難得好書，值得推薦。"}, {"BOOKNAME": "權謀至尊司馬懿", "ISBN": "9789573270270", "USER": "we**aso", "CONTENT": "此書乃愛三國者，必買必備之書，真的不一樣，不會後悔! 仲達不再只是出現在五丈原跑跑龍套，總算了解他的崛起與生平。 城府之深，深不可嘆。耐性之堅，堅若磐石。權謀至尊，當之無愧。 書中文法流暢易讀，可輕鬆並且一口氣讀完。難得好書，值得推薦。"}, {"BOOKNAME": "權謀至尊司馬懿", "ISBN": "9789573270270", "USER": "we**aso", "CONTENT": "此書乃愛三國者，必買必備之書，真的不一樣，不會後悔! 仲達不再只是出現在五丈原跑跑龍套，總算了解他的崛起與生平。 城府之深，深不可嘆。耐性之堅，堅若磐石。權謀至尊，當之無愧。 書中文法流暢易讀，可輕鬆並且一口氣讀完。難得好書，值得推薦。"}, {"BOOKNAME": "權謀至尊司馬懿", "ISBN": "9789573270270", "USER": "we**aso", "CONTENT": "此書乃愛三國者，必買必備之書，真的不一樣，不會後悔! 仲達不再只是出現在五丈原跑跑龍套，總算了解他的崛起與生平。 城府之深，深不可嘆。耐性之堅，堅若磐石。權謀至尊，當之無愧。 書中文法流暢易讀，可輕鬆並且一口氣讀完。難得好書，值得推薦。"}, {"BOOKNAME": "權謀至尊司馬懿", "ISBN": "9789573270270", "USER": "we**aso", "CONTENT": "此書乃愛三國者，必買必備之書，真的不一樣，不會後悔! 仲達不再只是出現在五丈原跑跑龍套，總算了解他的崛起與生平。 城府之深，深不可嘆。耐性之堅，堅若磐石。權謀至尊，當之無愧。 書中文法流暢易讀，可輕鬆並且一口氣讀完。難得好書，值得推薦。"}, {"BOOKNAME": "權謀至尊司馬懿", "ISBN": "9789573270270", "USER": "we**aso", "CONTENT": "此書乃愛三國者，必買必備之書，真的不一樣，不會後悔! 仲達不再只是出現在五丈原跑跑龍套，總算了解他的崛起與生平。 城府之深，深不可嘆。耐性之堅，堅若磐石。權謀至尊，當之無愧。 書中文法流暢易讀，可輕鬆並且一口氣讀完。難得好書，值得推薦。"}, {"BOOKNAME": "敵我之間︰一場歷史的思辨之旅3", "ISBN": "9789578039735", "USER": "l**ke**", "CONTENT": "這一冊著重在秦始皇所用之臣,所面對之敵人,主要描述李斯,趙高,及燕太子丹,旁徵博引,歷史人物躍然紙上,呂老師的歷史思辨,如同前兩本書,有高度的可看性~"}, {"BOOKNAME": "敵我之間︰一場歷史的思辨之旅3", "ISBN": "9789578039735", "USER": "l**ke**", "CONTENT": "這一冊著重在秦始皇所用之臣,所面對之敵人,主要描述李斯,趙高,及燕太子丹,旁徵博引,歷史人物躍然紙上,呂老師的歷史思辨,如同前兩本書,有高度的可看性~"}, {"BOOKNAME": "敵我之間︰一場歷史的思辨之旅3", "ISBN": "9789578039735", "USER": "l**ke**", "CONTENT": "這一冊著重在秦始皇所用之臣,所面對之敵人,主要描述李斯,趙高,及燕太子丹,旁徵博引,歷史人物躍然紙上,呂老師的歷史思辨,如同前兩本書,有高度的可看性~"}, {"BOOKNAME": "敵我之間︰一場歷史的思辨之旅3", "ISBN": "9789578039735", "USER": "l**ke**", "CONTENT": "這一冊著重在秦始皇所用之臣,所面對之敵人,主要描述李斯,趙高,及燕太子丹,旁徵博引,歷史人物躍然紙上,呂老師的歷史思辨,如同前兩本書,有高度的可看性~"}, {"BOOKNAME": "三國志歷史事件簿", "ISBN": "9789579501767", "USER": "ev******429", "CONTENT": "三國演義不僅風靡華人世界，在日本也是耳熟能詳、家喻戶曉，作者以真實事件為主，介紹真實人物的作為，從不同角度讀三國，不僅增長歷史知識，更是深度剖析歷史人物。"}, {"BOOKNAME": "秦始皇：從戰國到一統天下（暢銷經典版）", "ISBN": "9789863446965", "USER": "ev******429", "CONTENT": "大陸央視最近歷史大劇「大秦賦」描寫的主人翁即是秦始皇，由於他個人際遇及一生的為政等等，話題性及爭議性十足，因此在他過世後2千年，仍成為人們津津樂道的題材，小說、戲劇不斷出現，哪個才是真實的始皇帝?閱讀本書，可以獲得清楚的輪廓。"}, {"BOOKNAME": "易中天說三國：還原曹操、劉備、孫權、諸葛亮的歷史面目（三國紀）", "ISBN": "9789863615989", "USER": "ev******429", "CONTENT": "易中天在央視-百家講壇「品三國」以歷史角度爬梳三國的風雲人物，將小說三國演義與正史「三國誌」的不同處指出，還原曹操、劉備及諸葛亮等人真實面目，讀本書可獲得正確史觀，同時了解到羅貫中的生花妙筆，將歷史人物寫得活靈活現。"}, {"BOOKNAME": "微歷史：一本書讓你讀懂三國志", "ISBN": "9789864562961", "USER": "66********681", "CONTENT": "內容記述條條分明又不失生動～一系列下來個人覺得都相當不錯～尤其這次封皮頗用巧思唷～推推推呀～～～～❤❤❤❤❤❤"}, {"BOOKNAME": "公孫策作品集2套書組 （英雄劫 + 大對決 + 黎民恨 + 夕陽紅）", "ISBN": "4717702091927", "USER": "ko***************.tw", "CONTENT": "英雄劫推薦文作者陳美儒先生提到：滾滾長江東逝水，浪花淘盡英雄，是非成敗轉頭空‧‧這是羅貫中在《三國演義》以「西江月」詞牌令寫的卷頭詩。我瞬間冷掉。這闕詞是明楊慎《二十一史》彈詞第三章《說秦漢》開場詞調寄《臨江仙》，被移到《三國演義》當作開場詞，澄清一下比較好。"}, {"BOOKNAME": "心戰三國．司馬懿", "ISBN": "9789571362403", "USER": "ki*****012", "CONTENT": "司馬懿靠著堅強的忍耐力，努力得到上位者的信任，歷史人物的勾心鬥角.計謀，在作者的描述下栩栩如生，看過前兩集的話，更能將這三個人&#x28;劉備.孫權.司馬懿&#x29;的故事串在一起。"}, {"BOOKNAME": "心戰三國.劉備", "ISBN": "9789571361697", "USER": "ki*****012", "CONTENT": "這是一本結合心理學的歷史,不同於課本上教的歷史,作者寫出了劉備如何從默默無名的市井小民,到如何崛起稱霸天下,然後又沒落逐漸老死,歷史上的心機,作者用了全新的角度帶領你看劉備,一旦翻開第一頁,你就停不下來,直到把它看完,從歷史心理也可學習到很多人性和經驗,這是一本頗具魅力的書。"}, {"BOOKNAME": "英雄劫：春秋時代南方三國的恩怨情仇", "ISBN": "9789862720578", "USER": "ko***************.tw", "CONTENT": "英雄劫推薦文作者陳美儒先生提到：滾滾長江東逝水，浪花淘盡英雄，是非成敗轉頭空‧‧這是羅貫中在《三國演義》以「西江月」詞牌令寫的卷頭詩。我瞬間冷掉。這闕詞是明楊慎《二十一史》彈詞第三章《說秦漢》開場詞調寄《臨江仙》，被移到《三國演義》當作開場詞，澄清一下比較好。"}, {"BOOKNAME": "滅蜀記", "ISBN": "9789867480972", "USER": "84***945", "CONTENT": "姜維是蜀國最後的支柱，或許後人對姜維的評價是毀譽參半，然沒有姜維滅蜀的行動就不會如此的艱難，三國後期最有權謀的人，一場鬥智的對決。"}, {"BOOKNAME": "心戰三國．孫權", "ISBN": "9789571362229", "USER": "ki*****012", "CONTENT": "從自卑到自信,相信這是很多人會經歷過的歷程,看這本書時會覺得感同身受,會發現幾千年前的歷史人物的遭遇跟自己這麼像,看完這本書會讓人理解一個人是怎麼成功的,用心理學結合歷史,更能解釋為何這些人要這麼做,現代心理跟歷史互相輝映,孫權背後的故事其實比課本上教的還多..."}, {"BOOKNAME": "三國那些人那些事：蜀卷", "ISBN": "9789865850982", "USER": "xu******123", "CONTENT": "我們從小到大讀的三國，可能只是皮毛而已，甚至很多是三國演義虛構的~本書探討的人物也很有意思，讓我們看到不一樣的一面~看到三國演義不會講的事~三國迷必讀!!"}, {"BOOKNAME": "漢武帝的三張臉：我們如何看清楚？", "ISBN": "9789866118531", "USER": "s3***689", "CONTENT": "這本書用詼諧的手法更讓人理解歷史上真正的漢武帝，與以前讀歷史課本裡的漢武帝截然不同，文字淺顯易懂，寫得詳細，翻開就就會情不自禁的持續讀下去，很值得一看"}, {"BOOKNAME": "秦始皇：從戰國到一統天下(上下冊套書)", "ISBN": "9789861737850", "USER": "kk****724", "CONTENT": "本書用不同的角度與觀點來看秦始皇的一生，一直以來秦始皇爭議不斷，作者利用他的文筆緩緩敘述這段歷史卻不會感到枯燥無趣，在有爭議點的部分也並未只用一種思考去判斷而是用多種不同角度與方式來看這個人，是本特別的書！如果喜歡且想更認識秦始皇歷史的人，很推薦來看。"}, {"BOOKNAME": "秦始皇：從戰國到一統天下(上下冊套書)", "ISBN": "9789861737850", "USER": "kk****724", "CONTENT": "本書用不同的角度與觀點來看秦始皇的一生，一直以來秦始皇爭議不斷，作者利用他的文筆緩緩敘述這段歷史卻不會感到枯燥無趣，在有爭議點的部分也並未只用一種思考去判斷而是用多種不同角度與方式來看這個人，是本特別的書！如果喜歡且想更認識秦始皇歷史的人，很推薦來看。"}, {"BOOKNAME": "霸業崛起的大謀略家：劉邦", "ISBN": "9789861782294", "USER": "sh*******128", "CONTENT": "今年最喜歡的書！原對項羽印象佳、不喜歡劉邦人品，但是經由作者妙筆描寫韓信軍事強大就覺得很強大、劉邦聰明、項羽笨等，完全受作者影響xd在最後四面楚歌時寫到項羽的豪情又很受感動。此書主要探討「彈性的處事」所帶來的正面影響，隱讓是為了等待最好的時機大步前進！兼故事性與實用性！非常喜歡！"}, {"BOOKNAME": "秦謎：秦始皇的祕密", "ISBN": "9789570836523", "USER": "vp*****234", "CONTENT": "看著歷史偵探抽絲剝繭地找出秦始皇的生父、表叔以及後宮，真是痛快!看完本書，發現外戚干政不只是西漢才有，原來連一統天下的秦帝國，皆是長久以外戚掌權，外戚多憑藉皇后、太后勢力壯大，反觀秦的壯大，似乎也靠著一些有才幹的外戚，如魏冉、昌平叔、宣太后等"}, {"BOOKNAME": "秦謎：秦始皇的祕密", "ISBN": "9789570836523", "USER": "vp*****234", "CONTENT": "看著歷史偵探抽絲剝繭地找出秦始皇的生父、表叔以及後宮，真是痛快!看完本書，發現外戚干政不只是西漢才有，原來連一統天下的秦帝國，皆是長久以外戚掌權，外戚多憑藉皇后、太后勢力壯大，反觀秦的壯大，似乎也靠著一些有才幹的外戚，如魏冉、昌平叔、宣太后等"}, {"BOOKNAME": "你所不知道的101個三國問題──人人都要學的三分鐘國文課4", "ISBN": "9789866702648", "USER": "ac*****s81", "CONTENT": "這本書真的太豐富了! 即使只講了101個關於三國的問題，但事實上，你所得到的知識遠遠大於這101個問題，本書值得收藏因為這些知識實在是太重要了，讀完後我還想立刻再把整本書看一次!"}, {"BOOKNAME": "34位三國志軍師小事典", "ISBN": "9789862720080", "USER": "19***923", "CONTENT": "歷史不是刻板印象中的死背，透過此書可以瞭解每個背後成功的君主，都有機智過人的輔佐人才，看他們如何發跡及受到重用，以及發揮其強大的天賦，影響歷史重要局面，讀歷史也可以這樣有趣!!"}, {"BOOKNAME": "秦崩：從秦始皇到劉邦", "ISBN": "9789570835694", "USER": "an***r09", "CONTENT": "本書將錯綜複雜的秦末亂局，以清晰的史書思維娓娓道來，使死板雜亂的三千年前史實讀來更為活潑鮮明。特別的是，作者李開元提出的獨特觀察：其實劉邦和秦始皇是同一時代的人！並以此論點將劉邦的成長與秦帝國的發展巧妙貫串起來，使這段秦末漢初的歷史不再死板，而有了人味，讀來也更添趣味了！"}, {"BOOKNAME": "秦崩：從秦始皇到劉邦", "ISBN": "9789570835694", "USER": "an***r09", "CONTENT": "本書將錯綜複雜的秦末亂局，以清晰的史書思維娓娓道來，使死板雜亂的三千年前史實讀來更為活潑鮮明。特別的是，作者李開元提出的獨特觀察：其實劉邦和秦始皇是同一時代的人！並以此論點將劉邦的成長與秦帝國的發展巧妙貫串起來，使這段秦末漢初的歷史不再死板，而有了人味，讀來也更添趣味了！"}, {"BOOKNAME": "秦崩：從秦始皇到劉邦", "ISBN": "9789570835694", "USER": "an***r09", "CONTENT": "本書將錯綜複雜的秦末亂局，以清晰的史書思維娓娓道來，使死板雜亂的三千年前史實讀來更為活潑鮮明。特別的是，作者李開元提出的獨特觀察：其實劉邦和秦始皇是同一時代的人！並以此論點將劉邦的成長與秦帝國的發展巧妙貫串起來，使這段秦末漢初的歷史不再死板，而有了人味，讀來也更添趣味了！"}, {"BOOKNAME": "秦崩：從秦始皇到劉邦", "ISBN": "9789570835694", "USER": "an***r09", "CONTENT": "本書將錯綜複雜的秦末亂局，以清晰的史書思維娓娓道來，使死板雜亂的三千年前史實讀來更為活潑鮮明。特別的是，作者李開元提出的獨特觀察：其實劉邦和秦始皇是同一時代的人！並以此論點將劉邦的成長與秦帝國的發展巧妙貫串起來，使這段秦末漢初的歷史不再死板，而有了人味，讀來也更添趣味了！"}, {"BOOKNAME": "革鼎梟雄曹操", "ISBN": "", "USER": "c**12**", "CONTENT": "曹操的過人文采，是三國將領之最，千百年後，當世人沉醉於羅貫中的演義章回小說，後世皆憐憫漢末衰微，痛恨篡位逼宮的曹魏，挾天子與亂世奸雄已然成了歷史定案"}]