[{"BOOKNAME": "消失的湯匙：一部來自週期表的愛恨情仇傳奇與世界史", "ISBN": "9789862132470", "USER": "el*****hin", "CONTENT": "若是早幾年讀這本書就好了,除了會幫助我更輕鬆的背化學元素表,也會對於化學產生更多的興趣:原來各種化學元素除了特性不同之外,在人類歷史中扮演的角色居然是這麼重要,真是不可思議!"}, {"BOOKNAME": "消失的湯匙：一部來自週期表的愛恨情仇傳奇與世界史", "ISBN": "9789862132470", "USER": "el*****hin", "CONTENT": "若是早幾年讀這本書就好了,除了會幫助我更輕鬆的背化學元素表,也會對於化學產生更多的興趣:原來各種化學元素除了特性不同之外,在人類歷史中扮演的角色居然是這麼重要,真是不可思議!"}, {"BOOKNAME": "消失的湯匙：一部來自週期表的愛恨情仇傳奇與世界史", "ISBN": "9789862132470", "USER": "el*****hin", "CONTENT": "若是早幾年讀這本書就好了,除了會幫助我更輕鬆的背化學元素表,也會對於化學產生更多的興趣:原來各種化學元素除了特性不同之外,在人類歷史中扮演的角色居然是這麼重要,真是不可思議!"}, {"BOOKNAME": "消失的湯匙：一部來自週期表的愛恨情仇傳奇與世界史", "ISBN": "9789862132470", "USER": "el*****hin", "CONTENT": "若是早幾年讀這本書就好了,除了會幫助我更輕鬆的背化學元素表,也會對於化學產生更多的興趣:原來各種化學元素除了特性不同之外,在人類歷史中扮演的角色居然是這麼重要,真是不可思議!"}, {"BOOKNAME": "觀念化學III：化學反應", "ISBN": "9789864176786", "USER": "as***144", "CONTENT": "國丶高中生必讀!本書詳盡的解釋化學觀念，卻不枯燥乏味，有簡單明瞭的圖表，以及每個單元結束後的練習題目，達到確實讀懂並應用的效果。連對化學束手無策，總是背了又忘的我，讀完後都覺得自己的化學能力大大提升了。"}]