[{"BOOKNAME": "孔子真面目：2500年來的謊言", "ISBN": "9789571392486", "USER": "le******613", "CONTENT": "換不同角度試著看看，可以是種不同收穫。 作者以史料旁徵博引，推理出孔子其他面貌，引人看出興趣，也給讀者機會思考歷史中的非主流面向。談歷史人物的書，用歸納、引用整理的著作已經太多，用史料為證進行推論，反而像是用科學的方法在討論文史呢！ 真的有趣。"}, {"BOOKNAME": "緣命之間", "ISBN": "9789573288282", "USER": "p8***939", "CONTENT": "無限深情意，盡落有限中，是人生艱難的開始。有分的人才會有緣，分指的是彼此的脾性相近，觀念相似，在這樣的狀況下生發了緣。如何去運命，而非被命擺布，是促成我們人生得以轉變的契機。"}, {"BOOKNAME": "孔子大歷史：聖壇下的真實人生與他的春秋壯遊（繁體中文全新增訂版）", "ISBN": "9789863447368", "USER": "ev******429", "CONTENT": "孔子被譽為東方的蘇格拉底，不僅在東方，深深影響了中國、韓國、日本及越南等諸多國家，甚至稱為儒家文化圈，西方人也折服孔子的哲理。最近二十年流行的壯遊，其實孔子早在2千多前就引領風騷，周遊列國，希企將其理念傳播於天下，閱讀本書，可一窺影響東方文化2千多年的重要人物-孔子的博大精深。"}, {"BOOKNAME": "從《論語》與《雜阿含經》看感官欲望", "ISBN": "9789869388535", "USER": "fu*******985", "CONTENT": "傳統教育常歌頌寡欲，彷彿與欲望有關連，就是負面不好的。只要是人就會有欲望，書中解析論語對感官欲望採取對策清晰易懂，翻轉了經典說教的絮叨感。雜阿含經的部分比較專業，以往只知道佛教主張救度眾生（菩提道），書中論及雜阿含經的解脫道，逐步跳脫感官欲望的影響，開啟了我的視野。"}, {"BOOKNAME": "論語反論", "ISBN": "9789578018082", "USER": "st****y77", "CONTENT": "論語乃「進德修業」之法寶，本書如同書名，還是盡早迷途之返，無論是對自己或對大眾都是好的！  「大道廢，有仁義」，如果不喜儒家經典，或許道家會有滿意的答案..."}, {"BOOKNAME": "論語反論", "ISBN": "9789578018082", "USER": "st****y77", "CONTENT": "論語乃「進德修業」之法寶，本書如同書名，還是盡早迷途之返，無論是對自己或對大眾都是好的！  「大道廢，有仁義」，如果不喜儒家經典，或許道家會有滿意的答案..."}, {"BOOKNAME": "論語反論", "ISBN": "9789578018082", "USER": "st****y77", "CONTENT": "論語乃「進德修業」之法寶，本書如同書名，還是盡早迷途之返，無論是對自己或對大眾都是好的！  「大道廢，有仁義」，如果不喜儒家經典，或許道家會有滿意的答案..."}, {"BOOKNAME": "孟子與離婁", "ISBN": "9789869134712", "USER": "su***oya", "CONTENT": "孟子與離婁是孟子這本書的下半部.南懷瑾先生用平易近人的說法.闡釋有關作人處世以及個人修養的重要.具體又深入.推薦給喜歡孟子一書的人.是一本值得收藏的好書"}, {"BOOKNAME": "儒禍", "ISBN": "9789578017191", "USER": "ha***117", "CONTENT": "儒家思想不只對中國有極大影響，對整個東亞的影響力也不容小覷。儒家有其優越之思想，但是當統治者只會拿其中的劣質部分來當做統治人民的洗腦工具時，這個思想就變成災難。而人民又只會照政府餵養的思想部分做學問，這就是儒家思想遭人唾棄的原因，也是東亞國家之所以無法自主產生民主思想的原因。"}, {"BOOKNAME": "儒禍", "ISBN": "9789578017191", "USER": "ha***117", "CONTENT": "儒家思想不只對中國有極大影響，對整個東亞的影響力也不容小覷。儒家有其優越之思想，但是當統治者只會拿其中的劣質部分來當做統治人民的洗腦工具時，這個思想就變成災難。而人民又只會照政府餵養的思想部分做學問，這就是儒家思想遭人唾棄的原因，也是東亞國家之所以無法自主產生民主思想的原因。"}, {"BOOKNAME": "宋明儒學的問題與發展", "ISBN": "9789570825787", "USER": "s1*****103", "CONTENT": "牟宗三先生在這本書解略的介紹宋明儒學的問題與發展，以及宋明儒學所發展的脈絡，是一本適合對宋明儒學尚未了解太深入的讀者可以試著從當代新儒家的角度來看宋明儒學的思想。"}, {"BOOKNAME": "宋明儒學的問題與發展", "ISBN": "9789570825787", "USER": "s1*****103", "CONTENT": "牟宗三先生在這本書解略的介紹宋明儒學的問題與發展，以及宋明儒學所發展的脈絡，是一本適合對宋明儒學尚未了解太深入的讀者可以試著從當代新儒家的角度來看宋明儒學的思想。"}, {"BOOKNAME": "讀論語，有什麼用？--2500年前的一本書，告訴你現今最務實的做人", "ISBN": "9789866037108", "USER": "an*****119", "CONTENT": "好久，都沒買到好書的感覺。很多書，都很商業化! 書名很誘人，封底簡介寫的舌燦蓮花，而內容通常都是一些空而無用武之地的道理，簡單說就是，屁話連篇。不是鏡花水月就是無鞭辟入裡， 講了一卡車的屁話，騙我白花花的銀子。&quot;讀論語，有什麼用?&quot;真的!真的!真的!很好看!"}, {"BOOKNAME": "讀論語，有什麼用？--2500年前的一本書，告訴你現今最務實的做人", "ISBN": "9789866037108", "USER": "an*****119", "CONTENT": "好久，都沒買到好書的感覺。很多書，都很商業化! 書名很誘人，封底簡介寫的舌燦蓮花，而內容通常都是一些空而無用武之地的道理，簡單說就是，屁話連篇。不是鏡花水月就是無鞭辟入裡， 講了一卡車的屁話，騙我白花花的銀子。&quot;讀論語，有什麼用?&quot;真的!真的!真的!很好看!"}]