[{"BOOKNAME": "半導體的故事：發展與現況", "ISBN": "9789868954496", "USER": "li****lun", "CONTENT": "從誤打誤撞的開天闢地的貓鬚檢測元件講起，這當年讓許多人摸不著頭緒的怪現象，透過量子力學解開謎團以來從原本貝爾實驗室想解決的固態放大器到今天發電、發光都湊上一腳，作者乃台灣半導體先驅，如數家珍地把各關鍵性時刻娓娓道來，情節環環緊密相連居然難以歇手，揭露的軼聞代表先驅付出的心血。"}, {"BOOKNAME": "推手：中國半導體的開拓者──張汝京談半導體產業演變", "ISBN": "9789865836337", "USER": "li****lun", "CONTENT": "乍看書名當下以為是介紹對岸半導體業從草創開始的過程，一時間認為只是講述建廠這些商業話題，事實則是「中國」兩字根本贅加，所言乃更精彩的演進史。作者清晰地把發明到今日蓬勃鼎盛詳盡地介紹，對資訊產品不離身的時代對改變生活的物品有深層的認識。"}, {"BOOKNAME": "圖解半導體", "ISBN": "9789577766106", "USER": "ma*********304", "CONTENT": "若您並非是理工背景，但您想探究到底什麼是「半導體」？它是如何製造出來的？它有分幾種重要的類型？它們的功能各為何？本書萃取半導體業的精華知識，配合生動的圖表，可讓您在短時間內了解半導體業的輪廓及重要的知識。非理工背景但想了解高科技產業的投資人，這也是ㄧ本很好的打底工具書。"}]