[{"BOOKNAME": "微積分之屠龍寶刀+倚天寶劍(2冊合售)", "ISBN": "9780002161336", "USER": "yk********74a", "CONTENT": "這本書一開始就用很幽默的方式點出-別以為聽不懂微積分是自己的錯!重新詮釋了微積分的內容 幫你迅速了解微積分在講蝦米,三位有趣的作者將帶領你將微積分的精要融會貫通,保證讓你心曠神怡,不再為了微積分哀號!!"}, {"BOOKNAME": "王博細說微積分", "ISBN": "9789866512148", "USER": "xj**m06", "CONTENT": "書中自有顏如玉,書中自有黃金屋。 用這句話形容這本書可能還不大好,因為這本書的價值已遠遠超越了許多了。 作者非常細心的還在第0章放了許多基礎數學相關的觀念、公式...等等 再來!本書細分十二章。每一章,每一節都看得出來作者的用心與細心。 且本書裡頭節錄了經典題目。"}, {"BOOKNAME": "微積分之屠龍寶刀+微積分之倚天寶劍", "ISBN": "9780004170190", "USER": "j7***034", "CONTENT": "內容以輕鬆幽默的方式介紹了大一的微積分,準大學生很適合閱讀喔!另外,還有介紹數學系教授搞笑的地方,比如很健忘,常常與現實脫節...等"}]