[{"BOOKNAME": "人類大歷史：從野獸到扮演上帝（新版）", "ISBN": "4713510945001", "USER": "ka****ige", "CONTENT": "這是一本很厚也很好看的書，是非常好的歷史入門書，沒有相關知識也能輕鬆閱讀。從智人的演化、文字的出現探討到重男輕女、宗教與科技未來，是本世紀絕不能錯過的好書。"}, {"BOOKNAME": "人類大歷史：從野獸到扮演上帝（新版）", "ISBN": "4713510945001", "USER": "ka****ige", "CONTENT": "這是一本很厚也很好看的書，是非常好的歷史入門書，沒有相關知識也能輕鬆閱讀。從智人的演化、文字的出現探討到重男輕女、宗教與科技未來，是本世紀絕不能錯過的好書。"}, {"BOOKNAME": "人類大歷史：從野獸到扮演上帝（新版）", "ISBN": "4713510945001", "USER": "ka****ige", "CONTENT": "這是一本很厚也很好看的書，是非常好的歷史入門書，沒有相關知識也能輕鬆閱讀。從智人的演化、文字的出現探討到重男輕女、宗教與科技未來，是本世紀絕不能錯過的好書。"}, {"BOOKNAME": "人類大歷史：從野獸到扮演上帝（新版）", "ISBN": "4713510945001", "USER": "ka****ige", "CONTENT": "這是一本很厚也很好看的書，是非常好的歷史入門書，沒有相關知識也能輕鬆閱讀。從智人的演化、文字的出現探討到重男輕女、宗教與科技未來，是本世紀絕不能錯過的好書。"}, {"BOOKNAME": "日本奇妙知識不思議：為什麼餐廳都提供客人冰水但壽司店會給熱茶？平安時代的女性一年只洗一次頭！？超有梗的日本潛規則與豆知識百選", "ISBN": "9789864087419", "USER": "sh*****666", "CONTENT": "去了很多次日本，平時對日本文化也有些興趣，這也是為什麼對這本書產生興趣的原因。裡面有許多聽過的小知識，卻也有更多聞所未聞的內容，特別有意思。"}, {"BOOKNAME": "人類大命運：從智人到神人", "ISBN": "9789864791446", "USER": "bl******der", "CONTENT": "本書不是預言，而是作者根據科技發展趨勢，對人類未來提出的一個可能性。書裡提到的科技、社會議題等內容很多已經是現在進行式，只是還沒那麼到位，本書功能便是見微知著，分析其對未來的影響，論述挺有說服力。生物演算法、智慧和意識、追求神性等觀點還蠻顛覆我以往的認知，算是深具啟發性的一本書。"}, {"BOOKNAME": "人類大命運：從智人到神人", "ISBN": "9789864791446", "USER": "bl******der", "CONTENT": "本書不是預言，而是作者根據科技發展趨勢，對人類未來提出的一個可能性。書裡提到的科技、社會議題等內容很多已經是現在進行式，只是還沒那麼到位，本書功能便是見微知著，分析其對未來的影響，論述挺有說服力。生物演算法、智慧和意識、追求神性等觀點還蠻顛覆我以往的認知，算是深具啟發性的一本書。"}, {"BOOKNAME": "人類大命運：從智人到神人", "ISBN": "9789864791446", "USER": "bl******der", "CONTENT": "本書不是預言，而是作者根據科技發展趨勢，對人類未來提出的一個可能性。書裡提到的科技、社會議題等內容很多已經是現在進行式，只是還沒那麼到位，本書功能便是見微知著，分析其對未來的影響，論述挺有說服力。生物演算法、智慧和意識、追求神性等觀點還蠻顛覆我以往的認知，算是深具啟發性的一本書。"}, {"BOOKNAME": "英格蘭人是人嗎？英格蘭人類學家揭發親族同胞潛規則的露骨田野報告", "ISBN": "9789862624210", "USER": "c**g7**", "CONTENT": "以輕鬆有趣的方式探討英格蘭人的文化特性、生活習慣、歷史背景，整體內容相當豐富，令讀者了解不同文化帶來的差異，而且深入淺出，使人不禁會心一笑。"}, {"BOOKNAME": "閱聽人論述", "ISBN": "9789862210024", "USER": "fu*******985", "CONTENT": "本書以閱聽人為主體，內容透過懷德海理論進行開展，將閱聽人面向與變化歷程呈現出來，並點醒歷程及脈絡。身為現代社會，每個人每天都受到媒介影響，即便是不看電視報紙不聽廣播，人際之間也會有互動和傳播。建議現代公民都可以閱讀"}, {"BOOKNAME": "液態之愛：論人際紐帶的脆弱", "ISBN": "9789861249773", "USER": "sa******520", "CONTENT": "這本書以散文式的寫作方法，篇篇描寫現代愛情的&quot;液態性&quot;，其裡面理性鋒利的批判及感性又模稜的歸結，令我不禁從他的觀點細細地去研讀包曼是如何去構築出現代這錯綜複雜的社會。"}, {"BOOKNAME": "社會的麥當勞化", "ISBN": "9789570453485", "USER": "s1*****103", "CONTENT": "作者在此書描寫的麥當勞化，確實令我吃驚，原來麥當勞造成的改變，不只是在飲食上，乃至於可放大到整個社會，相信讀者看了此書，能對所謂麥當勞化有所了解。"}, {"BOOKNAME": "槍炮、病菌與鋼鐵：人類社會的命運(二十週年典藏紀念版)", "ISBN": "9789571362854", "USER": "50********229", "CONTENT": "這本書內容將很多人類歷史利用這三種事物的影響來區別，對於喜歡歷史發展的人來說是非常有趣的一本書。國家地理頻道還將其拍攝成有趣的影集可以觀賞。"}, {"BOOKNAME": "槍炮、病菌與鋼鐵：人類社會的命運(二十週年典藏紀念版)", "ISBN": "9789571362854", "USER": "50********229", "CONTENT": "這本書內容將很多人類歷史利用這三種事物的影響來區別，對於喜歡歷史發展的人來說是非常有趣的一本書。國家地理頻道還將其拍攝成有趣的影集可以觀賞。"}, {"BOOKNAME": "人類大歷史：從野獸到扮演上帝", "ISBN": "9789863205449", "USER": "ti*********616", "CONTENT": "這是一本敲門磚，敲醒你的所有綺念遐思，太多的信念徒是想像，我們的堅信可能只是一個故事。書中許多想法令人重新省思，我以為的也只是腦中的想像，真正的世界是如此嗎?我把在書中的省思和家人、朋友、同學討論引起廣大的回響，這本書給人的震驚超乎想像。"}, {"BOOKNAME": "卡路里與束身衣：節食、瘦身、飲食，及人類兩千年來與肥胖奮鬥的歷史", "ISBN": "9789863440635", "USER": "la********ock", "CONTENT": "書的內容紮實有趣，說了自古以來存在於人類之間的痼疾，在這個高糖社會裡我們減肥的方式與古人是大同小異，在食欲與腰圍中奮鬥是亙古不變的課題。"}, {"BOOKNAME": "月的另一面：一位人類學家的日本觀察", "ISBN": "9789868711280", "USER": "s1*****103", "CONTENT": "看著名人類學家李維史陀如何分析日本文化，看日本跟西方不同的一面，看為何著名的結構主義大師之所以眷戀日本的原因。"}, {"BOOKNAME": "製造敵人的文化", "ISBN": "9789867796349", "USER": "ge******************.tw", "CONTENT": "《製造敵人的文化》是2005年由果實出版的圖書，作者是克黑朋。會認識這本舊書的原因是學姐推薦，她在到期單上蓋過十五次日期印，表示至少翻過十五次。本書的論調是戰爭與對立並非人類宿命，在正常秩序下人類傾向合作與交流，反駁杭廷頓的《文明衝突論》，抨擊那是非常粗糙的文化二分法。"}, {"BOOKNAME": "認識薩依德", "ISBN": "9789867691095", "USER": "s1*****103", "CONTENT": "本書作者適當地將薩依德的著作進行了一定程度的批判，讓讀者能在同時閱讀薩伊德文本時，也能同時察覺他的理論與立場有時的矛盾所在。"}, {"BOOKNAME": "防火牆", "ISBN": "9789867895615", "USER": "s1*****103", "CONTENT": "作者在一篇篇的章節談不同的主題，主要議題還是聚焦於歐洲，乃至於法國本身，但從法國的政治狀況，也能一窺作者會反對新自由主義的原因為何。"}]