[{"BOOKNAME": "在世界地圖上找到自己", "ISBN": "9789864791347", "USER": "si*****ai1", "CONTENT": "嚴長壽的每一本書都會讓人有所收穫！ 這一本更是現代青少年已經成年人，或是說每一個在問自己屌是誰以及未來根如何面對這個世界的人可以讀的好書！ 沒有人像嚴長壽一樣身為一名企業家的同時又持續這麼關心台灣的過去現在與未來， 本書以及嚴長壽所有的書都值得收藏！"}, {"BOOKNAME": "在世界地圖上找到自己", "ISBN": "9789864791347", "USER": "si*****ai1", "CONTENT": "嚴長壽的每一本書都會讓人有所收穫！ 這一本更是現代青少年已經成年人，或是說每一個在問自己屌是誰以及未來根如何面對這個世界的人可以讀的好書！ 沒有人像嚴長壽一樣身為一名企業家的同時又持續這麼關心台灣的過去現在與未來， 本書以及嚴長壽所有的書都值得收藏！"}, {"BOOKNAME": "哈囉！我是郝毅博", "ISBN": "9789863610489", "USER": "al***333", "CONTENT": "因為「老外看中國」認識郝毅博，不僅中文講得好，對兩岸三地的觀察及分析一針見血，令人捧腹大笑。原來他在香港出生長大，後來才回到英國去讀書，以為回到祖國會受到熱情擁抱，沒想到同學覺得他很奇怪。本書描述他的獨特的成長歷程，因緣際會在網路爆紅，他熱愛中國文化及民主令人動容，非常值得推薦。"}, {"BOOKNAME": "你就是改變的起點", "ISBN": "9789863203933", "USER": "ca****103", "CONTENT": "公民素養堪憂凸顯教育骨架是庸俗與淺盤的交合與際遇，島國莘莘學子思想閉塞忽略世界各地各有千秋與本領，此風能養成國民好的公民素養嗎？嚴長壽先生旁徵博引認清事實，相提相較轉移寄予自己，呼喚自己，此舉意涵縱深豈可用夕陽空好的眼光去看？"}, {"BOOKNAME": "想：想想論壇選輯", "ISBN": "9789865794118", "USER": "s1*****103", "CONTENT": "本書將想想論壇網站上的精華文章摘錄下來，透過這些文章可以讓讀者了解，非主流觀點下去評論台灣現今所發生的各種事情，進而讓讀者能獨立思考不同的聲音。"}, {"BOOKNAME": "台灣，你可以更讚", "ISBN": "9789865915117", "USER": "ma*****2tw", "CONTENT": "看到這本書的第一眼，我就決定買它了，「毛澤東」加上「台灣」是個很怪異的搭配。一直以來我對兩岸關係都很感興趣，現在中國的留學生已經開放來台念書了，這是一本了解大陸新生代的好書。"}, {"BOOKNAME": "我的青春、我的FORMOSAⅡ惡夢醒來", "ISBN": "9789868826540", "USER": "s1*****103", "CONTENT": "作者以漫畫的形式表現她成長的過程，其實就是一部台灣的近代史，而圖像式的表現方式更比文字對讀者而言有震撼性。"}, {"BOOKNAME": "我的青春、我的FORMOSAⅠ縫上新舌頭", "ISBN": "9789868826533", "USER": "s1*****103", "CONTENT": "作者以圖畫方式表現當初她生長的年代，以詼諧的圖畫形式從她作為整個時代的縮影，看黨國教育的洗腦與作票選舉等等種種台灣怪現象。"}, {"BOOKNAME": "思想（14）：台灣的日本症候群", "ISBN": "9789570835458", "USER": "s1*****103", "CONTENT": "本集由不同學者透過不同的切面去分析為何台灣明明被日本殖民50年，但對日本的印象卻仍然保持正面的態度，甚至到了「哈日」的地步，而本書讓讀者去思考為何會有如此奇妙的現象。"}, {"BOOKNAME": "論台灣及台灣人", "ISBN": "9789573265085", "USER": "s9**715", "CONTENT": "與其他族群的文化差異，一直到他們所面臨的當代挑戰，都有精闢的分析。 此外，作者也從文學、民俗、信仰、性別、生活空間、藝術、音樂、美食等主題，介紹客家文化的主體性和客家人的生命精神，以多元的角度勾勒出客家圖像，因此本書可作為瞭解客家"}, {"BOOKNAME": "跨國灰姑娘：當東南亞幫傭遇上台灣新富家庭", "ISBN": "9789868485907", "USER": "s1*****103", "CONTENT": "作者在本書談到台灣的新興弱勢族群：移民勞工與她們的故事，本書特別的是集中研究對象於女性移工、家庭情感與前台後台的展現上，讓讀者去得以一窺移工除了工作以外的生活與真心話。"}, {"BOOKNAME": "台北人搞什麼？５０條生存潛規則", "ISBN": "9789869304528", "USER": "ti*********616", "CONTENT": "透過幽默有趣的文字把台北人的生活風景描摹呈現，看著可愛的插畫更令人會心一笑。無論是交通、文化、飲食、娛樂等台北人的生活活靈活現地在你面前上演，讀著的時候會發出對呀、就是這樣的囈語。"}, {"BOOKNAME": "台北人搞什麼？５０條生存潛規則", "ISBN": "9789869304528", "USER": "ti*********616", "CONTENT": "透過幽默有趣的文字把台北人的生活風景描摹呈現，看著可愛的插畫更令人會心一笑。無論是交通、文化、飲食、娛樂等台北人的生活活靈活現地在你面前上演，讀著的時候會發出對呀、就是這樣的囈語。"}, {"BOOKNAME": "背叛：推倒卸責、貪婪、忌恨的高牆", "ISBN": "9789865667023", "USER": "wu*166*", "CONTENT": "《背叛 推倒卸責、貪婪、忌恨的高牆》  本書，作者旁徵博引世界名人豐富的立論，引導讀者認識台灣社會的過去與現在，以及對未來的寄望。  作者揭露：引證諸多資料，分析：台灣當權者、政客、民代的卸責、貪婪、忌恨的真面目，真是讓讀者大開了眼界。  蔡媖速 2015.7.19 於台灣"}, {"BOOKNAME": "職人誌：52個頂真職人，認真打拚的故事報乎恁知", "ISBN": "9789573272878", "USER": "na********268", "CONTENT": "經由師長推薦，看到前輩們精心的繪製，畢業作品能編輯成冊好厲害，看的到他們的用心，去訪談、畫下那些職人們，非常具有台灣味的好作品!!"}, {"BOOKNAME": "拒絕被遺忘的聲音：RCA工殤口述史", "ISBN": "9789868965249", "USER": "s1*****103", "CONTENT": "rca當年做為福利與薪水都好的公司，但其實默默地讓員工不知道喝下多少被汙染的地下水與吸了多少化學藥劑，時至今日，廠區依舊無法使用，本書就是敘說這一段經濟起飛的同時，也帶來環境與人體汙染的歷史。"}, {"BOOKNAME": "台灣大崩壞：挑戰沒有希望的未來", "ISBN": "9789862169339", "USER": "kw******ing", "CONTENT": "現今生活的痛苦指數持續飆高，如果您也身陷其中，感受到生活的辛苦與無奈，更應該看這本書，它釐清了這些加諸在你我身上的壓力來源，也說出了社會是如何失去公平正義；讀過它，你會更清楚，讓這個社會、國家一步步走向衰敗的真正原因…"}, {"BOOKNAME": "台灣大崩壞：挑戰沒有希望的未來", "ISBN": "9789862169339", "USER": "kw******ing", "CONTENT": "現今生活的痛苦指數持續飆高，如果您也身陷其中，感受到生活的辛苦與無奈，更應該看這本書，它釐清了這些加諸在你我身上的壓力來源，也說出了社會是如何失去公平正義；讀過它，你會更清楚，讓這個社會、國家一步步走向衰敗的真正原因…"}, {"BOOKNAME": "維基解密‧台灣", "ISBN": "9789866217272", "USER": "d**a1**", "CONTENT": "整本書就是兩個字「權謀」啊...國民、民近兩黨之爭就是在權謀啊。而且是少見的血淋淋、赤裸裸地呈獻給大家看。如果不是維基解密，大家都只能從政論節目去看一些錯誤而誇張的訊息，但是在此卻能見到政治人物地手的告白與分析。朱高正說得好啊，政治就是高明的騙術..這本書誠實地印證這句話。"}, {"BOOKNAME": "溼地‧石化‧島嶼想像", "ISBN": "9789866281129", "USER": "s1*****103", "CONTENT": "由當地作家、詩人以及學者們聯合對國光石化一案所著的書，在政府追求經濟的同時，人民為了環境能做出什麼樣的反抗?這本書正是最好的說明"}, {"BOOKNAME": "尋百工：四個年輕孩子與一百種市井職人相遇的故事", "ISBN": "9789573267294", "USER": "a**ra**", "CONTENT": "這些有些早已遺失在日常生活的技藝&#x28;記憶&#x29;，充滿了前人的智慧以及古樸，那些細緻的手工，慢慢磨出來的物品，在現代要求快速的社會，已經不多見，也謝謝這些作者，有心的去把這些人這些事挖出來，很溫馨，或許，我們都該慢下腳步，珍惜曾經擁有的。"}, {"BOOKNAME": "尋百工：四個年輕孩子與一百種市井職人相遇的故事", "ISBN": "9789573267294", "USER": "a**ra**", "CONTENT": "這些有些早已遺失在日常生活的技藝&#x28;記憶&#x29;，充滿了前人的智慧以及古樸，那些細緻的手工，慢慢磨出來的物品，在現代要求快速的社會，已經不多見，也謝謝這些作者，有心的去把這些人這些事挖出來，很溫馨，或許，我們都該慢下腳步，珍惜曾經擁有的。"}]