[{"BOOKNAME": "證券商高級業務員資格測驗重點精華與試題", "ISBN": "9789579235532", "USER": "fr*******926", "CONTENT": "當初是先考過普業後，再準備這張高業，因為科目和普業一樣，所以準備起來沒有太大的困難，因為考筆試感覺會比電腦應試簡單，所以有相當充足的時間慢慢準備，考試結果還不錯。"}, {"BOOKNAME": "金融市場常識與職業道德題庫(收錄最新官方題庫1119題+難題解析)", "ISBN": "4710139135288", "USER": "ge******************.tw", "CONTENT": "「金融市場常識與職業道德」是台灣的金融證照中、最最最基本的證照了吧？有準備的人，相信都會通過，因為大部分是考古題，練習過至少有印象。"}, {"BOOKNAME": "證券暨期貨實用小法典", "ISBN": "9789578142947", "USER": "ma*********304", "CONTENT": "本書編排相當用心，除將證券及投顧之最新法令均收錄於內容外，於每一法條前，更重點式一句話加註本條法律的重點，個人使用本書準備證券分析師證照時相當受用。"}]