[{"BOOKNAME": "煙囪的故事", "ISBN": "9789860355000", "USER": "mo*******mot", "CONTENT": "煙囪.也能有故事.真是奇妙.........你想知道這是怎樣的一個故事嗎作者是會寫也會畫的[劉旭恭].他用簡單的文字.清楚易懂的圖畫.說了一個你我都可能遇到的事........"}, {"BOOKNAME": "郭廷以、費正清、韋慕庭：臺灣與美國學術交流個案初探（平裝）", "ISBN": "9789576715051", "USER": "st*******231", "CONTENT": "今日中研院近史所之所以能成為全球中國近代史研究的重鎮，基本上都是如郭廷以等篳路藍縷打造出來的，這中間美國的慷慨相助也起著重要的作用。"}]