[{"BOOKNAME": "下流老人：即使月薪5萬，我們仍將又老又窮又孤獨", "ISBN": "9789866006883", "USER": "ke***u58", "CONTENT": "夾處在三明治世代的我們上要撫養自己和配偶的長輩下要拼力教育下一代 每個月沒有太多存款的人實在太多   等到自己年老了下一代又養不起或不願照養我們 看這本書就是十足的心驚膽跳    雖然裡面寫的是日本的例證和制度 卻很警惕"}, {"BOOKNAME": "下流老人：即使月薪5萬，我們仍將又老又窮又孤獨", "ISBN": "9789866006883", "USER": "ke***u58", "CONTENT": "夾處在三明治世代的我們上要撫養自己和配偶的長輩下要拼力教育下一代 每個月沒有太多存款的人實在太多   等到自己年老了下一代又養不起或不願照養我們 看這本書就是十足的心驚膽跳    雖然裡面寫的是日本的例證和制度 卻很警惕"}, {"BOOKNAME": "下流老人：即使月薪5萬，我們仍將又老又窮又孤獨", "ISBN": "9789866006883", "USER": "ke***u58", "CONTENT": "夾處在三明治世代的我們上要撫養自己和配偶的長輩下要拼力教育下一代 每個月沒有太多存款的人實在太多   等到自己年老了下一代又養不起或不願照養我們 看這本書就是十足的心驚膽跳    雖然裡面寫的是日本的例證和制度 卻很警惕"}, {"BOOKNAME": "下流老人：即使月薪5萬，我們仍將又老又窮又孤獨", "ISBN": "9789866006883", "USER": "ke***u58", "CONTENT": "夾處在三明治世代的我們上要撫養自己和配偶的長輩下要拼力教育下一代 每個月沒有太多存款的人實在太多   等到自己年老了下一代又養不起或不願照養我們 看這本書就是十足的心驚膽跳    雖然裡面寫的是日本的例證和制度 卻很警惕"}, {"BOOKNAME": "老後破產：名為長壽的惡夢", "ISBN": "9789865797751", "USER": "an***690", "CONTENT": "書中很真實的描述日本現今年齡老化後的社會現象，多數的老人都是靠著國家福利年金過著低下品質的生活。 作者也提醒大家老後破產的原因及因應之道，並加入非常多的案例讓讀者瞭解現實的情況。 建議可和「下流社會」一起閱讀～"}]